date,avg_temp,max_temp,min_temp,precip,location
2021-12-01,4.6,7.1,1134,5.7,무안
2021-12-02,4.3,9.3,1452,6.8,무안
2021-12-03,5.9,11.6,1057,6.1,무안
2021-12-04,6.2,11.9,1318,6.5,무안
2021-12-05,4.0,12.2,1516,5.4,무안
2021-12-06,7.3,15.4,1406,6.9,무안
2021-12-07,7.2,14.2,1413,6.2,무안
2021-12-08,5.6,15.0,1345,6.0,무안
2021-12-09,6.9,15.0,1423,6.6,무안
2021-12-10,9.5,15.8,1402,8.5,무안
2021-12-11,7.7,13.8,1350,7.4,무안
2021-12-12,7.4,12.4,1330,7.2,무안
2021-12-13,2.2,6.2,1423,3.5,무안
2021-12-14,2.3,10.0,1432,3.6,무안
2021-12-15,5.6,14.5,1456,5.6,무안
2021-12-16,7.8,11.2,1421,7.1,무안
2021-12-17,1.8,9.1,108,4.7,무안
2021-12-18,-1.0,3.9,1512,3.0,무안
2021-12-19,3.0,8.2,1347,4.0,무안
2021-12-20,3.6,13.5,1327,4.1,무안
2021-12-21,5.8,14.4,1251,4.7,무안
2021-12-22,4.6,14.1,1231,3.9,무안
2021-12-23,3.9,14.4,1500,3.4,무안
2021-12-24,3.1,10.9,1222,3.7,무안
2021-12-25,-2.7,1.9,1,1.4,무안
2021-12-26,-5.2,-0.5,1510,0.2,무안
2021-12-27,-2.3,2.6,1240,0.5,무안
2021-12-28,2.2,7.4,1236,2.4,무안
2021-12-29,4.3,9.6,1338,3.6,무안
2021-12-30,3.3,6.1,1437,3.5,무안
2021-12-31,-0.6,2.2,1324,1.7,무안
2022-01-01,0.4,7.8,1448,1.0,무안
2022-01-02,1.1,8.6,1326,1.5,무안
2022-01-03,-0.1,7.5,1457,0.6,무안
2022-01-04,2.1,7.4,1512,1.3,무안
2022-01-05,2.3,6.6,1534,2.8,무안
2022-01-06,2.7,7.3,1440,1.9,무안
2022-01-07,0.3,8.8,1246,0.5,무안
2022-01-08,0.7,8.1,1428,0.7,무안
2022-01-09,2.4,9.6,1344,2.1,무안
2022-01-10,2.5,10.1,1323,2.1,무안
2022-01-11,-0.3,4.0,51,2.1,무안
2022-01-12,-1.3,2.4,1356,0.9,무안
2022-01-13,-1.2,2.0,1404,0.9,무안
2022-01-14,-0.2,4.7,1505,0.4,무안
2022-01-15,2.4,9.8,1432,1.9,무안
2022-01-16,1.9,5.8,1343,2.4,무안
2022-01-17,1.8,4.8,1430,1.7,무안
2022-01-18,-0.2,4.8,1526,0.5,무안
2022-01-19,0.4,8.9,1352,0.9,무안
2022-01-20,-0.9,5.6,1524,0.7,무안
2022-01-21,0.2,8.9,1349,0.9,무안
2022-01-22,6.9,12.3,1431,5.1,무안
2022-01-23,7.5,12.7,1249,6.0,무안
2022-01-24,5.1,10.3,1125,4.7,무안
2022-01-25,5.6,8.2,1524,5.7,무안
2022-01-26,4.7,8.4,1559,3.1,무안
2022-01-27,3.3,7.7,1420,2.3,무안
2022-01-28,1.8,6.6,1521,1.8,무안
2022-01-29,1.3,5.5,1521,1.9,무안
2022-01-30,1.6,6.5,1509,0.9,무안
2022-01-31,1.5,8.0,1530,0.5,무안
2022-02-01,2.8,5.4,1151,1.7,무안
2022-02-02,2.0,5.8,1224,1.7,무안
2022-02-03,1.2,6.9,1439,0.9,무안
2022-02-04,0.2,5.4,1250,0.7,무안
2022-02-05,-1.1,1.7,1400,2.0,무안
2022-02-06,0.6,4.8,1434,0.9,무안
2022-02-07,0.7,3.7,1338,0.9,무안
2022-02-08,2.6,8.1,1519,1.9,무안
2022-02-09,3.3,10.4,1324,3.1,무안
2022-02-10,4.8,9.5,1440,4.0,무안
2022-02-11,4.2,12.5,1352,3.0,무안
2022-02-12,6.1,14.8,1409,5.3,무안
2022-02-13,7.6,13.8,1235,6.7,무안
2022-02-14,5.8,13.3,1534,6.5,무안
2022-02-15,0.5,4.0,1,2.7,무안
2022-02-16,-1.7,0.8,1127,1.6,무안
2022-02-17,-3.0,2.2,1504,0.3,무안
2022-02-18,1.7,9.5,1434,2.9,무안
2022-02-19,2.9,7.1,1416,4.5,무안
2022-02-20,-1.5,2.1,1514,1.4,무안
2022-02-21,1.3,8.0,1501,3.5,무안
2022-02-22,0.8,5.0,1349,2.6,무안
2022-02-23,-1.3,3.3,1539,2.8,무안
2022-02-24,0.7,6.8,1334,3.2,무안
2022-02-25,2.6,11.4,1523,4.3,무안
2022-02-26,5.1,13.2,1346,6.5,무안
2022-02-27,5.6,13.0,1431,7.1,무안
2022-02-28,5.4,14.0,1247,5.5,무안
2022-03-01,7.5,14.3,1347,8.1,무안
2022-03-02,4.4,10.1,1458,5.9,무안
2022-03-03,5.6,14.8,1428,5.9,무안
2022-03-04,8.7,16.2,1529,9.4,무안
2022-03-05,6.0,10.2,1,8.5,무안
2022-03-06,4.0,9.3,1529,6.2,무안
2022-03-07,4.7,13.2,1431,7.9,무안
2022-03-08,5.8,15.3,1510,8.1,무안
2022-03-09,8.1,18.7,1424,9.8,무안
2022-03-10,8.5,17.5,1430,9.7,무안
2022-03-11,12.7,19.4,1416,12.2,무안
2022-03-12,16.8,22.3,1349,16.9,무안
2022-03-13,14.6,16.2,614,12.7,무안
2022-03-14,11.5,14.6,1659,11.1,무안
2022-03-15,10.1,18.3,1256,12.2,무안
2022-03-16,12.3,22.4,1524,12.8,무안
2022-03-17,11.6,14.9,1113,11.2,무안
2022-03-18,9.0,12.1,1254,10.2,무안
2022-03-19,5.8,7.5,348,7.5,무안
2022-03-20,5.4,10.1,1422,8.0,무안
2022-03-21,7.6,13.4,1211,8.2,무안
2022-03-22,8.2,13.7,1449,9.2,무안
2022-03-23,6.8,13.3,1559,9.2,무안
2022-03-24,8.0,16.5,1354,10.6,무안
2022-03-25,13.7,18.3,1604,11.5,무안
2022-03-26,10.9,17.0,36,11.1,무안
2022-03-27,10.6,18.3,1453,10.8,무안
2022-03-28,8.6,15.5,1544,10.5,무안
2022-03-29,9.6,18.1,1503,12.8,무안
2022-03-30,14.0,21.4,1326,14.1,무안
2022-03-31,10.8,15.5,1259,12.0,무안
2022-04-01,8.9,15.6,1234,11.5,무안
2022-04-02,8.0,15.9,1341,11.6,무안
2022-04-03,9.0,18.4,1520,12.0,무안
2022-04-04,9.8,19.8,1421,12.5,무안
2022-04-05,9.4,18.9,1413,11.2,무안
2022-04-06,11.8,21.2,1445,13.7,무안
2022-04-07,11.5,20.1,1435,14.2,무안
2022-04-08,12.3,21.8,1259,15.2,무안
2022-04-09,14.3,23.3,1340,16.6,무안
2022-04-10,15.4,22.8,1342,17.1,무안
2022-04-11,18.7,24.4,1550,20.2,무안
2022-04-12,19.9,25.9,1433,22.5,무안
2022-04-13,16.6,22.2,1133,17.6,무안
2022-04-14,14.9,19.7,1558,17.3,무안
2022-04-15,14.9,22.0,1346,18.7,무안
2022-04-16,12.6,21.4,1356,17.6,무안
2022-04-17,13.5,22.0,1542,17.2,무안
2022-04-18,15.2,23.5,1322,17.1,무안
2022-04-19,15.6,25.1,1509,19.0,무안
2022-04-20,14.7,23.9,1451,19.0,무안
2022-04-21,12.3,18.2,1651,15.6,무안
2022-04-22,15.5,23.8,1435,18.6,무안
2022-04-23,18.4,23.8,1304,20.6,무안
2022-04-24,20.3,27.7,1416,23.9,무안
2022-04-25,18.9,26.0,1216,20.3,무안
2022-04-26,18.3,20.6,250,17.3,무안
2022-04-27,16.9,24.2,1313,18.4,무안
2022-04-28,15.9,22.7,1337,17.4,무안
2022-04-29,13.7,19.6,1455,17.2,무안
2022-04-30,13.7,17.5,1236,15.7,무안
2022-05-01,13.5,19.9,1359,15.6,무안
2022-05-02,13.4,22.5,1403,15.6,무안
2022-05-03,12.3,21.1,1342,18.9,무안
2022-05-04,14.3,23.3,1500,21.2,무안
2022-05-05,16.4,24.2,1410,25.2,무안
2022-05-06,18.6,25.9,1410,27.5,무안
2022-05-07,18.3,25.6,1419,24.4,무안
2022-05-08,15.6,22.4,1310,22.8,무안
2022-05-09,15.8,22.4,1416,21.2,무안
2022-05-10,15.8,22.8,1356,20.2,무안
2022-05-11,18.4,23.2,1220,21.6,무안
2022-05-12,20.4,25.8,1437,25.2,무안
2022-05-13,18.0,21.0,1258,19.1,무안
2022-05-14,16.9,24.1,1254,24.1,무안
2022-05-15,16.1,22.5,1438,24.0,무안
2022-05-16,16.5,25.0,1427,27.1,무안
2022-05-17,17.5,26.4,1444,26.7,무안
2022-05-18,19.2,28.1,1434,28.5,무안
2022-05-19,18.4,25.9,1435,24.1,무안
2022-05-20,19.1,24.3,1650,23.3,무안
2022-05-21,20.9,28.1,1356,29.5,무안
2022-05-22,21.4,29.2,1510,30.1,무안
2022-05-23,22.4,31.0,1401,30.5,무안
2022-05-24,22.4,31.3,1438,31.9,무안
2022-05-25,22.0,29.9,1405,30.1,무안
2022-05-26,20.1,27.3,1532,28.2,무안
2022-05-27,19.9,26.8,1458,29.6,무안
2022-05-28,20.7,29.2,1220,26.8,무안
2022-05-29,19.6,26.4,1234,26.1,무안
2022-05-30,19.9,22.2,1539,21.1,무안
2022-05-31,21.1,29.5,1322,30.5,무안
2022-06-01,20.6,28.4,1240,30.4,무안
2022-06-02,21.4,29.9,1513,32.2,무안
2022-06-03,22.7,31.4,1231,32.6,무안
2022-06-04,22.5,28.7,1328,28.1,무안
2022-06-05,18.4,21.0,55,17.2,무안
2022-06-06,20.9,25.9,1443,22.3,무안
2022-06-07,19.2,22.3,1115,20.2,무안
2022-06-08,19.0,23.5,1645,21.2,무안
2022-06-09,19.9,26.4,1521,25.9,무안
2022-06-10,20.8,25.4,1120,23.6,무안
2022-06-11,22.4,30.6,1442,25.4,무안
2022-06-12,21.3,26.2,1504,28.1,무안
2022-06-13,20.4,22.6,1309,21.4,무안
2022-06-14,19.2,21.3,1208,19.2,무안
2022-06-15,20.9,26.8,1529,22.9,무안
2022-06-16,22.7,29.3,1422,25.6,무안
2022-06-17,22.6,26.4,1310,26.3,무안
2022-06-18,24.0,28.3,1256,28.6,무안
2022-06-19,24.9,30.7,1445,31.5,무안
2022-06-20,25.2,30.9,1327,32.4,무안
2022-06-21,26.4,32.9,1337,33.6,무안
2022-06-22,26.3,32.6,1358,34.5,무안
2022-06-23,25.7,29.8,1238,28.3,무안
2022-06-24,24.7,28.3,1348,24.4,무안
2022-06-25,25.6,29.2,1017,26.3,무안
2022-06-26,26.9,30.6,1439,28.6,무안
2022-06-27,26.7,28.6,1200,26.1,무안
2022-06-28,26.9,29.9,1247,26.8,무안
2022-06-29,26.4,28.8,1431,26.1,무안
2022-06-30,27.4,31.4,1151,29.0,무안
2022-07-01,27.5,31.8,1210,30.4,무안
2022-07-02,27.5,34.8,1558,30.0,무안
2022-07-03,28.0,33.2,1217,29.6,무안
2022-07-04,27.3,31.9,1549,27.4,무안
2022-07-05,27.6,33.4,1211,28.1,무안
2022-07-06,28.7,34.0,1321,30.3,무안
2022-07-07,28.8,33.1,1128,29.3,무안
2022-07-08,27.6,31.1,1558,27.5,무안
2022-07-09,27.8,33.0,1634,28.1,무안
2022-07-10,28.0,33.5,1418,30.3,무안
2022-07-11,27.3,31.1,1315,27.9,무안
2022-07-12,26.4,30.4,1423,28.0,무안
2022-07-13,25.7,28.5,1640,26.0,무안
2022-07-14,28.3,33.1,1408,28.0,무안
2022-07-15,27.8,33.1,1608,28.7,무안
2022-07-16,26.9,32.4,1429,28.2,무안
2022-07-17,26.3,30.5,1312,26.3,무안
2022-07-18,25.2,28.4,1628,23.7,무안
2022-07-19,26.8,31.8,1435,27.1,무안
2022-07-20,26.5,32.7,1423,28.4,무안
2022-07-21,25.6,28.7,1159,25.2,무안
2022-07-22,26.1,31.0,1415,28.0,무안
2022-07-23,25.4,29.5,1338,27.4,무안
2022-07-24,25.1,27.8,1435,26.3,무안
2022-07-25,26.8,31.9,1606,27.1,무안
2022-07-26,25.8,30.7,1522,27.5,무안
2022-07-27,26.7,31.3,1518,28.3,무안
2022-07-28,27.8,32.5,1428,28.8,무안
2022-07-29,29.6,33.8,1444,30.2,무안
2022-07-30,27.9,29.9,1037,25.6,무안
2022-07-31,26.9,28.3,1503,24.7,무안
2022-08-01,27.4,28.6,935,24.8,무안
2022-08-02,27.9,32.2,1514,28.3,무안
2022-08-03,27.4,32.5,1454,27.9,무안
2022-08-04,28.4,34.1,1533,29.9,무안
2022-08-05,28.7,33.1,1517,29.4,무안
2022-08-06,29.3,33.6,1406,29.7,무안
2022-08-07,29.1,33.6,1413,29.6,무안
2022-08-08,29.1,33.3,1323,29.8,무안
2022-08-09,28.9,33.2,1236,29.1,무안
2022-08-10,28.7,31.6,1232,28.3,무안
2022-08-11,28.0,29.7,1246,27.1,무안
2022-08-12,28.1,32.0,1513,27.5,무안
2022-08-13,28.2,32.2,1123,28.5,무안
2022-08-14,29.2,33.0,1420,29.3,무안
2022-08-15,29.5,33.7,1415,29.3,무안
2022-08-16,26.9,29.1,603,26.1,무안
2022-08-17,25.7,29.2,1541,25.9,무안
2022-08-18,25.0,31.3,1332,27.4,무안
2022-08-19,26.7,31.5,1338,26.7,무안
2022-08-20,27.5,30.0,1509,27.2,무안
2022-08-21,26.8,31.7,1337,27.7,무안
2022-08-22,25.6,31.5,1522,27.4,무안
2022-08-23,26.3,29.7,1320,26.2,무안
2022-08-24,26.1,31.5,1405,27.6,무안
2022-08-25,24.9,30.7,1407,26.3,무안
2022-08-26,24.8,30.6,1554,25.5,무안
2022-08-27,23.1,29.2,1411,24.3,무안
2022-08-28,20.9,27.3,1524,22.0,무안
2022-08-29,23.0,27.7,1446,23.0,무안
2022-08-30,24.7,27.5,1428,24.7,무안
2022-08-31,24.0,27.9,1352,24.3,무안
2022-09-01,22.5,26.6,1232,23.1,무안
2022-09-02,22.8,24.9,1447,22.1,무안
2022-09-03,24.1,27.5,1532,23.9,무안
2022-09-04,25.8,32.5,1334,28.4,무안
2022-09-05,24.8,25.6,2230,23.2,무안
2022-09-06,22.3,26.7,1607,22.5,무안
2022-09-07,22.6,29.8,1414,23.9,무안
2022-09-08,22.1,29.2,1416,23.6,무안
2022-09-09,22.3,28.9,1411,24.2,무안
2022-09-10,22.5,27.9,1516,23.4,무안
2022-09-11,23.6,29.6,1533,24.5,무안
2022-09-12,23.2,25.7,1503,23.6,무안
2022-09-13,24.0,27.5,1115,23.2,무안
2022-09-14,25.2,29.4,1437,24.2,무안
2022-09-15,25.6,30.0,1538,25.1,무안
2022-09-16,26.0,31.0,1247,26.4,무안
2022-09-17,27.0,33.5,1441,28.5,무안
2022-09-18,28.4,35.0,1426,27.6,무안
2022-09-19,25.2,30.1,1407,28.4,무안
2022-09-20,21.2,25.4,1517,26.0,무안
2022-09-21,19.6,25.0,1251,26.1,무안
2022-09-22,19.4,26.5,1429,24.3,무안
2022-09-23,19.7,27.0,1258,24.5,무안
2022-09-24,19.4,25.2,1349,24.3,무안
2022-09-25,18.8,22.8,1527,21.5,무안
2022-09-26,19.0,24.3,1245,20.5,무안
2022-09-27,20.7,28.3,1326,20.4,무안
2022-09-28,20.8,26.2,1447,24.6,무안
2022-09-29,20.6,28.3,1313,25.2,무안
2022-09-30,19.5,28.5,1505,24.1,무안
2022-10-01,20.6,30.0,1344,24.6,무안
2022-10-02,21.6,27.9,1332,24.3,무안
2022-10-03,25.6,29.9,1226,28.7,무안
2022-10-04,20.1,25.7,443,21.6,무안
2022-10-05,17.3,22.1,1416,19.1,무안
2022-10-06,17.4,22.3,1336,19.2,무안
2022-10-07,16.2,20.9,1420,17.2,무안
2022-10-08,16.5,21.4,1536,17.6,무안
2022-10-09,15.5,17.9,1454,17.1,무안
2022-10-10,12.9,17.0,1425,15.3,무안
2022-10-11,14.8,19.5,1415,15.2,무안
2022-10-12,13.7,22.0,1403,14.9,무안
2022-10-13,15.8,24.1,1428,16.3,무안
2022-10-14,16.1,24.6,1519,17.1,무안
2022-10-15,17.3,25.5,1405,18.4,무안
2022-10-16,18.4,25.4,1359,19.2,무안
2022-10-17,14.9,19.3,1235,15.8,무안
2022-10-18,11.6,16.5,1434,13.2,무안
2022-10-19,10.8,18.4,1417,12.6,무안
2022-10-20,11.6,21.8,1359,13.4,무안
2022-10-21,15.5,22.8,1255,15.8,무안
2022-10-22,18.0,24.9,1359,18.5,무안
2022-10-23,15.3,21.0,1344,16.3,무안
2022-10-24,11.8,17.2,1250,13.2,무안
2022-10-25,9.4,19.0,1451,12.0,무안
2022-10-26,12.4,20.9,1402,13.9,무안
2022-10-27,14.3,22.5,1425,14.8,무안
2022-10-28,13.6,22.9,1415,14.4,무안
2022-10-29,14.3,22.0,1427,15.4,무안
2022-10-30,14.0,22.1,1411,14.8,무안
2022-10-31,13.4,21.3,1525,14.8,무안
2022-11-01,14.3,21.8,1438,14.1,무안
2022-11-02,12.3,21.7,1427,13.3,무안
2022-11-03,12.4,21.2,1255,12.0,무안
2022-11-04,9.7,13.3,1311,10.4,무안
2022-11-05,9.9,15.9,1447,9.6,무안
2022-11-06,8.9,16.9,1245,8.9,무안
2022-11-07,10.0,19.1,1325,10.1,무안
2022-11-08,10.7,21.4,1430,10.3,무안
2022-11-09,10.7,21.0,1402,10.1,무안
2022-11-10,13.7,22.8,1340,14.1,무안
2022-11-11,16.0,22.7,1335,15.1,무안
2022-11-12,18.1,21.3,1126,16.0,무안
2022-11-13,12.7,20.0,105,13.9,무안
2022-11-14,11.3,16.2,1448,11.4,무안
2022-11-15,9.4,15.5,1446,8.5,무안
2022-11-16,9.2,17.4,1427,8.4,무안
2022-11-17,9.1,17.9,1354,9.5,무안
2022-11-18,9.1,20.0,1513,7.1,무안
2022-11-19,12.1,20.3,1401,9.4,무안
2022-11-20,11.8,16.3,1346,11.6,무안
2022-11-21,11.3,20.5,1453,11.5,무안
2022-11-22,12.2,16.5,1309,11.7,무안
2022-11-23,11.5,16.8,1348,11.0,무안
2022-11-24,10.5,18.9,1434,9.0,무안
2022-11-25,9.6,19.8,1345,8.8,무안
2022-11-26,10.6,18.4,1357,8.6,무안
2022-11-27,9.1,16.9,1316,7.2,무안
2022-11-28,16.5,20.5,1515,13.9,무안
2022-11-29,12.0,18.7,1,12.4,무안
2022-11-30,1.2,5.3,1,3.7,무안
2022-12-01,0.4,4.1,1232,2.7,무안
2022-12-02,2.3,8.7,1409,2.8,무안
2022-12-03,6.7,11.5,1517,7.2,무안
2022-12-04,3.9,8.1,1,4.7,무안
2022-12-05,1.1,4.4,1538,1.5,무안
2022-12-06,2.9,10.5,1335,2.2,무안
2022-12-07,4.0,12.0,1448,2.8,무안
2022-12-08,5.5,13.3,1356,4.0,무안
2022-12-09,5.7,12.2,1339,5.7,무안
2022-12-10,4.8,10.1,1406,4.8,무안
2022-12-11,5.3,9.6,1225,3.5,무안
2022-12-12,3.1,8.2,1149,3.4,무안
2022-12-13,6.9,9.3,1244,4.7,무안
2022-12-14,-1.1,3.8,1,1.0,무안
2022-12-15,1.1,8.1,1423,0.0,무안
2022-12-16,1.2,4.6,100,0.0,무안
2022-12-17,-1.1,3.8,1314,-99.0,무안
2022-12-18,-3.4,0.3,1126,-99.0,무안
2022-12-19,-2.3,3.7,1548,-99.0,무안
2022-12-20,1.3,9.6,1453,-99.0,무안
2022-12-21,4.4,8.1,1532,-99.0,무안
2022-12-22,-1.2,3.7,14,-99.0,무안
2022-12-23,-2.4,-0.3,1341,-99.0,무안
2022-12-24,-2.8,-0.2,1517,-99.0,무안
2022-12-25,0.9,5.0,1353,-99.0,무안
2022-12-26,1.0,6.1,1358,-99.0,무안
2022-12-27,1.7,6.6,1404,-99.0,무안
2022-12-28,1.3,7.0,1420,-99.0,무안
2022-12-29,0.0,5.9,1315,-99.0,무안
2022-12-30,0.9,8.0,1414,-99.0,무안
2022-12-31,0.5,7.1,1359,-99.0,무안
2023-01-01,1.9,8.8,1353,-99.0,무안
2023-01-02,1.2,4.9,1424,-99.0,무안
2023-01-03,1.8,6.9,1411,-99.0,무안
2023-01-04,0.9,7.8,1321,-99.0,무안
2023-01-05,1.8,9.8,1501,-99.0,무안
2023-01-06,4.4,10.5,1314,-99.0,무안
2023-01-07,4.8,8.7,1358,-99.0,무안
2023-01-08,2.1,12.2,1426,-99.0,무안
2023-01-09,3.7,12.7,1317,-99.0,무안
2023-01-10,3.0,12.7,1528,-99.0,무안
2023-01-11,4.5,14.9,1526,-99.0,무안
2023-01-12,8.3,15.5,1307,-99.0,무안
2023-01-13,14.8,16.9,207,-99.0,무안
2023-01-14,8.1,12.2,1,-99.0,무안
2023-01-15,2.6,5.6,35,-99.0,무안
2023-01-16,0.0,3.1,1309,-99.0,무안
2023-01-17,0.2,5.2,1423,-99.0,무안
2023-01-18,-0.2,7.1,1247,0.1,무안
2023-01-19,1.0,8.0,1543,1.9,무안
2023-01-20,1.2,5.7,1050,2.0,무안
2023-01-21,-0.8,4.7,1501,0.5,무안
2023-01-22,1.9,5.9,1621,1.7,무안
2023-01-23,2.9,10.2,1338,2.7,무안
2023-01-24,-6.9,0.7,1,0.4,무안
2023-01-25,-8.0,-1.4,1505,0.6,무안
2023-01-26,-1.8,3.3,1604,1.9,무안
2023-01-27,-2.2,1.4,1,0.2,무안
2023-01-28,-1.1,2.1,1452,1.1,무안
2023-01-29,2.2,7.2,1420,1.7,무안
2023-01-30,1.3,6.7,1446,1.6,무안
2023-01-31,1.4,10.7,1537,1.5,무안
2023-02-01,3.8,11.6,1308,3.7,무안
2023-02-02,1.2,6.3,1441,1.4,무안
2023-02-03,1.4,6.2,1350,2.6,무안
2023-02-04,2.1,7.7,1504,2.3,무안
2023-02-05,1.5,11.9,1457,2.4,무안
2023-02-06,2.8,11.2,1238,3.0,무안
2023-02-07,4.8,15.4,1326,4.0,무안
2023-02-08,4.5,11.7,1516,3.8,무안
2023-02-09,4.8,10.0,1440,4.5,무안
2023-02-10,5.3,11.2,1403,6.1,무안
2023-02-11,3.7,9.7,1353,4.7,무안
2023-02-12,5.1,11.5,1307,5.0,무안
2023-02-13,6.9,11.4,1454,7.5,무안
2023-02-14,3.1,9.0,1419,4.9,무안
2023-02-15,3.3,8.0,1440,4.9,무안
2023-02-16,4.5,10.4,1531,6.6,무안
2023-02-17,4.2,11.3,1418,5.7,무안
2023-02-18,8.5,10.3,1503,8.3,무안
2023-02-19,5.6,9.4,6,7.1,무안
2023-02-20,2.5,9.0,1311,3.3,무안
2023-02-21,0.6,7.1,1459,2.6,무안
2023-02-22,3.6,12.1,1349,4.5,무안
2023-02-23,5.6,12.1,1444,7.6,무안
2023-02-24,6.8,13.0,1500,6.9,무안
2023-02-25,2.5,7.5,1419,3.9,무안
2023-02-26,3.2,11.3,1548,4.1,무안
2023-02-27,3.9,14.2,1457,5.2,무안
2023-02-28,6.3,15.7,1446,7.0,무안
2023-03-01,8.0,13.5,1448,8.5,무안
2023-03-02,4.2,8.5,1420,5.3,무안
2023-03-03,5.7,13.7,1535,5.2,무안
2023-03-04,7.2,17.3,1414,7.7,무안
2023-03-05,7.4,17.2,1454,8.9,무안
2023-03-06,8.1,17.7,1408,9.1,무안
2023-03-07,9.9,19.8,1455,10.2,무안
2023-03-08,11.6,19.9,1547,10.8,무안
2023-03-09,14.7,22.4,1447,14.3,무안
2023-03-10,12.3,22.9,1351,13.6,무안
2023-03-11,12.7,21.7,1502,14.4,무안
2023-03-12,8.2,13.7,952,10.4,무안
2023-03-13,4.8,11.0,1422,7.5,무안
2023-03-14,7.2,15.7,1526,9.5,무안
2023-03-15,12.6,21.0,1509,12.9,무안
2023-03-16,9.4,16.7,1524,10.6,무안
2023-03-17,9.0,13.2,1246,9.4,무안
2023-03-18,10.0,16.9,1359,12.2,무안
2023-03-19,9.6,18.0,1350,11.9,무안
2023-03-20,9.4,17.2,1342,11.9,무안
2023-03-21,13.6,18.9,1339,13.2,무안
2023-03-22,14.6,18.4,1211,13.5,무안
2023-03-23,14.0,18.2,1043,14.6,무안
2023-03-24,8.8,10.2,1,11.2,무안
2023-03-25,11.2,16.1,1349,13.1,무안
2023-03-26,10.2,16.3,1331,12.6,무안
2023-03-27,8.7,16.0,1539,10.5,무안
2023-03-28,9.5,18.3,1411,11.3,무안
2023-03-29,11.1,20.4,1321,13.8,무안
2023-03-30,12.9,22.0,1347,13.5,무안
2023-03-31,14.4,25.2,1525,15.9,무안
2023-04-01,14.2,24.7,1313,15.6,무안
2023-04-02,13.8,23.2,1324,16.8,무안
2023-04-03,14.2,21.8,1356,15.9,무안
2023-04-04,15.2,18.1,1310,14.8,무안
2023-04-05,14.2,17.1,851,15.3,무안
2023-04-06,10.1,12.2,1040,12.6,무안
2023-04-07,9.7,15.4,1305,10.8,무안
2023-04-08,9.0,15.7,1434,12.4,무안
2023-04-09,10.0,18.6,1410,13.7,무안
2023-04-10,11.0,19.4,1414,14.6,무안
2023-04-11,14.9,19.8,1149,14.3,무안
2023-04-12,13.1,20.2,1346,14.6,무안
2023-04-13,12.4,21.9,1410,15.4,무안
2023-04-14,12.2,16.5,1300,13.0,무안
2023-04-15,14.7,19.7,1218,17.3,무안
2023-04-16,11.8,18.5,1244,14.5,무안
2023-04-17,13.0,20.2,1358,16.6,무안
2023-04-18,17.3,20.3,1030,16.7,무안
2023-04-19,18.3,22.2,1457,19.4,무안
2023-04-20,19.5,26.7,1556,21.8,무안
2023-04-21,17.9,25.4,1355,21.6,무안
2023-04-22,16.0,21.7,1506,21.5,무안
2023-04-23,13.7,17.3,1633,15.7,무안
2023-04-24,13.1,15.9,1208,14.4,무안
2023-04-25,10.4,12.1,210,13.1,무안
2023-04-26,10.3,18.0,1318,16.2,무안
2023-04-27,11.7,20.3,1545,18.6,무안
2023-04-28,15.6,21.3,1235,18.1,무안
2023-04-29,15.2,18.4,1,16.6,무안
2023-04-30,13.8,21.1,1405,18.4,무안
2023-05-01,15.3,23.9,1539,20.1,무안
2023-05-02,15.5,24.5,1420,20.8,무안
2023-05-03,16.4,20.0,939,18.1,무안
2023-05-04,16.9,18.4,1839,16.4,무안
2023-05-05,19.4,21.1,1257,19.0,무안
2023-05-06,16.6,21.1,1414,19.9,무안
2023-05-07,13.1,14.7,1610,15.7,무안
2023-05-08,14.2,22.4,1453,18.7,무안
2023-05-09,16.2,25.3,1506,19.3,무안
2023-05-10,18.2,27.6,1326,20.1,무안
2023-05-11,16.5,23.9,1130,20.5,무안
2023-05-12,16.8,22.2,1118,20.1,무안
2023-05-13,17.3,23.3,1337,20.9,무안
2023-05-14,17.8,25.5,1301,22.7,무안
2023-05-15,18.2,26.4,1437,21.9,무안
2023-05-16,20.4,29.5,1526,25.4,무안
2023-05-17,21.2,27.4,1424,26.6,무안
2023-05-18,17.7,21.4,120,19.8,무안
2023-05-19,19.9,25.3,1323,22.3,무안
2023-05-20,20.2,26.4,1511,24.6,무안
2023-05-21,18.7,24.1,1520,21.8,무안
2023-05-22,16.6,20.2,1359,18.9,무안
2023-05-23,18.2,26.6,1454,22.8,무안
2023-05-24,18.3,24.2,1203,21.3,무안
2023-05-25,19.5,25.5,1247,25.0,무안
2023-05-26,21.1,26.0,1230,23.8,무안
2023-05-27,22.8,26.5,1356,25.2,무안
2023-05-28,22.4,25.4,1339,24.2,무안
2023-05-29,21.5,22.5,1720,22.6,무안
2023-05-30,20.0,21.6,1146,21.2,무안
2023-05-31,21.0,26.8,1517,24.0,무안
2023-06-01,18.8,20.3,1734,20.4,무안
2023-06-02,22.7,29.8,1352,24.4,무안
2023-06-03,22.2,28.6,1341,24.0,무안
2023-06-04,21.5,27.7,1525,23.0,무안
2023-06-05,21.5,25.5,1555,22.0,무안
2023-06-06,21.1,27.3,1409,24.7,무안
2023-06-07,20.8,27.4,1340,26.2,무안
2023-06-08,21.9,27.1,1456,27.4,무안
2023-06-09,22.6,29.5,1333,27.9,무안
2023-06-10,23.7,27.8,1504,29.6,무안
2023-06-11,23.8,28.7,1533,28.6,무안
2023-06-12,23.2,29.5,1428,27.1,무안
2023-06-13,23.7,30.2,1453,30.3,무안
2023-06-14,23.3,29.5,1301,29.7,무안
2023-06-15,22.8,29.5,1519,30.6,무안
2023-06-16,22.6,30.9,1436,31.8,무안
2023-06-17,23.6,31.0,1509,33.0,무안
2023-06-18,24.4,31.5,1351,29.7,무안
2023-06-19,24.2,30.9,1312,32.8,무안
2023-06-20,22.3,26.9,1008,26.6,무안
2023-06-21,22.2,23.9,1237,23.8,무안
2023-06-22,23.3,27.6,1551,25.8,무안
2023-06-23,24.0,30.5,1244,29.3,무안
2023-06-24,24.0,28.6,1324,28.6,무안
2023-06-25,21.7,22.7,1135,23.3,무안
2023-06-26,24.5,26.5,1619,24.6,무안
2023-06-27,24.9,27.5,1251,26.6,무안
2023-06-28,22.4,24.9,1,24.3,무안
2023-06-29,24.7,25.8,1537,25.0,무안
2023-06-30,23.6,26.8,1035,24.4,무안
2023-07-01,25.0,30.0,1320,27.1,무안
2023-07-02,25.2,30.2,1401,27.3,무안
2023-07-03,25.0,27.3,1411,26.7,무안
2023-07-04,23.9,24.3,1322,24.8,무안
2023-07-05,25.8,30.8,1455,27.8,무안
2023-07-06,24.9,31.5,1259,28.1,무안
2023-07-07,24.2,25.5,1903,25.0,무안
2023-07-08,24.8,27.3,1724,26.2,무안
2023-07-09,25.8,28.2,1609,26.5,무안
2023-07-10,26.7,30.2,1252,28.7,무안
2023-07-11,26.1,27.4,1022,26.9,무안
2023-07-12,25.9,27.9,1708,27.0,무안
2023-07-13,26.6,28.4,1158,26.8,무안
2023-07-14,26.6,27.9,1344,25.9,무안
2023-07-15,25.8,29.3,1316,26.0,무안
2023-07-16,24.2,30.0,1714,26.7,무안
2023-07-17,25.6,30.5,1257,28.3,무안
2023-07-18,25.3,28.1,1436,27.2,무안
2023-07-19,25.6,30.5,1456,28.1,무안
2023-07-20,25.9,29.8,1414,28.7,무안
2023-07-21,26.3,30.3,1323,28.7,무안
2023-07-22,24.2,25.5,2335,25.5,무안
2023-07-23,26.3,30.2,1128,27.6,무안
2023-07-24,25.7,28.9,1644,27.3,무안
2023-07-25,27.1,30.4,1625,29.6,무안
2023-07-26,28.0,32.2,1349,30.9,무안
2023-07-27,28.6,32.8,1315,31.0,무안
2023-07-28,27.8,32.0,1420,29.9,무안
2023-07-29,28.7,34.1,1422,31.9,무안
2023-07-30,28.1,32.6,1411,31.7,무안
2023-07-31,28.9,34.2,1401,33.4,무안
2023-08-01,29.1,34.9,1423,35.0,무안
2023-08-02,29.4,35.3,1429,36.7,무안
2023-08-03,29.2,34.5,1235,36.8,무안
2023-08-04,28.8,33.6,1414,34.1,무안
2023-08-05,30.3,36.6,1345,37.4,무안
2023-08-06,30.5,36.0,1437,38.4,무안
2023-08-07,28.3,36.0,1144,31.9,무안
2023-08-08,29.8,36.2,1327,33.3,무안
2023-08-09,27.2,30.5,1104,28.5,무안
2023-08-10,25.0,28.6,1352,26.9,무안
2023-08-11,27.1,31.9,1336,30.8,무안
2023-08-12,26.8,33.1,1422,30.2,무안
2023-08-13,27.5,32.3,1332,31.4,무안
2023-08-14,28.1,32.9,1455,32.2,무안
2023-08-15,29.2,34.3,1439,33.1,무안
2023-08-16,28.3,34.1,1513,33.0,무안
2023-08-17,27.2,32.3,1347,33.3,무안
2023-08-18,27.8,32.9,1217,32.0,무안
2023-08-19,28.0,33.6,1325,30.3,무안
2023-08-20,28.2,33.9,1420,35.3,무안
2023-08-21,28.3,33.0,1305,34.5,무안
2023-08-22,29.1,32.3,1314,35.0,무안
2023-08-23,25.9,29.8,1316,28.6,무안
2023-08-24,26.0,28.9,955,28.4,무안
2023-08-25,26.6,32.8,1431,28.9,무안
2023-08-26,26.3,32.3,1501,29.3,무안
2023-08-27,26.9,32.0,1558,29.3,무안
2023-08-28,27.0,31.0,1443,28.4,무안
2023-08-29,27.2,31.1,1218,28.6,무안
2023-08-30,22.6,24.9,1324,25.7,무안
2023-08-31,25.2,31.2,1602,28.1,무안
2023-09-01,26.3,32.6,1423,28.6,무안
2023-09-02,25.3,28.5,1620,27.4,무안
2023-09-03,27.2,31.4,1313,28.7,무안
2023-09-04,26.5,33.1,1352,30.1,무안
2023-09-05,26.2,33.0,1246,29.2,무안
2023-09-06,25.5,32.9,1307,28.2,무안
2023-09-07,24.6,31.1,1534,28.5,무안
2023-09-08,23.4,30.6,1416,27.1,무안
2023-09-09,24.4,31.4,1516,27.7,무안
2023-09-10,24.9,31.1,1418,26.8,무안
2023-09-11,25.6,32.1,1507,28.1,무안
2023-09-12,25.2,31.2,1525,26.9,무안
2023-09-13,24.7,27.8,1452,26.6,무안
2023-09-14,22.4,24.3,1422,25.4,무안
2023-09-15,25.1,29.1,1225,26.6,무안
2023-09-16,24.1,25.8,1214,25.1,무안
2023-09-17,25.5,30.4,1510,28.2,무안
2023-09-18,25.6,32.0,1430,28.3,무안
2023-09-19,23.6,29.8,1555,26.7,무안
2023-09-20,24.6,28.1,1451,25.2,무안
2023-09-21,21.7,25.5,11,24.7,무안
2023-09-22,21.4,28.7,1454,24.5,무안
2023-09-23,20.7,26.9,1417,22.6,무안
2023-09-24,21.7,27.3,1330,23.7,무안
2023-09-25,22.9,27.5,1533,24.4,무안
2023-09-26,24.8,28.6,1504,26.2,무안
2023-09-27,24.2,27.8,1317,25.3,무안
2023-09-28,24.0,28.5,1508,25.8,무안
2023-09-29,22.5,29.4,1508,25.5,무안
2023-09-30,19.5,24.4,1413,22.4,무안
2023-10-01,20.6,26.0,1416,22.5,무안
2023-10-02,18.4,26.3,1416,22.6,무안
2023-10-03,17.6,21.7,1447,19.0,무안
2023-10-04,19.2,25.8,1509,21.8,무안
2023-10-05,17.8,21.8,1305,21.3,무안
2023-10-06,17.1,22.2,1429,19.8,무안
2023-10-07,16.6,20.3,1256,19.0,무안
2023-10-08,18.5,23.4,1405,20.0,무안
2023-10-09,19.0,24.6,1502,20.9,무안
2023-10-10,18.8,24.7,1153,20.1,무안
2023-10-11,17.4,24.9,1403,20.4,무안
2023-10-12,17.2,24.7,1317,20.3,무안
2023-10-13,17.7,23.5,1541,21.1,무안
2023-10-14,17.0,23.7,1320,20.6,무안
2023-10-15,16.3,23.4,1408,17.6,무안
2023-10-16,15.4,21.3,1425,17.8,무안
2023-10-17,15.0,23.4,1436,17.7,무안
2023-10-18,15.2,23.7,1345,18.0,무안
2023-10-19,18.0,25.0,1342,20.8,무안
2023-10-20,14.6,19.0,1311,18.1,무안
2023-10-21,13.8,19.5,1301,14.8,무안
2023-10-22,13.2,21.1,1316,15.0,무안
2023-10-23,13.5,22.2,1520,17.0,무안
2023-10-24,14.4,23.2,1500,18.2,무안
2023-10-25,16.3,25.0,1349,18.4,무안
2023-10-26,17.1,24.3,1415,19.7,무안
2023-10-27,15.7,20.5,1448,17.8,무안
2023-10-28,14.1,21.9,1516,16.8,무안
2023-10-29,13.9,21.9,1247,17.2,무안
2023-10-30,14.4,23.5,1534,17.6,무안
2023-10-31,14.1,24.9,1350,16.2,무안
2023-11-01,16.9,24.9,1327,19.0,무안
2023-11-02,17.2,26.2,1410,19.9,무안
2023-11-03,17.7,25.8,1318,18.5,무안
2023-11-04,20.0,25.2,1426,20.5,무안
2023-11-05,21.1,22.8,2357,20.1,무안
2023-11-06,17.2,23.5,15,18.1,무안
2023-11-07,12.1,15.9,1437,13.6,무안
2023-11-08,10.1,18.0,1445,12.1,무안
2023-11-09,14.8,20.6,1305,15.3,무안
2023-11-10,9.4,16.4,26,11.9,무안
2023-11-11,6.4,10.8,1446,8.2,무안
2023-11-12,6.7,10.7,1335,8.1,무안
2023-11-13,6.4,10.4,1335,7.0,무안
2023-11-14,8.6,13.7,1235,9.0,무안
2023-11-15,7.4,15.8,1314,8.1,무안
2023-11-16,7.1,10.0,1406,8.3,무안
2023-11-17,5.8,9.3,1102,7.8,무안
2023-11-18,5.9,9.3,1521,6.5,무안
2023-11-19,10.3,15.6,1410,8.8,무안
2023-11-20,8.8,16.0,1513,8.0,무안
2023-11-21,7.6,17.1,1355,7.6,무안
2023-11-22,10.2,18.9,1513,9.8,무안
2023-11-23,13.1,20.3,1402,12.7,무안
2023-11-24,5.2,9.0,1,5.9,무안
2023-11-25,2.5,8.3,1432,3.6,무안
2023-11-26,3.8,12.0,1430,5.2,무안
2023-11-27,8.8,14.6,1301,8.5,무안
2023-11-28,6.6,11.1,1408,6.5,무안
2023-11-29,5.6,11.1,1338,6.6,무안
2023-11-30,2.3,5.6,15,3.9,무안
2023-12-01,2.4,6.1,1221,3.8,무안
2023-12-02,3.5,8.9,1407,4.6,무안
2023-12-03,5.8,11.1,1358,5.6,무안
2023-12-04,3.8,12.0,1505,3.8,무안
2023-12-05,6.5,16.2,1435,5.2,무안
2023-12-06,8.7,15.7,1524,7.6,무안
2023-12-07,7.9,14.6,1247,5.9,무안
2023-12-08,11.2,19.2,1333,8.0,무안
2023-12-09,14.3,20.2,1409,12.4,무안
2023-12-10,14.0,19.9,1348,12.5,무안
2023-12-11,13.6,14.4,2331,13.0,무안
2023-12-12,9.5,14.1,1,11.5,무안
2023-12-13,10.6,15.8,1435,10.8,무안
2023-12-14,11.6,12.6,2137,11.1,무안
2023-12-15,11.7,18.1,834,12.5,무안
2023-12-16,1.5,7.4,1,5.0,무안
2023-12-17,-3.2,-0.7,1319,0.7,무안
2023-12-18,-1.7,2.6,1340,0.2,무안
2023-12-19,1.5,6.7,1525,3.9,무안
2023-12-20,0.3,4.3,218,2.9,무안
2023-12-21,-4.6,-2.3,1358,0.2,무안
2023-12-22,-5.2,-1.2,1515,-0.9,무안
2023-12-23,-1.8,4.2,1422,-0.4,무안
2023-12-24,0.9,4.7,1158,2.6,무안
2023-12-25,0.7,5.7,1454,2.5,무안
2023-12-26,1.8,9.3,1307,1.0,무안
2023-12-27,4.3,12.5,1428,3.7,무안
2023-12-28,4.3,11.1,1238,3.9,무안
2023-12-29,2.4,9.2,1309,2.2,무안
2023-12-30,4.3,11.4,1357,3.9,무안
2023-12-31,7.2,9.8,309,6.2,무안
2024-01-01,4.7,9.6,1355,5.1,무안
2024-01-02,5.1,9.1,1200,5.9,무안
2024-01-03,5.1,8.7,1420,5.6,무안
2024-01-04,2.2,9.6,1325,2.6,무안
2024-01-05,4.5,12.6,1211,4.2,무안
2024-01-06,4.0,9.9,1407,3.0,무안
2024-01-07,2.1,5.4,1257,2.5,무안
2024-01-08,-0.9,5.7,1539,0.4,무안
2024-01-09,1.1,4.8,1614,2.2,무안
2024-01-10,3.0,7.5,1332,3.0,무안
2024-01-11,1.7,8.2,1537,0.8,무안
2024-01-12,5.6,11.6,1443,4.2,무안
2024-01-13,2.8,9.7,1421,1.7,무안
2024-01-14,5.2,15.8,1326,4.0,무안
2024-01-15,1.6,6.6,1445,1.3,무안
2024-01-16,2.8,9.9,1439,1.4,무안
2024-01-17,5.7,9.5,1644,5.3,무안
2024-01-18,8.2,11.1,632,8.4,무안
2024-01-19,7.0,7.8,41,7.5,무안
2024-01-20,6.7,8.0,420,6.8,무안
2024-01-21,5.6,8.2,1106,7.0,무안
2024-01-22,-1.7,2.8,1,2.4,무안
2024-01-23,-3.5,-1.1,1307,1.4,무안
2024-01-24,-1.8,1.1,1419,1.0,무안
2024-01-25,-0.3,3.6,1350,0.4,무안
2024-01-26,2.6,7.5,1448,2.1,무안
2024-01-27,2.3,8.4,1446,2.1,무안
2024-01-28,2.2,7.0,1435,2.9,무안
2024-01-29,0.6,7.8,1550,1.6,무안
2024-01-30,2.8,9.5,1218,2.5,무안
2024-01-31,8.5,14.2,1407,8.5,무안
2024-02-01,6.1,8.2,1,7.5,무안
2024-02-02,5.0,8.2,1537,7.1,무안
2024-02-03,6.3,9.2,1234,7.1,무안
2024-02-04,7.7,11.3,1215,7.8,무안
2024-02-05,6.6,7.8,1220,7.6,무안
2024-02-06,4.8,6.8,1631,6.5,무안
2024-02-07,2.8,6.8,1506,4.3,무안
2024-02-08,1.6,7.3,1529,3.0,무안
2024-02-09,2.2,8.2,1333,3.1,무안
2024-02-10,2.2,9.8,1345,2.9,무안
2024-02-11,3.5,10.3,1342,3.4,무안
2024-02-12,4.3,12.9,1450,4.9,무안
2024-02-13,8.3,17.3,1452,8.0,무안
2024-02-14,12.0,17.8,1343,10.7,무안
2024-02-15,6.6,13.4,950,7.8,무안
2024-02-16,3.8,10.9,1354,6.3,무안
2024-02-17,5.8,14.5,1422,6.7,무안
2024-02-18,11.0,15.8,2137,8.5,무안
2024-02-19,12.6,19.0,343,12.9,무안
2024-02-20,7.4,10.1,1530,8.6,무안
2024-02-21,7.6,8.4,140,8.1,무안
2024-02-22,4.9,6.0,1,7.2,무안
2024-02-23,4.6,6.2,1527,6.7,무안
2024-02-24,4.4,7.9,1357,6.1,무안
2024-02-25,5.1,8.6,1355,6.8,무안
2024-02-26,5.6,12.2,1601,7.5,무안
2024-02-27,6.7,11.3,1439,7.8,무안
2024-02-28,8.7,13.5,1523,9.1,무안
2024-02-29,6.6,9.0,18,7.7,무안
2024-03-01,0.3,4.7,1,3.8,무안
2024-03-02,0.4,7.0,1442,4.4,무안
2024-03-03,3.6,11.1,1320,4.8,무안
2024-03-04,6.8,13.9,1328,7.0,무안
2024-03-05,7.8,8.7,1945,7.8,무안
2024-03-06,9.0,15.2,1221,10.0,무안
2024-03-07,4.9,10.0,1158,6.7,무안
2024-03-08,5.5,9.6,1154,6.4,무안
2024-03-09,4.1,10.1,1449,6.2,무안
2024-03-10,5.2,13.9,1451,6.5,무안
2024-03-11,5.5,12.6,1315,6.6,무안
2024-03-12,4.7,9.7,1207,6.8,무안
2024-03-13,6.5,13.5,1356,8.5,무안
2024-03-14,7.0,16.4,1415,7.9,무안
2024-03-15,8.3,19.5,1432,9.1,무안
2024-03-16,9.8,20.3,1355,10.0,무안
2024-03-17,10.1,15.4,1216,11.7,무안
2024-03-18,9.2,15.4,1222,10.3,무안
2024-03-19,9.0,15.7,1234,9.7,무안
2024-03-20,6.0,10.0,1409,8.6,무안
2024-03-21,5.4,13.2,1508,9.3,무안
2024-03-22,10.8,18.4,1358,10.8,무안
2024-03-23,16.6,23.3,1321,16.8,무안
2024-03-24,12.7,14.7,342,12.6,무안
2024-03-25,11.0,12.6,918,11.3,무안
2024-03-26,8.8,11.5,1254,11.9,무안
2024-03-27,10.1,16.2,1313,12.3,무안
2024-03-28,11.5,14.0,1554,11.7,무안
2024-03-29,11.2,16.8,1252,12.6,무안
2024-03-30,12.7,20.7,1515,14.7,무안
2024-03-31,12.3,19.2,1216,13.5,무안
2024-04-01,13.3,23.8,1419,15.4,무안
2024-04-02,13.2,20.3,1307,13.6,무안
2024-04-03,14.4,15.4,1548,14.7,무안
2024-04-04,13.2,15.2,1322,14.7,무안
2024-04-05,14.2,20.4,1420,16.9,무안
2024-04-06,12.8,19.9,1626,14.6,무안
2024-04-07,15.0,23.1,1416,16.4,무안
2024-04-08,16.1,21.6,1128,16.1,무안
2024-04-09,13.6,20.0,1139,16.9,무안
2024-04-10,13.1,19.3,1443,16.9,무안
2024-04-11,13.4,18.0,1728,14.0,무안
2024-04-12,15.1,24.2,1511,17.8,무안
2024-04-13,16.8,25.6,1234,19.6,무안
2024-04-14,17.8,24.2,1231,18.2,무안
2024-04-15,16.3,19.5,332,16.8,무안
2024-04-16,15.7,22.2,1533,19.8,무안
2024-04-17,14.7,22.1,1352,17.7,무안
2024-04-18,16.5,24.9,1510,19.0,무안
2024-04-19,17.2,25.7,1403,18.9,무안
2024-04-20,15.7,17.2,320,16.0,무안
2024-04-21,15.3,17.0,1152,16.5,무안
2024-04-22,16.9,20.2,1230,17.7,무안
2024-04-23,14.7,18.3,1202,16.9,무안
2024-04-24,15.1,19.2,1501,19.1,무안
2024-04-25,17.1,26.2,1428,19.9,무안
2024-04-26,16.3,23.4,1317,18.5,무안
2024-04-27,18.8,29.5,1522,20.7,무안
2024-04-28,18.8,26.4,1519,20.4,무안
2024-04-29,15.9,19.1,12,17.1,무안
2024-04-30,16.8,22.4,1406,20.0,무안
2024-05-01,14.0,17.0,1552,16.3,무안
2024-05-02,15.7,23.7,1349,19.2,무안
2024-05-03,17.2,26.9,1304,20.6,무안
2024-05-04,18.2,25.2,1338,19.6,무안
2024-05-05,19.3,21.3,1633,19.1,무안
2024-05-06,16.5,19.7,1344,18.2,무안
2024-05-07,16.1,19.4,1530,18.0,무안
2024-05-08,14.1,19.4,1413,18.0,무안
2024-05-09,16.0,23.7,1517,20.0,무안
2024-05-10,16.4,24.7,1421,20.4,무안
2024-05-11,18.0,24.9,1211,19.3,무안
2024-05-12,18.2,24.5,1403,20.0,무안
2024-05-13,17.7,26.5,1408,20.8,무안
2024-05-14,17.7,27.0,1439,21.1,무안
2024-05-15,14.8,24.3,1312,18.8,무안
2024-05-16,16.9,23.0,1419,19.5,무안
2024-05-17,17.8,25.7,1507,19.7,무안
2024-05-18,18.9,25.8,1451,23.4,무안
2024-05-19,20.2,29.8,1419,24.0,무안
2024-05-20,21.3,30.1,1442,24.6,무안
2024-05-21,19.0,25.4,1355,24.8,무안
2024-05-22,20.1,26.9,1540,24.9,무안
2024-05-23,23.1,30.8,1352,27.7,무안
2024-05-24,-99.0,31.0,1406,32.5,무안
2024-05-25,20.5,26.2,1350,26.4,무안
2024-05-26,19.7,23.8,1059,21.9,무안
2024-05-27,20.3,25.3,1259,21.6,무안
2024-05-28,20.4,27.0,1426,24.2,무안
2024-05-29,20.2,27.2,1552,25.4,무안
2024-05-30,19.9,25.8,1415,23.9,무안
2024-05-31,20.4,27.5,1526,24.2,무안
2024-06-01,20.1,25.3,1640,23.8,무안
2024-06-02,20.7,27.3,1352,24.7,무안
2024-06-03,19.5,25.9,1319,26.3,무안
2024-06-04,20.1,25.6,1240,26.6,무안
2024-06-05,21.1,26.4,1155,26.1,무안
2024-06-06,19.8,24.5,1243,23.4,무안
2024-06-07,21.6,27.3,1308,26.0,무안
2024-06-08,20.2,21.3,1446,22.3,무안
2024-06-09,23.4,29.1,1555,25.3,무안
2024-06-10,23.5,31.5,1609,26.3,무안
2024-06-11,22.9,29.9,1423,26.5,무안
2024-06-12,23.3,30.6,1302,27.6,무안
2024-06-13,25.3,32.8,1242,30.1,무안
2024-06-14,24.9,30.9,1342,30.9,무안
2024-06-15,25.5,30.9,1555,30.0,무안
2024-06-16,25.1,30.2,1249,31.7,무안
2024-06-17,21.4,26.3,1436,24.9,무안
2024-06-18,25.0,34.2,1500,30.3,무안
2024-06-19,24.6,32.6,1239,30.6,무안
2024-06-20,21.8,23.0,826,23.3,무안
2024-06-21,24.0,30.3,1403,29.2,무안
2024-06-22,23.7,25.3,1347,24.6,무안
2024-06-23,24.2,28.8,1536,25.2,무안
2024-06-24,24.6,28.8,1354,25.1,무안
2024-06-25,23.8,29.4,1616,25.7,무안
2024-06-26,22.5,29.4,1357,26.0,무안
2024-06-27,19.3,22.7,1047,21.4,무안
2024-06-28,23.4,29.4,1354,27.0,무안
2024-06-29,23.7,24.8,1449,24.0,무안
2024-06-30,24.6,25.6,1259,25.0,무안
2024-07-01,25.5,30.1,1302,27.6,무안
2024-07-02,27.1,30.9,1419,27.9,무안
2024-07-03,27.2,32.1,1525,28.3,무안
2024-07-04,27.0,31.6,1348,30.1,무안
2024-07-05,27.0,31.7,1531,28.3,무안
2024-07-06,27.4,29.7,1132,27.9,무안
2024-07-07,26.7,27.8,1033,26.7,무안
2024-07-08,26.4,27.6,1221,26.2,무안
2024-07-09,26.4,27.9,1444,27.0,무안
2024-07-10,25.0,27.5,1416,26.6,무안
2024-07-11,24.1,27.4,1412,25.4,무안
2024-07-12,25.2,30.3,1332,27.2,무안
2024-07-13,24.8,28.8,1316,26.5,무안
2024-07-14,24.4,26.8,1603,26.3,무안
2024-07-15,24.6,27.0,1516,25.8,무안
2024-07-16,24.4,27.0,1821,24.9,무안
2024-07-17,27.0,30.7,1048,26.9,무안
2024-07-18,26.8,29.5,1326,27.4,무안
2024-07-19,25.1,29.8,1545,27.9,무안
2024-07-20,27.6,32.4,1514,28.8,무안
2024-07-21,27.8,33.1,1448,30.2,무안
2024-07-22,28.4,32.6,1258,29.8,무안
2024-07-23,28.8,33.3,1633,29.0,무안
2024-07-24,29.1,33.3,1549,31.9,무안
2024-07-25,29.5,33.2,1157,31.4,무안
2024-07-26,27.9,30.3,840,29.5,무안
2024-07-27,29.1,33.1,1500,30.2,무안
2024-07-28,29.5,33.9,1337,31.9,무안
2024-07-29,28.5,33.3,1613,30.3,무안
2024-07-30,28.9,34.6,1403,30.7,무안
2024-07-31,28.9,34.0,1457,31.3,무안
2024-08-01,29.2,33.6,1416,32.1,무안
2024-08-02,29.6,34.2,1545,31.2,무안
2024-08-03,31.1,36.4,1603,33.5,무안
2024-08-04,31.1,37.0,1428,34.0,무안
2024-08-05,28.5,34.2,1346,33.4,무안
2024-08-06,29.1,35.6,1416,32.8,무안
2024-08-07,30.1,36.3,1451,34.1,무안
2024-08-08,28.5,34.8,1221,31.4,무안
2024-08-09,29.8,35.7,1423,32.0,무안
2024-08-10,28.7,33.9,1409,33.2,무안
2024-08-11,28.6,33.5,1500,33.0,무안
2024-08-12,28.4,34.2,1347,33.8,무안
2024-08-13,28.5,34.0,1555,33.0,무안
2024-08-14,28.5,34.2,1306,32.7,무안
2024-08-15,28.9,34.8,1314,35.1,무안
2024-08-16,28.1,33.4,1400,33.2,무안
2024-08-17,26.1,34.0,1253,28.3,무안
2024-08-18,27.7,33.3,1347,29.7,무안
2024-08-19,29.1,34.0,1436,30.2,무안
2024-08-20,28.7,32.1,1027,29.6,무안
2024-08-21,30.0,34.1,1502,31.1,무안
2024-08-22,28.3,32.1,815,30.2,무안
2024-08-23,28.5,34.7,1442,29.9,무안
2024-08-24,28.5,34.4,1533,29.4,무안
2024-08-25,28.5,35.0,1417,29.5,무안
2024-08-26,28.0,33.8,1353,30.6,무안
2024-08-27,-99.0,34.4,1520,32.1,무안
2024-08-28,-99.0,34.3,1400,35.0,무안
2024-08-29,29.6,35.6,1500,31.7,무안
2024-08-30,28.6,34.7,1353,32.2,무안
2024-08-31,27.1,33.0,1411,31.6,무안
2024-09-01,26.9,32.0,1144,30.7,무안
2024-09-02,25.3,31.4,1339,29.6,무안
2024-09-03,25.9,30.9,1545,28.1,무안
2024-09-04,26.1,31.8,1607,30.5,무안
2024-09-05,27.0,32.7,1510,32.5,무안
2024-09-06,27.2,32.2,1112,30.9,무안
2024-09-07,26.5,30.8,1403,29.7,무안
2024-09-08,27.7,33.7,1331,32.8,무안
2024-09-09,28.2,34.2,1547,32.6,무안
2024-09-10,29.0,34.5,1448,33.9,무안
2024-09-11,27.4,30.5,939,29.4,무안
2024-09-12,28.0,33.2,1541,30.0,무안
2024-09-13,28.2,34.7,1444,30.5,무안
2024-09-14,28.8,36.1,1447,30.3,무안
2024-09-15,29.8,34.7,1505,30.9,무안
2024-09-16,27.9,29.4,1605,28.2,무안
2024-09-17,28.4,34.4,1403,29.1,무안
2024-09-18,28.8,34.0,1453,30.2,무안
2024-09-19,28.7,35.3,1406,29.0,무안
2024-09-20,27.3,30.8,1407,28.8,무안
2024-09-21,25.6,29.1,744,27.2,무안
2024-09-22,22.5,24.0,1,25.8,무안
2024-09-23,22.3,26.7,1515,24.9,무안
2024-09-24,21.6,27.7,1353,23.3,무안
2024-09-25,23.5,30.4,1516,24.7,무안
2024-09-26,24.3,30.4,1512,25.6,무안
2024-09-27,24.0,29.7,1408,25.0,무안
2024-09-28,24.0,30.0,1256,24.7,무안
2024-09-29,23.5,29.0,1526,23.9,무안
2024-09-30,22.4,29.5,1334,23.5,무안
2024-10-01,20.3,27.1,1106,22.9,무안
2024-10-02,17.2,21.4,1514,19.8,무안
2024-10-03,14.1,15.6,1414,17.6,무안
2024-10-04,16.6,24.5,1444,18.5,무안
2024-10-05,17.5,25.8,1412,19.0,무안
2024-10-06,17.1,22.6,1252,19.3,무안
2024-10-07,16.8,20.4,1524,19.8,무안
2024-10-08,18.0,24.3,1216,19.3,무안
2024-10-09,18.6,24.9,1437,19.7,무안
2024-10-10,18.8,24.6,1522,20.6,무안
2024-10-11,18.1,26.4,1516,19.5,무안
2024-10-12,18.1,26.8,1527,19.8,무안
2024-10-13,18.4,24.3,1131,19.3,무안
2024-10-14,20.2,22.2,1031,20.5,무안
2024-10-15,21.4,25.1,1219,22.1,무안
2024-10-16,21.4,28.3,1339,21.8,무안
2024-10-17,20.3,25.2,1348,20.9,무안
2024-10-18,23.4,27.5,1443,23.0,무안
2024-10-19,20.6,24.5,53,22.1,무안
2024-10-20,15.7,19.0,1142,16.0,무안
2024-10-21,17.9,23.3,1245,18.5,무안
2024-10-22,19.8,22.1,1423,20.3,무안
2024-10-23,15.8,19.6,1315,17.6,무안
2024-10-24,14.3,21.9,1532,15.0,무안
2024-10-25,15.1,21.7,1337,15.4,무안
2024-10-26,17.4,24.4,1429,17.3,무안
2024-10-27,16.4,20.5,1417,17.9,무안
2024-10-28,16.1,20.9,1410,17.9,무안
2024-10-29,17.0,22.3,1437,17.9,무안
2024-10-30,16.0,23.8,1509,16.2,무안
2024-10-31,16.3,22.4,1330,16.5,무안
2024-11-01,15.1,16.2,52,16.7,무안
2024-11-02,17.8,23.0,1313,18.7,무안
2024-11-03,15.6,22.7,1428,17.1,무안
2024-11-04,14.5,21.5,1511,16.1,무안
2024-11-05,12.9,16.8,1318,13.6,무안
2024-11-06,10.5,15.5,1349,11.0,무안
2024-11-07,10.2,19.2,1437,11.1,무안
2024-11-08,13.1,20.1,1245,13.9,무안
2024-11-09,13.3,20.4,1312,13.6,무안
2024-11-10,14.1,18.4,1255,15.0,무안
2024-11-11,13.6,22.7,1508,13.7,무안
2024-11-12,13.8,20.5,1436,13.5,무안
2024-11-13,13.5,21.6,1427,13.0,무안
2024-11-14,14.9,21.3,1500,14.5,무안
2024-11-15,16.3,20.1,1442,16.2,무안
2024-11-16,18.7,23.5,1428,17.1,무안
2024-11-17,12.9,18.1,114,13.8,무안
2024-11-18,5.8,10.5,1414,7.5,무안
2024-11-19,8.3,15.5,1255,9.9,무안
2024-11-20,10.6,15.7,1420,11.8,무안
2024-11-21,9.5,16.0,1431,10.2,무안
2024-11-22,9.5,14.6,1237,9.2,무안
2024-11-23,6.9,13.1,1442,8.0,무안
2024-11-24,9.4,16.6,1446,9.8,무안
2024-11-25,12.5,16.6,1403,11.0,무안
2024-11-26,10.4,15.5,255,11.2,무안
2024-11-27,5.3,8.1,1308,7.8,무안
2024-11-28,7.3,11.1,1248,7.7,무안
2024-11-29,8.4,10.7,2400,7.6,무안
2024-11-30,7.9,13.6,1449,8.2,무안
2024-12-01,7.2,15.9,1411,8.4,무안
2024-12-02,9.8,18.2,1446,9.0,무안
2024-12-03,6.5,10.5,1311,7.3,무안
2024-12-04,4.4,10.8,1341,5.5,무안
2024-12-05,6.5,11.6,1241,5.5,무안
2024-12-06,7.7,11.8,1401,-99.0,무안
2024-12-07,3.2,9.0,1233,-99.0,무안
2024-12-08,3.0,6.4,1321,-99.0,무안
2024-12-09,3.3,9.8,1343,8.5,무안
2024-12-10,4.0,10.4,1422,5.9,무안
2024-12-11,6.4,10.6,1406,6.8,무안
2024-12-12,4.8,8.8,1404,5.3,무안
2024-12-13,3.4,8.9,1300,5.5,무안
2024-12-14,3.3,7.0,1347,4.9,무안
2024-12-15,5.1,8.0,1351,5.2,무안
2024-12-16,3.8,9.1,1438,5.8,무안
2024-12-17,3.9,10.2,1304,5.2,무안
2024-12-18,1.7,5.0,1349,4.6,무안
2024-12-19,0.6,8.1,1340,2.4,무안
2024-12-20,1.6,8.5,1531,3.7,무안
2024-12-21,3.9,7.1,1232,5.1,무안
2024-12-22,1.4,4.5,1330,2.9,무안
2024-12-23,3.6,9.6,1456,3.7,무안
2024-12-24,4.3,8.8,1406,4.5,무안
2024-12-25,2.0,9.2,1309,3.6,무안
2024-12-26,5.0,8.9,1215,5.0,무안
2024-12-27,3.7,6.2,1349,4.4,무안
2024-12-28,1.8,4.0,1146,4.1,무안
2024-12-29,3.0,9.1,1302,4.2,무안
2024-12-30,5.1,13.3,1338,5.1,무안
2024-12-31,5.0,8.4,26,4.6,무안
2025-01-01,2.2,10.4,1445,3.0,무안
2025-01-02,3.1,10.3,1509,3.3,무안
2025-01-03,1.9,6.1,1504,2.6,무안
2025-01-04,2.0,8.4,1218,2.8,무안
2025-01-05,2.1,5.9,1551,4.0,무안
2025-01-06,2.9,8.0,1300,4.9,무안
2025-01-07,1.8,6.5,1448,3.4,무안
2025-01-08,2.6,9.2,1414,3.7,무안
2025-01-09,-3.6,0.4,6,2.9,무안
2025-01-10,-2.9,1.1,1544,1.4,무안
2025-01-11,-1.5,3.0,1309,2.3,무안
2025-01-12,-0.4,5.0,1400,2.0,무안
2025-01-13,-0.3,7.8,1542,2.0,무안
2025-01-14,4.2,11.8,1421,3.9,무안
2025-01-15,0.8,4.3,1,3.8,무안
2025-01-16,2.0,7.5,1404,3.7,무안
2025-01-17,2.2,8.1,1510,3.4,무안
2025-01-18,1.6,11.1,1503,3.4,무안
2025-01-19,2.1,11.3,1411,3.4,무안
2025-01-20,2.9,9.1,1212,3.5,무안
2025-01-21,2.7,10.8,1501,3.6,무안
2025-01-22,3.1,10.7,1409,4.1,무안
2025-01-23,3.9,13.3,1321,4.2,무안
2025-01-24,4.4,14.8,1449,4.3,무안
2025-01-25,-99.0,12.5,1447,6.0,무안
2025-01-26,3.9,8.7,1211,4.6,무안
2025-01-27,1.6,4.4,1308,4.6,무안
2025-01-28,0.1,3.0,1432,3.3,무안
2025-01-29,-0.4,2.4,1322,3.2,무안
2025-01-30,0.5,8.2,1443,3.0,무안
2025-01-31,2.5,8.0,1553,3.7,무안
2025-02-01,5.0,6.9,1638,6.1,무안
2025-02-02,5.0,9.5,1502,6.0,무안
2025-02-03,1.1,4.2,204,4.8,무안
2025-02-04,-2.4,-0.6,1546,2.6,무안
2025-02-05,-2.7,1.6,1312,2.3,무안
2025-02-06,-1.7,2.6,1343,2.6,무안
2025-02-07,-3.0,1.7,838,1.7,무안
2025-02-08,-2.9,0.7,1400,2.1,무안
2025-02-09,-1.0,3.7,1545,3.2,무안
2025-02-10,-0.8,4.7,1512,3.1,무안
2025-02-11,2.1,10.5,1406,3.3,무안
2025-02-12,4.6,9.1,1424,5.0,무안
2025-02-13,2.2,7.2,1434,3.9,무안
2025-02-14,2.9,11.5,1515,4.5,무안
2025-02-15,2.3,7.5,1408,4.2,무안
2025-02-16,5.4,13.2,1437,5.6,무안
2025-02-17,3.0,7.3,1256,5.0,무안
2025-02-18,1.4,4.7,1435,4.9,무안
2025-02-19,0.9,4.7,1150,4.2,무안
2025-02-20,0.5,5.4,1439,4.1,무안
2025-02-21,0.8,5.3,1426,4.8,무안
2025-02-22,0.6,5.3,1332,4.4,무안
2025-02-23,0.0,3.9,1356,3.7,무안
2025-02-24,1.2,5.7,1410,4.4,무안
2025-02-25,2.4,8.2,1327,3.9,무안
2025-02-26,5.3,12.4,1454,6.7,무안
2025-02-27,5.5,14.9,1504,6.1,무안
2025-02-28,9.2,16.9,1631,10.3,무안
2025-03-01,-99.0,12.5,1718,8.4,무안
2025-03-02,12.5,15.5,1259,11.2,무안
2025-03-03,-99.0,9.8,1,8.3,무안
2025-03-04,-99.0,8.0,1736,6.5,무안
2025-03-05,6.5,9.8,1118,8.1,무안
2025-03-06,5.8,10.8,1350,8.5,무안
2025-03-07,5.2,12.2,1501,7.9,무안
2025-03-08,5.7,9.5,1432,7.8,무안
2025-03-09,5.9,16.2,1513,8.4,무안
2025-03-10,6.1,13.8,1435,8.0,무안
2025-03-11,9.2,19.1,1404,10.2,무안
2025-03-12,9.8,16.8,1602,9.7,무안
2025-03-13,11.5,20.4,1526,12.0,무안
2025-03-14,12.1,19.5,1456,13.0,무안
2025-03-15,-99.0,12.1,209,9.5,무안
2025-03-17,-99.0,8.5,1411,12.4,무안
2025-03-18,1.6,4.5,1132,4.8,무안
2025-03-19,3.3,8.8,1516,6.9,무안
2025-03-20,6.0,14.6,1514,8.4,무안
2025-03-21,12.5,21.6,1328,11.6,무안
2025-03-22,12.6,23.3,1604,12.0,무안
2025-03-23,14.1,24.8,1355,13.7,무안
2025-03-24,16.0,22.5,1442,16.5,무안
2025-03-25,15.1,26.5,1512,16.6,무안
2025-03-26,14.9,23.5,1436,17.1,무안
2025-03-27,14.6,20.2,1253,14.5,무안
2025-03-28,7.7,11.6,1511,13.2,무안
2025-03-29,4.8,9.3,1101,8.1,무안
2025-03-30,4.4,10.0,1335,10.0,무안
2025-03-31,6.4,14.4,1311,10.1,무안
2025-04-01,8.7,17.6,1610,13.0,무안
2025-04-02,9.2,18.7,1232,12.6,무안
2025-04-03,9.3,15.9,1417,14.5,무안
2025-04-04,9.5,16.2,1456,14.7,무안
2025-04-05,11.1,14.1,953,12.8,무안
2025-04-06,9.9,18.5,1447,14.0,무안
2025-04-07,11.7,23.2,1321,15.2,무안
2025-04-08,15.3,23.3,1520,17.7,무안
2025-04-09,12.0,19.7,1210,14.1,무안
2025-04-10,13.5,19.0,1349,18.9,무안
2025-04-11,13.7,23.2,1332,18.6,무안
2025-04-12,13.9,18.0,1055,14.8,무안
2025-04-13,8.1,12.5,1250,11.5,무안
2025-04-14,8.3,14.1,1108,9.4,무안
2025-04-15,10.2,15.3,1408,13.3,무안
2025-04-16,14.2,22.8,1249,14.3,무안
2025-04-17,19.7,24.1,1302,20.3,무안
2025-04-18,18.8,23.3,1355,20.7,무안
2025-04-19,19.5,24.5,1244,20.5,무안
2025-04-20,17.8,25.6,1343,20.1,무안
2025-04-21,17.8,23.0,1353,21.3,무안
2025-04-22,16.8,19.3,1111,17.3,무안
2025-04-23,15.5,17.9,1527,18.7,무안
2025-04-24,16.6,23.5,1359,19.4,무안
2025-04-25,13.6,20.4,1444,16.2,무안
2025-04-26,13.6,23.3,1250,17.8,무안
2025-04-27,16.1,25.6,1402,18.0,무안
2025-04-28,16.4,22.9,1345,20.9,무안
2025-04-29,13.1,21.3,1521,19.7,무안
2025-04-30,15.3,23.8,1355,20.6,무안
2025-05-01,15.9,20.9,936,17.1,무안
2025-05-02,14.3,20.2,1449,16.9,무안
2025-05-03,12.6,16.5,1236,14.6,무안
2025-05-04,13.9,22.1,1500,16.9,무안
2025-05-05,11.5,17.6,1239,13.8,무안
2025-05-06,11.8,15.9,1708,13.6,무안
2025-05-07,13.7,22.4,1359,16.9,무안
2025-05-08,15.8,22.9,1250,17.9,무안
2025-05-09,15.6,16.9,2002,15.7,무안
2025-05-10,14.0,16.8,1547,15.0,무안
2025-05-11,15.2,22.1,1343,18.0,무안
2025-05-12,16.0,24.2,1439,19.3,무안
2025-05-13,17.4,26.0,1503,20.4,무안
2025-05-14,18.7,24.2,1328,20.6,무안
2025-05-15,19.0,20.2,1015,19.5,무안
2025-05-16,19.0,21.5,1014,19.2,무안
2025-05-17,19.4,24.3,1511,21.2,무안
2025-05-18,17.9,24.7,1608,20.9,무안
2025-05-19,19.0,24.0,1240,19.7,무안
2025-05-20,21.8,25.3,1508,21.7,무안
2025-05-21,22.0,24.6,1108,22.1,무안
2025-05-22,21.0,28.4,1225,22.3,무안
2025-05-23,18.6,20.6,1256,19.3,무안
2025-05-24,17.9,23.8,1313,19.4,무안
2025-05-25,18.3,26.1,1455,21.0,무안
2025-05-26,18.9,26.8,1543,20.8,무안
2025-05-27,19.5,28.4,1432,21.4,무안
2025-05-28,20.2,28.1,1324,22.5,무안
2025-05-29,20.5,29.4,1405,23.3,무안
2025-05-30,20.1,27.9,1433,23.4,무안
2025-05-31,19.5,27.0,1457,23.3,무안
2025-06-01,20.6,27.8,1359,24.1,무안
2025-06-02,17.4,19.4,1012,19.9,무안
2025-06-03,20.2,26.2,1442,23.0,무안
2025-06-04,20.9,28.7,1449,23.7,무안
2025-06-05,20.9,29.8,1517,24.3,무안
2025-06-06,20.8,26.8,1201,22.4,무안
2025-06-07,22.0,28.5,1520,26.5,무안
2025-06-08,23.2,28.8,1322,28.9,무안
2025-06-09,23.3,29.8,1049,28.1,무안
2025-06-10,23.4,29.2,1211,28.9,무안
2025-06-11,23.9,32.1,1600,33.7,무안
2025-06-12,21.9,27.9,1413,28.1,무안
2025-06-13,20.3,23.5,1437,22.3,무안
2025-06-14,23.8,28.6,1438,24.6,무안
2025-06-15,23.7,29.0,1420,26.3,무안
2025-06-16,23.2,26.8,1314,24.4,무안
2025-06-17,24.0,28.5,1614,26.3,무안
2025-06-18,24.0,30.7,1301,26.4,무안
2025-06-19,23.7,28.1,1229,24.3,무안
2025-06-20,25.4,28.5,1219,26.3,무안
2025-06-21,23.6,25.4,810,24.2,무안
2025-06-22,23.0,28.1,1357,25.0,무안
2025-06-23,24.0,31.5,1225,25.7,무안
2025-06-24,21.7,23.1,704,22.3,무안
2025-06-25,23.0,28.9,1410,26.4,무안
2025-06-26,24.2,31.1,1415,27.3,무안
2025-06-27,25.4,31.7,1318,27.7,무안
2025-06-28,27.3,31.6,1601,30.5,무안
2025-06-29,27.7,31.9,1403,31.0,무안
2025-06-30,28.4,32.9,1331,32.5,무안
2025-07-01,28.7,33.2,1531,31.5,무안
2025-07-02,29.1,35.0,1625,33.0,무안
2025-07-03,28.6,34.6,1342,33.1,무안
2025-07-04,27.5,32.9,1311,30.9,무안
2025-07-05,28.5,34.2,1505,32.5,무안
2025-07-06,29.7,35.4,1447,32.6,무안
2025-07-07,29.6,35.9,1447,33.7,무안
2025-07-08,29.6,34.7,1626,36.9,무안
2025-07-09,29.1,35.1,1445,39.6,무안
2025-07-10,28.9,34.6,1444,38.9,무안
2025-07-11,29.2,34.3,1537,38.2,무안
2025-07-12,27.7,33.5,1352,38.7,무안
2025-07-13,23.5,26.0,839,26.1,무안
2025-07-14,25.8,30.9,1409,28.8,무안
2025-07-15,25.8,30.8,1357,28.9,무안
2025-07-16,24.9,26.7,1607,26.0,무안
2025-07-17,26.3,28.7,1749,27.3,무안
2025-07-18,25.4,30.6,1345,28.3,무안
2025-07-19,27.4,31.4,1416,29.9,무안
2025-07-20,27.9,31.2,1112,29.0,무안
2025-07-21,27.6,32.4,1116,30.6,무안
2025-07-22,27.5,32.3,1414,31.1,무안
2025-07-23,28.1,34.3,1334,31.4,무안
2025-07-24,28.3,34.6,1402,31.8,무안
2025-07-25,29.1,34.8,1439,31.9,무안
2025-07-26,30.0,34.9,1332,33.5,무안
2025-07-27,30.2,34.8,1524,35.0,무안
2025-07-28,29.6,36.2,1340,35.4,무안
2025-07-29,29.1,35.0,1600,36.8,무안
2025-07-30,28.7,33.7,1307,36.2,무안
2025-07-31,28.8,33.8,1233,34.6,무안
2025-08-01,29.0,34.8,1449,37.5,무안
2025-08-02,28.9,34.7,1344,35.1,무안
2025-08-03,27.9,30.9,1244,30.4,무안
2025-08-04,29.7,33.7,1437,32.3,무안
2025-08-05,28.0,33.1,1406,29.6,무안
2025-08-06,27.9,30.1,1550,28.6,무안
2025-08-07,29.2,32.7,1149,30.6,무안
2025-08-08,27.0,33.4,1553,30.8,무안
2025-08-09,23.6,25.1,913,25.3,무안
2025-08-10,25.4,29.9,1548,27.6,무안
2025-08-11,23.9,27.8,814,26.1,무안
2025-08-12,22.9,24.7,1402,24.1,무안
2025-08-13,27.7,33.0,1457,29.6,무안
2025-08-14,28.7,34.4,1538,31.4,무안
2025-08-15,28.8,35.1,1507,31.8,무안
2025-08-16,28.1,35.3,1457,31.3,무안
2025-08-17,28.2,35.3,1459,31.4,무안
2025-08-18,27.7,33.1,1513,30.5,무안
2025-08-19,28.3,32.8,1431,32.6,무안
2025-08-20,27.8,33.4,1341,29.9,무안
2025-08-21,28.6,34.3,1313,34.0,무안
2025-08-22,28.7,35.3,1439,34.4,무안
2025-08-23,28.4,33.9,1458,34.7,무안
2025-08-24,28.5,33.7,1418,34.7,무안
2025-08-25,29.0,33.9,1442,35.1,무안
2025-08-26,29.0,32.6,1346,30.5,무안
2025-08-27,28.5,34.5,1512,35.3,무안
2025-08-28,27.8,33.2,1402,34.4,무안
2025-08-29,28.9,34.6,1212,34.7,무안
2025-08-30,28.9,34.5,1243,35.5,무안
2025-08-31,27.5,32.0,1351,31.3,무안
2025-09-01,27.9,32.7,1351,30.9,무안
2025-09-02,27.2,33.1,1355,29.7,무안
2025-09-03,27.3,33.7,1338,30.3,무안
2025-09-04,27.9,33.4,1206,29.2,무안
2025-09-05,28.0,34.1,1328,30.7,무안
2025-09-06,28.6,33.6,1511,34.0,무안
2025-09-07,27.1,33.7,1225,28.6,무안
2025-09-08,25.0,28.3,955,28.2,무안
2025-09-09,21.8,23.8,21,24.7,무안
2025-09-10,24.5,29.7,1512,28.7,무안
2025-09-11,25.2,30.7,1517,26.8,무안
2025-09-12,25.7,29.9,1239,26.2,무안
2025-09-13,26.6,31.0,1444,27.3,무안
2025-09-14,25.5,30.1,1137,26.5,무안
2025-09-15,25.6,29.3,1600,27.8,무안
2025-09-16,27.4,32.3,1451,29.7,무안
2025-09-17,26.6,32.4,1126,26.9,무안
2025-09-18,24.2,28.8,1550,26.6,무안
2025-09-19,23.8,26.9,1435,25.5,무안
2025-09-20,23.1,26.8,1346,24.8,무안
2025-09-21,21.7,28.7,1152,24.8,무안
2025-09-22,22.2,27.4,1254,22.8,무안
2025-09-23,23.2,28.2,1349,24.7,무안
2025-09-24,24.8,29.0,1528,25.4,무안
2025-09-25,23.6,25.1,1631,24.9,무안
2025-09-26,24.4,29.4,1115,25.7,무안
2025-09-27,23.3,26.3,1531,25.2,무안
2025-09-28,23.2,29.1,1332,24.5,무안
2025-09-29,21.0,26.8,1355,23.3,무안
2025-09-30,19.6,26.2,1450,22.9,무안
2025-10-01,20.4,28.8,1418,21.5,무안
2025-10-02,19.5,24.1,1330,21.1,무안
2025-10-03,18.6,19.7,2217,19.4,무안
2025-10-04,22.3,28.6,1335,24.8,무안
2025-10-05,23.3,28.7,1508,25.2,무안
2025-10-06,23.6,28.6,1255,24.6,무안
2025-10-07,23.0,27.7,1224,24.5,무안
2025-10-08,23.7,28.2,1547,26.4,무안
2025-10-09,23.8,27.8,1409,25.3,무안
2025-10-10,21.5,27.2,1408,23.9,무안
2025-10-11,22.7,30.5,1444,24.2,무안
2025-10-12,23.3,29.9,1346,24.2,무안
2025-10-13,23.5,28.5,1322,24.9,무안
2025-10-14,21.7,24.8,1518,23.9,무안
2025-10-15,20.5,21.8,1409,20.9,무안
2025-10-16,21.8,25.3,1503,23.5,무안
2025-10-17,22.0,25.2,1313,21.2,무안
2025-10-18,19.3,22.1,26,20.5,무안
2025-10-19,18.3,21.6,1500,19.7,무안
2025-10-20,14.3,19.4,1455,16.9,무안
2025-10-21,13.8,16.5,1401,15.9,무안
2025-10-22,15.6,23.4,1357,16.6,무안
2025-10-23,16.3,24.5,1341,18.8,무안
2025-10-24,16.1,23.8,1423,19.5,무안
2025-10-25,16.2,21.9,1314,19.2,무안
2025-10-26,15.2,20.8,1334,18.0,무안
2025-10-27,11.6,15.2,1415,14.9,무안
2025-10-28,9.1,16.7,1453,13.2,무안
2025-10-29,-99.0,18.6,1443,18.8,무안
2025-10-30,12.0,19.2,1142,13.0,무안
2025-10-31,14.7,22.8,1352,16.4,무안
2025-11-01,14.6,19.6,1412,16.0,무안
2025-11-02,11.9,18.2,1143,13.6,무안
2025-11-03,9.1,16.0,1502,12.4,무안
2025-11-04,11.8,20.7,1317,13.9,무안
2025-11-05,12.1,21.1,1355,14.7,무안
2025-11-06,12.9,22.7,1335,14.7,무안
2025-11-07,13.7,22.3,1513,15.5,무안
2025-11-08,14.2,18.9,1341,14.6,무안
2025-11-09,14.9,20.3,1401,15.8,무안
2025-11-10,11.5,16.4,1400,11.7,무안
2025-11-11,10.2,17.5,1441,11.5,무안
2025-11-12,8.4,14.7,1438,9.7,무안
2025-11-13,11.7,19.7,1450,13.4,무안
2025-11-14,11.9,17.4,1329,12.5,무안
2025-11-15,9.9,19.0,1353,11.6,무안
2025-11-16,11.1,20.7,1357,11.2,무안
2025-11-17,9.1,13.0,241,9.6,무안
2025-11-18,6.9,9.6,1355,9.6,무안
2025-11-19,6.5,11.0,1351,9.9,무안
2025-11-20,8.7,15.7,1354,9.1,무안
2025-11-21,8.4,14.4,1305,9.6,무안
2025-11-22,7.0,16.1,1319,8.8,무안
2025-11-23,8.3,16.9,1343,9.5,무안
2025-11-24,11.7,19.9,1452,11.7,무안
2025-11-25,8.9,13.0,1319,9.9,무안
2025-11-26,7.9,14.1,1447,9.3,무안
2025-11-27,7.0,12.1,1444,7.8,무안
2025-11-28,7.0,11.8,1331,8.3,무안
2025-11-29,6.3,15.6,1448,7.4,무안
2025-11-30,11.4,19.7,1506,9.9,무안
2025-12-01,9.3,14.4,1312,8.8,무안
2025-12-02,5.9,10.6,1341,6.5,무안
2025-12-03,1.8,6.1,1245,4.6,무안
2025-12-04,2.8,8.1,1418,5.7,무안
2025-12-05,2.6,7.1,1425,4.5,무안
2025-12-06,2.1,10.9,1333,3.6,무안
2025-12-07,7.4,17.4,1343,6.4,무안
2025-12-08,7.4,11.1,1327,6.3,무안
2025-12-09,3.7,10.5,1450,4.8,무안
2025-12-10,5.8,12.5,1340,6.3,무안
2025-12-11,8.3,15.1,1132,8.2,무안
2025-12-12,5.5,11.9,1354,5.2,무안
2025-12-13,6.5,10.1,1150,6.3,무안
2025-12-14,4.7,7.7,1135,5.5,무안
2025-12-15,4.0,10.4,1440,5.5,무안
2025-12-16,5.5,11.8,1416,6.2,무안
2025-12-17,6.4,11.0,1303,7.0,무안
2025-12-18,3.9,13.6,1456,4.9,무안
2025-12-19,7.5,17.6,1424,7.5,무안
2025-12-20,9.6,16.3,1405,8.7,무안
2025-12-21,3.1,8.0,1,4.7,무안
2025-12-22,1.9,10.4,1348,3.1,무안
2025-12-23,7.7,13.7,1411,5.8,무안
2025-12-24,6.2,8.8,500,7.0,무안
2025-12-25,1.8,4.8,1322,2.8,무안
2025-12-26,-3.1,0.2,1405,0.3,무안
2025-12-27,-1.1,7.4,1402,1.8,무안
2025-12-28,3.1,11.6,1348,3.8,무안
2025-12-29,5.9,14.9,1416,5.5,무안
2025-12-30,3.7,8.4,1353,4.4,무안
2025-12-31,-0.8,2.5,1334,1.7,무안
2026-01-01,-2.9,-0.5,1549,-0.9,무안
2026-01-02,-1.8,0.6,1451,1.4,무안
2026-01-03,0.5,6.7,1342,1.5,무안
2026-01-04,2.4,9.1,1336,2.5,무안
2026-01-05,3.5,7.5,1411,4.3,무안
2026-01-06,1.7,8.2,1424,2.6,무안
2026-01-07,2.2,8.8,1309,2.6,무안
2026-01-08,-0.2,3.2,1307,2.2,무안
2026-01-09,0.6,8.8,1407,1.3,무안
2026-01-10,6.5,11.1,1027,6.1,무안
2026-01-11,-2.5,0.5,1333,2.3,무안
2026-01-12,0.8,9.2,2359,1.6,무안
2026-01-13,4.4,9.2,1,4.7,무안
2026-01-14,1.9,9.2,1500,3.2,무안
2026-01-15,9.4,18.0,1302,8.2,무안
2026-01-16,4.9,16.6,1509,5.8,무안
2026-01-17,4.4,11.5,1432,5.6,무안
2026-01-18,5.1,14.9,1419,5.3,무안
2026-01-19,1.6,5.2,253,2.6,무안
2026-01-20,-2.3,1.9,1420,1.5,무안
2026-01-21,-3.8,-1.2,1115,-0.9,무안
2026-01-22,-4.0,-0.6,1541,1.0,무안
2026-01-23,-0.4,5.6,1302,1.3,무안
2026-01-24,0.7,4.2,1322,2.9,무안
2026-01-25,-0.7,4.7,1325,2.1,무안
2026-01-26,-1.0,2.8,1400,-0.2,무안
2026-01-27,1.0,5.1,1401,2.4,무안
2026-01-28,-0.7,4.0,1508,1.6,무안
2026-01-29,-0.5,5.5,1358,1.2,무안
2026-01-30,-1.5,2.7,1439,0.8,무안
2026-01-31,0.3,5.3,1441,2.0,무안
2021-12-01,-0.1,2.0,1352,0.6,평창
2021-12-02,-0.3,4.3,1601,-0.3,평창
2021-12-03,2.2,5.6,1240,1.7,평창
2021-12-04,1.3,7.4,1418,0.7,평창
2021-12-05,1.1,9.4,1406,1.5,평창
2021-12-06,2.9,11.7,1510,2.4,평창
2021-12-07,4.5,12.8,1408,3.2,평창
2021-12-08,3.6,11.9,1521,3.3,평창
2021-12-09,3.3,8.5,1554,2.3,평창
2021-12-10,4.8,7.3,2034,4.0,평창
2021-12-11,5.3,9.0,1424,5.4,평창
2021-12-12,1.8,6.6,1244,2.6,평창
2021-12-13,-2.0,2.5,1536,-1.4,평창
2021-12-14,1.4,5.3,1435,1.7,평창
2021-12-15,4.8,8.0,1629,5.1,평창
2021-12-16,4.0,5.2,1547,5.5,평창
2021-12-17,-3.6,4.8,38,-1.2,평창
2021-12-18,-6.2,-2.3,1532,-2.7,평창
2021-12-19,-1.3,3.8,1520,-0.4,평창
2021-12-20,2.3,8.3,1453,0.6,평창
2021-12-21,4.5,11.2,1350,2.7,평창
2021-12-22,1.1,8.6,1444,1.4,평창
2021-12-23,0.5,8.2,1459,0.3,평창
2021-12-24,-0.1,4.4,1327,-0.1,평창
2021-12-25,-9.2,-4.6,1,-5.2,평창
2021-12-26,-10.6,-6.2,1431,-6.8,평창
2021-12-27,-8.1,-4.7,1520,-5.5,평창
2021-12-28,-4.5,-1.4,1922,-2.7,평창
2021-12-29,-1.4,3.8,1937,-1.6,평창
2021-12-30,-2.5,0.5,1316,-3.1,평창
2021-12-31,-5.5,-2.3,1432,-4.5,평창
2022-01-01,-6.5,0.1,1559,-4.6,평창
2022-01-02,-2.1,4.4,1426,-1.3,평창
2022-01-03,-3.0,2.8,1437,-2.9,평창
2022-01-04,-1.6,3.0,1458,-1.6,평창
2022-01-05,-3.5,2.8,1545,-3.2,평창
2022-01-06,-2.3,4.7,1416,-2.5,평창
2022-01-07,-3.9,3.8,1515,-2.9,평창
2022-01-08,-2.7,1.8,1542,-2.7,평창
2022-01-09,0.4,5.6,1529,0.4,평창
2022-01-10,-0.9,3.8,1447,-1.2,평창
2022-01-11,-5.2,0.2,1,-2.0,평창
2022-01-12,-7.0,-1.8,1435,-4.8,평창
2022-01-13,-5.9,-2.0,1307,-4.8,평창
2022-01-14,-5.9,0.9,1549,-4.4,평창
2022-01-15,-2.4,1.9,1425,-2.1,평창
2022-01-16,-1.2,1.9,1400,-0.5,평창
2022-01-17,-5.0,0.6,1331,-4.9,평창
2022-01-18,-5.3,0.4,1445,-4.2,평창
2022-01-19,-6.2,-3.3,1833,-5.0,평창
2022-01-20,-5.8,2.4,1529,-4.2,평창
2022-01-21,-4.8,4.5,1604,-3.8,평창
2022-01-22,-1.0,6.6,1459,0.4,평창
2022-01-23,1.7,8.7,1459,3.2,평창
2022-01-24,3.3,7.9,1215,1.3,평창
2022-01-25,1.7,2.8,100,1.0,평창
2022-01-26,1.7,7.0,1507,2.5,평창
2022-01-27,-0.4,5.6,1520,0.1,평창
2022-01-28,-1.4,3.7,1505,-1.0,평창
2022-01-29,-2.6,2.3,1520,-1.9,평창
2022-01-30,-4.0,3.3,1606,-3.0,평창
2022-01-31,-2.7,5.1,1537,-2.5,평창
2022-02-01,-1.0,1.9,1515,-1.4,평창
2022-02-02,-2.2,1.5,1501,-0.4,평창
2022-02-03,-3.2,2.3,1513,-1.7,평창
2022-02-04,-4.8,0.6,1356,-3.1,평창
2022-02-05,-5.9,-0.5,1440,-4.1,평창
2022-02-06,-4.1,2.4,1422,-3.2,평창
2022-02-07,-2.6,2.8,1518,-2.0,평창
2022-02-08,-1.3,6.3,1516,0.3,평창
2022-02-09,-0.8,7.2,1458,0.4,평창
2022-02-10,0.8,8.0,1518,0.7,평창
2022-02-11,0.9,9.6,1446,0.3,평창
2022-02-12,2.9,11.1,1521,2.1,평창
2022-02-13,3.2,10.4,1429,1.8,평창
2022-02-14,1.8,9.0,1445,1.3,평창
2022-02-15,-3.1,0.1,1,0.1,평창
2022-02-16,-6.1,-2.9,1416,-2.9,평창
2022-02-17,-5.7,-0.3,1637,-1.6,평창
2022-02-18,-2.6,5.3,1523,-0.1,평창
2022-02-19,-0.4,4.8,1539,2.4,평창
2022-02-20,-3.6,0.4,1423,-0.2,평창
2022-02-21,-2.7,4.4,1513,-1.6,평창
2022-02-22,-3.4,1.0,1305,-0.2,평창
2022-02-23,-4.6,0.4,1500,-0.2,평창
2022-02-24,-3.1,4.6,1539,0.8,평창
2022-02-25,1.0,8.9,1614,1.8,평창
2022-02-26,5.4,11.4,1339,4.6,평창
2022-02-27,4.0,10.4,1553,3.8,평창
2022-02-28,4.5,10.6,1652,3.0,평창
2022-03-01,4.2,9.4,1709,3.8,평창
2022-03-02,2.8,10.0,1445,3.7,평창
2022-03-03,5.0,12.5,1435,4.7,평창
2022-03-04,6.5,15.9,1454,4.8,평창
2022-03-05,3.8,7.5,1,4.0,평창
2022-03-06,2.7,7.9,1521,3.7,평창
2022-03-07,2.4,9.6,1501,3.7,평창
2022-03-08,4.5,12.5,1603,6.5,평창
2022-03-09,6.1,14.8,1522,7.6,평창
2022-03-10,7.7,17.4,1526,8.5,평창
2022-03-11,9.0,18.2,1532,10.2,평창
2022-03-12,12.5,19.7,1601,12.8,평창
2022-03-13,12.7,16.2,1,12.2,평창
2022-03-14,9.0,12.3,1230,8.8,평창
2022-03-15,6.9,12.9,1620,9.3,평창
2022-03-16,9.4,18.0,1537,9.8,평창
2022-03-17,10.9,15.8,1400,10.3,평창
2022-03-18,7.9,10.5,1234,7.0,평창
2022-03-19,3.4,6.3,1,4.9,평창
2022-03-20,4.3,9.4,1612,5.6,평창
2022-03-21,4.7,10.5,1553,5.2,평창
2022-03-22,7.3,13.8,1601,8.8,평창
2022-03-23,6.2,9.7,1619,6.0,평창
2022-03-24,7.2,11.5,1634,8.8,평창
2022-03-25,11.1,17.3,1556,11.8,평창
2022-03-26,12.0,14.1,1726,11.7,평창
2022-03-27,7.8,14.0,1300,9.1,평창
2022-03-28,7.0,14.5,1444,10.5,평창
2022-03-29,8.4,17.3,1544,13.1,평창
2022-03-30,9.6,14.9,1258,10.6,평창
2022-03-31,11.1,15.5,1353,12.9,평창
2022-04-01,8.7,15.6,1529,12.6,평창
2022-04-02,7.8,15.4,1518,13.3,평창
2022-04-03,9.3,17.7,1539,14.8,평창
2022-04-04,10.1,18.6,1453,14.9,평창
2022-04-05,10.0,17.8,1500,14.8,평창
2022-04-06,11.9,18.5,1407,14.3,평창
2022-04-07,12.1,17.9,1350,17.9,평창
2022-04-08,12.0,21.7,1557,17.4,평창
2022-04-09,16.1,25.3,1432,19.6,평창
2022-04-10,17.2,26.5,1553,22.5,평창
2022-04-11,18.7,26.9,1609,24.0,평창
2022-04-12,19.6,26.4,1547,24.3,평창
2022-04-13,11.6,17.4,1,12.3,평창
2022-04-14,10.9,13.6,1553,10.7,평창
2022-04-15,11.8,19.3,1528,16.6,평창
2022-04-16,11.9,19.6,1531,16.8,평창
2022-04-17,12.8,21.9,1531,18.1,평창
2022-04-18,14.1,22.3,1514,18.8,평창
2022-04-19,13.9,22.9,1438,19.1,평창
2022-04-20,14.2,23.3,1438,20.1,평창
2022-04-21,14.8,22.6,1512,18.5,평창
2022-04-22,15.1,18.9,1229,16.1,평창
2022-04-23,16.1,23.8,1541,22.2,평창
2022-04-24,17.5,25.6,1535,22.4,평창
2022-04-25,19.5,24.3,1401,22.5,평창
2022-04-26,20.3,26.2,1521,22.7,평창
2022-04-27,17.4,23.6,1611,22.1,평창
2022-04-28,16.9,24.4,1458,23.7,평창
2022-04-29,12.4,16.2,1613,16.1,평창
2022-04-30,12.5,17.4,1450,14.4,평창
2022-05-01,12.6,19.2,1341,19.0,평창
2022-05-02,13.0,19.5,1446,19.6,평창
2022-05-03,13.2,21.5,1524,20.4,평창
2022-05-04,16.1,25.6,1455,22.8,평창
2022-05-05,17.6,26.1,1526,25.8,평창
2022-05-06,18.6,25.7,1429,26.5,평창
2022-05-07,18.4,23.6,1605,24.1,평창
2022-05-08,14.2,17.1,1445,16.3,평창
2022-05-09,16.5,24.1,1635,23.7,평창
2022-05-10,17.1,24.8,1622,24.8,평창
2022-05-11,19.1,25.3,1532,26.9,평창
2022-05-12,20.4,26.4,1508,28.1,평창
2022-05-13,18.0,22.5,1229,22.4,평창
2022-05-14,14.5,20.0,1330,21.1,평창
2022-05-15,14.9,22.2,1426,25.3,평창
2022-05-16,15.8,24.3,1530,24.7,평창
2022-05-17,19.0,27.2,1557,27.4,평창
2022-05-18,19.1,25.9,1545,22.7,평창
2022-05-19,19.5,25.0,1303,24.6,평창
2022-05-20,19.2,26.1,1514,25.1,평창
2022-05-21,19.6,27.0,1554,25.4,평창
2022-05-22,19.9,27.0,1514,27.2,평창
2022-05-23,21.7,28.5,1611,29.1,평창
2022-05-24,22.3,30.2,1543,30.4,평창
2022-05-25,20.8,27.9,1450,30.1,평창
2022-05-26,18.9,24.0,1611,25.4,평창
2022-05-27,20.1,25.6,1518,29.1,평창
2022-05-28,20.5,29.8,1509,28.2,평창
2022-05-29,21.5,28.6,1551,30.9,평창
2022-05-30,20.0,24.0,1354,22.7,평창
2022-05-31,19.4,27.5,1436,28.1,평창
2022-06-01,20.2,29.7,1440,29.2,평창
2022-06-02,20.3,28.5,1502,29.5,평창
2022-06-03,23.4,31.5,1607,31.7,평창
2022-06-04,23.4,27.8,1458,31.1,평창
2022-06-05,19.3,23.3,947,21.8,평창
2022-06-06,18.1,22.2,1503,20.5,평창
2022-06-07,18.7,23.7,1305,22.9,평창
2022-06-08,20.0,24.9,1411,28.4,평창
2022-06-09,20.0,23.9,1642,22.3,평창
2022-06-10,21.0,28.3,1322,26.0,평창
2022-06-11,22.7,30.7,1402,29.5,평창
2022-06-12,22.9,27.9,1438,31.9,평창
2022-06-13,23.0,28.0,1353,32.0,평창
2022-06-14,20.9,26.2,1144,28.7,평창
2022-06-15,16.8,18.9,1553,19.5,평창
2022-06-16,19.7,23.9,1740,21.7,평창
2022-06-17,21.7,27.3,1552,26.2,평창
2022-06-18,23.0,26.3,1615,24.9,평창
2022-06-19,22.9,24.8,1315,24.4,평창
2022-06-20,24.5,29.4,1609,30.1,평창
2022-06-21,26.5,33.4,1552,34.2,평창
2022-06-22,25.5,31.1,1502,33.0,평창
2022-06-23,23.7,26.5,1231,24.0,평창
2022-06-24,24.2,27.7,1454,26.4,평창
2022-06-25,25.4,32.1,1534,27.7,평창
2022-06-26,25.3,28.1,1454,26.3,평창
2022-06-27,25.8,29.0,1230,26.6,평창
2022-06-28,27.9,29.5,1308,26.6,평창
2022-06-29,25.3,27.4,1657,26.4,평창
2022-06-30,22.2,24.2,21,23.5,평창
2022-07-01,25.5,31.2,1622,29.4,평창
2022-07-02,27.1,32.6,1728,31.0,평창
2022-07-03,27.8,33.4,1602,31.5,평창
2022-07-04,27.9,33.2,1610,33.0,평창
2022-07-05,27.3,32.8,1721,31.1,평창
2022-07-06,27.8,32.2,1545,32.6,평창
2022-07-07,28.3,32.1,1438,31.6,평창
2022-07-08,26.3,28.8,1600,29.0,평창
2022-07-09,27.1,31.1,1549,32.3,평창
2022-07-10,28.2,33.0,1512,36.4,평창
2022-07-11,24.8,28.8,1447,30.9,평창
2022-07-12,25.5,29.0,1341,29.2,평창
2022-07-13,23.5,25.4,246,24.6,평창
2022-07-14,25.2,29.7,1517,28.9,평창
2022-07-15,25.6,30.6,1607,28.9,평창
2022-07-16,23.1,26.6,1716,27.7,평창
2022-07-17,24.3,28.4,1755,27.7,평창
2022-07-18,24.0,27.6,1301,27.0,평창
2022-07-19,25.2,31.1,1417,27.1,평창
2022-07-20,26.1,30.8,1602,31.0,평창
2022-07-21,22.9,24.8,1639,25.2,평창
2022-07-22,23.8,29.6,1523,28.5,평창
2022-07-23,23.6,27.3,1445,26.9,평창
2022-07-24,24.6,27.5,1541,26.9,평창
2022-07-25,26.9,31.9,1544,30.8,평창
2022-07-26,27.0,32.6,1419,31.9,평창
2022-07-27,26.3,30.4,1705,31.0,평창
2022-07-28,26.9,32.1,1556,33.2,평창
2022-07-29,28.8,33.7,1648,35.7,평창
2022-07-30,28.6,34.4,1421,32.4,평창
2022-07-31,26.0,29.9,1008,28.2,평창
2022-08-01,27.4,31.8,1455,30.1,평창
2022-08-02,26.7,29.2,1316,28.6,평창
2022-08-03,26.9,31.9,1601,28.3,평창
2022-08-04,28.3,32.6,1447,32.1,평창
2022-08-05,28.1,32.6,1600,32.3,평창
2022-08-06,28.1,31.6,1429,31.3,평창
2022-08-07,28.5,31.3,1635,30.8,평창
2022-08-08,25.6,28.0,1,26.9,평창
2022-08-09,25.5,27.3,1644,26.2,평창
2022-08-10,23.4,27.7,1250,26.8,평창
2022-08-11,23.8,26.2,1510,26.5,평창
2022-08-12,26.6,31.8,1549,30.4,평창
2022-08-13,24.3,26.2,1728,26.6,평창
2022-08-14,25.5,29.6,1356,29.3,평창
2022-08-15,27.6,30.5,1353,28.5,평창
2022-08-16,26.5,31.2,1515,30.7,평창
2022-08-17,24.0,29.9,1452,29.5,평창
2022-08-18,24.3,28.6,1328,28.8,평창
2022-08-19,24.2,26.2,1359,26.6,평창
2022-08-20,27.9,32.5,1526,31.1,평창
2022-08-21,26.4,31.4,1456,30.5,평창
2022-08-22,25.5,29.1,1432,28.6,평창
2022-08-23,23.6,27.5,1612,28.2,평창
2022-08-24,23.3,26.9,1236,25.8,평창
2022-08-25,20.5,23.3,1118,22.8,평창
2022-08-26,22.5,27.7,1331,27.4,평창
2022-08-27,21.1,25.5,1552,24.7,평창
2022-08-28,20.3,26.5,1407,24.8,평창
2022-08-29,19.5,20.9,1411,21.9,평창
2022-08-30,18.5,19.6,1501,20.4,평창
2022-08-31,20.4,23.9,1255,22.6,평창
2022-09-01,21.7,28.8,1648,25.9,평창
2022-09-02,23.1,29.2,1400,26.2,평창
2022-09-03,22.5,27.8,1355,23.9,평창
2022-09-04,22.2,24.1,1826,22.9,평창
2022-09-05,20.2,23.2,1,21.5,평창
2022-09-06,20.5,26.2,1533,22.1,평창
2022-09-07,20.4,27.6,1511,22.8,평창
2022-09-08,20.2,27.8,1700,25.1,평창
2022-09-09,21.4,29.1,1630,26.7,평창
2022-09-10,21.0,26.7,1553,25.2,평창
2022-09-11,22.0,25.7,1408,24.4,평창
2022-09-12,22.5,27.1,1617,25.1,평창
2022-09-13,22.8,26.6,1442,24.3,평창
2022-09-14,24.1,28.2,1245,24.8,평창
2022-09-15,24.4,29.6,1436,27.4,평창
2022-09-16,-99.0,30.3,1501,27.1,평창
2022-09-17,-99.0,-99.0,-9,28.6,평창
2022-09-18,25.9,30.1,1539,27.9,평창
2022-09-19,23.9,27.8,1020,27.1,평창
2022-09-20,18.1,22.9,1529,23.1,평창
2022-09-21,16.9,23.2,1513,23.6,평창
2022-09-22,17.1,23.5,1503,23.3,평창
2022-09-23,16.5,22.5,1141,19.8,평창
2022-09-24,16.0,23.9,1443,21.4,평창
2022-09-25,17.0,24.5,1517,22.0,평창
2022-09-26,17.3,25.3,1506,22.6,평창
2022-09-27,17.7,26.8,1521,23.0,평창
2022-09-28,17.6,24.6,1559,21.9,평창
2022-09-29,17.8,25.7,1524,23.4,평창
2022-09-30,17.6,25.9,1529,22.8,평창
2022-10-01,18.4,26.5,1510,23.0,평창
2022-10-02,17.6,20.9,1613,18.3,평창
2022-10-03,20.7,23.9,2329,20.3,평창
2022-10-04,18.4,23.8,1,20.4,평창
2022-10-05,16.0,20.5,1522,18.8,평창
2022-10-06,15.8,20.3,1401,18.8,평창
2022-10-07,14.8,20.0,1424,17.8,평창
2022-10-08,13.7,20.3,1502,17.0,평창
2022-10-09,12.9,15.4,1017,15.3,평창
2022-10-10,10.5,13.0,1306,13.4,평창
2022-10-11,10.9,16.9,1516,13.4,평창
2022-10-12,11.5,19.5,1548,14.8,평창
2022-10-13,13.7,21.6,1515,15.8,평창
2022-10-14,15.1,22.5,1345,17.9,평창
2022-10-15,16.7,24.3,1523,18.6,평창
2022-10-16,16.2,20.5,1248,16.7,평창
2022-10-17,12.2,15.5,1321,15.3,평창
2022-10-18,7.8,14.3,1515,12.3,평창
2022-10-19,8.0,16.7,1527,12.5,평창
2022-10-20,9.9,19.1,1454,13.8,평창
2022-10-21,11.1,19.1,1428,14.2,평창
2022-10-22,12.9,20.2,1427,15.4,평창
2022-10-23,13.5,19.2,1323,16.3,평창
2022-10-24,10.5,16.3,1327,13.5,평창
2022-10-25,9.9,16.5,1500,12.7,평창
2022-10-26,10.3,16.9,1408,11.9,평창
2022-10-27,11.6,19.5,1414,14.2,평창
2022-10-28,11.5,19.7,1516,14.0,평창
2022-10-29,12.1,19.8,1458,14.2,평창
2022-10-30,12.4,20.3,1538,14.6,평창
2022-10-31,12.5,19.0,1420,14.6,평창
2022-11-01,11.3,19.0,1401,13.2,평창
2022-11-02,9.2,16.8,1455,11.8,평창
2022-11-03,8.3,13.5,1425,8.9,평창
2022-11-04,5.0,10.1,1435,7.6,평창
2022-11-05,4.1,13.2,1510,6.0,평창
2022-11-06,6.5,15.4,1500,8.3,평창
2022-11-07,8.3,14.9,1518,9.6,평창
2022-11-08,10.4,17.9,1457,11.5,평창
2022-11-09,9.1,16.5,1447,10.4,평창
2022-11-10,10.4,17.9,1448,11.5,평창
2022-11-11,12.1,20.6,1502,12.3,평창
2022-11-12,13.5,20.4,1333,13.0,평창
2022-11-13,11.1,16.8,227,12.1,평창
2022-11-14,9.4,14.9,1437,10.8,평창
2022-11-15,5.7,11.0,1335,7.1,평창
2022-11-16,6.7,13.2,1510,8.8,평창
2022-11-17,7.2,14.4,1515,8.1,평창
2022-11-18,7.7,16.7,1521,8.3,평창
2022-11-19,9.2,17.8,1429,8.3,평창
2022-11-20,11.2,19.2,1519,10.2,평창
2022-11-21,9.8,16.0,1340,8.1,평창
2022-11-22,9.2,14.1,1438,8.6,평창
2022-11-23,11.0,16.9,1331,10.3,평창
2022-11-24,7.3,14.5,1448,7.3,평창
2022-11-25,9.4,16.7,1614,7.9,평창
2022-11-26,6.6,11.7,1157,6.6,평창
2022-11-27,3.7,11.7,1541,2.6,평창
2022-11-28,7.8,12.3,1415,6.6,평창
2022-11-29,8.6,14.0,453,8.1,평창
2022-11-30,-3.9,0.3,1,0.2,평창
2022-12-01,-4.3,-0.4,1323,-1.3,평창
2022-12-02,-3.5,2.3,1424,-1.2,평창
2022-12-03,0.5,4.2,1557,0.5,평창
2022-12-04,-1.9,1.8,1,-1.1,평창
2022-12-05,-2.3,2.6,1431,-1.1,평창
2022-12-06,-2.3,2.4,1508,-0.2,평창
2022-12-07,2.0,8.9,1358,1.3,평창
2022-12-08,1.0,9.2,1420,1.5,평창
2022-12-09,0.9,7.1,1430,1.7,평창
2022-12-10,-0.1,6.4,1329,0.2,평창
2022-12-11,-0.3,7.9,1412,0.7,평창
2022-12-12,0.6,5.7,1326,-0.2,평창
2022-12-13,0.8,4.0,1235,1.2,평창
2022-12-14,-7.3,-3.6,1509,0.4,평창
2022-12-15,-5.5,-1.5,1928,0.0,평창
2022-12-16,-5.4,-2.3,1504,0.1,평창
2022-12-17,-6.5,-1.8,1238,-0.1,평창
2022-12-18,-8.8,-4.7,1411,-0.7,평창
2022-12-19,-8.3,-2.1,1438,-1.4,평창
2022-12-20,-5.6,0.2,1553,-1.4,평창
2022-12-21,-1.3,0.5,1540,-0.3,평창
2022-12-22,-6.7,-1.4,1,-0.4,평창
2022-12-23,-11.1,-7.9,1350,-1.0,평창
2022-12-24,-10.3,-3.9,1613,-1.6,평창
2022-12-25,-8.0,-0.1,1552,-1.7,평창
2022-12-26,-7.4,-0.9,1541,-1.8,평창
2022-12-27,-6.3,0.5,1531,-1.7,평창
2022-12-28,-4.0,1.2,1357,-1.3,평창
2022-12-29,-4.9,1.4,1409,-1.5,평창
2022-12-30,-2.7,2.9,1436,-0.7,평창
2022-12-31,-4.6,-0.3,1620,-1.4,평창
2023-01-01,-1.0,4.9,1409,-1.0,평창
2023-01-02,-4.2,0.6,1455,-2.0,평창
2023-01-03,-6.5,1.3,1459,-2.8,평창
2023-01-04,-4.3,3.6,1519,-2.4,평창
2023-01-05,-4.7,2.4,1531,-2.6,평창
2023-01-06,-2.2,3.8,1424,-2.0,평창
2023-01-07,0.8,4.1,1436,0.0,평창
2023-01-08,-1.3,3.2,1535,-0.2,평창
2023-01-09,2.9,8.3,1411,0.9,평창
2023-01-10,-0.5,8.0,1538,0.3,평창
2023-01-11,-0.5,6.7,1519,0.1,평창
2023-01-12,1.5,11.3,1452,0.7,평창
2023-01-13,4.3,6.0,1531,1.1,평창
2023-01-14,5.2,7.6,1447,2.7,평창
2023-01-15,0.8,3.6,1,0.4,평창
2023-01-16,-3.1,-0.3,1519,0.4,평창
2023-01-17,-4.2,-0.6,1545,-0.4,평창
2023-01-18,-2.0,3.0,1434,0.0,평창
2023-01-19,-1.9,3.5,1609,-0.6,평창
2023-01-20,-2.1,3.2,335,0.1,평창
2023-01-21,-5.7,0.7,1507,-0.7,평창
2023-01-22,-1.6,2.8,1601,-0.4,평창
2023-01-23,-0.3,6.4,1328,0.1,평창
2023-01-24,-12.6,-3.6,1,-5.5,평창
2023-01-25,-12.1,-6.7,1623,-7.0,평창
2023-01-26,-7.3,-4.1,1610,-2.9,평창
2023-01-27,-7.7,-2.5,1442,-3.1,평창
2023-01-28,-5.7,-0.3,1558,-4.4,평창
2023-01-29,-3.0,3.7,1844,-3.1,평창
2023-01-30,-1.2,4.3,1441,-1.4,평창
2023-01-31,0.5,7.3,2303,-1.0,평창
2023-02-01,2.0,6.8,28,1.3,평창
2023-02-02,-2.2,2.4,1605,-1.1,평창
2023-02-03,-1.2,4.7,1510,0.1,평창
2023-02-04,-2.1,5.8,1546,-0.8,평창
2023-02-05,-1.6,5.9,1625,-0.5,평창
2023-02-06,0.7,8.9,1445,0.5,평창
2023-02-07,1.0,9.5,1616,0.6,평창
2023-02-08,0.5,8.6,1531,1.4,평창
2023-02-09,2.7,10.1,1514,0.5,평창
2023-02-10,3.6,8.4,1255,2.5,평창
2023-02-11,0.5,6.4,1628,1.5,평창
2023-02-12,2.4,8.5,1523,1.2,평창
2023-02-13,5.6,9.3,1541,3.0,평창
2023-02-14,2.4,7.4,1344,2.9,평창
2023-02-15,2.4,8.0,1457,3.0,평창
2023-02-16,2.1,6.0,1529,2.3,평창
2023-02-17,2.1,9.6,1553,3.0,평창
2023-02-18,4.9,8.8,1539,3.2,평창
2023-02-19,4.3,8.4,1433,4.5,평창
2023-02-20,-0.4,4.0,1338,1.9,평창
2023-02-21,-0.9,4.6,1533,1.2,평창
2023-02-22,1.2,8.6,1543,2.3,평창
2023-02-23,3.5,10.0,1506,3.6,평창
2023-02-24,3.4,10.1,1425,3.4,평창
2023-02-25,1.4,7.1,1518,2.6,평창
2023-02-26,1.6,9.7,1616,2.7,평창
2023-02-27,3.1,12.6,1509,3.4,평창
2023-02-28,3.9,11.8,1437,4.3,평창
2023-03-01,5.9,9.9,1557,5.0,평창
2023-03-02,2.8,7.3,1523,3.3,평창
2023-03-03,3.1,11.6,1459,4.9,평창
2023-03-04,5.8,14.7,1533,6.4,평창
2023-03-05,6.6,16.1,1503,6.7,평창
2023-03-06,6.8,16.9,1550,7.5,평창
2023-03-07,10.0,19.3,1640,10.5,평창
2023-03-08,10.5,18.2,1455,11.4,평창
2023-03-09,11.0,16.9,1604,12.0,평창
2023-03-10,11.5,22.1,1555,11.9,평창
2023-03-11,14.2,23.8,1430,14.3,평창
2023-03-12,6.2,11.5,18,5.5,평창
2023-03-13,3.3,8.5,1514,3.7,평창
2023-03-14,7.5,16.7,1602,6.7,평창
2023-03-15,8.3,18.5,1428,8.9,평창
2023-03-16,5.8,10.6,1330,6.3,평창
2023-03-17,6.5,13.8,1521,7.6,평창
2023-03-18,8.1,15.3,1346,10.0,평창
2023-03-19,7.4,16.2,1417,9.7,평창
2023-03-20,8.3,17.5,1609,10.9,평창
2023-03-21,11.2,21.3,1618,13.5,평창
2023-03-22,15.6,24.4,1515,17.1,평창
2023-03-23,16.6,21.7,1518,16.7,평창
2023-03-24,12.5,16.7,1509,15.2,평창
2023-03-25,12.8,16.6,1420,17.3,평창
2023-03-26,10.9,16.3,1413,16.1,평창
2023-03-27,7.2,14.8,1528,12.6,평창
2023-03-28,8.2,16.7,1502,12.9,평창
2023-03-29,10.4,20.3,1519,14.4,평창
2023-03-30,12.7,21.9,1438,16.1,평창
2023-03-31,14.3,24.4,1510,18.6,평창
2023-04-01,16.3,25.0,1616,20.0,평창
2023-04-02,16.7,24.1,1450,20.4,평창
2023-04-03,16.7,24.5,1513,20.2,평창
2023-04-04,16.1,21.6,1432,17.9,평창
2023-04-05,12.8,15.2,1617,13.3,평창
2023-04-06,9.3,11.2,1555,11.0,평창
2023-04-07,9.1,16.5,1459,11.0,평창
2023-04-08,8.0,15.2,1515,9.9,평창
2023-04-09,9.6,19.3,1448,13.3,평창
2023-04-10,11.9,20.9,1544,15.5,평창
2023-04-11,12.7,19.0,1330,11.0,평창
2023-04-12,9.6,16.3,1507,12.2,평창
2023-04-13,10.8,19.0,1543,12.8,평창
2023-04-14,14.7,22.3,1456,16.9,평창
2023-04-15,12.4,16.8,1046,13.7,평창
2023-04-16,11.3,17.2,1449,12.7,평창
2023-04-17,12.2,18.1,1644,13.3,평창
2023-04-18,13.0,16.2,1544,15.1,평창
2023-04-19,18.9,27.4,1638,22.1,평창
2023-04-20,18.0,20.4,1244,17.6,평창
2023-04-21,18.1,23.2,1526,22.6,평창
2023-04-22,15.6,21.4,1523,19.8,평창
2023-04-23,14.6,21.7,1456,19.9,평창
2023-04-24,15.1,19.8,1524,19.7,평창
2023-04-25,9.5,11.0,9,11.8,평창
2023-04-26,10.0,14.0,1635,14.1,평창
2023-04-27,12.1,20.7,1557,18.4,평창
2023-04-28,15.2,22.4,1540,21.9,평창
2023-04-29,13.5,16.1,1140,14.8,평창
2023-04-30,13.6,19.6,1455,16.4,평창
2023-05-01,14.4,20.6,1418,19.5,평창
2023-05-02,15.2,23.2,1533,18.6,평창
2023-05-03,18.6,26.1,1513,24.4,평창
2023-05-04,20.2,25.8,1514,25.7,평창
2023-05-05,18.3,20.6,1,19.6,평창
2023-05-06,13.2,16.5,1,13.2,평창
2023-05-07,12.6,17.2,1610,11.7,평창
2023-05-08,13.6,23.4,1451,16.3,평창
2023-05-09,15.6,25.3,1508,20.4,평창
2023-05-10,17.2,25.6,1549,21.6,평창
2023-05-11,18.2,25.9,1532,22.7,평창
2023-05-12,17.4,24.6,1532,22.6,평창
2023-05-13,17.7,24.8,1503,24.6,평창
2023-05-14,17.6,24.3,1416,25.4,평창
2023-05-15,19.4,27.4,1547,26.4,평창
2023-05-16,22.2,31.4,1522,28.9,평창
2023-05-17,22.1,30.0,1546,28.3,평창
2023-05-18,19.6,25.8,1227,21.7,평창
2023-05-19,20.4,25.2,1715,24.4,평창
2023-05-20,20.6,27.7,1500,27.8,평창
2023-05-21,19.0,23.0,1538,25.9,평창
2023-05-22,18.8,25.1,1505,27.0,평창
2023-05-23,18.6,26.2,1640,27.8,평창
2023-05-24,18.9,24.7,1450,25.2,평창
2023-05-25,20.5,27.2,1545,28.0,평창
2023-05-26,20.3,26.7,1521,28.6,평창
2023-05-27,18.0,19.5,1059,20.1,평창
2023-05-28,19.2,20.3,1607,20.3,평창
2023-05-29,22.1,26.8,1646,24.0,평창
2023-05-30,22.5,27.7,1351,24.0,평창
2023-05-31,21.3,27.4,1627,26.0,평창
2023-06-01,22.0,26.2,1328,25.3,평창
2023-06-02,21.7,25.4,1250,28.2,평창
2023-06-03,22.0,28.2,1428,29.5,평창
2023-06-04,21.3,28.1,1319,29.3,평창
2023-06-05,20.6,26.4,1259,28.7,평창
2023-06-06,20.4,26.3,1443,26.5,평창
2023-06-07,20.4,23.8,1736,25.3,평창
2023-06-08,20.8,23.5,1204,23.8,평창
2023-06-09,22.0,27.8,1520,25.8,평창
2023-06-10,22.1,28.0,1505,27.9,평창
2023-06-11,20.9,26.7,1253,25.5,평창
2023-06-12,22.1,27.3,1501,28.6,평창
2023-06-13,22.1,28.2,1359,30.6,평창
2023-06-14,21.1,26.4,1506,29.3,평창
2023-06-15,22.2,28.2,1559,30.8,평창
2023-06-16,23.6,30.6,1614,31.6,평창
2023-06-17,24.4,31.2,1359,33.0,평창
2023-06-18,25.4,32.5,1635,35.2,평창
2023-06-19,26.9,33.3,1348,35.5,평창
2023-06-20,23.5,25.6,1423,27.2,평창
2023-06-21,20.4,23.1,1555,22.7,평창
2023-06-22,22.1,27.4,1505,26.7,평창
2023-06-23,23.3,28.9,1641,27.4,평창
2023-06-24,25.2,31.4,1555,31.5,평창
2023-06-25,26.4,31.0,1322,31.9,평창
2023-06-26,23.4,26.0,14,24.7,평창
2023-06-27,24.9,29.1,1329,27.6,평창
2023-06-28,25.6,29.2,1524,29.0,평창
2023-06-29,24.0,25.2,1,24.9,평창
2023-06-30,25.5,29.7,1644,28.3,평창
2023-07-01,27.6,33.5,1619,30.8,평창
2023-07-02,26.2,30.9,1316,29.4,평창
2023-07-03,26.9,32.9,1511,32.5,평창
2023-07-04,24.7,29.7,1112,28.5,평창
2023-07-05,24.2,28.0,1549,26.8,평창
2023-07-06,26.2,32.1,1431,29.3,평창
2023-07-07,24.2,29.0,1303,27.4,평창
2023-07-08,24.4,28.8,1611,30.0,평창
2023-07-09,24.1,27.4,902,27.0,평창
2023-07-10,25.7,30.5,1720,28.0,평창
2023-07-11,22.1,25.4,1,23.7,평창
2023-07-12,24.5,28.9,1606,27.2,평창
2023-07-13,24.6,25.4,1730,25.9,평창
2023-07-14,24.4,25.4,926,24.9,평창
2023-07-15,23.8,24.7,1802,24.7,평창
2023-07-16,23.6,26.5,1417,24.9,평창
2023-07-17,24.1,28.3,1317,26.2,평창
2023-07-18,23.3,25.2,1816,25.2,평창
2023-07-19,25.7,32.0,1636,29.7,평창
2023-07-20,26.3,32.4,1400,28.5,평창
2023-07-21,27.5,33.2,1533,31.2,평창
2023-07-22,26.4,31.5,1237,29.7,평창
2023-07-23,24.3,25.5,1528,25.8,평창
2023-07-24,25.9,30.0,1618,28.6,평창
2023-07-25,26.7,31.9,1526,28.3,평창
2023-07-26,25.3,31.1,1315,27.8,평창
2023-07-27,27.2,32.5,1602,30.8,평창
2023-07-28,28.4,33.3,1447,30.7,평창
2023-07-29,28.5,34.2,1610,31.5,평창
2023-07-30,28.3,34.4,1502,33.2,평창
2023-07-31,28.2,33.0,1417,32.2,평창
2023-08-01,28.2,33.1,1447,34.2,평창
2023-08-02,28.4,33.8,1436,33.8,평창
2023-08-03,27.8,33.8,1527,33.7,평창
2023-08-04,28.5,34.1,1444,34.9,평창
2023-08-05,29.4,34.9,1614,36.3,평창
2023-08-06,29.4,34.1,1331,34.5,평창
2023-08-07,29.6,34.5,1317,32.4,평창
2023-08-08,29.3,34.7,1421,36.5,평창
2023-08-09,27.1,31.6,1332,33.6,평창
2023-08-10,22.1,24.0,55,23.3,평창
2023-08-11,23.6,26.4,1651,24.5,평창
2023-08-12,22.7,25.9,1109,25.1,평창
2023-08-13,25.5,30.4,1631,29.3,평창
2023-08-14,27.7,33.0,1417,31.0,평창
2023-08-15,27.1,32.2,1434,31.1,평창
2023-08-16,26.7,31.7,1426,32.3,평창
2023-08-17,26.9,31.3,1600,33.4,평창
2023-08-18,28.4,33.2,1532,35.5,평창
2023-08-19,28.6,33.1,1613,35.6,평창
2023-08-20,27.8,32.9,1508,34.7,평창
2023-08-21,27.8,32.6,1446,35.1,평창
2023-08-22,27.7,31.1,1359,34.9,평창
2023-08-23,24.7,29.0,1046,26.9,평창
2023-08-24,23.7,26.2,1535,26.8,평창
2023-08-25,25.8,30.9,1348,29.2,평창
2023-08-26,24.9,30.0,1539,28.8,평창
2023-08-27,24.6,28.8,1313,27.3,평창
2023-08-28,23.3,25.8,1636,25.2,평창
2023-08-29,23.7,26.0,1325,25.1,평창
2023-08-30,21.5,24.5,1230,24.4,평창
2023-08-31,22.3,27.2,1610,26.7,평창
2023-09-01,22.1,29.2,1541,26.3,평창
2023-09-02,22.6,29.3,1645,25.7,평창
2023-09-03,24.3,29.2,1442,27.7,평창
2023-09-04,25.7,30.4,1417,27.6,평창
2023-09-05,26.1,31.2,1618,29.2,평창
2023-09-06,26.0,31.8,1538,27.8,평창
2023-09-07,23.5,30.6,1504,26.8,평창
2023-09-08,22.7,29.8,1614,27.2,평창
2023-09-09,23.7,30.5,1511,28.3,평창
2023-09-10,24.5,30.3,1506,29.2,평창
2023-09-11,24.7,29.7,1512,29.5,평창
2023-09-12,23.9,28.9,1357,28.2,평창
2023-09-13,21.0,22.9,1037,23.5,평창
2023-09-14,22.4,26.3,1345,23.6,평창
2023-09-15,21.2,23.0,1631,23.3,평창
2023-09-16,23.0,26.4,1412,24.4,평창
2023-09-17,24.0,27.7,1257,26.0,평창
2023-09-18,23.9,28.8,1356,26.0,평창
2023-09-19,22.3,26.5,1241,23.9,평창
2023-09-20,20.6,22.2,1,21.7,평창
2023-09-21,19.6,22.4,1214,20.9,평창
2023-09-22,18.3,25.9,1508,22.0,평창
2023-09-23,19.9,26.6,1433,20.8,평창
2023-09-24,20.2,25.8,1522,22.3,평창
2023-09-25,20.5,25.3,1322,23.9,평창
2023-09-26,19.9,21.1,1338,21.8,평창
2023-09-27,21.0,23.6,1535,22.7,평창
2023-09-28,21.9,26.6,1504,24.4,평창
2023-09-29,19.8,25.6,1524,22.7,평창
2023-09-30,18.6,21.5,1245,21.5,평창
2023-10-01,17.3,24.0,1349,19.5,평창
2023-10-02,15.8,24.3,1444,19.6,평창
2023-10-03,14.7,20.9,1605,17.5,평창
2023-10-04,15.1,21.0,1509,18.3,평창
2023-10-05,13.7,18.7,1558,15.6,평창
2023-10-06,13.0,20.3,1458,16.1,평창
2023-10-07,14.8,20.8,1555,16.6,평창
2023-10-08,16.1,20.0,1425,17.4,평창
2023-10-09,15.8,20.7,1454,18.4,평창
2023-10-10,15.4,22.8,1507,18.0,평창
2023-10-11,14.4,22.5,1547,16.9,평창
2023-10-12,14.7,23.1,1447,17.2,평창
2023-10-13,15.6,21.1,1515,17.3,평창
2023-10-14,13.2,16.9,1550,15.6,평창
2023-10-15,14.5,20.8,1508,17.1,평창
2023-10-16,14.0,20.2,1506,16.3,평창
2023-10-17,11.3,19.9,1535,14.6,평창
2023-10-18,12.6,19.9,1525,15.1,평창
2023-10-19,13.8,15.2,1636,14.9,평창
2023-10-20,12.0,15.6,1333,13.0,평창
2023-10-21,8.3,16.3,1433,10.3,평창
2023-10-22,9.8,17.2,1445,11.9,평창
2023-10-23,12.9,19.5,1553,14.4,평창
2023-10-24,12.7,17.9,1408,14.8,평창
2023-10-25,13.1,18.8,1449,15.4,평창
2023-10-26,14.4,20.0,1448,15.8,평창
2023-10-27,13.6,18.7,1446,15.7,평창
2023-10-28,11.1,17.6,1543,13.8,평창
2023-10-29,11.6,19.7,1454,13.5,평창
2023-10-30,11.8,19.8,1510,13.2,평창
2023-10-31,11.9,17.7,1551,13.0,평창
2023-11-01,15.2,17.9,1521,15.0,평창
2023-11-02,18.8,26.3,1414,17.4,평창
2023-11-03,17.9,23.1,1508,16.0,평창
2023-11-04,17.6,20.5,1449,17.1,평창
2023-11-05,17.2,21.1,1504,17.3,평창
2023-11-06,14.3,20.5,648,15.3,평창
2023-11-07,6.6,10.4,1520,9.1,평창
2023-11-08,7.0,15.8,1549,8.5,평창
2023-11-09,10.7,17.8,1414,9.8,평창
2023-11-10,5.9,12.1,4,6.9,평창
2023-11-11,2.7,7.6,1527,3.2,평창
2023-11-12,1.6,5.9,1420,2.8,평창
2023-11-13,1.8,7.6,1454,2.7,평창
2023-11-14,3.0,10.6,1449,3.6,평창
2023-11-15,4.6,12.7,1438,4.3,평창
2023-11-16,4.6,5.9,1434,5.0,평창
2023-11-17,2.8,5.9,1106,3.5,평창
2023-11-18,1.0,5.7,1523,1.4,평창
2023-11-19,5.5,12.5,1632,3.8,평창
2023-11-20,4.8,11.7,1513,4.1,평창
2023-11-21,4.1,12.6,1546,3.8,평창
2023-11-22,6.2,13.0,1419,5.2,평창
2023-11-23,9.6,15.8,1443,8.3,평창
2023-11-24,0.0,3.6,1,2.0,평창
2023-11-25,-1.3,4.1,1520,1.0,평창
2023-11-26,2.7,6.5,1537,3.1,평창
2023-11-27,4.8,7.9,2126,4.9,평창
2023-11-28,2.6,6.6,3,2.3,평창
2023-11-29,-0.5,3.4,1258,0.3,평창
2023-11-30,-3.4,0.6,1503,-1.2,평창
2023-12-01,-3.2,1.8,1513,-1.7,평창
2023-12-02,-0.5,5.3,2257,-0.4,평창
2023-12-03,0.9,5.9,1554,0.8,평창
2023-12-04,0.0,8.1,1515,0.8,평창
2023-12-05,2.4,10.1,1523,1.8,평창
2023-12-06,3.3,7.3,2222,1.7,평창
2023-12-07,5.2,11.8,1450,3.6,평창
2023-12-08,8.0,17.1,1633,4.8,평창
2023-12-09,10.3,16.3,1455,8.6,평창
2023-12-10,10.7,16.4,1513,9.4,평창
2023-12-11,10.6,13.6,406,8.7,평창
2023-12-12,5.6,9.8,1541,6.3,평창
2023-12-13,5.6,10.7,1430,5.5,평창
2023-12-14,8.5,9.5,1327,7.4,평창
2023-12-15,5.2,9.1,18,6.2,평창
2023-12-16,-2.3,4.5,233,1.2,평창
2023-12-17,-8.5,-5.0,1538,-4.9,평창
2023-12-18,-6.8,-2.8,1534,-4.2,평창
2023-12-19,-3.5,0.6,1421,-2.1,평창
2023-12-20,-6.1,-2.2,1,-1.5,평창
2023-12-21,-10.3,-6.9,1517,-4.7,평창
2023-12-22,-10.7,-6.7,1454,-5.9,평창
2023-12-23,-8.6,-2.4,1532,-5.3,평창
2023-12-24,-4.3,0.5,1540,-2.6,평창
2023-12-25,-3.3,1.1,1605,-1.5,평창
2023-12-26,-0.8,6.3,1536,-0.2,평창
2023-12-27,-1.1,6.0,1443,-1.1,평창
2023-12-28,-0.2,5.7,1412,-0.1,평창
2023-12-29,-0.7,5.6,1459,-0.6,평창
2023-12-30,-1.0,1.3,1943,-1.4,평창
2023-12-31,1.5,4.1,1331,0.1,평창
2024-01-01,0.9,2.5,1449,0.1,평창
2024-01-02,2.1,4.9,1203,0.4,평창
2024-01-03,0.4,2.5,1413,0.3,평창
2024-01-04,-0.7,2.7,1538,0.0,평창
2024-01-05,3.1,8.9,1542,0.9,평창
2024-01-06,0.0,5.1,1448,1.0,평창
2024-01-07,-3.0,-0.7,1332,-0.1,평창
2024-01-08,-5.3,-0.2,1549,-1.3,평창
2024-01-09,-2.0,-0.8,1834,-0.5,평창
2024-01-10,-1.0,4.7,1545,-0.4,평창
2024-01-11,0.0,1.9,1813,-0.1,평창
2024-01-12,0.8,5.8,1457,-0.1,평창
2024-01-13,-1.3,4.9,1529,-0.5,평창
2024-01-14,-1.8,1.8,1835,-1.0,평창
2024-01-15,-2.3,1.5,1547,-1.7,평창
2024-01-16,-3.1,3.6,1532,-1.7,평창
2024-01-17,-0.8,1.2,2329,-0.4,평창
2024-01-18,4.9,9.6,1450,1.7,평창
2024-01-19,6.0,8.2,1320,2.7,평창
2024-01-20,4.2,6.0,1125,1.5,평창
2024-01-21,2.9,4.9,1218,2.5,평창
2024-01-22,-6.9,-0.1,1,-0.6,평창
2024-01-23,-10.6,-7.5,1517,-4.9,평창
2024-01-24,-7.3,-3.3,1553,-5.4,평창
2024-01-25,-5.4,0.1,1522,-3.9,평창
2024-01-26,-3.1,4.3,1420,-2.5,평창
2024-01-27,-0.9,5.0,1509,-0.7,평창
2024-01-28,-1.5,3.8,1548,-0.2,평창
2024-01-29,-1.8,5.0,1438,-0.6,평창
2024-01-30,-0.9,7.1,1553,-0.2,평창
2024-01-31,3.7,11.3,1435,1.8,평창
2024-02-01,2.4,7.6,1618,0.8,평창
2024-02-02,3.5,8.3,1523,2.6,평창
2024-02-03,3.6,8.7,1356,1.9,평창
2024-02-04,6.7,11.0,1417,4.9,평창
2024-02-05,3.6,6.9,1,3.0,평창
2024-02-06,1.6,3.4,1428,2.2,평창
2024-02-07,1.1,3.5,1207,1.4,평창
2024-02-08,0.2,6.2,1555,2.2,평창
2024-02-09,0.3,6.7,1609,2.3,평창
2024-02-10,0.8,7.6,1458,2.1,평창
2024-02-11,0.3,6.1,1410,0.8,평창
2024-02-12,1.5,9.0,1621,2.8,평창
2024-02-13,6.1,15.1,1524,4.1,평창
2024-02-14,11.1,17.6,1657,9.0,평창
2024-02-15,6.5,13.3,202,6.5,평창
2024-02-16,1.7,6.8,1520,2.8,평창
2024-02-17,3.0,10.9,1551,3.9,평창
2024-02-18,5.1,10.0,1544,3.8,평창
2024-02-19,9.4,12.1,1531,8.7,평창
2024-02-20,5.9,8.3,1234,6.1,평창
2024-02-21,3.1,5.7,3,3.0,평창
2024-02-22,1.4,2.7,1445,1.8,평창
2024-02-23,2.3,6.6,1427,3.5,평창
2024-02-24,2.3,6.7,1420,3.4,평창
2024-02-25,2.5,6.1,1655,3.4,평창
2024-02-26,2.8,10.0,1554,3.4,평창
2024-02-27,4.5,9.0,1610,3.6,평창
2024-02-28,5.1,9.7,1506,5.5,평창
2024-02-29,4.8,9.9,1619,4.5,평창
2024-03-01,-2.4,3.2,1,1.2,평창
2024-03-02,-1.2,4.0,1537,-0.1,평창
2024-03-03,4.5,9.0,1531,3.1,평창
2024-03-04,4.0,10.1,1724,4.3,평창
2024-03-05,7.1,11.7,1322,5.4,평창
2024-03-06,5.5,9.5,1631,4.6,평창
2024-03-07,3.3,9.5,1451,5.1,평창
2024-03-08,2.1,7.2,1347,2.5,평창
2024-03-09,2.2,8.3,1454,3.4,평창
2024-03-10,3.4,11.8,1519,4.2,평창
2024-03-11,4.3,10.3,1637,3.9,평창
2024-03-12,5.3,9.9,1307,5.3,평창
2024-03-13,5.5,13.6,1413,6.5,평창
2024-03-14,6.9,16.0,1542,7.6,평창
2024-03-15,8.0,17.1,1406,8.3,평창
2024-03-16,10.5,18.7,1601,9.8,평창
2024-03-17,10.5,13.8,1422,10.7,평창
2024-03-18,7.4,14.4,1431,8.4,평창
2024-03-19,6.2,11.5,1518,7.5,평창
2024-03-20,5.3,9.3,1413,7.5,평창
2024-03-21,5.3,12.0,1519,7.8,평창
2024-03-22,9.2,15.9,1343,8.9,평창
2024-03-23,13.3,19.4,1455,14.2,평창
2024-03-24,14.0,22.5,1524,13.9,평창
2024-03-25,9.8,14.1,1221,9.2,평창
2024-03-26,6.8,10.9,1448,9.9,평창
2024-03-27,9.5,15.9,1623,11.2,평창
2024-03-28,9.6,10.7,1,10.3,평창
2024-03-29,7.5,13.0,1641,7.6,평창
2024-03-30,8.6,17.0,1503,9.2,평창
2024-03-31,10.6,17.7,1449,11.6,평창
2024-04-01,12.0,19.9,1421,13.0,평창
2024-04-02,14.3,23.9,1444,14.9,평창
2024-04-03,13.5,15.7,1607,13.8,평창
2024-04-04,13.2,18.2,1337,12.9,평창
2024-04-05,12.9,19.1,1522,14.0,평창
2024-04-06,12.2,19.5,1632,13.6,평창
2024-04-07,14.4,23.6,1608,16.0,평창
2024-04-08,16.2,23.5,1501,17.1,평창
2024-04-09,14.6,20.0,1544,17.8,평창
2024-04-10,13.8,19.6,1554,16.9,평창
2024-04-11,14.3,20.2,1602,16.0,평창
2024-04-12,16.6,24.6,1521,19.9,평창
2024-04-13,18.3,27.8,1547,21.3,평창
2024-04-14,19.0,28.4,1512,22.3,평창
2024-04-15,15.1,19.9,844,16.2,평창
2024-04-16,14.0,18.9,1605,16.6,평창
2024-04-17,14.7,22.2,1539,16.9,평창
2024-04-18,16.8,25.7,1444,19.3,평창
2024-04-19,16.7,25.4,1506,20.1,평창
2024-04-20,14.3,16.3,1240,15.4,평창
2024-04-21,17.1,20.6,1308,16.2,평창
2024-04-22,18.1,23.7,1601,20.7,평창
2024-04-23,16.6,23.5,1421,20.7,평창
2024-04-24,13.7,16.4,1623,15.7,평창
2024-04-25,14.4,20.8,1724,18.9,평창
2024-04-26,17.2,25.7,1503,19.4,평창
2024-04-27,18.1,27.2,1607,21.8,평창
2024-04-28,18.9,27.4,1526,22.1,평창
2024-04-29,19.1,24.4,1625,21.4,평창
2024-04-30,17.6,22.3,1447,22.0,평창
2024-05-01,17.8,23.4,1551,23.5,평창
2024-05-02,17.0,24.7,1502,23.1,평창
2024-05-03,18.0,26.8,1731,24.3,평창
2024-05-04,19.6,28.0,1632,23.3,평창
2024-05-05,17.7,18.9,40,17.5,평창
2024-05-06,14.9,17.2,1,15.2,평창
2024-05-07,14.0,16.1,1456,14.2,평창
2024-05-08,14.7,21.4,1512,18.8,평창
2024-05-09,15.6,23.0,1531,18.4,평창
2024-05-10,17.1,25.0,1524,20.2,평창
2024-05-11,16.5,22.7,1226,18.2,평창
2024-05-12,16.2,22.5,1631,17.3,평창
2024-05-13,17.5,25.3,1507,20.3,평창
2024-05-14,17.6,25.8,1424,23.6,평창
2024-05-15,13.0,20.8,1154,17.5,평창
2024-05-16,13.5,20.2,1424,16.0,평창
2024-05-17,16.4,25.5,1522,20.5,평창
2024-05-18,19.5,27.0,1617,24.5,평창
2024-05-19,20.8,28.5,1523,26.6,평창
2024-05-20,18.7,23.1,1322,20.6,평창
2024-05-21,20.8,26.4,1658,28.1,평창
2024-05-22,20.5,27.2,1455,27.0,평창
2024-05-23,21.1,28.1,1545,29.3,평창
2024-05-24,20.2,25.7,1525,25.9,평창
2024-05-25,20.2,23.6,1606,23.8,평창
2024-05-26,19.5,24.7,1212,23.7,평창
2024-05-27,18.8,23.2,1333,22.3,평창
2024-05-28,18.6,25.0,1531,23.1,평창
2024-05-29,19.5,27.8,1459,26.5,평창
2024-05-30,19.0,23.7,1310,22.0,평창
2024-05-31,20.5,26.6,1512,28.8,평창
2024-06-01,20.5,25.8,1519,27.6,평창
2024-06-02,19.1,26.5,1409,25.2,평창
2024-06-03,20.2,27.4,1615,25.4,평창
2024-06-04,20.6,28.5,1633,29.7,평창
2024-06-05,22.1,29.0,1617,30.0,평창
2024-06-06,22.8,29.1,1528,31.0,평창
2024-06-07,21.8,27.9,1619,29.5,평창
2024-06-08,19.2,22.6,1750,22.4,평창
2024-06-09,21.9,28.7,1654,25.1,평창
2024-06-10,23.2,29.8,1514,29.2,평창
2024-06-11,24.4,30.8,1555,31.4,평창
2024-06-12,23.6,31.6,1515,32.0,평창
2024-06-13,25.0,32.9,1501,33.3,평창
2024-06-14,25.0,32.9,1616,33.8,평창
2024-06-15,23.2,27.5,1618,26.9,평창
2024-06-16,23.7,30.0,1505,31.4,평창
2024-06-17,22.3,30.3,1536,30.3,평창
2024-06-18,24.2,33.0,1520,33.0,평창
2024-06-19,26.1,35.0,1544,35.1,평창
2024-06-20,26.0,32.6,1403,32.5,평창
2024-06-21,25.4,32.5,1516,33.8,평창
2024-06-22,22.6,24.1,47,25.1,평창
2024-06-23,24.6,29.9,1615,27.8,평창
2024-06-24,24.4,29.5,1437,26.7,평창
2024-06-25,21.8,26.7,1408,25.2,평창
2024-06-26,23.3,29.8,1634,30.5,평창
2024-06-27,23.2,28.0,1739,28.5,평창
2024-06-28,24.4,30.6,1351,32.0,평창
2024-06-29,24.7,30.5,1355,29.6,평창
2024-06-30,24.3,25.8,259,25.3,평창
2024-07-01,25.0,30.5,1626,24.7,평창
2024-07-02,22.2,23.2,740,23.3,평창
2024-07-03,24.9,27.5,1402,26.5,평창
2024-07-04,25.9,29.8,1451,29.3,평창
2024-07-05,24.4,27.5,1446,27.7,평창
2024-07-06,24.9,30.3,1704,26.6,평창
2024-07-07,22.8,24.7,1,25.5,평창
2024-07-08,23.4,24.8,1639,25.1,평창
2024-07-09,23.6,25.7,1015,25.3,평창
2024-07-10,25.9,31.6,1412,30.0,평창
2024-07-11,25.8,30.3,1531,29.7,평창
2024-07-12,24.9,29.5,1601,29.3,평창
2024-07-13,26.2,31.4,1639,32.0,평창
2024-07-14,26.1,30.6,1535,28.4,평창
2024-07-15,26.9,31.1,1520,31.0,평창
2024-07-16,25.0,29.7,1250,28.3,평창
2024-07-17,25.5,29.4,1530,26.8,평창
2024-07-18,24.0,25.9,400,24.7,평창
2024-07-19,26.2,31.4,1631,29.4,평창
2024-07-20,25.7,28.5,1546,28.3,평창
2024-07-21,26.8,30.8,1404,28.8,평창
2024-07-22,27.4,29.2,1643,28.7,평창
2024-07-23,25.8,28.8,19,27.2,평창
2024-07-24,26.3,31.7,1702,30.4,평창
2024-07-25,27.5,32.2,1430,30.7,평창
2024-07-26,27.3,33.2,1522,31.9,평창
2024-07-27,27.8,32.6,1427,31.6,평창
2024-07-28,28.5,32.7,1600,31.8,평창
2024-07-29,27.1,28.6,1123,28.2,평창
2024-07-30,27.6,30.7,1434,29.6,평창
2024-07-31,28.1,32.3,1552,31.0,평창
2024-08-01,28.8,32.7,1553,31.3,평창
2024-08-02,28.7,31.9,1411,30.9,평창
2024-08-03,29.5,34.2,1543,33.5,평창
2024-08-04,29.7,35.1,1626,35.2,평창
2024-08-05,28.6,34.4,1508,34.4,평창
2024-08-06,26.9,32.2,1702,30.8,평창
2024-08-07,26.8,32.4,1511,32.3,평창
2024-08-08,26.6,29.6,1615,29.9,평창
2024-08-09,27.8,33.5,1546,32.3,평창
2024-08-10,27.7,33.2,1537,32.1,평창
2024-08-11,28.5,32.7,1543,32.3,평창
2024-08-12,29.2,34.4,1612,33.6,평창
2024-08-13,29.4,34.7,1530,34.0,평창
2024-08-14,29.3,33.8,1435,34.6,평창
2024-08-15,28.3,34.3,1626,33.9,평창
2024-08-16,28.6,33.5,1603,33.8,평창
2024-08-17,29.1,33.6,1609,35.1,평창
2024-08-18,28.8,33.8,1510,34.9,평창
2024-08-19,28.9,33.9,1611,34.9,평창
2024-08-20,29.9,34.4,1401,35.0,평창
2024-08-21,27.0,30.0,1,29.2,평창
2024-08-22,27.8,30.6,1200,30.2,평창
2024-08-23,27.4,32.1,1606,30.0,평창
2024-08-24,26.3,30.5,1243,29.7,평창
2024-08-25,27.0,31.5,1348,31.0,평창
2024-08-26,26.7,30.5,1437,29.9,평창
2024-08-27,25.3,28.8,1710,28.5,평창
2024-08-28,26.5,32.7,1611,29.3,평창
2024-08-29,26.6,32.4,1305,30.0,평창
2024-08-30,27.5,33.3,1443,30.9,평창
2024-08-31,25.4,30.9,1506,30.7,평창
2024-09-01,25.7,31.6,1442,30.4,평창
2024-09-02,24.4,27.9,1605,27.4,평창
2024-09-03,25.6,30.3,1649,29.6,평창
2024-09-04,24.8,30.5,1630,29.6,평창
2024-09-05,24.5,29.3,1216,27.6,평창
2024-09-06,22.7,23.9,1,25.7,평창
2024-09-07,24.5,29.7,1433,27.9,평창
2024-09-08,25.2,31.2,1603,28.4,평창
2024-09-09,26.7,32.2,1414,30.3,평창
2024-09-10,28.0,33.2,1550,32.0,평창
2024-09-11,27.6,33.7,1256,31.1,평창
2024-09-12,24.4,25.1,403,26.4,평창
2024-09-13,25.5,28.6,1245,27.2,평창
2024-09-14,26.4,28.9,1246,28.9,평창
2024-09-15,26.9,31.0,1506,28.8,평창
2024-09-16,26.3,30.8,1434,28.7,평창
2024-09-17,28.1,33.6,1517,30.3,평창
2024-09-18,28.0,33.3,1306,30.7,평창
2024-09-19,26.8,31.0,1335,29.5,평창
2024-09-20,24.3,27.9,1210,26.7,평창
2024-09-21,19.3,22.1,1640,21.4,평창
2024-09-22,21.1,25.1,1243,22.9,평창
2024-09-23,19.7,25.1,1547,22.0,평창
2024-09-24,18.4,24.8,1500,21.7,평창
2024-09-25,20.9,27.0,1531,23.5,평창
2024-09-26,22.3,27.4,1611,24.8,평창
2024-09-27,22.2,27.8,1541,25.0,평창
2024-09-28,22.9,27.9,1435,25.2,평창
2024-09-29,21.7,28.2,1452,24.9,평창
2024-09-30,20.3,26.7,1445,24.6,평창
2024-10-01,17.2,20.0,1415,19.9,평창
2024-10-02,14.2,20.2,1418,18.0,평창
2024-10-03,14.0,22.3,1352,17.1,평창
2024-10-04,14.8,22.4,1605,20.1,평창
2024-10-05,15.0,23.4,1530,18.6,평창
2024-10-06,14.3,17.4,1535,16.8,평창
2024-10-07,16.1,20.2,1600,18.7,평창
2024-10-08,16.2,22.8,1501,20.4,평창
2024-10-09,16.9,22.7,1452,20.3,평창
2024-10-10,16.4,22.1,1442,20.4,평창
2024-10-11,16.0,22.3,1450,20.0,평창
2024-10-12,15.1,23.6,1524,20.2,평창
2024-10-13,15.7,21.8,1534,18.4,평창
2024-10-14,17.4,20.2,1510,18.8,평창
2024-10-15,17.6,20.2,1420,19.4,평창
2024-10-16,17.5,23.3,1516,20.6,평창
2024-10-17,17.0,23.3,1437,19.8,평창
2024-10-18,16.7,18.1,1141,17.7,평창
2024-10-19,16.9,20.7,1223,18.1,평창
2024-10-20,12.7,17.2,1436,14.0,평창
2024-10-21,13.6,18.8,1537,15.2,평창
2024-10-22,14.9,16.4,2347,16.0,평창
2024-10-23,13.6,17.0,1438,15.7,평창
2024-10-24,11.6,18.9,1444,13.8,평창
2024-10-25,12.5,20.5,1458,14.5,평창
2024-10-26,14.5,22.6,1607,15.8,평창
2024-10-27,15.0,18.8,1305,15.6,평창
2024-10-28,15.8,20.5,1514,16.9,평창
2024-10-29,14.7,19.0,1442,16.1,평창
2024-10-30,14.7,21.6,1525,16.2,평창
2024-10-31,13.3,21.3,1433,14.7,평창
2024-11-01,12.9,16.8,1521,13.7,평창
2024-11-02,16.5,23.9,1335,15.6,평창
2024-11-03,15.3,21.9,1504,15.0,평창
2024-11-04,14.9,20.2,1146,15.3,평창
2024-11-05,10.3,16.6,1348,11.0,평창
2024-11-06,6.8,13.4,1453,7.8,평창
2024-11-07,6.2,14.9,1514,7.5,평창
2024-11-08,8.5,17.2,1426,9.0,평창
2024-11-09,10.9,19.7,1418,10.9,평창
2024-11-10,11.8,19.6,1453,12.2,평창
2024-11-11,11.6,20.0,1501,12.2,평창
2024-11-12,12.7,19.5,1443,12.9,평창
2024-11-13,11.6,19.5,1433,11.6,평창
2024-11-14,12.7,16.7,1417,12.5,평창
2024-11-15,14.8,19.6,1504,15.2,평창
2024-11-16,16.1,22.5,1410,16.3,평창
2024-11-17,9.1,15.7,32,10.5,평창
2024-11-18,3.3,8.2,1530,3.6,평창
2024-11-19,4.3,11.1,1535,4.2,평창
2024-11-20,4.6,8.6,1524,5.0,평창
2024-11-21,7.5,12.0,1345,7.9,평창
2024-11-22,6.4,11.3,1351,6.5,평창
2024-11-23,4.8,12.6,1410,4.3,평창
2024-11-24,5.3,12.7,1432,5.3,평창
2024-11-25,8.7,15.4,1445,7.0,평창
2024-11-26,6.8,12.9,7,7.8,평창
2024-11-27,0.0,3.2,36,1.0,평창
2024-11-28,1.2,4.2,1304,1.4,평창
2024-11-29,-1.2,1.9,1441,1.8,평창
2024-11-30,0.7,3.6,1329,2.3,평창
2024-12-01,3.4,6.9,1439,5.0,평창
2024-12-02,5.2,10.6,1746,5.9,평창
2024-12-03,1.4,5.2,1449,2.5,평창
2024-12-04,1.2,6.5,1358,2.8,평창
2024-12-05,2.5,8.9,1419,3.6,평창
2024-12-06,2.5,6.0,1404,2.7,평창
2024-12-07,-0.1,4.8,1456,1.4,평창
2024-12-08,-0.8,3.9,1449,0.7,평창
2024-12-09,-1.6,5.1,1503,0.2,평창
2024-12-10,0.0,7.3,1524,0.8,평창
2024-12-11,1.4,8.2,1451,2.2,평창
2024-12-12,0.3,6.0,1358,0.3,평창
2024-12-13,1.3,5.4,1416,0.8,평창
2024-12-14,-1.4,3.1,1442,-0.4,평창
2024-12-15,0.6,6.1,1422,0.2,평창
2024-12-16,-1.6,3.9,1312,-1.1,평창
2024-12-17,-1.6,4.4,1434,-0.5,평창
2024-12-18,-3.0,1.3,1451,-1.5,평창
2024-12-19,-3.3,3.3,1435,-1.4,평창
2024-12-20,-1.5,2.3,1513,-0.9,평창
2024-12-21,-0.6,2.4,1115,-0.1,평창
2024-12-22,-4.3,0.4,1539,-0.8,평창
2024-12-23,-4.8,2.5,1550,-1.1,평창
2024-12-24,-2.9,3.0,1445,-1.3,평창
2024-12-25,-1.2,3.1,1538,-0.5,평창
2024-12-26,-0.1,3.4,1338,-0.4,평창
2024-12-27,-2.8,1.6,1417,-1.2,평창
2024-12-28,-3.0,0.6,1430,-1.3,평창
2024-12-29,-1.1,4.0,1437,-0.3,평창
2024-12-30,4.3,10.2,1427,1.6,평창
2024-12-31,1.0,5.0,129,0.8,평창
2025-01-01,-0.3,7.3,1638,0.1,평창
2025-01-02,-0.4,6.6,1433,0.0,평창
2025-01-03,-1.4,2.5,1351,-1.5,평창
2025-01-04,-1.5,4.5,1518,-0.6,평창
2025-01-05,-0.5,1.4,1555,-0.8,평창
2025-01-06,0.8,4.4,1326,-0.1,평창
2025-01-07,-2.3,1.4,1346,-1.6,평창
2025-01-08,-3.8,0.8,1354,-2.1,평창
2025-01-09,-9.1,-5.2,1,-5.2,평창
2025-01-10,-9.3,-3.5,1509,-5.2,평창
2025-01-11,-6.6,-0.9,1455,-4.0,평창
2025-01-12,-5.4,1.9,1440,-3.6,평창
2025-01-13,-3.4,1.9,1549,-2.4,평창
2025-01-14,1.4,4.9,1516,-0.1,평창
2025-01-15,-3.4,-0.4,1525,-2.6,평창
2025-01-16,-3.1,-0.3,1603,-2.0,평창
2025-01-17,-2.1,5.0,1542,-1.0,평창
2025-01-18,-2.1,5.5,1453,-1.4,평창
2025-01-19,-0.5,6.4,1524,-0.2,평창
2025-01-20,0.8,6.9,1514,1.1,평창
2025-01-21,-1.0,4.4,1503,-0.1,평창
2025-01-22,1.1,7.0,1618,1.3,평창
2025-01-23,-0.6,7.1,1510,0.6,평창
2025-01-24,0.2,9.6,1621,0.5,평창
2025-01-25,2.7,10.5,1406,0.4,평창
2025-01-26,3.1,7.1,1400,0.8,평창
2025-01-27,-0.4,3.3,1,0.1,평창
2025-01-28,-3.5,-1.2,1346,0.1,평창
2025-01-29,-4.5,-1.1,1453,0.1,평창
2025-01-30,-4.2,0.2,1356,0.0,평창
2025-01-31,-1.4,-0.4,1709,0.0,평창
2025-02-01,0.6,6.4,1550,0.0,평창
2025-02-02,0.9,7.5,1527,-0.1,평창
2025-02-03,-2.9,1.1,227,-0.2,평창
2025-02-04,-8.2,-4.9,1527,-2.0,평창
2025-02-05,-8.3,-3.0,1519,-3.5,평창
2025-02-06,-7.1,-1.3,1528,-3.6,평창
2025-02-07,-7.9,-5.6,1310,-2.0,평창
2025-02-08,-8.6,-3.1,1552,-4.7,평창
2025-02-09,-6.4,1.0,1606,-4.6,평창
2025-02-10,-4.3,2.1,1603,-4.0,평창
2025-02-11,-2.8,4.9,1542,-2.8,평창
2025-02-12,-0.5,2.8,1813,-0.5,평창
2025-02-13,-0.9,5.5,1520,-1.1,평창
2025-02-14,1.2,8.9,1638,-1.1,평창
2025-02-15,0.8,7.0,1546,-0.2,평창
2025-02-16,2.8,8.8,1659,1.2,평창
2025-02-17,0.7,4.7,1426,1.9,평창
2025-02-18,-1.3,2.9,1508,0.2,평창
2025-02-19,-2.7,1.9,1411,-0.1,평창
2025-02-20,-2.9,2.6,1438,-0.1,평창
2025-02-21,-2.5,2.8,1500,0.0,평창
2025-02-22,-2.0,3.5,1540,0.4,평창
2025-02-23,-3.3,1.1,1458,-0.4,평창
2025-02-24,-2.2,4.3,1503,0.3,평창
2025-02-25,1.0,7.3,1424,0.9,평창
2025-02-26,4.3,9.4,1517,3.2,평창
2025-02-27,2.9,13.0,1610,3.0,평창
2025-02-28,4.1,13.2,1605,3.1,평창
2025-03-01,5.3,11.8,1335,1.9,평창
2025-03-02,6.9,14.7,1308,4.3,평창
2025-03-03,3.4,6.6,1421,3.2,평창
2025-03-04,2.7,4.6,1652,0.4,평창
2025-03-05,5.4,9.3,1552,6.0,평창
2025-03-06,4.8,11.3,1541,5.0,평창
2025-03-07,4.1,10.1,1427,5.2,평창
2025-03-08,5.7,11.9,1453,7.1,평창
2025-03-09,5.4,13.9,1458,6.4,평창
2025-03-10,6.5,15.1,1512,6.4,평창
2025-03-11,7.8,16.3,1619,7.4,평창
2025-03-12,7.9,14.0,1449,7.9,평창
2025-03-13,8.6,17.1,1524,7.9,평창
2025-03-14,10.5,19.5,1538,9.5,평창
2025-03-15,11.3,15.8,1528,10.7,평창
2025-03-16,4.9,9.1,1,6.2,평창
2025-03-17,3.3,7.6,1552,4.1,평창
2025-03-18,2.5,6.0,1347,3.9,평창
2025-03-19,2.7,8.1,1515,4.7,평창
2025-03-20,7.1,15.6,1622,8.0,평창
2025-03-21,11.9,20.4,1528,11.4,평창
2025-03-22,12.2,22.2,1408,11.6,평창
2025-03-23,14.2,24.5,1614,13.2,평창
2025-03-24,15.4,23.0,1432,14.8,평창
2025-03-25,13.6,23.2,1458,12.8,평창
2025-03-26,13.3,23.9,1654,13.1,평창
2025-03-27,14.2,18.7,1617,13.5,평창
2025-03-28,7.9,13.4,1523,10.5,평창
2025-03-29,2.8,7.6,1529,5.2,평창
2025-03-30,2.5,8.1,1235,5.2,평창
2025-03-31,7.0,14.3,1438,9.5,평창
2025-04-01,8.9,16.8,1537,11.4,평창
2025-04-02,7.9,16.0,1318,9.9,평창
2025-04-03,8.5,15.9,1610,11.4,평창
2025-04-04,10.1,17.4,1525,13.0,평창
2025-04-05,7.8,9.1,931,9.9,평창
2025-04-06,10.8,17.3,1452,13.1,평창
2025-04-07,12.3,20.6,1613,13.6,평창
2025-04-08,14.5,19.3,1448,15.2,평창
2025-04-09,12.6,19.5,1508,14.2,평창
2025-04-10,13.8,19.5,1603,15.9,평창
2025-04-11,15.5,24.3,1658,17.3,평창
2025-04-12,14.3,23.4,1247,14.1,평창
2025-04-13,5.4,9.9,1027,8.7,평창
2025-04-14,4.9,7.1,1216,8.3,평창
2025-04-15,8.0,15.0,1424,11.9,평창
2025-04-16,13.1,23.2,1614,14.5,평창
2025-04-17,19.2,26.3,1645,18.6,평창
2025-04-18,18.9,24.7,1534,18.3,평창
2025-04-19,17.3,25.2,1301,17.4,평창
2025-04-20,16.9,24.8,1640,20.3,평창
2025-04-21,19.1,25.8,1540,20.7,평창
2025-04-22,16.8,18.1,7,17.6,평창
2025-04-23,16.5,23.7,1634,19.8,평창
2025-04-24,14.7,21.7,1426,17.6,평창
2025-04-25,12.0,18.2,1503,15.3,평창
2025-04-26,13.1,22.6,1432,16.7,평창
2025-04-27,14.9,21.7,1432,16.4,평창
2025-04-28,14.9,21.0,1415,18.2,평창
2025-04-29,13.8,22.5,1527,17.9,평창
2025-04-30,16.9,27.0,1525,20.2,평창
2025-05-01,12.6,18.2,922,14.0,평창
2025-05-02,14.2,19.5,1448,17.1,평창
2025-05-03,10.8,13.6,1636,13.3,평창
2025-05-04,12.9,20.8,1358,15.1,평창
2025-05-05,11.3,15.5,1439,13.1,평창
2025-05-06,13.6,19.5,1331,15.8,평창
2025-05-07,14.3,21.8,1553,17.6,평창
2025-05-08,16.7,23.9,1558,20.4,평창
2025-05-09,14.9,16.3,27,15.9,평창
2025-05-10,13.1,15.1,250,14.4,평창
2025-05-11,14.7,20.3,1611,17.9,평창
2025-05-12,15.5,24.3,1509,19.6,평창
2025-05-13,17.7,27.0,1354,19.8,평창
2025-05-14,18.9,26.8,1635,21.3,평창
2025-05-15,18.9,21.8,1525,19.8,평창
2025-05-16,19.2,22.4,1256,19.9,평창
2025-05-17,19.1,24.8,1428,22.4,평창
2025-05-18,16.3,21.8,1451,20.2,평창
2025-05-19,15.4,21.8,1438,18.2,평창
2025-05-20,22.0,28.6,1648,23.2,평창
2025-05-21,25.6,31.2,1457,28.6,평창
2025-05-22,22.1,27.4,1511,25.1,평창
2025-05-23,18.0,21.4,1454,18.8,평창
2025-05-24,14.4,16.8,1435,17.3,평창
2025-05-25,16.5,23.7,1542,20.5,평창
2025-05-26,18.0,25.4,1505,22.6,평창
2025-05-27,19.5,26.3,1553,24.3,평창
2025-05-28,18.6,24.3,1230,21.2,평창
2025-05-29,19.7,26.7,1429,25.2,평창
2025-05-30,19.4,26.5,1503,24.9,평창
2025-05-31,19.6,26.3,1448,24.8,평창
2025-06-01,21.7,29.7,1529,27.3,평창
2025-06-02,19.3,22.4,1436,21.8,평창
2025-06-03,21.1,26.5,1243,26.5,평창
2025-06-04,19.4,26.3,1328,25.7,평창
2025-06-05,19.9,28.1,1438,27.0,평창
2025-06-06,22.2,30.8,1437,28.9,평창
2025-06-07,22.6,28.7,1535,28.3,평창
2025-06-08,24.5,29.8,1616,30.4,평창
2025-06-09,24.5,30.4,1509,32.2,평창
2025-06-10,22.4,27.2,1409,30.7,평창
2025-06-11,22.0,29.2,1413,30.8,평창
2025-06-12,23.5,30.4,1453,32.5,평창
2025-06-13,22.1,28.2,1247,28.1,평창
2025-06-14,24.4,30.8,1605,29.5,평창
2025-06-15,26.1,32.0,1515,34.0,평창
2025-06-16,23.7,27.1,1741,25.0,평창
2025-06-17,23.9,29.8,1456,27.5,평창
2025-06-18,25.0,30.9,1649,30.5,평창
2025-06-19,25.9,33.0,1614,30.4,평창
2025-06-20,23.5,26.3,6,24.4,평창
2025-06-21,22.6,24.4,1152,24.2,평창
2025-06-22,23.1,29.9,1455,26.4,평창
2025-06-23,24.5,31.5,1531,29.1,평창
2025-06-24,23.0,28.1,1440,25.2,평창
2025-06-25,19.9,21.7,1622,22.5,평창
2025-06-26,21.7,24.1,1401,23.5,평창
2025-06-27,23.2,27.2,1726,25.2,평창
2025-06-28,25.3,29.2,1310,26.1,평창
2025-06-29,27.0,31.3,1746,29.8,평창
2025-06-30,26.8,31.9,1559,29.2,평창
2025-07-01,26.7,31.4,1502,30.3,평창
2025-07-02,27.7,31.9,1337,29.7,평창
2025-07-03,27.4,31.3,1638,29.4,평창
2025-07-04,26.4,28.7,1504,28.2,평창
2025-07-05,27.2,31.5,1553,28.5,평창
2025-07-06,27.2,30.5,1607,27.8,평창
2025-07-07,29.0,33.3,1618,31.7,평창
2025-07-08,28.9,36.4,1607,34.0,평창
2025-07-09,29.5,34.1,1539,32.7,평창
2025-07-10,29.1,35.1,1637,32.6,평창
2025-07-11,28.3,34.7,1440,32.5,평창
2025-07-12,27.0,33.1,1740,32.9,평창
2025-07-13,24.8,29.1,1222,28.4,평창
2025-07-14,22.5,25.8,1158,25.4,평창
2025-07-15,22.3,24.6,1634,26.4,평창
2025-07-16,22.3,24.1,1050,24.2,평창
2025-07-17,22.3,23.0,2358,23.0,평창
2025-07-18,24.1,27.3,1621,25.4,평창
2025-07-19,23.4,25.6,1725,25.2,평창
2025-07-20,26.8,32.1,1638,28.6,평창
2025-07-21,27.3,32.4,1450,30.0,평창
2025-07-22,26.4,30.1,1059,30.7,평창
2025-07-23,27.1,32.8,1517,30.6,평창
2025-07-24,28.2,33.9,1655,31.5,평창
2025-07-25,28.6,34.3,1634,33.1,평창
2025-07-26,29.0,34.3,1618,34.0,평창
2025-07-27,29.5,35.1,1523,34.9,평창
2025-07-28,29.8,35.5,1500,34.8,평창
2025-07-29,30.0,35.1,1420,35.5,평창
2025-07-30,29.3,34.5,1534,34.6,평창
2025-07-31,28.5,32.7,1432,33.2,평창
2025-08-01,29.1,34.2,1458,34.6,평창
2025-08-02,29.1,34.2,1357,33.0,평창
2025-08-03,26.7,30.4,1230,30.5,평창
2025-08-04,26.3,31.3,1548,29.3,평창
2025-08-05,28.0,32.9,1501,32.2,평창
2025-08-06,26.0,28.8,1119,28.1,평창
2025-08-07,27.5,32.1,1452,31.3,평창
2025-08-08,26.2,31.4,1625,30.5,평창
2025-08-09,23.8,26.1,1615,27.1,평창
2025-08-10,25.7,31.9,1640,29.8,평창
2025-08-11,24.6,27.5,1458,27.4,평창
2025-08-12,25.6,31.3,1505,29.6,평창
2025-08-13,23.9,28.1,1906,25.8,평창
2025-08-14,25.1,28.5,1457,26.8,평창
2025-08-15,26.3,31.2,1430,29.5,평창
2025-08-16,27.2,32.6,1445,29.9,평창
2025-08-17,26.5,31.6,1252,29.0,평창
2025-08-18,27.7,33.3,1601,30.8,평창
2025-08-19,27.8,33.0,1308,30.5,평창
2025-08-20,27.8,32.4,1407,31.0,평창
2025-08-21,28.1,33.0,1455,33.6,평창
2025-08-22,28.2,34.0,1411,33.1,평창
2025-08-23,27.4,31.3,1629,30.6,평창
2025-08-24,28.3,33.6,1523,32.4,평창
2025-08-25,28.3,32.8,1435,32.4,평창
2025-08-26,26.2,31.6,1553,27.7,평창
2025-08-27,26.0,30.7,1539,29.3,평창
2025-08-28,26.5,30.8,1452,28.4,평창
2025-08-29,28.4,33.7,1434,30.5,평창
2025-08-30,27.1,31.7,1641,29.9,평창
2025-08-31,26.4,31.7,1345,30.0,평창
2025-09-01,25.9,29.6,1353,27.3,평창
2025-09-02,25.0,29.4,1430,28.9,평창
2025-09-03,25.4,31.2,1658,28.4,평창
2025-09-04,24.5,29.1,1511,27.6,평창
2025-09-05,25.7,31.6,1542,29.5,평창
2025-09-06,24.9,28.7,1545,27.3,평창
2025-09-07,24.9,29.5,1254,27.2,평창
2025-09-08,22.9,27.7,1437,26.4,평창
2025-09-09,22.4,26.4,1540,24.8,평창
2025-09-10,22.8,30.5,1612,27.0,평창
2025-09-11,23.1,31.1,1606,26.3,평창
2025-09-12,21.9,25.8,1245,23.7,평창
2025-09-13,22.5,26.5,1436,24.4,평창
2025-09-14,22.9,28.0,1609,25.4,평창
2025-09-15,22.6,28.0,1528,25.4,평창
2025-09-16,22.0,27.6,1331,24.3,평창
2025-09-17,22.0,24.1,1342,23.9,평창
2025-09-18,20.9,24.7,1522,23.3,평창
2025-09-19,18.6,21.1,1136,21.1,평창
2025-09-20,19.6,22.6,1519,21.7,평창
2025-09-21,20.5,26.2,1439,22.9,평창
2025-09-22,19.5,25.2,1348,21.8,평창
2025-09-23,21.1,26.3,1536,23.3,평창
2025-09-24,21.0,24.1,1359,22.2,평창
2025-09-25,21.4,26.4,1551,24.0,평창
2025-09-26,20.0,25.8,1457,24.0,평창
2025-09-27,20.4,26.1,1326,23.3,평창
2025-09-28,19.3,22.2,1529,21.8,평창
2025-09-29,19.3,24.0,1624,22.6,평창
2025-09-30,18.3,23.3,1501,21.9,평창
2025-10-01,18.4,23.0,1619,22.3,평창
2025-10-02,19.8,25.7,1406,21.9,평창
2025-10-03,20.1,23.4,1327,21.4,평창
2025-10-04,20.4,22.4,1540,22.0,평창
2025-10-05,20.6,22.3,1149,22.3,평창
2025-10-06,18.0,20.0,53,19.8,평창
2025-10-07,18.4,20.5,1321,20.0,평창
2025-10-08,20.9,27.0,1519,23.6,평창
2025-10-09,20.1,23.2,1248,20.9,평창
2025-10-10,16.9,17.9,1429,19.0,평창
2025-10-11,20.3,24.5,1528,21.4,평창
2025-10-12,19.2,21.4,1213,20.5,평창
2025-10-13,16.0,18.1,1,18.0,평창
2025-10-14,17.5,21.6,1508,19.8,평창
2025-10-15,19.0,25.3,1442,20.3,평창
2025-10-16,19.9,24.9,1437,21.6,평창
2025-10-17,18.4,24.0,1323,19.4,평창
2025-10-18,17.0,19.6,1406,19.7,평창
2025-10-19,15.4,21.5,1401,17.8,평창
2025-10-20,12.2,18.0,1523,14.6,평창
2025-10-21,11.2,15.8,1444,13.5,평창
2025-10-22,12.5,19.4,1458,15.0,평창
2025-10-23,14.3,20.7,1522,16.6,평창
2025-10-24,14.6,20.8,1450,16.8,평창
2025-10-25,14.6,19.2,1453,16.5,평창
2025-10-26,12.2,16.7,1109,13.7,평창
2025-10-27,8.5,12.0,12,10.6,평창
2025-10-28,6.4,13.7,1408,9.3,평창
2025-10-29,8.4,16.1,1545,10.9,평창
2025-10-30,9.7,15.7,1343,11.4,평창
2025-10-31,12.8,20.0,1431,13.6,평창
2025-11-01,13.0,17.4,1429,14.4,평창
2025-11-02,8.3,12.2,1303,9.9,평창
2025-11-03,6.1,13.9,1444,8.3,평창
2025-11-04,8.9,16.5,1501,10.8,평창
2025-11-05,9.0,17.7,1522,10.7,평창
2025-11-06,10.0,18.8,1456,11.5,평창
2025-11-07,11.6,19.0,1519,12.3,평창
2025-11-08,12.9,17.5,1254,12.2,평창
2025-11-09,13.1,18.5,1329,13.3,평창
2025-11-10,9.3,13.3,1333,9.1,평창
2025-11-11,7.0,15.3,1407,7.3,평창
2025-11-12,7.2,15.7,1535,9.0,평창
2025-11-13,8.0,16.6,1432,8.8,평창
2025-11-14,6.7,14.8,1455,7.2,평창
2025-11-15,6.4,16.3,1529,6.8,평창
2025-11-16,9.3,17.1,1551,8.7,평창
2025-11-17,4.6,12.5,8,6.7,평창
2025-11-18,1.4,6.4,1513,2.9,평창
2025-11-19,0.9,7.3,1526,2.9,평창
2025-11-20,5.3,13.3,1542,5.0,평창
2025-11-21,6.3,11.9,1335,5.4,평창
2025-11-22,6.9,14.4,1510,7.5,평창
2025-11-23,8.4,13.8,1435,9.0,평창
2025-11-24,10.2,16.2,1508,9.8,평창
2025-11-25,6.5,10.6,1322,6.8,평창
2025-11-26,6.0,10.7,1516,6.0,평창
2025-11-27,4.3,7.4,1731,4.1,평창
2025-11-28,2.3,7.7,1426,2.6,평창
2025-11-29,3.9,9.3,1504,3.3,평창
2025-11-30,9.8,15.7,1458,8.2,평창
2025-12-01,7.1,12.3,131,5.3,평창
2025-12-02,1.5,5.2,1154,1.4,평창
2025-12-03,-5.0,-2.1,1350,-2.1,평창
2025-12-04,-4.3,0.7,1605,-1.5,평창
2025-12-05,-3.7,1.4,1536,-0.8,평창
2025-12-06,0.4,4.7,1604,0.7,평창
2025-12-07,6.2,12.4,1502,4.3,평창
2025-12-08,3.6,8.5,2,1.9,평창
2025-12-09,0.3,7.8,1507,0.9,평창
2025-12-10,1.9,7.4,1505,1.7,평창
2025-12-11,3.5,9.4,1353,3.5,평창
2025-12-12,1.9,7.2,1418,1.3,평창
2025-12-13,1.9,4.2,1143,1.8,평창
2025-12-14,-0.5,1.9,1440,0.8,평창
2025-12-15,-1.0,2.4,1350,1.0,평창
2025-12-16,1.9,3.1,2204,1.9,평창
2025-12-17,3.4,7.4,1417,3.9,평창
2025-12-18,-0.5,5.0,1544,1.9,평창
2025-12-19,0.9,6.9,1521,1.6,평창
2025-12-20,4.8,8.3,1848,3.8,평창
2025-12-21,-0.3,3.3,1,0.1,평창
2025-12-22,-2.0,5.1,1552,-1.4,평창
2025-12-23,0.2,3.5,1439,-0.7,평창
2025-12-24,1.9,5.4,1538,2.0,평창
2025-12-25,-2.4,1.5,1125,-1.7,평창
2025-12-26,-7.7,-3.8,1525,-5.1,평창
2025-12-27,-4.3,-1.1,2233,-2.4,평창
2025-12-28,1.4,4.9,1528,1.0,평창
2025-12-29,3.3,8.2,1638,1.6,평창
2025-12-30,-0.1,4.4,1407,-0.6,평창
2025-12-31,-4.3,-0.6,11,-2.6,평창
2026-01-01,-6.5,-2.1,1433,-4.5,평창
2026-01-02,-7.2,-2.8,1447,-5.0,평창
2026-01-03,-6.1,-2.1,1548,-4.7,평창
2026-01-04,-0.3,5.2,1451,-0.6,평창
2026-01-05,-1.4,2.6,1438,-2.3,평창
2026-01-06,-3.0,2.6,1555,-3.2,평창
2026-01-07,-1.0,3.8,1246,-1.3,평창
2026-01-08,-5.1,-1.2,1508,-4.1,평창
2026-01-09,-3.4,1.2,1629,-3.0,평창
2026-01-10,2.2,8.0,741,0.7,평창
2026-01-11,-5.6,-2.5,1421,-4.8,평창
2026-01-12,-5.1,0.2,2251,-3.7,평창
2026-01-13,-2.4,2.0,311,-0.8,평창
2026-01-14,-4.8,-0.2,2325,-2.0,평창
2026-01-15,2.4,7.9,1541,-0.2,평창
2026-01-16,1.9,7.0,1528,1.4,평창
2026-01-17,1.3,6.5,1450,1.1,평창
2026-01-18,-0.3,3.1,2050,-0.7,평창
2026-01-19,-1.8,2.3,7,-0.2,평창
2026-01-20,-6.8,-2.1,1454,-3.8,평창
2026-01-21,-8.3,-4.7,1353,-5.9,평창
2026-01-22,-8.6,-4.4,1448,-6.5,평창
2026-01-23,-6.3,-0.7,1607,-4.7,평창
2026-01-24,-5.0,-1.7,1531,-2.3,평창
2026-01-25,-6.1,-0.8,1416,-4.9,평창
2026-01-26,-5.5,-0.3,1507,-3.5,평창
2026-01-27,-3.5,0.6,1510,-2.7,평창
2026-01-28,-4.6,0.3,1505,-4.0,평창
2026-01-29,-4.8,0.6,1530,-4.1,평창
2026-01-30,-5.9,-1.1,1513,-4.6,평창
2026-01-31,-5.0,1.7,1453,-3.3,평창
2021-12-01,3.7,6.5,1112,4.8,해남
2021-12-02,3.0,7.9,1539,4.9,해남
2021-12-03,5.4,11.1,1121,5.3,해남
2021-12-04,5.5,11.2,1434,5.7,해남
2021-12-05,1.9,10.6,1407,4.2,해남
2021-12-06,4.3,13.4,1337,5.5,해남
2021-12-07,5.1,12.9,1353,5.2,해남
2021-12-08,3.1,13.6,1348,4.6,해남
2021-12-09,6.6,14.5,1414,5.4,해남
2021-12-10,9.9,14.9,1339,8.6,해남
2021-12-11,5.9,11.2,1352,6.1,해남
2021-12-12,6.2,10.4,1249,7.4,해남
2021-12-13,1.3,4.9,1245,4.8,해남
2021-12-14,0.3,9.4,1450,3.6,해남
2021-12-15,4.7,14.5,1421,5.7,해남
2021-12-16,6.7,10.3,1416,6.6,해남
2021-12-17,0.5,7.5,205,2.8,해남
2021-12-18,-2.4,2.0,1423,1.3,해남
2021-12-19,2.4,7.0,1540,2.8,해남
2021-12-20,2.7,12.6,1317,2.8,해남
2021-12-21,4.3,14.1,1242,3.9,해남
2021-12-22,1.6,11.8,1416,4.0,해남
2021-12-23,0.7,12.9,1336,2.6,해남
2021-12-24,0.9,8.9,1415,2.0,해남
2021-12-25,-3.9,0.5,1,0.8,해남
2021-12-26,-7.0,-2.8,1455,0.7,해남
2021-12-27,-4.9,0.3,1257,0.5,해남
2021-12-28,0.1,6.2,1310,1.2,해남
2021-12-29,3.1,9.0,1233,2.6,해남
2021-12-30,2.4,5.2,1414,2.0,해남
2021-12-31,-1.5,2.1,1246,0.2,해남
2022-01-01,-2.1,5.5,1523,1.0,해남
2022-01-02,-1.6,7.0,1400,0.2,해남
2022-01-03,-2.5,5.5,1416,0.4,해남
2022-01-04,0.0,5.7,1311,1.5,해남
2022-01-05,0.3,3.8,1431,1.3,해남
2022-01-06,0.9,5.6,1354,2.1,해남
2022-01-07,-2.8,5.8,1359,0.3,해남
2022-01-08,-1.6,6.4,1509,0.3,해남
2022-01-09,0.1,7.9,1334,0.9,해남
2022-01-10,0.0,7.2,1451,1.6,해남
2022-01-11,-1.5,2.2,26,1.3,해남
2022-01-12,-2.7,0.8,1346,0.1,해남
2022-01-13,-2.5,0.5,1405,-0.8,해남
2022-01-14,-1.6,3.2,1429,1.9,해남
2022-01-15,0.6,8.3,1434,1.9,해남
2022-01-16,0.7,4.9,1132,1.7,해남
2022-01-17,0.1,3.7,1310,0.3,해남
2022-01-18,-2.1,3.2,1449,1.3,해남
2022-01-19,-2.2,6.8,1325,0.1,해남
2022-01-20,-2.9,2.2,1443,0.8,해남
2022-01-21,-1.5,7.4,1336,-0.4,해남
2022-01-22,6.8,11.9,1445,4.5,해남
2022-01-23,5.8,10.8,1301,5.0,해남
2022-01-24,3.2,10.4,1259,3.6,해남
2022-01-25,4.1,6.5,1449,4.4,해남
2022-01-26,3.0,7.7,1418,4.1,해남
2022-01-27,1.4,5.2,1350,3.6,해남
2022-01-28,0.5,4.0,1229,3.2,해남
2022-01-29,-0.3,3.5,1355,2.7,해남
2022-01-30,-0.5,4.5,1350,2.5,해남
2022-01-31,-1.0,5.8,1509,1.5,해남
2022-02-01,1.2,4.2,1351,1.7,해남
2022-02-02,0.5,4.5,1211,2.8,해남
2022-02-03,-1.2,5.1,1326,2.0,해남
2022-02-04,-1.2,4.3,1342,1.1,해남
2022-02-05,-2.4,-0.5,1348,1.1,해남
2022-02-06,-0.6,3.8,1402,0.8,해남
2022-02-07,-0.7,2.2,1333,0.4,해남
2022-02-08,1.4,6.2,1352,2.5,해남
2022-02-09,0.3,8.4,1236,1.8,해남
2022-02-10,2.7,8.1,1408,4.5,해남
2022-02-11,1.2,10.9,1514,3.6,해남
2022-02-12,3.7,13.5,1344,5.8,해남
2022-02-13,4.8,13.0,1216,5.5,해남
2022-02-14,3.1,11.7,1354,5.3,해남
2022-02-15,-0.7,2.2,1,2.9,해남
2022-02-16,-2.9,-0.3,1401,1.4,해남
2022-02-17,-4.8,-0.3,1329,0.8,해남
2022-02-18,0.4,8.5,1417,2.7,해남
2022-02-19,1.3,5.4,1402,4.0,해남
2022-02-20,-3.0,0.1,1509,2.0,해남
2022-02-21,-0.6,6.8,1409,2.0,해남
2022-02-22,-0.7,3.4,1308,2.1,해남
2022-02-23,-2.9,1.6,1536,3.0,해남
2022-02-24,-2.2,4.9,1406,0.9,해남
2022-02-25,-0.3,10.0,1517,2.8,해남
2022-02-26,2.9,11.5,1442,4.8,해남
2022-02-27,3.4,10.9,1417,5.9,해남
2022-02-28,4.1,14.5,1236,3.5,해남
2022-03-01,6.1,11.3,1314,6.3,해남
2022-03-02,2.2,7.3,1434,5.0,해남
2022-03-03,3.0,12.5,1410,5.0,해남
2022-03-04,7.7,15.7,1307,8.9,해남
2022-03-05,4.5,8.4,1,8.7,해남
2022-03-06,2.3,7.9,1255,6.3,해남
2022-03-07,1.7,10.7,1454,7.3,해남
2022-03-08,2.6,13.6,1436,7.0,해남
2022-03-09,4.9,16.6,1417,8.3,해남
2022-03-10,6.8,18.2,1400,8.9,해남
2022-03-11,12.8,18.9,1346,11.0,해남
2022-03-12,16.4,21.6,1431,16.1,해남
2022-03-13,13.7,17.1,8,12.7,해남
2022-03-14,10.1,15.0,1607,11.2,해남
2022-03-15,7.9,17.7,1312,10.4,해남
2022-03-16,9.8,20.1,1522,11.1,해남
2022-03-17,10.0,13.9,1251,10.5,해남
2022-03-18,7.6,10.5,1321,9.3,해남
2022-03-19,4.6,6.5,34,6.7,해남
2022-03-20,4.3,7.9,1353,7.1,해남
2022-03-21,5.8,12.9,1210,6.6,해남
2022-03-22,6.0,11.4,1334,8.6,해남
2022-03-23,4.8,11.9,1445,8.9,해남
2022-03-24,6.9,15.3,1402,9.9,해남
2022-03-25,13.4,16.5,1603,11.4,해남
2022-03-26,9.3,16.4,143,10.5,해남
2022-03-27,8.7,16.2,1302,10.5,해남
2022-03-28,7.9,13.8,1425,10.2,해남
2022-03-29,9.7,17.3,1346,12.2,해남
2022-03-30,13.5,21.1,1327,13.5,해남
2022-03-31,8.2,12.3,1124,10.9,해남
2022-04-01,6.9,14.6,1139,9.3,해남
2022-04-02,5.6,13.5,1345,11.5,해남
2022-04-03,6.7,15.1,1354,11.6,해남
2022-04-04,7.5,17.8,1434,12.3,해남
2022-04-05,6.9,15.7,1345,11.0,해남
2022-04-06,8.8,17.8,1416,13.1,해남
2022-04-07,9.5,17.6,1431,14.3,해남
2022-04-08,10.8,22.5,1313,14.5,해남
2022-04-09,13.6,22.1,1453,16.4,해남
2022-04-10,15.3,23.1,1319,16.8,해남
2022-04-11,18.1,24.3,1404,20.4,해남
2022-04-12,18.2,24.8,1314,21.0,해남
2022-04-13,15.0,19.5,1042,17.7,해남
2022-04-14,13.8,20.1,1605,18.0,해남
2022-04-15,13.1,19.6,1403,19.1,해남
2022-04-16,10.9,20.1,1416,17.0,해남
2022-04-17,11.2,19.7,1437,17.2,해남
2022-04-18,12.5,22.9,1345,16.5,해남
2022-04-19,12.7,22.4,1315,19.2,해남
2022-04-20,12.2,22.4,1337,21.5,해남
2022-04-21,11.3,18.5,1616,15.8,해남
2022-04-22,15.3,22.3,1242,24.1,해남
2022-04-23,17.0,23.3,1339,22.7,해남
2022-04-24,18.1,25.4,1346,25.2,해남
2022-04-25,17.8,25.1,1154,23.1,해남
2022-04-26,15.8,19.0,131,17.2,해남
2022-04-27,15.2,21.1,1306,18.7,해남
2022-04-28,14.2,21.7,1340,17.6,해남
2022-04-29,12.2,16.8,1337,15.6,해남
2022-04-30,12.5,16.0,1222,14.5,해남
2022-05-01,11.6,17.4,1337,16.3,해남
2022-05-02,11.7,20.5,1355,17.8,해남
2022-05-03,10.7,19.6,1331,18.2,해남
2022-05-04,12.7,21.3,1429,20.1,해남
2022-05-05,16.1,24.3,1335,22.7,해남
2022-05-06,18.2,25.5,1526,22.1,해남
2022-05-07,16.3,23.2,1404,23.4,해남
2022-05-08,14.2,20.7,1318,19.5,해남
2022-05-09,14.5,21.2,1553,18.6,해남
2022-05-10,14.8,22.4,1445,19.7,해남
2022-05-11,17.9,22.3,1526,21.8,해남
2022-05-12,18.7,25.1,1516,24.5,해남
2022-05-13,16.1,20.0,1310,18.2,해남
2022-05-14,15.3,21.6,1351,22.6,해남
2022-05-15,14.6,19.9,1500,24.4,해남
2022-05-16,14.3,22.6,1358,24.1,해남
2022-05-17,16.1,24.3,1501,24.7,해남
2022-05-18,17.8,26.5,1402,25.7,해남
2022-05-19,17.1,23.4,1326,22.4,해남
2022-05-20,18.4,24.5,1421,23.9,해남
2022-05-21,18.9,25.6,1323,27.3,해남
2022-05-22,18.5,26.6,1315,27.8,해남
2022-05-23,-99.0,28.8,1303,22.4,해남
2022-05-27,-99.0,24.9,1419,30.9,해남
2022-05-28,20.3,28.0,1152,25.2,해남
2022-05-29,19.3,25.1,1154,26.1,해남
2022-05-30,19.4,21.4,1749,21.7,해남
2022-05-31,19.8,27.2,1313,26.3,해남
2022-06-01,20.3,28.6,1357,28.8,해남
2022-06-02,21.1,26.8,1410,30.1,해남
2022-06-03,22.4,28.6,1424,31.2,해남
2022-06-04,22.0,27.5,1401,28.4,해남
2022-06-05,18.7,21.0,454,21.6,해남
2022-06-06,20.3,24.4,1620,24.4,해남
2022-06-07,19.0,21.5,1002,22.9,해남
2022-06-08,19.5,24.2,1530,26.7,해남
2022-06-09,20.3,25.8,1438,27.3,해남
2022-06-10,20.7,24.0,1620,26.1,해남
2022-06-11,21.6,29.4,1330,25.4,해남
2022-06-12,20.8,25.6,1402,29.7,해남
2022-06-13,20.0,21.9,1224,21.6,해남
2022-06-14,19.3,21.8,1535,22.4,해남
2022-06-15,21.2,25.9,1531,27.9,해남
2022-06-16,22.0,27.2,1401,28.6,해남
2022-06-17,22.8,27.2,1545,29.7,해남
2022-06-18,23.0,26.4,1443,30.8,해남
2022-06-19,25.1,30.8,1512,36.3,해남
2022-06-20,24.6,30.1,1238,34.5,해남
2022-06-21,25.0,31.4,1407,32.8,해남
2022-06-22,25.8,31.8,1523,37.6,해남
2022-06-23,25.0,29.2,1110,27.6,해남
2022-06-24,24.1,26.6,1343,26.1,해남
2022-06-25,25.4,29.3,1009,27.4,해남
2022-06-26,26.4,29.4,1702,26.8,해남
2022-06-27,27.2,28.5,1335,27.1,해남
2022-06-28,27.4,29.5,1603,27.9,해남
2022-06-29,27.0,28.2,1148,27.2,해남
2022-06-30,27.8,31.0,1311,31.9,해남
2022-07-01,26.7,30.6,1350,33.4,해남
2022-07-02,27.3,34.0,1516,34.9,해남
2022-07-03,27.7,32.7,1438,34.8,해남
2022-07-04,27.2,31.4,1324,33.5,해남
2022-07-05,27.4,32.2,1239,31.5,해남
2022-07-06,28.4,32.7,1232,34.1,해남
2022-07-07,28.1,31.8,1124,31.3,해남
2022-07-08,26.8,30.2,1515,29.1,해남
2022-07-09,27.0,32.2,1552,31.4,해남
2022-07-10,27.6,33.3,1304,32.2,해남
2022-07-11,26.7,30.3,1352,30.0,해남
2022-07-12,26.1,29.1,1404,31.3,해남
2022-07-13,25.9,28.2,1622,28.8,해남
2022-07-14,27.6,31.4,1423,30.1,해남
2022-07-15,26.9,31.4,1557,29.7,해남
2022-07-16,26.2,30.6,1444,30.4,해남
2022-07-17,25.5,29.1,1302,27.6,해남
2022-07-18,25.3,28.4,1611,26.2,해남
2022-07-19,25.9,30.4,1412,28.3,해남
2022-07-20,26.0,31.5,1242,29.3,해남
2022-07-21,25.2,27.2,421,26.5,해남
2022-07-22,24.4,28.5,1257,27.3,해남
2022-07-23,24.9,28.5,1331,26.9,해남
2022-07-24,24.6,26.3,1150,26.2,해남
2022-07-25,25.4,29.6,1627,27.6,해남
2022-07-26,25.3,30.2,1454,27.6,해남
2022-07-27,26.1,29.7,1452,27.8,해남
2022-07-28,27.3,31.1,1425,28.8,해남
2022-07-29,29.0,32.8,1427,29.7,해남
2022-07-30,27.6,29.0,749,27.2,해남
2022-07-31,26.5,28.5,2230,26.8,해남
2022-08-01,27.2,28.5,1103,26.9,해남
2022-08-02,28.2,32.0,1456,29.1,해남
2022-08-03,27.9,31.4,1456,29.3,해남
2022-08-04,28.1,32.2,1242,29.9,해남
2022-08-05,28.8,32.1,1218,29.6,해남
2022-08-06,28.7,32.8,1510,30.2,해남
2022-08-07,29.4,33.7,1200,30.3,해남
2022-08-08,28.9,31.3,1215,29.7,해남
2022-08-09,28.6,31.0,1303,29.0,해남
2022-08-10,28.4,31.1,1237,30.6,해남
2022-08-11,27.7,28.9,1233,29.1,해남
2022-08-12,27.0,30.9,1521,29.2,해남
2022-08-13,27.8,31.2,1222,29.2,해남
2022-08-14,29.1,31.7,1442,31.5,해남
2022-08-15,29.1,31.9,1332,31.9,해남
2022-08-16,26.9,28.7,1450,28.5,해남
2022-08-17,25.3,29.3,1545,27.2,해남
2022-08-18,24.3,30.8,1319,28.8,해남
2022-08-19,27.0,30.9,1248,28.8,해남
2022-08-20,26.9,28.7,1447,28.5,해남
2022-08-21,26.0,30.0,1446,30.3,해남
2022-08-22,25.5,32.0,1314,29.5,해남
2022-08-23,26.4,30.5,1303,27.9,해남
2022-08-24,25.0,30.2,1231,30.4,해남
2022-08-25,23.7,29.6,1427,27.8,해남
2022-08-26,23.5,29.1,1515,29.9,해남
2022-08-27,-99.0,27.9,1136,24.9,해남
2022-08-28,20.4,26.0,1518,23.7,해남
2022-08-29,23.3,27.7,1457,27.4,해남
2022-08-30,25.5,29.1,1306,27.5,해남
2022-08-31,23.6,27.7,1326,28.0,해남
2022-09-01,21.9,26.2,1314,24.5,해남
2022-09-02,22.7,24.7,1435,24.1,해남
2022-09-03,24.7,28.0,1519,29.3,해남
2022-09-04,25.5,30.3,1149,27.5,해남
2022-09-05,24.9,26.1,843,24.7,해남
2022-09-06,22.5,25.4,1603,23.5,해남
2022-09-07,21.2,27.5,1349,20.8,해남
2022-09-08,21.3,29.0,1358,26.4,해남
2022-09-09,21.9,28.4,1305,25.6,해남
2022-09-10,22.3,27.3,1551,26.1,해남
2022-09-11,23.4,28.6,1525,27.9,해남
2022-09-12,23.1,25.8,1303,25.3,해남
2022-09-13,23.6,27.7,1122,25.5,해남
2022-09-14,25.1,28.3,1524,26.0,해남
2022-09-15,25.1,29.0,1313,26.7,해남
2022-09-16,25.8,29.5,1237,27.8,해남
2022-09-17,26.7,32.6,1337,28.6,해남
2022-09-18,27.5,33.0,1410,29.1,해남
2022-09-19,23.8,27.1,22,27.3,해남
2022-09-20,20.0,25.4,1337,23.7,해남
2022-09-21,18.6,24.6,1245,23.2,해남
2022-09-22,19.2,26.3,1417,24.4,해남
2022-09-23,19.0,25.4,1259,21.8,해남
2022-09-24,19.0,24.4,1455,23.4,해남
2022-09-25,18.3,22.7,1345,21.9,해남
2022-09-26,18.3,22.6,1244,21.2,해남
2022-09-27,19.5,27.5,1425,23.8,해남
2022-09-28,20.3,25.7,1219,23.3,해남
2022-09-29,19.2,27.3,1421,26.6,해남
2022-09-30,18.0,27.5,1233,25.0,해남
2022-10-01,19.2,29.7,1320,26.1,해남
2022-10-02,21.2,27.3,1251,26.5,해남
2022-10-03,25.9,29.3,1430,28.1,해남
2022-10-04,19.6,25.3,36,21.1,해남
2022-10-05,16.7,20.4,1221,21.4,해남
2022-10-06,16.9,21.5,1333,20.6,해남
2022-10-07,15.8,19.1,1253,20.5,해남
2022-10-08,16.1,20.2,1518,19.0,해남
2022-10-09,15.3,18.1,1245,17.2,해남
2022-10-10,13.6,16.4,1419,17.2,해남
2022-10-11,14.5,18.3,1445,17.3,해남
2022-10-12,12.3,21.6,1354,17.8,해남
2022-10-13,14.5,23.0,1422,20.0,해남
2022-10-14,15.5,24.3,1435,21.3,해남
2022-10-15,16.0,25.1,1417,21.7,해남
2022-10-16,17.1,24.2,1406,20.7,해남
2022-10-17,14.4,17.8,1221,19.6,해남
2022-10-18,11.8,15.8,1313,17.4,해남
2022-10-19,10.4,17.5,1437,17.0,해남
2022-10-20,10.1,21.0,1426,16.2,해남
2022-10-21,14.7,22.5,1237,17.5,해남
2022-10-22,17.1,23.1,1232,20.6,해남
2022-10-23,14.8,18.8,1213,18.6,해남
2022-10-24,11.6,15.8,1312,16.2,해남
2022-10-25,8.7,18.2,1410,14.8,해남
2022-10-26,12.1,20.6,1320,15.5,해남
2022-10-27,13.0,21.2,1507,17.6,해남
2022-10-28,11.5,20.9,1407,16.1,해남
2022-10-29,13.3,21.7,1333,15.9,해남
2022-10-30,13.4,21.7,1348,17.4,해남
2022-10-31,14.3,21.1,1354,16.9,해남
2022-11-01,13.1,20.8,1347,16.3,해남
2022-11-02,10.6,19.9,1450,16.2,해남
2022-11-03,10.8,19.5,1406,14.6,해남
2022-11-04,9.4,12.2,1,14.0,해남
2022-11-05,9.5,15.2,1359,13.8,해남
2022-11-06,7.5,16.5,1339,11.9,해남
2022-11-07,8.4,19.0,1316,12.9,해남
2022-11-08,9.7,20.0,1340,13.4,해남
2022-11-09,9.9,20.5,1310,12.9,해남
2022-11-10,14.5,22.5,1251,16.1,해남
2022-11-11,17.4,22.5,1338,17.4,해남
2022-11-12,19.0,21.6,1026,18.2,해남
2022-11-13,12.2,20.2,1,14.7,해남
2022-11-14,11.4,15.6,1209,13.7,해남
2022-11-15,8.4,15.1,1448,11.1,해남
2022-11-16,8.0,17.2,1346,10.8,해남
2022-11-17,8.2,17.2,1310,11.2,해남
2022-11-18,8.6,20.2,1348,10.4,해남
2022-11-19,14.6,21.0,1421,13.4,해남
2022-11-20,12.6,16.5,1411,13.0,해남
2022-11-21,10.4,19.5,1436,12.8,해남
2022-11-22,11.5,16.5,1255,12.3,해남
2022-11-23,11.3,16.2,1342,13.1,해남
2022-11-24,9.2,16.6,1505,11.0,해남
2022-11-25,9.2,20.3,1334,10.4,해남
2022-11-26,9.0,17.9,1407,11.5,해남
2022-11-27,9.2,18.0,1258,9.3,해남
2022-11-28,18.4,22.0,1503,15.6,해남
2022-11-29,11.2,20.3,4,13.0,해남
2022-11-30,1.0,5.5,1,5.2,해남
2022-12-01,0.4,3.9,1336,5.0,해남
2022-12-02,1.8,8.4,1431,5.8,해남
2022-12-03,7.4,11.8,1317,8.8,해남
2022-12-04,3.9,8.3,1,7.6,해남
2022-12-05,1.4,4.3,1546,5.3,해남
2022-12-06,1.8,10.8,1318,4.7,해남
2022-12-07,3.3,11.7,1336,5.9,해남
2022-12-08,4.4,12.4,1340,5.7,해남
2022-12-09,4.1,10.7,1237,6.3,해남
2022-12-10,3.8,9.2,1335,5.9,해남
2022-12-11,4.6,9.3,1314,6.9,해남
2022-12-12,2.4,8.2,1503,4.4,해남
2022-12-13,6.6,9.4,1157,6.7,해남
2022-12-14,-0.7,3.9,10,4.0,해남
2022-12-15,1.0,7.3,1230,3.6,해남
2022-12-16,1.4,5.2,30,4.8,해남
2022-12-17,-0.8,4.5,1243,2.7,해남
2022-12-18,-3.4,0.5,1459,1.7,해남
2022-12-19,-2.2,4.9,1339,3.1,해남
2022-12-20,1.9,9.3,1520,3.8,해남
2022-12-21,4.8,8.6,1510,5.9,해남
2022-12-22,-0.8,3.6,29,3.5,해남
2022-12-23,-2.4,-0.6,1420,1.4,해남
2022-12-24,-2.8,0.0,326,1.3,해남
2022-12-25,0.0,5.2,1432,1.4,해남
2022-12-26,0.2,5.4,1549,2.5,해남
2022-12-27,0.9,6.4,1516,3.0,해남
2022-12-28,0.5,6.3,1252,2.2,해남
2022-12-29,-0.4,6.2,1404,2.3,해남
2022-12-30,0.4,6.9,1304,2.4,해남
2022-12-31,-0.1,6.6,1314,2.5,해남
2023-01-01,1.5,8.1,1417,2.6,해남
2023-01-02,1.1,4.2,1423,3.3,해남
2023-01-03,0.8,5.8,1343,2.6,해남
2023-01-04,0.1,7.6,1430,2.5,해남
2023-01-05,2.0,9.5,1236,3.4,해남
2023-01-06,3.4,10.6,1550,4.4,해남
2023-01-07,4.2,8.2,1314,4.5,해남
2023-01-08,1.3,11.0,1520,3.2,해남
2023-01-09,3.8,12.2,1143,4.3,해남
2023-01-10,2.1,12.2,1425,3.7,해남
2023-01-11,3.7,14.5,1422,4.9,해남
2023-01-12,8.6,16.2,1215,6.8,해남
2023-01-13,14.2,17.8,658,13.4,해남
2023-01-14,7.3,9.4,7,9.0,해남
2023-01-15,2.4,5.1,1,4.8,해남
2023-01-16,0.0,2.9,1255,3.6,해남
2023-01-17,0.0,5.1,1419,2.7,해남
2023-01-18,0.2,6.6,1453,2.6,해남
2023-01-19,0.7,8.1,1441,3.3,해남
2023-01-20,1.2,5.6,1056,3.3,해남
2023-01-21,-0.9,4.1,1426,2.8,해남
2023-01-22,2.8,6.2,1414,2.2,해남
2023-01-23,2.4,9.9,1342,3.3,해남
2023-01-24,-5.7,0.5,1,-0.1,해남
2023-01-25,-7.6,-2.2,1356,0.9,해남
2023-01-26,-0.3,5.2,1536,1.0,해남
2023-01-27,-2.0,1.0,102,1.7,해남
2023-01-28,-1.1,2.7,1630,2.9,해남
2023-01-29,2.7,7.3,1443,4.1,해남
2023-01-30,0.9,6.5,1433,3.7,해남
2023-01-31,1.9,12.0,1340,3.6,해남
2023-02-01,3.9,10.4,1158,5.5,해남
2023-02-02,0.6,5.4,1514,2.5,해남
2023-02-03,0.8,5.2,1443,4.7,해남
2023-02-04,0.5,7.0,1427,3.7,해남
2023-02-05,-0.2,10.2,1527,4.0,해남
2023-02-06,2.2,11.6,1255,3.9,해남
2023-02-07,3.5,12.5,1503,5.8,해남
2023-02-08,3.0,10.9,1320,5.2,해남
2023-02-09,4.3,10.4,1212,4.5,해남
2023-02-10,4.7,9.9,1404,7.3,해남
2023-02-11,3.0,8.8,1343,4.7,해남
2023-02-12,4.9,11.5,1235,4.5,해남
2023-02-13,5.9,9.8,1342,7.2,해남
2023-02-14,2.7,6.3,1243,5.5,해남
2023-02-15,2.5,5.8,1228,4.5,해남
2023-02-16,3.4,8.4,1321,7.0,해남
2023-02-17,4.2,10.5,1401,5.1,해남
2023-02-18,9.0,10.6,1509,8.7,해남
2023-02-19,5.0,8.6,145,8.0,해남
2023-02-20,2.2,8.4,1230,4.0,해남
2023-02-21,-0.2,5.8,1442,4.4,해남
2023-02-22,2.4,10.9,1300,5.0,해남
2023-02-23,4.4,9.5,1519,8.3,해남
2023-02-24,5.5,9.8,1441,7.6,해남
2023-02-25,2.2,6.2,1314,6.4,해남
2023-02-26,2.6,9.8,1414,6.3,해남
2023-02-27,2.1,12.4,1342,6.1,해남
2023-02-28,5.7,15.1,1549,8.6,해남
2023-03-01,7.2,11.7,1435,9.5,해남
2023-03-02,3.7,6.8,1230,8.0,해남
2023-03-03,3.7,12.2,1520,8.4,해남
2023-03-04,5.1,16.5,1349,9.1,해남
2023-03-05,6.0,16.6,1343,9.6,해남
2023-03-06,6.7,16.4,1318,10.4,해남
2023-03-07,10.1,18.4,1410,12.2,해남
2023-03-08,13.3,20.0,1340,13.7,해남
2023-03-09,13.8,20.5,1432,16.7,해남
2023-03-10,11.3,23.6,1306,14.9,해남
2023-03-11,13.3,23.4,1400,15.7,해남
2023-03-12,7.9,19.3,919,9.9,해남
2023-03-13,4.0,9.8,1407,8.1,해남
2023-03-14,7.7,16.8,1453,11.2,해남
2023-03-15,12.4,21.1,1417,14.8,해남
2023-03-16,8.2,15.4,1453,13.1,해남
2023-03-17,7.7,12.1,1343,9.3,해남
2023-03-18,8.4,14.5,1304,13.5,해남
2023-03-19,8.2,16.8,1403,13.2,해남
2023-03-20,8.5,18.0,1353,12.4,해남
2023-03-21,14.1,19.6,1329,14.9,해남
2023-03-22,15.5,18.7,1234,14.5,해남
2023-03-23,12.2,15.7,225,13.7,해남
2023-03-24,8.1,10.0,1136,10.6,해남
2023-03-25,9.7,15.2,1246,11.7,해남
2023-03-26,8.9,14.2,1320,12.4,해남
2023-03-27,7.6,13.9,1458,12.4,해남
2023-03-28,7.8,17.6,1344,11.8,해남
2023-03-29,9.8,21.1,1406,14.8,해남
2023-03-30,11.3,22.7,1315,14.6,해남
2023-03-31,12.7,23.3,1354,17.2,해남
2023-04-01,13.3,24.0,1312,17.0,해남
2023-04-02,12.7,23.5,1425,18.2,해남
2023-04-03,13.5,22.0,1308,18.2,해남
2023-04-04,15.0,18.1,1313,15.2,해남
2023-04-05,13.6,17.1,515,14.9,해남
2023-04-06,9.7,11.6,1501,12.1,해남
2023-04-07,9.4,14.9,1243,13.3,해남
2023-04-08,8.6,14.5,1533,13.1,해남
2023-04-09,8.8,17.3,1243,14.5,해남
2023-04-10,12.0,18.7,1447,16.2,해남
2023-04-11,16.6,21.1,1158,16.0,해남
2023-04-12,11.9,18.5,1229,17.5,해남
2023-04-13,11.4,23.3,1420,17.3,해남
2023-04-14,13.6,16.7,1206,13.4,해남
2023-04-15,13.9,18.5,1150,18.1,해남
2023-04-16,11.4,17.0,1243,15.1,해남
2023-04-17,13.3,20.8,1329,18.1,해남
2023-04-18,17.4,20.2,835,17.4,해남
2023-04-19,18.7,24.4,1501,20.8,해남
2023-04-20,18.6,25.8,1237,23.8,해남
2023-04-21,16.2,21.9,1310,22.6,해남
2023-04-22,15.4,21.1,1357,21.8,해남
2023-04-23,14.0,17.1,1358,16.1,해남
2023-04-24,13.7,16.1,558,14.4,해남
2023-04-25,10.5,12.7,109,13.0,해남
2023-04-26,9.3,15.8,1158,16.1,해남
2023-04-27,11.3,21.0,1411,18.6,해남
2023-04-28,15.9,20.6,1218,19.5,해남
2023-04-29,14.6,18.2,1,16.2,해남
2023-04-30,12.2,19.0,1612,18.8,해남
2023-05-01,13.8,22.6,1456,21.0,해남
2023-05-02,15.3,24.0,1252,21.6,해남
2023-05-03,16.5,19.9,1307,17.4,해남
2023-05-04,17.2,18.3,1805,16.5,해남
2023-05-05,20.8,23.1,1253,19.7,해남
2023-05-06,16.2,19.6,1434,20.1,해남
2023-05-07,13.7,14.9,1,16.1,해남
2023-05-08,13.7,21.0,1523,18.6,해남
2023-05-09,14.6,22.7,1407,19.4,해남
2023-05-10,16.6,25.3,1401,22.7,해남
2023-05-11,16.8,25.0,1147,21.7,해남
2023-05-12,16.9,21.5,1127,21.1,해남
2023-05-13,16.5,22.7,1245,20.6,해남
2023-05-14,16.5,23.8,1421,23.9,해남
2023-05-15,17.7,25.9,1527,22.6,해남
2023-05-16,20.6,30.3,1407,28.1,해남
2023-05-17,22.3,28.5,1429,29.6,해남
2023-05-18,18.0,21.1,24,19.4,해남
2023-05-19,19.3,24.2,1202,21.7,해남
2023-05-20,18.4,24.6,1241,23.7,해남
2023-05-21,17.2,22.1,1505,24.7,해남
2023-05-22,16.0,19.9,1451,18.6,해남
2023-05-23,17.5,25.1,1428,24.9,해남
2023-05-24,18.2,24.0,1302,22.3,해남
2023-05-25,19.7,24.8,1553,28.3,해남
2023-05-26,21.5,25.9,1127,25.9,해남
2023-05-27,22.3,26.3,1339,25.5,해남
2023-05-28,22.9,26.1,1122,23.9,해남
2023-05-29,20.8,22.5,1,22.3,해남
2023-05-30,19.9,21.0,1113,21.1,해남
2023-05-31,20.9,25.9,1539,23.7,해남
2023-06-01,19.6,20.7,1720,20.9,해남
2023-06-02,21.7,26.9,1235,24.2,해남
2023-06-03,21.2,26.1,1410,25.6,해남
2023-06-04,20.4,26.0,1301,24.5,해남
2023-06-05,20.2,24.1,1501,23.0,해남
2023-06-06,19.9,26.2,1353,24.5,해남
2023-06-07,19.7,25.7,1441,26.9,해남
2023-06-08,21.8,26.5,1319,30.9,해남
2023-06-09,22.5,28.8,1447,29.9,해남
2023-06-10,23.3,27.3,936,31.9,해남
2023-06-11,23.3,27.9,1252,30.6,해남
2023-06-12,-99.0,29.1,1454,34.1,해남
2023-06-17,-99.0,30.2,1450,38.2,해남
2023-06-18,23.2,28.9,1227,29.1,해남
2023-06-19,23.6,29.5,1209,31.6,해남
2023-06-20,21.8,25.6,1100,23.6,해남
2023-06-21,21.8,23.6,1312,23.4,해남
2023-06-22,22.6,27.2,1502,26.4,해남
2023-06-23,23.7,30.4,1318,26.7,해남
2023-06-24,23.4,27.0,1324,27.3,해남
2023-06-25,21.9,23.1,1144,23.2,해남
2023-06-26,24.7,26.1,1336,24.6,해남
2023-06-27,24.4,26.3,1232,25.6,해남
2023-06-28,23.5,24.5,121,24.7,해남
2023-06-29,24.5,25.6,711,24.9,해남
2023-06-30,23.5,26.4,1021,24.4,해남
2023-07-01,24.3,30.1,1319,26.1,해남
2023-07-02,24.9,29.5,1407,27.2,해남
2023-07-03,24.9,27.9,1118,27.0,해남
2023-07-04,24.1,25.0,1704,25.6,해남
2023-07-05,24.8,29.1,1323,26.8,해남
2023-07-06,25.3,31.8,1306,28.0,해남
2023-07-07,24.9,26.4,1537,25.0,해남
2023-07-08,25.4,27.2,1441,26.3,해남
2023-07-09,26.0,27.9,1658,26.5,해남
2023-07-10,26.9,29.9,1500,28.6,해남
2023-07-11,26.1,27.1,1211,26.5,해남
2023-07-12,26.0,27.5,1332,26.4,해남
2023-07-13,26.9,27.9,1126,26.3,해남
2023-07-14,26.7,27.4,1349,25.7,해남
2023-07-15,25.6,27.7,1158,25.8,해남
2023-07-16,24.1,28.7,1517,26.1,해남
2023-07-17,26.7,32.2,1403,28.8,해남
2023-07-18,25.2,29.3,1359,26.8,해남
2023-07-19,24.9,29.5,1549,27.4,해남
2023-07-20,24.8,29.0,1417,27.4,해남
2023-07-21,25.6,28.7,1532,27.7,해남
2023-07-22,24.5,25.9,2023,25.4,해남
2023-07-23,26.9,29.4,923,26.5,해남
2023-07-24,25.9,29.3,1547,27.1,해남
2023-07-25,27.2,31.3,1428,29.0,해남
2023-07-26,27.9,31.5,1424,31.3,해남
2023-07-27,28.3,32.1,1347,31.1,해남
2023-07-28,27.6,31.2,1423,31.1,해남
2023-07-29,28.4,32.6,1327,32.9,해남
2023-07-30,27.7,32.5,1246,32.5,해남
2023-07-31,27.7,33.5,1403,30.4,해남
2023-08-01,28.1,34.0,1301,32.5,해남
2023-08-02,28.8,35.5,1454,34.4,해남
2023-08-03,28.6,33.8,1405,35.0,해남
2023-08-04,28.6,32.9,1251,33.8,해남
2023-08-05,29.1,36.0,1406,34.2,해남
2023-08-06,28.8,35.2,1332,33.8,해남
2023-08-07,27.7,35.0,1322,29.0,해남
2023-08-08,29.1,35.5,1452,31.3,해남
2023-08-09,27.0,30.4,938,28.6,해남
2023-08-10,24.9,28.1,1329,27.6,해남
2023-08-11,26.2,31.3,1505,28.9,해남
2023-08-12,26.1,31.4,1306,29.1,해남
2023-08-13,27.3,32.7,1455,30.1,해남
2023-08-14,27.7,33.3,1449,31.4,해남
2023-08-15,27.7,32.5,1335,31.7,해남
2023-08-16,27.5,33.4,1355,31.6,해남
2023-08-17,26.7,33.5,1306,29.3,해남
2023-08-18,26.1,32.4,1305,27.7,해남
2023-08-19,27.2,32.7,1431,29.3,해남
2023-08-20,27.4,33.0,1527,30.4,해남
2023-08-21,28.1,32.7,1231,31.2,해남
2023-08-22,28.5,33.0,1238,32.5,해남
2023-08-23,25.3,29.1,1202,26.9,해남
2023-08-24,25.2,28.6,1131,26.5,해남
2023-08-25,25.3,31.3,1443,28.1,해남
2023-08-26,25.0,32.0,1410,27.6,해남
2023-08-27,26.5,31.8,1332,29.8,해남
2023-08-28,27.0,30.4,1437,29.5,해남
2023-08-29,27.0,31.9,1119,28.0,해남
2023-08-30,22.6,25.9,1421,26.0,해남
2023-08-31,24.1,29.4,1503,28.4,해남
2023-09-01,25.1,30.9,1548,28.2,해남
2023-09-02,25.3,28.9,1635,27.5,해남
2023-09-03,27.1,31.6,1257,29.2,해남
2023-09-04,26.6,32.6,1322,29.1,해남
2023-09-05,26.1,31.2,1359,29.1,해남
2023-09-06,25.4,32.4,1409,30.2,해남
2023-09-07,24.0,31.2,1425,28.8,해남
2023-09-08,22.8,30.2,1237,28.2,해남
2023-09-09,23.5,30.4,1456,28.1,해남
2023-09-10,24.1,31.1,1329,28.1,해남
2023-09-11,24.7,31.6,1434,29.8,해남
2023-09-12,24.7,31.1,1448,29.5,해남
2023-09-13,24.0,27.7,1436,27.2,해남
2023-09-14,22.3,24.5,1402,24.8,해남
2023-09-15,25.2,30.0,1506,27.1,해남
2023-09-16,23.9,25.8,927,24.8,해남
2023-09-17,25.2,30.6,1436,27.9,해남
2023-09-18,24.6,31.0,1344,27.0,해남
2023-09-19,22.9,29.0,1419,26.0,해남
2023-09-20,24.9,28.3,1507,24.9,해남
2023-09-21,21.4,25.1,1,23.2,해남
2023-09-22,20.1,26.8,1458,24.1,해남
2023-09-23,19.8,26.3,1613,22.8,해남
2023-09-24,22.0,26.8,1422,23.9,해남
2023-09-25,23.3,28.2,1427,25.2,해남
2023-09-26,24.5,28.7,1138,26.7,해남
2023-09-27,23.4,28.2,1321,25.4,해남
2023-09-28,23.0,28.0,1431,26.4,해남
2023-09-29,21.7,28.4,1452,25.6,해남
2023-09-30,18.9,23.2,1319,22.8,해남
2023-10-01,20.4,24.9,1404,22.4,해남
2023-10-02,18.1,25.2,1550,22.9,해남
2023-10-03,17.5,21.4,1353,19.5,해남
2023-10-04,18.4,24.8,1337,22.4,해남
2023-10-05,17.5,20.9,1310,21.9,해남
2023-10-06,16.8,20.7,1448,19.9,해남
2023-10-07,16.2,20.3,1332,19.0,해남
2023-10-08,18.2,22.7,1417,20.2,해남
2023-10-09,18.2,24.1,1436,20.4,해남
2023-10-10,17.9,23.1,1354,20.4,해남
2023-10-11,16.7,24.9,1443,20.1,해남
2023-10-12,16.7,24.6,1605,20.8,해남
2023-10-13,17.3,23.7,1408,20.8,해남
2023-10-14,16.9,23.6,1245,21.4,해남
2023-10-15,15.9,22.7,1415,18.5,해남
2023-10-16,15.2,21.2,1207,19.2,해남
2023-10-17,14.5,21.8,1416,18.7,해남
2023-10-18,13.8,24.0,1424,18.1,해남
2023-10-19,17.8,24.8,1440,20.9,해남
2023-10-20,14.7,18.7,1155,19.3,해남
2023-10-21,13.6,20.1,1326,15.8,해남
2023-10-22,12.6,20.3,1324,15.5,해남
2023-10-23,12.8,22.1,1236,17.2,해남
2023-10-24,13.9,22.9,1333,17.7,해남
2023-10-25,15.4,24.5,1415,19.0,해남
2023-10-26,16.6,23.9,1421,20.3,해남
2023-10-27,14.9,19.3,1236,19.1,해남
2023-10-28,13.4,21.2,1355,17.5,해남
2023-10-29,13.6,22.1,1238,15.3,해남
2023-10-30,13.8,23.1,1436,17.7,해남
2023-10-31,12.9,23.1,1307,16.8,해남
2023-11-01,18.1,24.1,1438,19.3,해남
2023-11-02,19.9,25.4,1317,22.5,해남
2023-11-03,18.6,25.6,1214,20.4,해남
2023-11-04,20.0,25.6,1407,20.0,해남
2023-11-05,21.5,23.5,2350,19.8,해남
2023-11-06,16.9,23.6,3,17.5,해남
2023-11-07,12.0,15.5,1108,14.0,해남
2023-11-08,10.7,19.4,1433,13.3,해남
2023-11-09,16.4,21.7,1239,16.0,해남
2023-11-10,9.5,15.2,17,12.7,해남
2023-11-11,7.0,10.4,1438,10.6,해남
2023-11-12,7.3,9.6,1130,9.3,해남
2023-11-13,6.6,10.2,1301,9.2,해남
2023-11-14,8.2,12.6,1449,11.5,해남
2023-11-15,7.2,15.2,1211,9.6,해남
2023-11-16,7.6,11.4,956,8.9,해남
2023-11-17,6.0,9.7,1130,8.1,해남
2023-11-18,6.0,9.0,1528,6.4,해남
2023-11-19,10.3,15.6,1319,10.2,해남
2023-11-20,8.0,14.7,1445,9.9,해남
2023-11-21,6.5,16.3,1416,8.6,해남
2023-11-22,11.3,18.9,1401,10.5,해남
2023-11-23,14.1,19.0,1315,13.9,해남
2023-11-24,5.3,8.5,1,8.0,해남
2023-11-25,2.2,7.0,1427,6.8,해남
2023-11-26,3.4,11.7,1428,6.6,해남
2023-11-27,9.7,15.5,1244,9.4,해남
2023-11-28,6.2,10.4,1248,8.3,해남
2023-11-29,5.6,10.8,1323,7.3,해남
2023-11-30,2.6,5.7,1,6.5,해남
2023-12-01,2.1,6.1,1337,6.7,해남
2023-12-02,3.8,8.7,1333,5.1,해남
2023-12-03,5.8,10.5,1302,7.6,해남
2023-12-04,2.7,10.9,1452,5.1,해남
2023-12-05,5.4,15.6,1345,7.0,해남
2023-12-06,8.8,15.8,1324,7.8,해남
2023-12-07,8.0,13.8,1428,8.0,해남
2023-12-08,14.7,19.7,1218,11.0,해남
2023-12-09,15.3,21.0,1237,13.5,해남
2023-12-10,14.8,20.3,1345,13.6,해남
2023-12-11,14.4,15.5,758,13.7,해남
2023-12-12,9.0,12.5,1,11.1,해남
2023-12-13,11.1,15.8,1328,11.8,해남
2023-12-14,12.8,17.2,2350,11.8,해남
2023-12-15,12.3,18.4,554,13.3,해남
2023-12-16,1.7,7.1,1,5.4,해남
2023-12-17,-2.8,-1.1,1528,3.8,해남
2023-12-18,-1.6,1.8,1256,4.4,해남
2023-12-19,1.4,5.3,1454,5.1,해남
2023-12-20,0.4,4.6,216,3.6,해남
2023-12-21,-4.4,-2.5,627,3.3,해남
2023-12-22,-5.4,-1.8,1434,3.4,해남
2023-12-23,-1.0,4.2,1326,4.5,해남
2023-12-24,1.3,4.6,1402,5.3,해남
2023-12-25,1.9,6.2,1316,4.2,해남
2023-12-26,2.8,9.3,1324,4.1,해남
2023-12-27,4.3,10.8,1415,5.4,해남
2023-12-28,4.1,11.1,1244,5.3,해남
2023-12-29,1.8,8.6,1431,3.9,해남
2023-12-30,4.8,11.4,1235,4.7,해남
2023-12-31,7.2,10.6,150,6.7,해남
2024-01-01,4.6,9.5,1333,6.0,해남
2024-01-02,4.3,8.8,1140,5.8,해남
2024-01-03,5.1,8.2,1408,6.2,해남
2024-01-04,2.0,9.4,1436,4.3,해남
2024-01-05,5.1,13.7,1400,5.9,해남
2024-01-06,4.0,8.5,1420,5.0,해남
2024-01-07,2.2,4.6,1250,3.9,해남
2024-01-08,-1.3,4.5,1516,2.9,해남
2024-01-09,2.4,7.7,1603,3.8,해남
2024-01-10,2.7,6.0,1301,4.9,해남
2024-01-11,1.3,8.2,1435,3.3,해남
2024-01-12,5.2,10.3,1415,5.4,해남
2024-01-13,1.4,8.5,1333,3.2,해남
2024-01-14,5.8,15.2,1218,4.8,해남
2024-01-15,1.9,5.1,1307,3.5,해남
2024-01-16,3.0,8.8,1341,3.7,해남
2024-01-17,8.8,13.7,1635,6.7,해남
2024-01-18,8.2,13.8,306,8.6,해남
2024-01-19,7.5,8.0,2342,7.5,해남
2024-01-20,7.1,8.5,339,6.8,해남
2024-01-21,5.3,7.0,1305,6.9,해남
2024-01-22,-1.4,2.8,1,1.7,해남
2024-01-23,-3.2,-1.3,1108,1.3,해남
2024-01-24,-1.1,0.8,1419,1.0,해남
2024-01-25,0.0,2.8,1417,3.8,해남
2024-01-26,2.2,7.0,1403,3.9,해남
2024-01-27,1.6,7.9,1310,3.8,해남
2024-01-28,2.3,6.9,1449,4.1,해남
2024-01-29,-0.1,6.8,1406,2.8,해남
2024-01-30,3.1,10.2,1214,3.1,해남
2024-01-31,8.4,14.0,1326,8.5,해남
2024-02-01,5.2,7.2,1302,6.8,해남
2024-02-02,4.3,8.7,1433,6.8,해남
2024-02-03,6.1,9.5,1225,6.9,해남
2024-02-04,7.8,11.3,1332,7.6,해남
2024-02-05,6.7,7.9,1423,7.8,해남
2024-02-06,4.9,7.9,1519,7.5,해남
2024-02-07,2.1,5.3,1149,4.3,해남
2024-02-08,1.3,6.3,1453,3.7,해남
2024-02-09,1.5,8.0,1425,3.7,해남
2024-02-10,2.0,9.6,1315,3.7,해남
2024-02-11,2.6,10.0,1331,4.4,해남
2024-02-12,4.1,12.5,1430,6.0,해남
2024-02-13,10.3,17.3,1505,9.9,해남
2024-02-14,14.6,18.7,1250,11.8,해남
2024-02-15,6.5,12.9,858,7.4,해남
2024-02-16,3.2,11.2,1500,6.2,해남
2024-02-17,6.8,15.4,1553,7.7,해남
2024-02-18,13.2,18.3,2327,10.2,해남
2024-02-19,11.7,18.6,239,12.7,해남
2024-02-20,7.2,9.7,1746,8.3,해남
2024-02-21,8.0,9.9,936,8.7,해남
2024-02-22,5.4,6.5,1,7.5,해남
2024-02-23,4.9,6.0,1621,7.1,해남
2024-02-24,4.5,7.3,1316,6.3,해남
2024-02-25,5.0,8.1,1400,7.2,해남
2024-02-26,4.6,10.3,1455,8.1,해남
2024-02-27,7.1,11.7,1435,9.3,해남
2024-02-28,8.7,13.3,1410,10.5,해남
2024-02-29,6.7,8.7,2,7.9,해남
2024-03-01,0.1,4.7,1,5.0,해남
2024-03-02,0.9,6.7,1612,5.2,해남
2024-03-03,4.5,11.1,1235,5.0,해남
2024-03-04,7.1,13.9,1321,7.0,해남
2024-03-05,8.0,8.8,358,7.8,해남
2024-03-06,8.4,14.3,1341,10.6,해남
2024-03-07,4.6,8.6,1210,6.7,해남
2024-03-08,5.1,9.4,1249,6.1,해남
2024-03-09,4.2,8.7,1434,7.4,해남
2024-03-10,4.7,13.0,1443,7.5,해남
2024-03-11,6.2,13.1,1212,6.4,해남
2024-03-12,4.8,9.6,1220,6.1,해남
2024-03-13,5.3,12.7,1304,8.0,해남
2024-03-14,5.7,15.3,1342,7.7,해남
2024-03-15,7.2,17.8,1500,9.1,해남
2024-03-16,9.3,20.9,1308,9.3,해남
2024-03-17,8.8,13.4,1120,11.2,해남
2024-03-18,8.7,15.8,1253,10.4,해남
2024-03-19,8.7,15.2,1221,9.8,해남
2024-03-20,6.0,9.9,1149,8.4,해남
2024-03-21,5.5,11.8,1436,9.3,해남
2024-03-22,12.0,18.9,1316,10.4,해남
2024-03-23,15.8,23.0,1409,15.1,해남
2024-03-24,12.8,14.8,530,12.1,해남
2024-03-25,11.5,13.5,923,11.8,해남
2024-03-26,8.3,10.4,53,10.3,해남
2024-03-27,10.3,17.2,1331,12.4,해남
2024-03-28,11.4,15.0,1402,11.7,해남
2024-03-29,11.1,15.4,1705,11.7,해남
2024-03-30,12.8,19.8,1335,13.6,해남
2024-03-31,11.7,18.6,1124,12.2,해남
2024-04-01,12.0,22.6,1325,12.9,해남
2024-04-02,13.5,20.2,1205,13.2,해남
2024-04-03,14.6,15.5,1555,14.3,해남
2024-04-04,13.0,15.0,1326,13.8,해남
2024-04-05,12.9,19.9,1330,15.5,해남
2024-04-06,11.1,17.8,1651,12.5,해남
2024-04-07,13.7,23.0,1450,14.2,해남
2024-04-08,14.0,20.3,1233,14.1,해남
2024-04-09,13.2,20.9,1216,14.3,해남
2024-04-10,13.6,19.2,1513,16.1,해남
2024-04-11,14.7,19.8,1548,14.5,해남
2024-04-12,15.8,24.1,1358,17.4,해남
2024-04-13,16.0,26.0,1309,17.8,해남
2024-04-14,17.4,22.9,1234,16.5,해남
2024-04-15,16.0,18.9,11,16.7,해남
2024-04-16,13.7,19.6,1342,17.5,해남
2024-04-17,13.8,21.1,1420,16.0,해남
2024-04-18,14.2,22.2,1503,16.7,해남
2024-04-19,16.2,25.5,1220,18.1,해남
2024-04-20,15.9,18.3,308,15.5,해남
2024-04-21,15.3,16.9,1356,16.0,해남
2024-04-22,16.7,19.6,1051,17.5,해남
2024-04-23,14.4,18.2,1357,16.2,해남
2024-04-24,13.8,18.5,1440,17.0,해남
2024-04-25,15.4,23.6,1405,18.8,해남
2024-04-26,15.3,22.5,1315,17.5,해남
2024-04-27,16.9,27.1,1352,20.8,해남
2024-04-28,18.3,26.5,1415,22.0,해남
2024-04-29,16.6,18.6,1048,17.4,해남
2024-04-30,15.2,19.3,1352,18.1,해남
2024-05-01,14.1,17.2,1612,16.1,해남
2024-05-02,15.0,22.4,1311,16.8,해남
2024-05-03,16.2,26.2,1402,20.4,해남
2024-05-04,17.7,24.1,1347,19.2,해남
2024-05-05,19.3,21.5,1616,19.2,해남
2024-05-06,16.0,19.4,1322,16.5,해남
2024-05-07,16.2,19.9,1204,19.6,해남
2024-05-08,14.1,18.9,1537,17.9,해남
2024-05-09,14.5,22.7,1323,20.6,해남
2024-05-10,16.2,24.5,1333,22.2,해남
2024-05-11,19.3,25.6,1223,20.1,해남
2024-05-12,17.3,22.5,1404,19.5,해남
2024-05-13,16.7,24.3,1305,21.5,해남
2024-05-14,16.8,25.5,1418,22.7,해남
2024-05-15,14.3,22.7,1235,17.3,해남
2024-05-16,16.3,22.1,1408,22.4,해남
2024-05-17,17.6,23.5,1356,22.2,해남
2024-05-18,19.9,26.1,1505,26.8,해남
2024-05-19,19.4,28.8,1413,25.7,해남
2024-05-20,19.7,28.2,1516,27.4,해남
2024-05-21,18.7,24.7,1401,25.9,해남
2024-05-22,19.8,27.5,1533,26.7,해남
2024-05-23,21.1,28.2,1336,28.6,해남
2024-05-24,20.6,28.3,1516,28.8,해남
2024-05-25,20.5,24.7,1430,28.2,해남
2024-05-26,20.3,22.8,1147,21.8,해남
2024-05-27,19.6,24.1,1219,24.0,해남
2024-05-28,19.8,24.9,1148,26.5,해남
2024-05-29,19.6,26.1,1421,27.2,해남
2024-05-30,19.6,25.7,1343,23.8,해남
2024-05-31,19.6,25.3,1412,23.7,해남
2024-06-01,19.2,23.6,1621,24.4,해남
2024-06-02,19.7,26.1,1355,24.7,해남
2024-06-03,19.7,25.8,1139,24.0,해남
2024-06-04,20.1,25.3,1143,28.2,해남
2024-06-05,19.7,25.9,1150,24.4,해남
2024-06-06,19.9,23.7,1227,23.8,해남
2024-06-07,21.4,26.4,1228,27.5,해남
2024-06-08,20.8,22.4,1433,22.4,해남
2024-06-09,22.6,27.5,1509,25.8,해남
2024-06-10,22.1,28.9,1314,27.3,해남
2024-06-11,22.0,28.6,1523,28.6,해남
2024-06-12,22.8,30.1,1350,28.3,해남
2024-06-13,24.2,32.3,1244,31.1,해남
2024-06-14,24.5,31.2,1325,32.3,해남
2024-06-15,24.8,29.8,1309,32.9,해남
2024-06-16,23.7,29.2,1344,33.1,해남
2024-06-17,21.2,26.1,1808,24.6,해남
2024-06-18,23.3,32.0,1428,32.0,해남
2024-06-19,24.3,33.5,1220,31.8,해남
2024-06-20,21.8,22.9,1605,22.8,해남
2024-06-21,23.8,29.0,1423,26.6,해남
2024-06-22,23.8,25.5,1332,24.1,해남
2024-06-23,23.8,27.9,1603,25.3,해남
2024-06-24,24.3,28.0,1538,26.0,해남
2024-06-25,23.2,28.5,1615,25.6,해남
2024-06-26,22.5,30.4,1517,27.9,해남
2024-06-27,19.8,22.6,1017,21.7,해남
2024-06-28,23.8,29.2,1408,28.0,해남
2024-06-29,24.1,25.8,1546,24.1,해남
2024-06-30,24.1,25.3,1233,24.6,해남
2024-07-01,25.1,29.3,1546,26.8,해남
2024-07-02,26.9,30.4,1251,26.2,해남
2024-07-03,26.4,30.4,1334,28.8,해남
2024-07-04,26.2,30.2,1201,29.3,해남
2024-07-05,26.5,30.1,1537,28.2,해남
2024-07-06,26.7,27.9,1108,27.3,해남
2024-07-07,26.0,26.8,847,26.4,해남
2024-07-08,25.9,26.9,942,26.1,해남
2024-07-09,26.3,27.9,1430,26.6,해남
2024-07-10,24.4,27.1,1,26.4,해남
2024-07-11,23.4,26.0,1046,25.1,해남
2024-07-12,24.2,28.9,1410,26.8,해남
2024-07-13,24.5,28.2,1143,26.6,해남
2024-07-14,24.7,26.7,1440,26.7,해남
2024-07-15,24.6,27.1,1213,27.6,해남
2024-07-16,25.6,27.7,1132,25.6,해남
2024-07-17,28.1,30.4,1130,28.0,해남
2024-07-18,26.9,28.8,1541,28.0,해남
2024-07-19,24.7,28.8,1530,28.0,해남
2024-07-20,28.2,31.5,1527,29.0,해남
2024-07-21,27.5,31.0,1213,29.5,해남
2024-07-22,28.8,31.6,1324,29.6,해남
2024-07-23,29.2,32.4,1506,31.2,해남
2024-07-24,29.4,32.8,1359,32.6,해남
2024-07-25,29.1,32.2,1453,33.6,해남
2024-07-26,27.0,28.8,1536,28.5,해남
2024-07-27,28.8,32.5,1521,29.9,해남
2024-07-28,29.2,33.0,1241,32.0,해남
2024-07-29,28.5,31.7,1335,31.3,해남
2024-07-30,28.2,32.2,1534,31.7,해남
2024-07-31,28.8,32.4,1124,32.3,해남
2024-08-01,29.2,32.6,1246,32.4,해남
2024-08-02,29.2,33.4,1456,32.3,해남
2024-08-03,29.8,34.7,1344,32.2,해남
2024-08-04,30.0,35.0,1305,31.9,해남
2024-08-05,28.3,33.5,1424,33.3,해남
2024-08-06,29.0,34.3,1450,32.6,해남
2024-08-07,29.3,34.6,1326,33.7,해남
2024-08-08,28.3,34.2,1309,31.9,해남
2024-08-09,28.9,34.5,1349,34.1,해남
2024-08-10,28.7,34.1,1253,34.6,해남
2024-08-11,28.9,33.0,1441,34.4,해남
2024-08-12,28.4,34.4,1437,34.8,해남
2024-08-13,27.6,33.2,1427,32.3,해남
2024-08-14,28.2,34.4,1323,34.4,해남
2024-08-15,27.6,34.8,1330,31.8,해남
2024-08-16,27.0,33.7,1258,32.1,해남
2024-08-17,26.7,33.5,1250,29.4,해남
2024-08-18,27.8,33.4,1250,31.2,해남
2024-08-19,28.8,33.7,1432,33.0,해남
2024-08-20,28.5,33.0,1231,31.1,해남
2024-08-21,30.2,34.2,1401,31.2,해남
2024-08-22,28.2,31.7,1539,30.1,해남
2024-08-23,27.7,32.7,1451,30.0,해남
2024-08-24,28.0,33.5,1506,31.3,해남
2024-08-25,28.0,33.7,1337,31.2,해남
2024-08-26,27.5,32.8,1146,30.3,해남
2024-08-27,28.1,34.0,1436,32.5,해남
2024-08-28,28.7,33.5,1416,31.6,해남
2024-08-29,28.4,34.4,1433,31.6,해남
2024-08-30,27.7,33.3,1335,32.1,해남
2024-08-31,25.9,31.4,1251,31.2,해남
2024-09-01,26.3,32.5,1204,31.3,해남
2024-09-02,25.2,30.4,1333,29.2,해남
2024-09-03,26.4,30.9,1249,29.3,해남
2024-09-04,26.3,31.0,1427,31.2,해남
2024-09-05,26.8,32.8,1435,31.7,해남
2024-09-06,27.5,33.0,1445,29.0,해남
2024-09-07,26.1,32.0,1256,27.4,해남
2024-09-08,26.6,32.8,1502,30.1,해남
2024-09-09,27.3,33.5,1441,32.0,해남
2024-09-10,28.3,34.0,1423,32.8,해남
2024-09-11,27.6,32.1,1056,29.3,해남
2024-09-12,28.3,32.7,1303,30.2,해남
2024-09-13,27.8,33.7,1401,30.6,해남
2024-09-14,28.0,34.5,1409,30.0,해남
2024-09-15,28.9,34.2,1304,31.0,해남
2024-09-16,27.7,28.9,149,27.9,해남
2024-09-17,27.8,34.1,1303,28.4,해남
2024-09-18,28.5,33.8,1316,29.8,해남
2024-09-19,28.7,34.2,1252,29.9,해남
2024-09-20,28.1,31.3,1236,28.6,해남
2024-09-21,25.7,28.3,749,26.5,해남
2024-09-22,22.2,23.3,1,25.3,해남
2024-09-23,22.6,27.3,1355,25.4,해남
2024-09-24,22.2,28.5,1258,24.2,해남
2024-09-25,23.1,29.8,1333,25.9,해남
2024-09-26,24.2,29.8,1305,26.2,해남
2024-09-27,23.3,29.0,1436,26.5,해남
2024-09-28,23.7,29.6,1501,26.3,해남
2024-09-29,23.8,28.8,1350,25.3,해남
2024-09-30,23.0,29.3,1356,25.7,해남
2024-10-01,20.5,27.2,1039,23.6,해남
2024-10-02,16.9,21.1,1329,22.7,해남
2024-10-03,13.4,16.7,1605,18.2,해남
2024-10-04,15.8,24.9,1504,21.0,해남
2024-10-05,17.2,25.7,1306,21.1,해남
2024-10-06,17.0,22.7,1248,19.4,해남
2024-10-07,16.5,20.0,1521,19.9,해남
2024-10-08,17.6,24.2,1457,21.0,해남
2024-10-09,18.1,24.3,1315,20.3,해남
2024-10-10,18.7,24.3,1353,22.2,해남
2024-10-11,17.2,25.2,1450,20.4,해남
2024-10-12,17.1,26.3,1517,20.8,해남
2024-10-13,18.4,24.9,1313,19.0,해남
2024-10-14,20.5,22.6,1103,20.6,해남
2024-10-15,21.3,24.4,1121,21.9,해남
2024-10-16,20.0,26.8,1345,21.6,해남
2024-10-17,19.8,24.4,1345,20.9,해남
2024-10-18,23.5,27.6,1420,22.6,해남
2024-10-19,19.9,24.5,10,21.8,해남
2024-10-20,15.6,19.5,1449,18.3,해남
2024-10-21,18.4,23.9,1209,18.7,해남
2024-10-22,19.6,22.5,1334,20.3,해남
2024-10-23,15.6,18.5,1139,18.8,해남
2024-10-24,13.8,20.9,1448,16.6,해남
2024-10-25,15.6,21.6,1329,16.0,해남
2024-10-26,17.8,24.1,1351,19.0,해남
2024-10-27,17.2,20.2,1415,18.7,해남
2024-10-28,16.0,20.2,1518,18.6,해남
2024-10-29,16.3,22.1,1326,18.2,해남
2024-10-30,15.0,23.0,1434,17.7,해남
2024-10-31,17.1,22.8,1346,17.8,해남
2024-11-01,15.5,18.2,3,16.8,해남
2024-11-02,17.5,22.0,1314,18.8,해남
2024-11-03,16.3,22.7,1251,17.4,해남
2024-11-04,14.9,21.2,1428,16.1,해남
2024-11-05,12.8,15.9,1236,14.4,해남
2024-11-06,10.6,15.0,1408,12.2,해남
2024-11-07,8.8,18.0,1437,11.7,해남
2024-11-08,12.3,19.9,1127,14.0,해남
2024-11-09,12.2,20.1,1415,13.6,해남
2024-11-10,14.7,18.2,1303,15.0,해남
2024-11-11,12.7,21.8,1446,14.3,해남
2024-11-12,13.2,19.9,1302,14.1,해남
2024-11-13,14.0,22.0,1245,14.0,해남
2024-11-14,16.6,21.4,1358,16.2,해남
2024-11-15,17.1,20.4,1337,16.9,해남
2024-11-16,18.6,23.4,1430,17.7,해남
2024-11-17,12.7,17.4,4,14.6,해남
2024-11-18,5.5,10.6,1417,10.2,해남
2024-11-19,7.5,15.4,1429,10.8,해남
2024-11-20,10.6,14.6,1404,12.9,해남
2024-11-21,8.5,15.4,1253,10.4,해남
2024-11-22,9.5,14.0,1110,11.2,해남
2024-11-23,5.6,12.5,1313,9.9,해남
2024-11-24,8.3,16.4,1511,10.7,해남
2024-11-25,13.6,17.0,1158,12.2,해남
2024-11-26,10.3,16.0,103,12.1,해남
2024-11-27,5.8,8.0,6,8.2,해남
2024-11-28,7.1,11.2,1305,7.7,해남
2024-11-29,8.2,10.7,2352,7.5,해남
2024-11-30,8.0,13.4,1337,9.2,해남
2024-12-01,7.5,15.9,1152,8.2,해남
2024-12-02,10.1,18.1,1218,9.9,해남
2024-12-03,6.0,9.9,1302,8.3,해남
2024-12-04,4.0,10.6,1401,6.8,해남
2024-12-05,6.8,11.8,1215,7.2,해남
2024-12-06,7.3,11.5,1243,7.4,해남
2024-12-07,3.1,9.9,1130,5.5,해남
2024-12-08,3.2,7.5,1314,6.2,해남
2024-12-09,3.1,9.2,1447,6.6,해남
2024-12-10,4.3,10.1,1332,6.6,해남
2024-12-11,6.0,10.3,1356,7.0,해남
2024-12-12,4.5,8.8,1339,5.7,해남
2024-12-13,2.9,9.3,1355,5.5,해남
2024-12-14,2.3,6.8,1252,4.5,해남
2024-12-15,5.3,8.3,1210,4.8,해남
2024-12-16,4.0,9.3,1255,6.6,해남
2024-12-17,2.6,9.9,1241,5.1,해남
2024-12-18,2.2,4.9,1418,4.9,해남
2024-12-19,0.0,5.7,1438,3.3,해남
2024-12-20,0.9,8.8,1533,2.5,해남
2024-12-21,4.2,6.7,1228,4.1,해남
2024-12-22,1.7,5.2,1356,4.5,해남
2024-12-23,1.5,9.6,1338,3.2,해남
2024-12-24,3.7,8.7,1422,5.3,해남
2024-12-25,1.8,9.1,1245,2.9,해남
2024-12-26,4.6,8.7,1232,4.6,해남
2024-12-27,3.9,6.1,1255,4.6,해남
2024-12-28,1.9,5.3,1534,3.7,해남
2024-12-29,3.4,9.3,1441,4.9,해남
2024-12-30,5.3,12.9,1212,5.9,해남
2024-12-31,4.2,7.4,321,5.9,해남
2025-01-01,1.4,10.1,1348,3.7,해남
2025-01-02,2.3,9.5,1416,4.3,해남
2025-01-03,1.8,5.8,1342,3.8,해남
2025-01-04,2.0,7.6,1302,4.5,해남
2025-01-05,3.1,9.0,1504,4.1,해남
2025-01-06,3.1,7.5,1242,3.6,해남
2025-01-07,2.7,6.3,1551,3.2,해남
2025-01-08,3.3,9.0,1403,4.3,해남
2025-01-09,-3.0,0.8,10,2.5,해남
2025-01-10,-3.4,1.4,1504,2.6,해남
2025-01-11,-1.3,3.5,1248,2.2,해남
2025-01-12,-0.2,4.7,1450,2.2,해남
2025-01-13,0.1,7.9,1443,3.3,해남
2025-01-14,4.2,11.9,1339,4.5,해남
2025-01-15,1.6,4.2,40,2.9,해남
2025-01-16,1.8,8.0,1438,4.5,해남
2025-01-17,1.9,7.3,1457,4.2,해남
2025-01-18,0.0,9.3,1508,2.7,해남
2025-01-19,1.7,11.2,1306,3.1,해남
2025-01-20,2.3,9.0,1345,3.8,해남
2025-01-21,1.2,9.3,1356,3.8,해남
2025-01-22,1.6,9.4,1454,2.4,해남
2025-01-23,2.2,11.7,1437,5.3,해남
2025-01-24,2.3,13.0,1345,5.1,해남
2025-01-25,3.9,12.9,1459,5.9,해남
2025-01-26,4.2,8.8,1433,4.2,해남
2025-01-27,1.8,6.0,106,3.8,해남
2025-01-28,-0.1,2.0,1230,1.5,해남
2025-01-29,-0.3,3.2,1304,1.9,해남
2025-01-30,0.2,7.8,1422,3.1,해남
2025-01-31,3.7,8.9,1436,2.9,해남
2025-02-01,5.8,6.7,1439,5.8,해남
2025-02-02,4.3,8.2,1430,6.4,해남
2025-02-03,0.9,4.3,318,4.3,해남
2025-02-04,-2.1,-0.3,1442,1.2,해남
2025-02-05,-2.9,1.6,1552,1.4,해남
2025-02-06,-1.9,2.5,1423,3.8,해남
2025-02-07,-2.8,1.7,811,0.8,해남
2025-02-08,-2.8,-0.1,1616,0.9,해남
2025-02-09,-1.0,2.7,1255,3.6,해남
2025-02-10,-0.6,5.0,1427,3.5,해남
2025-02-11,2.5,9.9,1243,3.7,해남
2025-02-12,5.4,9.6,1342,4.8,해남
2025-02-13,1.9,6.4,1431,4.2,해남
2025-02-14,2.3,10.5,1423,4.5,해남
2025-02-15,2.4,8.5,1306,3.3,해남
2025-02-16,4.9,12.3,1414,7.2,해남
2025-02-17,2.9,6.8,1353,4.0,해남
2025-02-18,1.4,4.7,1441,4.8,해남
2025-02-19,1.0,3.9,1120,4.6,해남
2025-02-20,0.2,5.1,1315,4.0,해남
2025-02-21,0.7,4.4,1414,5.8,해남
2025-02-22,-0.2,4.6,1433,5.2,해남
2025-02-23,0.1,3.2,1130,3.6,해남
2025-02-24,0.7,5.3,1247,3.1,해남
2025-02-25,1.0,7.8,1244,3.5,해남
2025-02-26,2.7,11.5,1323,6.5,해남
2025-02-27,5.0,14.6,1327,6.4,해남
2025-02-28,9.0,15.9,1509,11.3,해남
2025-03-01,10.9,14.8,1015,8.9,해남
2025-03-02,13.7,16.7,1240,11.7,해남
2025-03-03,6.3,10.9,4,7.9,해남
2025-03-04,5.4,9.0,1627,8.3,해남
2025-03-05,5.7,8.3,1039,7.5,해남
2025-03-06,5.4,10.0,1420,8.9,해남
2025-03-07,4.8,12.1,1409,6.6,해남
2025-03-08,5.7,9.4,1456,7.0,해남
2025-03-09,5.1,14.1,1449,8.0,해남
2025-03-10,6.6,13.1,1646,7.0,해남
2025-03-11,8.3,18.3,1508,11.0,해남
2025-03-12,8.7,15.6,1521,10.5,해남
2025-03-13,10.2,19.2,1534,13.5,해남
2025-03-14,11.4,20.0,1355,13.3,해남
2025-03-15,9.0,12.7,43,9.8,해남
2025-03-16,4.9,7.6,1000,7.8,해남
2025-03-17,3.1,7.6,1419,7.4,해남
2025-03-18,2.9,5.9,1423,4.7,해남
2025-03-19,3.0,8.3,1450,7.8,해남
2025-03-20,6.6,14.5,1333,8.9,해남
2025-03-21,11.1,19.5,1247,12.7,해남
2025-03-22,10.7,21.4,1138,14.3,해남
2025-03-23,12.5,22.3,1348,13.7,해남
2025-03-24,15.6,21.8,1201,18.0,해남
2025-03-25,14.4,24.6,1531,17.7,해남
2025-03-26,15.6,23.6,1406,18.3,해남
2025-03-27,14.0,21.7,255,15.1,해남
2025-03-28,6.8,9.5,1257,15.0,해남
2025-03-29,4.4,8.6,1200,6.1,해남
2025-03-30,3.7,9.0,1428,10.9,해남
2025-03-31,6.1,13.8,1235,12.1,해남
2025-04-01,7.2,17.2,1355,13.7,해남
2025-04-02,8.0,17.6,1235,13.1,해남
2025-04-03,8.5,14.0,1344,13.7,해남
2025-04-04,8.0,16.8,1338,13.9,해남
2025-04-05,11.0,14.0,955,12.1,해남
2025-04-06,8.1,17.1,1408,14.3,해남
2025-04-07,11.7,19.2,1047,15.6,해남
2025-04-08,14.3,21.5,1416,19.9,해남
2025-04-09,13.0,20.9,1410,15.1,해남
2025-04-10,12.0,16.9,1434,20.4,해남
2025-04-11,12.5,22.1,1315,17.4,해남
2025-04-12,12.9,17.3,1312,14.4,해남
2025-04-13,7.7,11.9,1435,10.6,해남
2025-04-14,9.2,14.3,1122,8.9,해남
2025-04-15,9.4,14.8,1414,14.7,해남
2025-04-16,15.3,21.0,1456,17.9,해남
2025-04-17,19.4,23.1,1111,24.2,해남
2025-04-18,17.5,20.6,1405,20.0,해남
2025-04-19,19.9,25.0,1239,22.9,해남
2025-04-20,17.4,24.1,1312,19.1,해남
2025-04-21,17.5,22.4,1546,20.3,해남
2025-04-22,16.3,19.2,1215,17.5,해남
2025-04-23,14.5,19.0,1604,18.4,해남
2025-04-24,15.3,20.5,1401,22.7,해남
2025-04-25,12.8,19.3,1234,18.7,해남
2025-04-26,12.4,22.1,1203,20.8,해남
2025-04-27,15.4,25.9,1357,20.3,해남
2025-04-28,15.1,20.1,1139,22.4,해남
2025-04-29,12.1,21.2,1521,20.9,해남
2025-04-30,15.7,24.8,1236,23.3,해남
2025-05-01,15.8,20.2,957,16.9,해남
2025-05-02,12.8,18.5,1432,19.2,해남
2025-05-03,13.5,18.5,945,14.4,해남
2025-05-04,12.8,20.8,1505,20.7,해남
2025-05-05,11.6,18.9,912,15.1,해남
2025-05-06,12.1,15.9,1626,13.4,해남
2025-05-07,13.0,21.2,1328,17.6,해남
2025-05-08,15.3,21.7,1218,20.9,해남
2025-05-09,16.0,17.8,1734,15.8,해남
2025-05-10,13.5,15.8,1420,16.1,해남
2025-05-11,13.9,20.7,1535,16.6,해남
2025-05-12,15.6,22.8,1359,22.4,해남
2025-05-13,17.4,24.9,1435,23.5,해남
2025-05-14,18.2,23.1,1414,22.7,해남
2025-05-15,19.6,21.1,352,20.4,해남
2025-05-16,19.3,21.5,903,20.1,해남
2025-05-17,17.8,22.3,1543,22.0,해남
2025-05-18,16.7,22.4,1452,22.4,해남
2025-05-19,18.9,23.9,1518,20.8,해남
2025-05-20,22.3,26.5,1411,23.7,해남
2025-05-21,22.1,24.2,1350,23.0,해남
2025-05-22,20.2,26.4,1247,23.0,해남
2025-05-23,18.1,19.8,1252,19.5,해남
2025-05-24,17.1,21.8,1153,20.2,해남
2025-05-25,17.0,23.4,1418,25.8,해남
2025-05-26,17.9,24.7,1247,25.4,해남
2025-05-27,18.6,26.3,1428,25.9,해남
2025-05-28,19.4,29.1,1354,26.1,해남
2025-05-29,19.8,27.8,1406,27.7,해남
2025-05-30,19.1,25.8,1347,26.6,해남
2025-05-31,18.4,24.6,1404,25.4,해남
2025-06-01,19.9,28.5,1433,28.1,해남
2025-06-02,17.3,19.3,826,19.4,해남
2025-06-03,19.3,24.1,1429,26.4,해남
2025-06-04,19.5,26.6,1533,27.2,해남
2025-06-05,19.8,28.1,1317,26.0,해남
2025-06-06,21.0,27.0,1154,24.3,해남
2025-06-07,22.7,29.3,1422,30.8,해남
2025-06-08,23.4,30.0,1416,29.5,해남
2025-06-09,22.4,28.3,1657,27.0,해남
2025-06-10,22.3,28.3,1103,27.9,해남
2025-06-11,22.9,29.2,1430,34.0,해남
2025-06-12,21.8,27.2,1413,27.5,해남
2025-06-13,21.0,22.8,1327,22.3,해남
2025-06-14,23.4,26.7,1654,23.9,해남
2025-06-15,24.0,29.6,1411,26.0,해남
2025-06-16,22.7,26.0,1318,24.2,해남
2025-06-17,23.6,27.3,1456,25.7,해남
2025-06-18,23.2,30.5,1438,27.7,해남
2025-06-19,23.8,28.2,1421,27.4,해남
2025-06-20,25.8,29.6,1208,25.6,해남
2025-06-21,22.8,25.1,1,24.0,해남
2025-06-22,22.4,27.0,1406,25.2,해남
2025-06-23,23.2,30.8,1334,26.6,해남
2025-06-24,21.8,24.1,1408,23.3,해남
2025-06-25,22.5,26.2,1344,26.7,해남
2025-06-26,23.2,28.7,1451,29.5,해남
2025-06-27,25.7,30.8,1500,32.0,해남
2025-06-28,26.8,30.6,1258,30.6,해남
2025-06-29,27.3,31.3,1240,33.9,해남
2025-06-30,28.1,33.6,1435,36.1,해남
2025-07-01,28.3,32.9,1513,35.2,해남
2025-07-02,28.3,32.6,1524,37.0,해남
2025-07-03,27.9,31.9,1358,37.2,해남
2025-07-04,27.4,30.8,1447,34.2,해남
2025-07-05,28.1,31.3,1304,35.9,해남
2025-07-06,28.2,32.5,1324,37.3,해남
2025-07-07,28.6,34.2,1353,36.2,해남
2025-07-08,28.8,33.7,1419,37.0,해남
2025-07-09,28.1,34.7,1347,37.2,해남
2025-07-10,28.6,34.2,1433,36.4,해남
2025-07-11,28.7,34.4,1342,36.9,해남
2025-07-12,27.1,33.1,1245,34.4,해남
2025-07-13,23.3,25.6,845,25.9,해남
2025-07-14,25.0,29.5,1223,27.9,해남
2025-07-15,25.2,29.6,1559,27.4,해남
2025-07-16,25.6,27.7,2254,26.4,해남
2025-07-17,27.4,29.5,857,27.1,해남
2025-07-18,25.6,29.6,1437,27.9,해남
2025-07-19,28.0,31.3,1316,28.3,해남
2025-07-20,27.7,30.7,1322,29.7,해남
2025-07-21,28.2,32.3,1214,30.5,해남
2025-07-22,27.7,32.0,1438,30.6,해남
2025-07-23,27.4,33.8,1440,32.5,해남
2025-07-24,27.9,34.3,1449,33.0,해남
2025-07-25,28.6,34.0,1334,33.5,해남
2025-07-26,29.7,34.6,1334,34.9,해남
2025-07-27,29.8,34.4,1442,35.7,해남
2025-07-28,28.9,35.4,1501,35.4,해남
2025-07-29,28.4,34.2,1303,34.6,해남
2025-07-30,28.1,32.9,1138,32.3,해남
2025-07-31,28.7,33.1,1300,35.6,해남
2025-08-01,29.2,35.8,1522,34.8,해남
2025-08-02,28.2,34.5,1310,33.4,해남
2025-08-03,27.9,30.6,1312,29.6,해남
2025-08-04,29.0,32.8,1355,33.9,해남
2025-08-05,27.8,31.6,1329,29.2,해남
2025-08-06,28.0,30.1,1537,28.6,해남
2025-08-07,28.0,31.4,1555,29.3,해남
2025-08-08,26.1,32.0,1344,30.5,해남
2025-08-09,24.0,25.0,828,25.4,해남
2025-08-10,26.2,30.1,1444,28.4,해남
2025-08-11,24.1,26.5,749,25.8,해남
2025-08-12,23.8,25.8,1332,25.2,해남
2025-08-13,27.4,31.9,1347,28.6,해남
2025-08-14,27.7,31.9,1522,30.4,해남
2025-08-15,27.8,33.5,1454,33.3,해남
2025-08-16,27.0,33.3,1354,32.6,해남
2025-08-17,26.9,32.9,1403,33.5,해남
2025-08-18,27.3,32.7,1356,33.0,해남
2025-08-19,27.7,32.9,1224,33.7,해남
2025-08-20,28.1,33.5,1351,33.9,해남
2025-08-21,28.2,34.5,1247,34.5,해남
2025-08-22,27.9,33.9,1316,35.9,해남
2025-08-23,27.9,33.2,1255,35.7,해남
2025-08-24,28.2,33.0,1302,35.5,해남
2025-08-25,29.0,33.7,1436,35.8,해남
2025-08-26,28.5,32.7,1413,32.7,해남
2025-08-27,27.9,33.1,1357,35.3,해남
2025-08-28,27.7,33.5,1424,36.1,해남
2025-08-29,28.1,34.0,1307,35.8,해남
2025-08-30,28.1,34.1,1324,37.2,해남
2025-08-31,27.4,32.8,1353,32.5,해남
2025-09-01,28.3,33.4,1326,34.2,해남
2025-09-02,26.5,31.4,1251,31.4,해남
2025-09-03,26.9,32.8,1312,35.2,해남
2025-09-04,27.7,33.7,1344,33.9,해남
2025-09-05,28.0,34.1,1222,35.1,해남
2025-09-06,28.2,32.6,1305,33.5,해남
2025-09-07,26.7,32.4,1151,28.2,해남
2025-09-08,24.4,27.7,1015,27.8,해남
2025-09-09,21.5,23.4,1143,24.2,해남
2025-09-10,24.1,30.0,1452,27.9,해남
2025-09-11,25.1,30.6,1331,28.1,해남
2025-09-12,25.9,29.8,1340,26.5,해남
2025-09-13,26.7,29.9,1428,27.1,해남
2025-09-14,25.3,30.4,1231,27.6,해남
2025-09-15,25.5,30.0,1520,28.1,해남
2025-09-16,27.0,31.4,1334,29.2,해남
2025-09-17,26.2,31.1,1223,27.0,해남
2025-09-18,23.9,28.6,1328,27.7,해남
2025-09-19,23.9,27.3,1259,25.3,해남
2025-09-20,23.2,27.0,426,25.2,해남
2025-09-21,21.7,28.0,1417,26.3,해남
2025-09-22,22.7,27.3,1351,24.0,해남
2025-09-23,23.2,28.4,1357,25.8,해남
2025-09-24,25.4,30.1,1356,26.8,해남
2025-09-25,23.7,25.4,1613,25.2,해남
2025-09-26,24.0,28.6,1153,25.7,해남
2025-09-27,22.9,25.5,1335,25.1,해남
2025-09-28,23.6,27.8,1314,24.4,해남
2025-09-29,21.1,26.0,1415,23.6,해남
2025-09-30,18.8,25.5,1529,22.6,해남
2025-10-01,19.6,26.9,1502,22.6,해남
2025-10-02,19.0,24.2,1156,20.8,해남
2025-10-03,19.2,20.6,2314,19.9,해남
2025-10-04,22.6,27.1,1208,24.7,해남
2025-10-05,22.8,27.0,1221,24.3,해남
2025-10-06,23.5,28.9,1343,25.6,해남
2025-10-07,22.8,26.0,1127,24.4,해남
2025-10-08,22.6,26.7,1444,25.7,해남
2025-10-09,23.7,27.9,1251,25.7,해남
2025-10-10,21.8,26.8,1437,24.8,해남
2025-10-11,22.8,29.1,1455,26.2,해남
2025-10-12,22.2,27.9,1506,25.6,해남
2025-10-13,23.6,29.5,1334,26.2,해남
2025-10-14,20.8,23.4,1534,23.8,해남
2025-10-15,21.1,22.9,1515,21.1,해남
2025-10-16,21.4,24.4,1458,23.5,해남
2025-10-17,22.0,25.1,1144,21.1,해남
2025-10-18,19.3,22.7,620,20.4,해남
2025-10-19,18.0,21.0,1318,20.2,해남
2025-10-20,13.6,17.7,1416,17.2,해남
2025-10-21,13.2,16.4,1524,15.8,해남
2025-10-22,13.5,21.4,1412,19.3,해남
2025-10-23,15.4,23.4,1230,19.9,해남
2025-10-24,15.1,23.1,1345,19.4,해남
2025-10-25,15.1,19.7,1425,19.2,해남
2025-10-26,15.3,20.2,1304,17.9,해남
2025-10-27,11.4,14.5,201,17.0,해남
2025-10-28,9.0,16.1,1342,14.5,해남
2025-10-29,8.8,18.7,1411,13.8,해남
2025-10-30,12.1,19.7,1259,14.4,해남
2025-10-31,13.5,20.6,1405,17.7,해남
2025-11-01,13.4,18.9,1342,14.7,해남
2025-11-02,11.9,17.6,1057,13.8,해남
2025-11-03,9.4,16.0,1422,13.4,해남
2025-11-04,10.8,19.0,1502,14.3,해남
2025-11-05,11.9,21.6,1356,15.5,해남
2025-11-06,11.9,21.2,1354,15.7,해남
2025-11-07,13.5,22.1,1440,15.9,해남
2025-11-08,15.5,18.7,1155,15.3,해남
2025-11-09,14.7,19.3,1230,15.7,해남
2025-11-10,11.1,15.4,1258,12.6,해남
2025-11-11,9.8,16.8,1520,11.5,해남
2025-11-12,7.4,13.6,1300,9.2,해남
2025-11-13,11.2,18.1,1323,14.0,해남
2025-11-14,11.1,16.2,1300,12.6,해남
2025-11-15,9.1,19.6,1436,12.1,해남
2025-11-16,10.5,20.4,1208,12.4,해남
2025-11-17,9.2,13.0,252,11.2,해남
2025-11-18,7.4,10.4,1312,11.6,해남
2025-11-19,6.6,10.7,1323,10.1,해남
2025-11-20,8.0,14.7,1407,9.7,해남
2025-11-21,8.1,14.1,1300,10.4,해남
2025-11-22,6.2,15.4,1418,9.0,해남
2025-11-23,8.0,17.0,1411,10.8,해남
2025-11-24,10.8,19.6,1315,12.8,해남
2025-11-25,8.7,12.2,1229,9.1,해남
2025-11-26,7.4,13.0,1325,9.8,해남
2025-11-27,7.6,14.4,1026,7.9,해남
2025-11-28,5.8,11.0,1423,7.8,해남
2025-11-29,7.1,17.0,1526,8.0,해남
2025-11-30,10.7,19.5,1404,11.3,해남
2025-12-01,8.4,13.4,1231,10.0,해남
2025-12-02,5.9,10.0,1312,7.6,해남
2025-12-03,1.4,4.9,1304,3.5,해남
2025-12-04,3.0,7.7,1311,6.2,해남
2025-12-05,2.2,6.8,1414,5.4,해남
2025-12-06,2.1,12.5,1321,4.5,해남
2025-12-07,7.1,16.9,1413,8.0,해남
2025-12-08,7.4,10.8,1335,8.0,해남
2025-12-09,3.0,10.9,1452,3.8,해남
2025-12-10,6.7,13.9,1217,7.0,해남
2025-12-11,9.4,15.0,1126,9.5,해남
2025-12-12,5.1,12.2,1436,4.6,해남
2025-12-13,6.4,10.4,1237,7.1,해남
2025-12-14,4.9,7.2,1237,5.4,해남
2025-12-15,3.4,10.2,1312,4.7,해남
2025-12-16,6.6,13.5,1416,6.3,해남
2025-12-17,6.5,10.6,1335,6.9,해남
2025-12-18,2.5,12.6,1440,3.6,해남
2025-12-19,9.3,18.6,1355,8.0,해남
2025-12-20,10.6,18.0,1158,9.7,해남
2025-12-21,3.5,7.3,1,4.4,해남
2025-12-22,0.8,10.9,1414,2.5,해남
2025-12-23,9.3,13.5,1303,7.3,해남
2025-12-24,6.5,10.3,256,7.2,해남
2025-12-25,2.1,5.8,1254,2.8,해남
2025-12-26,-2.8,0.4,1538,-0.3,해남
2025-12-27,-1.3,7.4,1509,1.2,해남
2025-12-28,3.5,12.1,1341,3.5,해남
2025-12-29,5.9,14.3,1345,5.7,해남
2025-12-30,3.5,8.0,1442,3.6,해남
2025-12-31,-1.3,2.7,1158,0.4,해남
2026-01-01,-2.8,-0.1,1543,-0.5,해남
2026-01-02,-1.6,0.8,1314,0.7,해남
2026-01-03,0.5,6.1,1410,1.9,해남
2026-01-04,1.7,8.4,1311,2.2,해남
2026-01-05,3.2,7.1,1342,4.1,해남
2026-01-06,0.5,6.5,1427,1.3,해남
2026-01-07,1.4,8.8,1328,2.3,해남
2026-01-08,0.0,2.8,1228,1.4,해남
2026-01-09,2.4,8.7,2325,2.3,해남
2026-01-10,6.5,10.5,1038,7.1,해남
2026-01-11,-2.6,0.3,1,0.5,해남
2026-01-12,2.6,10.3,2327,3.6,해남
2026-01-13,3.6,9.2,1,3.8,해남
2026-01-14,3.3,10.9,1411,3.2,해남
2026-01-15,11.3,16.6,1253,11.1,해남
2026-01-16,4.7,14.8,1505,7.5,해남
2026-01-17,3.3,10.3,1436,5.0,해남
2026-01-18,4.1,15.1,1508,5.0,해남
2026-01-19,1.2,4.2,212,3.0,해남
2026-01-20,-2.4,1.1,1359,1.1,해남
2026-01-21,-3.2,-0.4,1143,-0.5,해남
2026-01-22,-4.2,-0.2,1404,1.1,해남
2026-01-23,-0.4,5.3,1427,0.7,해남
2026-01-24,0.0,3.7,1357,2.4,해남
2026-01-25,-1.3,4.0,1420,0.9,해남
2026-01-26,-2.0,1.8,1522,0.3,해남
2026-01-27,0.6,5.0,1218,3.5,해남
2026-01-28,-0.9,3.9,1512,1.0,해남
2026-01-29,-1.5,4.8,1522,0.5,해남
2026-01-30,-1.8,2.0,1359,0.2,해남
2026-01-31,-0.7,3.7,1329,1.7,해남
