date,avg_temp,max_temp,min_temp,precip,location
2021-12-01,1.3,4.4,-3.7,3.2,논산(부여)
2021-12-01,4.5,6.4,1.8,4.3,무안(목포)
2021-12-01,0.6,3.4,-2.3,1.5,상주
2021-12-01,6.1,7.6,4.3,7.3,신안
2021-12-01,8.0,9.4,7.0,8.0,제주
2021-12-01,3.6,7.1,-1.4,3.2,창녕(밀양)
2021-12-01,-6.7,-3.8,-8.9,-3.8,평창
2021-12-01,-2.4,1.6,-5.4,0.4,포천(동두천)
2021-12-01,3.7,6.5,1.0,4.8,해남
2021-12-02,2.2,7.3,-4.0,3.1,논산(부여)
2021-12-02,5.2,9.4,1.5,6.0,무안(목포)
2021-12-02,1.4,6.9,-3.3,1.8,상주
2021-12-02,7.8,10.2,5.8,7.9,신안
2021-12-02,9.1,12.4,7.0,8.8,제주
2021-12-02,1.3,8.4,-4.5,1.3,창녕(밀양)
2021-12-02,-3.9,0.1,-10.2,-3.7,평창
2021-12-02,-0.8,4.4,-7.9,-1.6,포천(동두천)
2021-12-02,3.0,7.9,0.0,4.9,해남
2021-12-03,3.9,9.1,-0.7,4.1,논산(부여)
2021-12-03,7.9,10.8,5.7,6.3,무안(목포)
2021-12-03,3.9,8.4,0.3,3.4,상주
2021-12-03,9.2,11.6,6.9,8.2,신안
2021-12-03,11.2,14.5,8.6,9.1,제주
2021-12-03,4.3,11.3,-0.7,1.9,창녕(밀양)
2021-12-03,-2.2,0.6,-7.0,-2.2,평창
2021-12-03,1.1,4.8,-2.8,1.0,포천(동두천)
2021-12-03,5.4,11.1,2.0,5.3,해남
2021-12-04,-0.4,4.6,-3.8,1.3,논산(부여)
2021-12-04,6.8,11.9,2.4,6.7,무안(목포)
2021-12-04,2.1,7.3,-0.9,1.5,상주
2021-12-04,9.5,13.2,7.0,9.0,신안
2021-12-04,11.3,14.4,8.7,9.7,제주
2021-12-04,3.4,9.8,-2.1,1.9,창녕(밀양)
2021-12-04,-3.9,1.1,-9.0,-3.7,평창
2021-12-04,-0.3,6.8,-6.0,-0.2,포천(동두천)
2021-12-04,5.5,11.2,-1.3,5.7,해남
2021-12-05,0.9,9.6,-4.9,2.2,논산(부여)
2021-12-05,5.4,9.3,2.0,5.4,무안(목포)
2021-12-05,1.0,9.2,-4.5,2.4,상주
2021-12-05,8.4,11.5,7.1,9.0,신안
2021-12-05,9.7,14.3,7.1,8.6,제주
2021-12-05,3.5,12.0,-2.9,2.3,창녕(밀양)
2021-12-05,-3.3,5.8,-11.4,-3.1,평창
2021-12-05,0.4,9.7,-5.7,0.3,포천(동두천)
2021-12-05,1.9,10.6,-4.6,4.2,해남
2021-12-06,3.7,12.9,-2.7,2.9,논산(부여)
2021-12-06,7.1,12.3,3.4,6.7,무안(목포)
2021-12-06,3.4,11.3,-2.8,3.4,상주
2021-12-06,9.3,11.9,6.7,8.9,신안
2021-12-06,10.5,16.8,7.2,9.5,제주
2021-12-06,5.4,14.4,-0.5,4.4,창녕(밀양)
2021-12-06,-0.7,9.0,-7.9,-1.8,평창
2021-12-06,2.6,11.6,-4.0,1.5,포천(동두천)
2021-12-06,4.3,13.4,-2.5,5.5,해남
2021-12-07,4.9,13.0,-1.8,3.5,논산(부여)
2021-12-07,7.8,11.2,4.7,6.2,무안(목포)
2021-12-07,5.5,13.8,-1.3,4.8,상주
2021-12-07,10.4,12.8,9.1,9.4,신안
2021-12-07,11.5,15.3,7.8,8.8,제주
2021-12-07,7.9,15.4,0.4,6.1,창녕(밀양)
2021-12-07,-1.0,3.0,-6.2,-1.5,평창
2021-12-07,4.1,12.3,-1.8,2.9,포천(동두천)
2021-12-07,5.1,12.9,-3.2,5.2,해남
2021-12-08,4.6,13.8,-1.4,3.8,논산(부여)
2021-12-08,8.1,13.4,4.2,7.0,무안(목포)
2021-12-08,4.0,12.2,-1.8,4.2,상주
2021-12-08,10.3,12.2,8.5,9.7,신안
2021-12-08,11.3,16.0,8.0,9.1,제주
2021-12-08,6.7,14.6,1.5,5.1,창녕(밀양)
2021-12-08,-0.4,7.9,-5.7,-0.2,평창
2021-12-08,3.4,12.8,-2.5,2.7,포천(동두천)
2021-12-08,3.1,13.6,-4.1,4.6,해남
2021-12-09,4.5,11.4,-2.2,3.4,논산(부여)
2021-12-09,9.4,13.7,4.6,7.5,무안(목포)
2021-12-09,3.4,9.3,-2.5,3.8,상주
2021-12-09,11.6,14.6,9.5,10.0,신안
2021-12-09,12.6,15.4,9.9,10.6,제주
2021-12-09,7.0,14.8,-0.3,4.7,창녕(밀양)
2021-12-09,-0.7,7.5,-6.7,-0.6,평창
2021-12-09,4.0,10.1,-1.7,2.5,포천(동두천)
2021-12-09,6.6,14.5,-3.1,5.4,해남
2021-12-10,6.2,12.8,2.4,6.8,논산(부여)
2021-12-10,10.6,13.7,8.5,9.4,무안(목포)
2021-12-10,5.6,9.6,0.3,5.1,상주
2021-12-10,11.5,14.3,9.7,11.1,신안
2021-12-10,13.6,16.3,11.6,11.5,제주
2021-12-10,7.3,14.7,2.0,6.2,창녕(밀양)
2021-12-10,2.3,8.8,-4.2,0.0,평창
2021-12-10,4.8,6.4,3.0,3.7,포천(동두천)
2021-12-10,9.9,14.9,3.8,8.6,해남
2021-12-11,6.0,11.1,2.4,6.7,논산(부여)
2021-12-11,9.1,11.1,7.5,8.6,무안(목포)
2021-12-11,8.8,12.1,6.0,7.3,상주
2021-12-11,10.7,13.0,9.5,10.4,신안
2021-12-11,12.3,13.3,11.2,11.7,제주
2021-12-11,7.5,15.3,1.3,5.9,창녕(밀양)
2021-12-11,2.2,8.1,-1.3,0.3,평창
2021-12-11,3.7,7.0,1.7,4.8,포천(동두천)
2021-12-11,5.9,11.2,0.4,6.1,해남
2021-12-12,3.2,9.0,-1.3,4.8,논산(부여)
2021-12-12,6.9,10.8,3.8,7.0,무안(목포)
2021-12-12,4.4,9.8,-2.5,4.8,상주
2021-12-12,8.0,12.0,4.5,8.8,신안
2021-12-12,10.6,13.6,6.4,10.5,제주
2021-12-12,6.8,12.8,1.4,5.8,창녕(밀양)
2021-12-12,-1.9,2.0,-8.0,-0.9,평창
2021-12-12,-0.3,5.3,-4.9,1.5,포천(동두천)
2021-12-12,6.2,10.4,2.6,7.4,해남
2021-12-13,-1.9,4.0,-6.5,0.4,논산(부여)
2021-12-13,1.9,4.0,0.0,4.0,무안(목포)
2021-12-13,-1.5,3.4,-5.3,0.7,상주
2021-12-13,4.9,5.4,4.4,6.6,신안
2021-12-13,6.6,7.4,6.0,7.8,제주
2021-12-13,0.8,7.6,-4.0,0.8,창녕(밀양)
2021-12-13,-6.4,0.2,-10.9,-3.7,평창
2021-12-13,-3.0,2.4,-8.4,-1.7,포천(동두천)
2021-12-13,1.3,4.9,-1.7,4.8,해남
2021-12-14,2.9,8.3,-5.7,3.2,논산(부여)
2021-12-14,4.7,9.7,-0.5,4.9,무안(목포)
2021-12-14,3.1,8.5,-4.1,2.9,상주
2021-12-14,7.8,11.3,4.6,8.1,신안
2021-12-14,8.5,12.7,5.8,8.6,제주
2021-12-14,0.9,9.3,-6.0,0.3,창녕(밀양)
2021-12-14,-1.7,0.8,-7.4,-2.2,평창
2021-12-14,2.8,7.6,-2.0,2.0,포천(동두천)
2021-12-14,0.3,9.4,-6.4,3.6,해남
2021-12-15,6.4,12.4,1.8,5.9,논산(부여)
2021-12-15,9.1,14.7,5.0,8.2,무안(목포)
2021-12-15,7.5,12.8,3.2,5.4,상주
2021-12-15,11.4,14.6,9.1,9.3,신안
2021-12-15,11.3,16.2,7.4,8.8,제주
2021-12-15,3.8,14.2,-3.1,2.4,창녕(밀양)
2021-12-15,2.0,3.7,0.4,0.0,평창
2021-12-15,5.9,10.9,2.4,4.7,포천(동두천)
2021-12-15,4.7,14.5,-3.2,5.7,해남
2021-12-16,5.8,12.0,2.2,5.3,논산(부여)
2021-12-16,8.1,10.8,6.8,7.5,무안(목포)
2021-12-16,6.4,12.1,2.5,4.9,상주
2021-12-16,10.4,13.2,9.3,9.7,신안
2021-12-16,10.9,12.1,9.6,10.3,제주
2021-12-16,5.4,9.6,0.7,4.5,창녕(밀양)
2021-12-16,1.6,5.4,-0.5,-0.3,평창
2021-12-16,3.7,10.3,0.5,4.0,포천(동두천)
2021-12-16,6.7,10.3,0.3,6.6,해남
2021-12-17,-1.4,7.4,-6.4,0.8,논산(부여)
2021-12-17,1.3,8.9,-3.2,2.7,무안(목포)
2021-12-17,-1.8,7.0,-8.4,1.2,상주
2021-12-17,2.8,9.9,-0.2,5.5,신안
2021-12-17,5.9,11.8,2.6,6.8,제주
2021-12-17,1.6,6.3,-4.5,1.7,창녕(밀양)
2021-12-17,-8.6,0.8,-15.7,-5.2,평창
2021-12-17,-6.1,2.7,-11.0,-1.0,포천(동두천)
2021-12-17,0.5,7.5,-3.4,2.8,해남
2021-12-18,-4.3,1.2,-10.7,-1.4,논산(부여)
2021-12-18,-1.1,5.5,-6.5,3.0,무안(목포)
2021-12-18,-4.1,1.1,-10.2,-1.3,상주
2021-12-18,3.4,6.9,0.7,4.3,신안
2021-12-18,4.0,7.8,2.0,5.2,제주
2021-12-18,-2.8,3.1,-8.1,-3.1,창녕(밀양)
2021-12-18,-9.6,-4.6,-16.9,-6.4,평창
2021-12-18,-7.1,-1.7,-13.5,-4.2,포천(동두천)
2021-12-18,-2.4,2.0,-7.9,1.3,해남
2021-12-19,0.4,6.0,-4.9,2.6,논산(부여)
2021-12-19,5.1,7.2,2.7,4.4,무안(목포)
2021-12-19,1.2,5.0,-2.6,1.2,상주
2021-12-19,6.8,8.2,5.5,6.2,신안
2021-12-19,8.0,10.5,5.4,6.2,제주
2021-12-19,0.2,8.0,-5.3,-0.5,창녕(밀양)
2021-12-19,-5.1,-2.5,-9.7,-1.9,평창
2021-12-19,-2.5,3.4,-9.0,-1.2,포천(동두천)
2021-12-19,2.4,7.0,-4.8,2.8,해남
2021-12-20,4.4,11.7,-1.4,2.8,논산(부여)
2021-12-20,8.2,12.8,2.8,5.9,무안(목포)
2021-12-20,4.6,11.1,-3.5,2.4,상주
2021-12-20,11.3,14.0,8.2,7.7,신안
2021-12-20,11.3,15.0,5.6,7.2,제주
2021-12-20,2.3,12.6,-4.7,0.7,창녕(밀양)
2021-12-20,1.6,3.2,-2.8,-0.9,평창
2021-12-20,3.0,10.8,-3.8,0.2,포천(동두천)
2021-12-20,2.7,12.6,-5.2,2.8,해남
2021-12-21,4.5,13.7,-1.6,3.6,논산(부여)
2021-12-21,8.4,12.6,4.7,6.9,무안(목포)
2021-12-21,8.2,13.9,4.1,5.2,상주
2021-12-21,10.4,13.2,7.6,8.8,신안
2021-12-21,12.4,17.4,8.4,9.0,제주
2021-12-21,4.0,14.6,-2.9,1.8,창녕(밀양)
2021-12-21,2.3,6.1,-3.7,-0.2,평창
2021-12-21,3.5,9.3,-1.8,2.3,포천(동두천)
2021-12-21,4.3,14.1,-3.1,3.9,해남
2021-12-22,1.3,10.3,-4.6,1.6,논산(부여)
2021-12-22,5.3,9.3,2.2,4.9,무안(목포)
2021-12-22,4.7,11.2,-0.6,2.9,상주
2021-12-22,8.0,9.6,6.9,7.6,신안
2021-12-22,10.0,16.7,5.8,7.1,제주
2021-12-22,3.9,14.1,-3.0,1.6,창녕(밀양)
2021-12-22,-2.5,3.9,-8.7,-1.7,평창
2021-12-22,0.3,8.6,-5.1,0.0,포천(동두천)
2021-12-22,1.6,11.8,-4.3,4.0,해남
2021-12-23,1.5,10.1,-5.3,1.4,논산(부여)
2021-12-23,5.6,10.9,0.6,4.4,무안(목포)
2021-12-23,1.8,10.2,-4.9,2.1,상주
2021-12-23,8.1,10.4,6.5,7.1,신안
2021-12-23,9.9,16.2,5.9,6.6,제주
2021-12-23,2.7,12.5,-4.4,1.0,창녕(밀양)
2021-12-23,-2.9,4.1,-9.4,-2.4,평창
2021-12-23,-0.2,7.1,-5.5,-0.2,포천(동두천)
2021-12-23,0.7,12.9,-6.8,2.6,해남
2021-12-24,1.0,10.1,-2.6,1.4,논산(부여)
2021-12-24,3.8,9.0,1.2,3.2,무안(목포)
2021-12-24,1.8,9.1,-2.5,2.2,상주
2021-12-24,6.3,11.3,1.9,6.0,신안
2021-12-24,9.3,14.1,5.5,7.5,제주
2021-12-24,3.9,11.4,-2.8,1.5,창녕(밀양)
2021-12-24,-2.9,1.5,-6.5,-1.6,평창
2021-12-24,-1.9,2.0,-8.4,-0.5,포천(동두천)
2021-12-24,0.9,8.9,-6.1,2.0,해남
2021-12-25,-6.4,-2.6,-9.1,-1.9,논산(부여)
2021-12-25,-2.6,1.2,-5.4,-0.2,무안(목포)
2021-12-25,-7.3,-1.4,-10.7,-2.6,상주
2021-12-25,-0.7,2.3,-2.6,2.7,신안
2021-12-25,2.5,5.5,1.3,4.2,제주
2021-12-25,-2.6,3.5,-7.1,-2.2,창녕(밀양)
2021-12-25,-12.0,-3.8,-17.7,-4.2,평창
2021-12-25,-12.4,-7.5,-15.4,-6.3,포천(동두천)
2021-12-25,-3.9,0.5,-6.2,0.8,해남
2021-12-26,-8.2,-3.0,-12.7,-3.5,논산(부여)
2021-12-26,-6.4,-4.0,-8.6,0.8,무안(목포)
2021-12-26,-9.2,-4.2,-13.0,-4.0,상주
2021-12-26,-0.8,1.3,-2.7,2.1,신안
2021-12-26,1.0,3.0,-0.5,2.5,제주
2021-12-26,-5.2,-1.2,-9.3,-5.0,창녕(밀양)
2021-12-26,-16.2,-11.2,-21.2,-9.5,평창
2021-12-26,-12.9,-7.5,-17.3,-8.1,포천(동두천)
2021-12-26,-7.0,-2.8,-10.2,0.7,해남
2021-12-27,-4.6,1.1,-12.3,-2.6,논산(부여)
2021-12-27,-2.7,0.8,-7.3,1.7,무안(목포)
2021-12-27,-4.3,0.0,-10.7,-3.1,상주
2021-12-27,2.4,4.8,-0.6,3.3,신안
2021-12-27,4.1,6.5,0.8,3.9,제주
2021-12-27,-2.1,3.6,-8.5,-2.8,창녕(밀양)
2021-12-27,-10.5,-4.7,-17.3,-8.3,평창
2021-12-27,-9.6,-4.9,-15.7,-7.7,포천(동두천)
2021-12-27,-4.9,0.3,-11.9,0.5,해남
2021-12-28,-0.7,5.0,-3.5,0.0,논산(부여)
2021-12-28,3.8,6.0,-0.1,3.3,무안(목포)
2021-12-28,0.8,4.8,-4.0,-0.6,상주
2021-12-28,6.0,7.3,4.3,4.5,신안
2021-12-28,7.2,8.4,5.9,5.6,제주
2021-12-28,0.1,8.5,-6.5,-1.0,창녕(밀양)
2021-12-28,-5.6,-0.7,-11.9,-5.6,평창
2021-12-28,-5.1,2.0,-12.4,-4.8,포천(동두천)
2021-12-28,0.1,6.2,-5.5,1.2,해남
2021-12-29,2.2,8.2,-2.5,0.9,논산(부여)
2021-12-29,5.1,8.6,1.9,4.0,무안(목포)
2021-12-29,1.6,7.3,-3.6,0.3,상주
2021-12-29,6.9,10.1,4.3,5.9,신안
2021-12-29,9.3,11.5,6.6,6.9,제주
2021-12-29,2.8,10.5,-4.2,-0.4,창녕(밀양)
2021-12-29,-2.7,-0.7,-5.4,-2.6,평창
2021-12-29,-0.7,6.8,-5.6,-1.5,포천(동두천)
2021-12-29,3.1,9.0,-3.8,2.6,해남
2021-12-30,-0.5,3.4,-3.1,1.5,논산(부여)
2021-12-30,2.9,5.7,0.8,3.2,무안(목포)
2021-12-30,-1.3,2.5,-3.5,-0.2,상주
2021-12-30,4.6,6.6,2.8,4.7,신안
2021-12-30,6.9,8.4,5.8,5.9,제주
2021-12-30,2.5,5.7,-1.7,0.5,창녕(밀양)
2021-12-30,-8.7,-5.4,-11.7,-4.1,평창
2021-12-30,-4.5,1.5,-8.9,-4.5,포천(동두천)
2021-12-30,2.4,5.2,-0.3,2.0,해남
2021-12-31,-5.0,-0.1,-9.7,-1.3,논산(부여)
2021-12-31,-0.8,2.2,-2.6,0.4,무안(목포)
2021-12-31,-4.7,-0.6,-6.8,-1.9,상주
2021-12-31,2.9,5.2,1.4,3.7,신안
2021-12-31,4.9,6.4,3.5,4.9,제주
2021-12-31,-0.6,4.0,-5.0,-1.7,창녕(밀양)
2021-12-31,-11.8,-7.3,-14.7,-6.8,평창
2021-12-31,-7.8,-3.0,-11.2,-6.6,포천(동두천)
2021-12-31,-1.5,2.1,-4.1,0.2,해남
2022-01-01,-4.9,2.1,-10.6,-2.6,논산(부여)
2022-01-01,-0.7,3.3,-4.0,1.2,무안(목포)
2022-01-01,-3.3,2.4,-8.2,-3.1,상주
2022-01-01,2.1,3.5,0.7,4.3,신안
2022-01-01,4.9,8.9,0.9,4.3,제주
2022-01-01,-1.3,7.2,-8.2,-2.2,창녕(밀양)
2022-01-01,-9.5,-0.3,-18.5,-7.2,평창
2022-01-01,-6.4,1.4,-13.9,-5.8,포천(동두천)
2022-01-01,-2.1,5.5,-6.1,1.0,해남
2022-01-02,-1.9,7.0,-7.9,-1.0,논산(부여)
2022-01-02,1.4,6.9,-2.3,1.0,무안(목포)
2022-01-02,-1.3,6.5,-8.2,-1.1,상주
2022-01-02,5.0,9.2,2.3,4.2,신안
2022-01-02,7.2,11.4,4.2,5.2,제주
2022-01-02,-0.5,9.9,-8.0,-1.5,창녕(밀양)
2022-01-02,-4.8,-0.4,-11.0,-4.6,평창
2022-01-02,-2.1,3.7,-8.0,-1.6,포천(동두천)
2022-01-02,-1.6,7.0,-8.7,0.2,해남
2022-01-03,-2.8,4.6,-9.5,-1.2,논산(부여)
2022-01-03,1.2,4.5,-2.1,1.7,무안(목포)
2022-01-03,-1.1,3.6,-5.5,-1.9,상주
2022-01-03,4.7,8.0,2.1,4.6,신안
2022-01-03,6.0,10.7,2.5,5.1,제주
2022-01-03,-0.4,9.3,-7.5,-1.9,창녕(밀양)
2022-01-03,-6.9,-3.1,-12.8,-5.7,평창
2022-01-03,-4.0,3.0,-11.9,-3.7,포천(동두천)
2022-01-03,-2.5,5.5,-9.8,0.4,해남
2022-01-04,-0.5,5.0,-6.2,0.0,논산(부여)
2022-01-04,1.8,4.3,-0.4,1.9,무안(목포)
2022-01-04,0.9,5.1,-3.1,-0.7,상주
2022-01-04,5.2,7.5,3.2,5.1,신안
2022-01-04,6.8,9.3,4.8,5.4,제주
2022-01-04,0.3,9.6,-5.5,-0.5,창녕(밀양)
2022-01-04,-5.7,-0.1,-13.1,-4.7,평창
2022-01-04,-3.9,1.4,-8.0,-3.5,포천(동두천)
2022-01-04,0.0,5.7,-7.5,1.5,해남
2022-01-05,-1.8,2.5,-7.1,-1.0,논산(부여)
2022-01-05,1.4,3.0,-0.5,1.5,무안(목포)
2022-01-05,-1.7,2.9,-6.9,-1.0,상주
2022-01-05,4.1,5.4,2.7,4.7,신안
2022-01-05,5.8,6.8,3.3,5.5,제주
2022-01-05,1.7,7.5,-4.5,0.3,창녕(밀양)
2022-01-05,-7.9,-1.2,-16.3,-5.9,평창
2022-01-05,-5.1,1.9,-12.2,-4.9,포천(동두천)
2022-01-05,0.3,3.8,-2.2,1.3,해남
2022-01-06,-1.6,6.0,-8.0,-0.8,논산(부여)
2022-01-06,1.9,4.4,-0.4,1.9,무안(목포)
2022-01-06,0.8,6.7,-4.0,0.1,상주
2022-01-06,4.7,6.1,4.0,4.1,신안
2022-01-06,7.3,10.1,5.3,6.6,제주
2022-01-06,3.2,9.8,-3.9,1.7,창녕(밀양)
2022-01-06,-6.8,2.1,-12.7,-5.0,평창
2022-01-06,-3.4,3.9,-9.2,-4.0,포천(동두천)
2022-01-06,0.9,5.6,-2.8,2.1,해남
2022-01-07,-3.1,5.8,-9.5,-1.5,논산(부여)
2022-01-07,0.8,4.2,-2.2,1.5,무안(목포)
2022-01-07,-0.9,7.3,-8.7,-0.7,상주
2022-01-07,4.1,6.2,3.0,4.4,신안
2022-01-07,5.6,10.4,2.2,4.4,제주
2022-01-07,-0.3,10.0,-6.9,-1.1,창녕(밀양)
2022-01-07,-7.0,3.1,-16.5,-6.2,평창
2022-01-07,-3.8,4.9,-10.7,-4.2,포천(동두천)
2022-01-07,-2.8,5.8,-9.9,0.3,해남
2022-01-08,-0.9,7.2,-9.1,-1.1,논산(부여)
2022-01-08,2.1,6.4,-2.5,1.9,무안(목포)
2022-01-08,2.2,6.8,-3.7,0.4,상주
2022-01-08,6.0,8.8,3.5,5.6,신안
2022-01-08,6.6,8.3,3.5,5.2,제주
2022-01-08,0.1,10.7,-7.3,-1.3,창녕(밀양)
2022-01-08,-4.0,0.6,-10.4,-4.4,평창
2022-01-08,-2.0,3.0,-9.0,-3.6,포천(동두천)
2022-01-08,-1.6,6.4,-9.4,0.3,해남
2022-01-09,0.7,7.0,-4.3,1.0,논산(부여)
2022-01-09,3.2,7.4,1.1,2.7,무안(목포)
2022-01-09,2.6,7.0,-3.0,1.9,상주
2022-01-09,6.3,9.0,4.2,6.2,신안
2022-01-09,7.7,9.6,5.2,5.9,제주
2022-01-09,1.7,10.2,-4.0,0.3,창녕(밀양)
2022-01-09,-3.0,1.7,-7.7,-2.2,평창
2022-01-09,0.1,6.1,-4.0,-0.5,포천(동두천)
2022-01-09,0.1,7.9,-5.5,0.9,해남
2022-01-10,0.1,6.6,-6.6,0.1,논산(부여)
2022-01-10,2.5,6.7,-1.5,2.8,무안(목포)
2022-01-10,0.9,8.5,-6.5,1.4,상주
2022-01-10,5.5,8.3,3.7,5.7,신안
2022-01-10,7.6,10.3,5.5,7.2,제주
2022-01-10,2.6,10.9,-4.4,1.6,창녕(밀양)
2022-01-10,-4.4,3.5,-12.4,-3.5,평창
2022-01-10,-1.1,4.7,-7.4,-2.3,포천(동두천)
2022-01-10,0.0,7.2,-8.0,1.6,해남
2022-01-11,-2.8,1.0,-5.7,0.0,논산(부여)
2022-01-11,-0.9,3.5,-2.5,0.9,무안(목포)
2022-01-11,-3.8,1.7,-7.4,-0.3,상주
2022-01-11,0.7,4.5,-1.5,3.1,신안
2022-01-11,3.6,7.7,1.3,4.5,제주
2022-01-11,0.7,4.7,-4.8,1.1,창녕(밀양)
2022-01-11,-9.3,-4.4,-14.4,-6.3,평창
2022-01-11,-8.0,-1.8,-12.0,-3.2,포천(동두천)
2022-01-11,-1.5,2.2,-3.5,1.3,해남
2022-01-12,-4.8,1.5,-10.0,-1.7,논산(부여)
2022-01-12,-1.5,0.9,-4.2,1.5,무안(목포)
2022-01-12,-5.5,-0.8,-9.7,-3.0,상주
2022-01-12,2.1,4.2,0.1,3.3,신안
2022-01-12,3.8,5.5,1.6,3.9,제주
2022-01-12,-1.6,3.6,-7.1,-2.6,창녕(밀양)
2022-01-12,-11.8,-5.6,-17.5,-9.1,평창
2022-01-12,-9.4,-2.7,-15.0,-6.2,포천(동두천)
2022-01-12,-2.7,0.8,-5.4,0.1,해남
2022-01-13,-4.4,0.6,-8.6,-2.3,논산(부여)
2022-01-13,-1.4,0.9,-3.8,0.5,무안(목포)
2022-01-13,-4.7,-0.7,-7.1,-2.7,상주
2022-01-13,1.8,3.6,-0.2,3.0,신안
2022-01-13,4.0,6.2,3.1,3.9,제주
2022-01-13,-2.2,2.6,-6.7,-1.9,창녕(밀양)
2022-01-13,-11.8,-8.2,-14.7,-9.9,평창
2022-01-13,-7.7,-2.3,-11.4,-5.6,포천(동두천)
2022-01-13,-2.5,0.5,-7.9,-0.8,해남
2022-01-14,-4.7,3.1,-11.5,-2.1,논산(부여)
2022-01-14,-0.8,1.8,-3.3,1.5,무안(목포)
2022-01-14,-3.6,2.1,-8.4,-3.7,상주
2022-01-14,2.4,5.5,0.9,3.6,신안
2022-01-14,4.3,7.6,3.0,4.6,제주
2022-01-14,-2.5,5.6,-9.2,-2.9,창녕(밀양)
2022-01-14,-9.5,-0.8,-16.9,-8.5,평창
2022-01-14,-7.0,0.6,-13.9,-6.0,포천(동두천)
2022-01-14,-1.6,3.2,-5.8,1.9,해남
2022-01-15,-0.5,5.9,-7.2,-0.1,논산(부여)
2022-01-15,3.3,7.7,-1.9,2.7,무안(목포)
2022-01-15,0.5,7.4,-6.1,0.1,상주
2022-01-15,5.7,10.8,1.6,4.9,신안
2022-01-15,7.4,11.5,3.8,6.6,제주
2022-01-15,0.2,10.1,-5.0,0.1,창녕(밀양)
2022-01-15,-5.1,1.5,-12.4,-3.6,평창
2022-01-15,-2.7,1.2,-8.5,-3.5,포천(동두천)
2022-01-15,0.6,8.3,-5.2,1.9,해남
2022-01-16,-0.8,3.1,-6.9,0.5,논산(부여)
2022-01-16,2.5,5.1,-0.2,2.9,무안(목포)
2022-01-16,1.1,4.1,-4.3,1.0,상주
2022-01-16,4.0,7.6,1.2,4.6,신안
2022-01-16,7.0,9.5,3.9,6.9,제주
2022-01-16,1.0,10.1,-4.9,-0.4,창녕(밀양)
2022-01-16,-5.0,-1.9,-10.7,-4.1,평창
2022-01-16,-2.9,1.5,-8.5,-1.5,포천(동두천)
2022-01-16,0.7,4.9,-4.3,1.7,해남
2022-01-17,-3.2,2.2,-8.4,-1.7,논산(부여)
2022-01-17,1.4,4.3,-1.6,1.8,무안(목포)
2022-01-17,-2.6,2.7,-6.2,-1.4,상주
2022-01-17,3.7,6.2,1.4,3.8,신안
2022-01-17,5.5,7.2,3.8,5.3,제주
2022-01-17,-0.2,5.4,-5.8,-1.1,창녕(밀양)
2022-01-17,-10.0,-6.3,-14.7,-8.2,평창
2022-01-17,-7.5,-0.9,-13.1,-6.6,포천(동두천)
2022-01-17,0.1,3.7,-5.2,0.3,해남
2022-01-18,-5.0,2.7,-11.5,-2.0,논산(부여)
2022-01-18,-1.3,1.5,-4.2,1.4,무안(목포)
2022-01-18,-4.1,1.1,-8.3,-2.8,상주
2022-01-18,1.4,3.6,0.2,3.4,신안
2022-01-18,3.8,7.0,1.4,5.2,제주
2022-01-18,-1.9,4.6,-6.6,-2.3,창녕(밀양)
2022-01-18,-10.3,-2.9,-15.9,-8.3,평창
2022-01-18,-7.2,0.2,-13.5,-5.4,포천(동두천)
2022-01-18,-2.1,3.2,-7.9,1.3,해남
2022-01-19,-4.0,3.6,-10.5,-2.8,논산(부여)
2022-01-19,0.2,5.6,-4.8,1.6,무안(목포)
2022-01-19,-2.0,5.1,-7.3,-0.8,상주
2022-01-19,3.0,7.7,0.2,3.7,신안
2022-01-19,5.3,10.4,0.7,4.4,제주
2022-01-19,-0.7,6.5,-9.4,-1.7,창녕(밀양)
2022-01-19,-9.7,-3.8,-14.7,-6.3,평창
2022-01-19,-7.2,-2.8,-10.4,-4.5,포천(동두천)
2022-01-19,-2.2,6.8,-12.3,0.1,해남
2022-01-20,-4.5,3.0,-10.4,-1.9,논산(부여)
2022-01-20,-1.8,0.9,-4.6,1.4,무안(목포)
2022-01-20,-3.2,3.5,-8.2,-0.8,상주
2022-01-20,1.0,3.4,0.2,3.2,신안
2022-01-20,2.9,5.9,0.8,4.6,제주
2022-01-20,-0.8,5.9,-5.9,-0.7,창녕(밀양)
2022-01-20,-9.8,-4.3,-15.9,-3.7,평창
2022-01-20,-7.8,0.8,-15.1,-4.0,포천(동두천)
2022-01-20,-2.9,2.2,-8.2,0.8,해남
2022-01-21,-3.0,5.9,-10.1,-1.6,논산(부여)
2022-01-21,0.9,6.2,-4.3,1.7,무안(목포)
2022-01-21,-4.2,4.7,-11.7,-1.5,상주
2022-01-21,2.5,4.2,0.6,3.7,신안
2022-01-21,6.0,10.7,0.3,4.1,제주
2022-01-21,-1.2,8.4,-8.5,-1.6,창녕(밀양)
2022-01-21,-10.6,-0.4,-20.4,-5.3,평창
2022-01-21,-6.1,3.7,-14.4,-4.7,포천(동두천)
2022-01-21,-1.5,7.4,-11.2,-0.4,해남
2022-01-22,2.7,8.4,-4.0,1.1,논산(부여)
2022-01-22,5.4,10.8,1.7,4.8,무안(목포)
2022-01-22,0.2,6.5,-7.4,1.0,상주
2022-01-22,5.4,6.9,4.1,5.1,신안
2022-01-22,10.6,14.4,7.2,8.4,제주
2022-01-22,2.3,11.6,-6.1,0.7,창녕(밀양)
2022-01-22,-4.6,3.5,-15.5,-4.6,평창
2022-01-22,-2.7,6.2,-10.4,-2.5,포천(동두천)
2022-01-22,6.8,11.9,2.3,4.5,해남
2022-01-23,4.0,9.9,-1.7,2.0,논산(부여)
2022-01-23,5.0,8.3,2.4,5.1,무안(목포)
2022-01-23,4.9,11.6,0.5,3.2,상주
2022-01-23,5.9,7.9,4.6,5.8,신안
2022-01-23,10.5,12.2,9.4,9.6,제주
2022-01-23,6.9,13.6,1.1,5.2,창녕(밀양)
2022-01-23,-1.8,3.4,-4.7,-1.5,평창
2022-01-23,0.8,6.8,-3.5,0.1,포천(동두천)
2022-01-23,5.8,10.8,-0.4,5.0,해남
2022-01-24,5.0,9.6,-2.3,2.5,논산(부여)
2022-01-24,4.8,9.8,0.9,5.4,무안(목포)
2022-01-24,3.8,7.2,0.1,2.4,상주
2022-01-24,6.3,8.7,4.2,6.1,신안
2022-01-24,10.3,12.4,9.0,9.6,제주
2022-01-24,5.3,7.7,0.2,3.9,창녕(밀양)
2022-01-24,-3.5,-1.8,-6.9,-1.9,평창
2022-01-24,2.1,7.8,-2.9,-0.4,포천(동두천)
2022-01-24,3.2,10.4,-5.4,3.6,해남
2022-01-25,2.4,5.2,-1.5,2.8,논산(부여)
2022-01-25,5.2,6.6,3.6,5.9,무안(목포)
2022-01-25,1.3,3.2,-0.5,1.6,상주
2022-01-25,6.2,7.8,4.4,6.3,신안
2022-01-25,8.8,9.5,7.5,8.3,제주
2022-01-25,4.7,9.4,0.7,4.2,창녕(밀양)
2022-01-25,-3.2,-1.2,-7.1,-2.3,평창
2022-01-25,2.2,3.9,1.1,0.7,포천(동두천)
2022-01-25,4.1,6.5,1.1,4.4,해남
2022-01-26,1.0,7.6,-3.9,2.0,논산(부여)
2022-01-26,3.9,6.8,2.6,4.4,무안(목포)
2022-01-26,2.6,6.2,-1.4,2.4,상주
2022-01-26,5.6,8.2,4.1,6.0,신안
2022-01-26,7.5,9.6,6.5,7.8,제주
2022-01-26,3.6,9.5,-0.8,2.1,창녕(밀양)
2022-01-26,-2.8,1.2,-5.9,-2.3,평창
2022-01-26,0.1,7.0,-4.0,0.8,포천(동두천)
2022-01-26,3.0,7.7,-1.3,4.1,해남
2022-01-27,-0.1,6.5,-5.3,1.6,논산(부여)
2022-01-27,2.2,3.9,0.5,3.7,무안(목포)
2022-01-27,1.4,6.9,-2.6,1.7,상주
2022-01-27,4.0,6.0,2.8,5.2,신안
2022-01-27,5.9,7.5,4.7,6.5,제주
2022-01-27,3.0,11.3,-2.5,2.2,창녕(밀양)
2022-01-27,-5.7,3.2,-13.1,-3.8,평창
2022-01-27,-1.9,4.5,-6.9,-0.9,포천(동두천)
2022-01-27,1.4,5.2,-0.6,3.6,해남
2022-01-28,-1.4,5.2,-6.8,0.7,논산(부여)
2022-01-28,1.2,3.1,0.0,2.9,무안(목포)
2022-01-28,-0.3,4.7,-3.6,1.3,상주
2022-01-28,3.1,4.8,2.0,4.5,신안
2022-01-28,5.2,7.9,4.2,6.1,제주
2022-01-28,2.1,9.5,-3.2,1.6,창녕(밀양)
2022-01-28,-7.0,0.8,-14.2,-4.8,평창
2022-01-28,-4.1,3.4,-9.6,-2.7,포천(동두천)
2022-01-28,0.5,4.0,-1.4,3.2,해남
2022-01-29,-2.2,4.3,-7.3,0.2,논산(부여)
2022-01-29,0.4,1.9,-0.7,1.7,무안(목포)
2022-01-29,-1.5,3.9,-5.0,0.6,상주
2022-01-29,2.8,4.2,1.6,4.6,신안
2022-01-29,4.6,6.6,4.0,5.8,제주
2022-01-29,2.5,8.1,-1.3,1.7,창녕(밀양)
2022-01-29,-7.6,-1.0,-13.5,-5.5,평창
2022-01-29,-4.7,2.1,-10.5,-3.4,포천(동두천)
2022-01-29,-0.3,3.5,-1.6,2.7,해남
2022-01-30,-2.7,4.8,-8.9,-0.4,논산(부여)
2022-01-30,0.3,2.4,-1.9,2.0,무안(목포)
2022-01-30,-1.0,5.3,-5.1,0.3,상주
2022-01-30,2.8,5.0,1.9,4.4,신안
2022-01-30,4.8,7.9,3.5,5.8,제주
2022-01-30,1.5,7.9,-3.2,-0.1,창녕(밀양)
2022-01-30,-9.1,0.3,-18.6,-6.7,평창
2022-01-30,-4.7,3.6,-12.0,-3.6,포천(동두천)
2022-01-30,-0.5,4.5,-4.4,2.5,해남
2022-01-31,-1.7,6.5,-9.6,-0.3,논산(부여)
2022-01-31,2.0,5.5,-1.5,3.5,무안(목포)
2022-01-31,-0.1,5.7,-4.2,0.6,상주
2022-01-31,4.8,7.3,2.2,5.5,신안
2022-01-31,5.9,9.1,3.4,6.2,제주
2022-01-31,0.1,9.6,-7.3,0.0,창녕(밀양)
2022-01-31,-7.2,0.7,-17.9,-6.4,평창
2022-01-31,-2.6,5.3,-10.9,-2.5,포천(동두천)
2022-01-31,-1.0,5.8,-8.6,1.5,해남
2022-02-01,0.2,2.7,-4.3,0.6,논산(부여)
2022-02-01,2.6,4.2,1.3,2.2,무안(목포)
2022-02-01,0.3,3.0,-2.7,1.1,상주
2022-02-01,3.6,5.7,2.7,4.5,신안
2022-02-01,6.3,8.4,4.3,6.3,제주
2022-02-01,0.8,7.1,-5.2,0.5,창녕(밀양)
2022-02-01,-6.5,-3.9,-8.2,-3.3,평창
2022-02-01,-2.6,1.0,-6.5,-1.3,포천(동두천)
2022-02-01,1.2,4.2,-3.0,1.7,해남
2022-02-02,-0.4,3.5,-4.7,1.5,논산(부여)
2022-02-02,1.3,3.5,-1.0,2.6,무안(목포)
2022-02-02,-0.4,4.2,-3.3,2.2,상주
2022-02-02,2.7,5.2,1.6,4.4,신안
2022-02-02,5.0,7.5,3.7,6.1,제주
2022-02-02,-0.2,6.4,-6.1,-1.4,창녕(밀양)
2022-02-02,-7.6,-3.5,-9.7,-3.3,평창
2022-02-02,-5.3,0.0,-10.5,-3.1,포천(동두천)
2022-02-02,0.5,4.5,-1.9,2.8,해남
2022-02-03,-2.5,4.1,-8.0,0.1,논산(부여)
2022-02-03,0.6,3.8,-1.7,2.9,무안(목포)
2022-02-03,-1.0,4.4,-3.8,1.7,상주
2022-02-03,2.9,6.1,0.9,4.9,신안
2022-02-03,5.0,8.3,3.2,6.2,제주
2022-02-03,1.2,7.0,-4.2,1.6,창녕(밀양)
2022-02-03,-8.0,-2.8,-13.0,-4.3,평창
2022-02-03,-5.0,0.9,-10.2,-3.6,포천(동두천)
2022-02-03,-1.2,5.1,-7.8,2.0,해남
2022-02-04,-2.8,3.0,-6.6,0.0,논산(부여)
2022-02-04,-0.5,3.7,-3.5,0.8,무안(목포)
2022-02-04,-2.6,2.5,-5.2,0.9,상주
2022-02-04,3.0,6.0,0.5,4.0,신안
2022-02-04,4.4,7.3,1.9,4.7,제주
2022-02-04,1.0,6.8,-4.9,0.9,창녕(밀양)
2022-02-04,-9.9,-5.4,-13.4,-5.5,평창
2022-02-04,-7.0,0.0,-11.6,-4.5,포천(동두천)
2022-02-04,-1.2,4.3,-8.1,1.1,해남
2022-02-05,-4.0,0.8,-8.8,-0.9,논산(부여)
2022-02-05,-1.5,-0.3,-3.3,-0.7,무안(목포)
2022-02-05,-5.1,0.4,-8.4,-1.5,상주
2022-02-05,1.0,3.0,-1.2,2.9,신안
2022-02-05,3.6,4.6,1.9,4.4,제주
2022-02-05,-1.2,2.8,-5.1,-0.4,창녕(밀양)
2022-02-05,-12.3,-7.5,-16.3,-7.5,평창
2022-02-05,-8.1,-1.0,-13.2,-5.3,포천(동두천)
2022-02-05,-2.4,-0.5,-3.5,1.1,해남
2022-02-06,-3.3,4.1,-9.7,-0.4,논산(부여)
2022-02-06,0.4,3.7,-4.0,0.5,무안(목포)
2022-02-06,-2.6,2.1,-6.9,-3.3,상주
2022-02-06,3.1,5.8,0.6,4.1,신안
2022-02-06,4.5,7.2,2.3,5.5,제주
2022-02-06,-0.8,6.1,-5.3,0.2,창녕(밀양)
2022-02-06,-8.8,-3.7,-14.0,-7.1,평창
2022-02-06,-5.8,2.1,-12.9,-4.0,포천(동두천)
2022-02-06,-0.6,3.8,-6.9,0.8,해남
2022-02-07,-2.5,3.1,-9.1,-0.8,논산(부여)
2022-02-07,0.1,1.3,-1.7,0.9,무안(목포)
2022-02-07,-1.2,3.6,-5.7,-0.8,상주
2022-02-07,2.0,4.2,1.4,3.8,신안
2022-02-07,4.4,6.6,3.0,6.2,제주
2022-02-07,0.8,5.6,-6.4,0.1,창녕(밀양)
2022-02-07,-7.6,-2.5,-14.7,-6.0,평창
2022-02-07,-4.1,2.2,-11.5,-3.2,포천(동두천)
2022-02-07,-0.7,2.2,-3.3,0.4,해남
2022-02-08,-0.8,7.0,-7.3,0.8,논산(부여)
2022-02-08,1.3,5.3,-2.2,1.8,무안(목포)
2022-02-08,0.7,7.3,-5.8,2.2,상주
2022-02-08,4.1,7.5,1.4,4.5,신안
2022-02-08,5.4,8.9,2.6,7.0,제주
2022-02-08,1.8,8.3,-4.5,2.8,창녕(밀양)
2022-02-08,-6.2,1.8,-12.2,-4.4,평창
2022-02-08,-1.9,6.2,-8.2,-0.8,포천(동두천)
2022-02-08,1.4,6.2,-3.7,2.5,해남
2022-02-09,0.3,7.6,-7.7,1.7,논산(부여)
2022-02-09,1.8,6.2,-1.9,3.0,무안(목포)
2022-02-09,0.1,7.8,-9.0,1.2,상주
2022-02-09,3.7,6.0,1.9,4.9,신안
2022-02-09,5.9,9.9,1.6,5.7,제주
2022-02-09,3.0,11.0,-6.2,3.7,창녕(밀양)
2022-02-09,-6.2,3.8,-16.7,-4.2,평창
2022-02-09,-1.5,8.0,-8.9,-0.8,포천(동두천)
2022-02-09,0.3,8.4,-9.2,1.8,해남
2022-02-10,1.8,9.0,-4.2,3.8,논산(부여)
2022-02-10,3.1,6.3,0.8,4.5,무안(목포)
2022-02-10,3.2,9.0,-1.3,3.8,상주
2022-02-10,5.4,8.7,3.7,5.5,신안
2022-02-10,6.9,9.8,4.9,7.7,제주
2022-02-10,5.2,12.2,-1.4,5.8,창녕(밀양)
2022-02-10,-4.8,4.5,-10.7,-2.4,평창
2022-02-10,0.1,8.3,-6.6,0.3,포천(동두천)
2022-02-10,2.7,8.1,-1.3,4.5,해남
2022-02-11,1.6,11.3,-6.9,3.3,논산(부여)
2022-02-11,3.3,8.7,-0.7,3.4,무안(목포)
2022-02-11,2.6,11.4,-4.9,3.2,상주
2022-02-11,5.3,7.8,2.9,5.5,신안
2022-02-11,7.5,11.4,2.8,6.7,제주
2022-02-11,2.7,13.0,-5.2,3.3,창녕(밀양)
2022-02-11,-3.8,5.6,-14.2,-2.9,평창
2022-02-11,0.9,9.5,-6.7,0.7,포천(동두천)
2022-02-11,1.2,10.9,-8.4,3.6,해남
2022-02-12,3.2,12.3,-3.7,4.5,논산(부여)
2022-02-12,4.7,11.2,1.1,6.6,무안(목포)
2022-02-12,4.2,11.8,-2.5,5.1,상주
2022-02-12,5.9,8.6,4.6,6.2,신안
2022-02-12,10.0,12.6,7.6,8.7,제주
2022-02-12,5.6,14.3,-2.2,5.5,창녕(밀양)
2022-02-12,-1.7,3.2,-6.3,-0.7,평창
2022-02-12,2.7,10.5,-3.3,2.7,포천(동두천)
2022-02-12,3.7,13.5,-4.0,5.8,해남
2022-02-13,3.9,11.6,-2.6,3.8,논산(부여)
2022-02-13,5.3,11.1,2.8,6.4,무안(목포)
2022-02-13,3.6,11.4,-2.3,4.2,상주
2022-02-13,6.1,9.0,4.5,6.4,신안
2022-02-13,10.1,11.9,8.1,8.8,제주
2022-02-13,6.9,13.5,0.4,6.5,창녕(밀양)
2022-02-13,-2.1,3.5,-7.0,-0.5,평창
2022-02-13,2.3,8.7,-2.5,0.8,포천(동두천)
2022-02-13,4.8,13.0,-0.3,5.5,해남
2022-02-14,3.1,11.9,-3.9,4.9,논산(부여)
2022-02-14,5.0,11.0,1.3,7.5,무안(목포)
2022-02-14,4.5,12.2,-2.0,6.0,상주
2022-02-14,6.1,10.5,2.4,6.6,신안
2022-02-14,9.3,13.7,7.3,8.6,제주
2022-02-14,8.0,14.1,2.5,7.0,창녕(밀양)
2022-02-14,-1.4,4.0,-6.0,0.2,평창
2022-02-14,0.2,8.0,-4.0,0.0,포천(동두천)
2022-02-14,3.1,11.7,-5.5,5.3,해남
2022-02-15,-2.2,1.2,-6.4,1.5,논산(부여)
2022-02-15,0.0,2.5,-2.2,2.2,무안(목포)
2022-02-15,-2.3,1.6,-6.0,2.2,상주
2022-02-15,1.0,3.4,-0.8,4.3,신안
2022-02-15,3.9,7.5,1.9,6.1,제주
2022-02-15,2.4,7.1,-2.7,3.9,창녕(밀양)
2022-02-15,-9.0,-4.9,-13.0,-2.3,평창
2022-02-15,-5.5,-1.1,-9.5,-0.7,포천(동두천)
2022-02-15,-0.7,2.2,-3.7,2.9,해남
2022-02-16,-4.7,-1.0,-8.4,0.8,논산(부여)
2022-02-16,-2.3,-0.6,-3.9,-0.6,무안(목포)
2022-02-16,-5.7,-1.8,-7.9,-0.3,상주
2022-02-16,-0.3,2.4,-2.1,3.1,신안
2022-02-16,2.3,4.3,0.8,4.4,제주
2022-02-16,-2.4,3.3,-7.3,-0.1,창녕(밀양)
2022-02-16,-13.1,-8.7,-15.7,-7.5,평창
2022-02-16,-8.2,-2.9,-11.4,-3.9,포천(동두천)
2022-02-16,-2.9,-0.3,-4.7,1.4,해남
2022-02-17,-4.9,0.7,-11.1,0.4,논산(부여)
2022-02-17,-3.1,-1.2,-5.0,-1.8,무안(목포)
2022-02-17,-5.3,1.1,-9.9,-0.6,상주
2022-02-17,-0.8,1.3,-2.5,2.4,신안
2022-02-17,1.1,2.6,0.2,3.6,제주
2022-02-17,-3.6,2.7,-8.6,-0.2,창녕(밀양)
2022-02-17,-12.5,-4.8,-17.5,-7.2,평창
2022-02-17,-7.3,-0.7,-12.0,-3.7,포천(동두천)
2022-02-17,-4.8,-0.3,-8.6,0.8,해남
2022-02-18,-1.7,7.4,-11.0,2.3,논산(부여)
2022-02-18,1.5,9.2,-5.3,4.9,무안(목포)
2022-02-18,-3.2,5.6,-12.2,0.4,상주
2022-02-18,2.3,5.3,-1.4,4.1,신안
2022-02-18,6.0,11.1,0.2,5.9,제주
2022-02-18,0.0,9.0,-9.1,2.6,창녕(밀양)
2022-02-18,-7.5,2.4,-19.4,-4.8,평창
2022-02-18,-3.4,6.0,-12.5,-2.0,포천(동두천)
2022-02-18,0.4,8.5,-10.5,2.7,해남
2022-02-19,0.5,5.1,-3.5,3.5,논산(부여)
2022-02-19,1.5,4.0,-1.5,3.3,무안(목포)
2022-02-19,0.4,5.6,-3.6,2.0,상주
2022-02-19,2.3,4.9,-1.4,4.1,신안
2022-02-19,5.2,6.9,2.9,6.4,제주
2022-02-19,4.0,9.2,0.5,6.1,창녕(밀양)
2022-02-19,-4.6,-1.2,-8.9,-2.3,평창
2022-02-19,-2.3,4.5,-7.6,-0.5,포천(동두천)
2022-02-19,1.3,5.4,-2.2,4.0,해남
2022-02-20,-3.1,1.1,-5.9,1.8,논산(부여)
2022-02-20,-2.3,-0.3,-4.1,-0.5,무안(목포)
2022-02-20,-3.7,1.2,-6.7,0.8,상주
2022-02-20,0.0,2.3,-2.1,2.3,신안
2022-02-20,1.8,3.4,0.0,3.3,제주
2022-02-20,-1.1,3.8,-5.1,1.5,창녕(밀양)
2022-02-20,-10.3,-5.9,-14.2,-6.2,평창
2022-02-20,-5.3,0.7,-10.0,-2.2,포천(동두천)
2022-02-20,-3.0,0.1,-5.3,2.0,해남
2022-02-21,-2.0,5.5,-9.6,0.0,논산(부여)
2022-02-21,2.0,6.1,-2.5,5.1,무안(목포)
2022-02-21,-0.7,5.6,-7.3,0.7,상주
2022-02-21,4.1,8.4,0.5,4.5,신안
2022-02-21,5.0,8.0,2.2,4.4,제주
2022-02-21,0.8,7.9,-7.8,1.9,창녕(밀양)
2022-02-21,-7.9,-3.3,-14.5,-5.4,평창
2022-02-21,-4.5,4.0,-11.7,-2.8,포천(동두천)
2022-02-21,-0.6,6.8,-10.1,2.0,해남
2022-02-22,-2.3,3.5,-8.8,2.2,논산(부여)
2022-02-22,0.1,3.1,-1.7,2.1,무안(목포)
2022-02-22,-1.8,2.8,-5.1,2.1,상주
2022-02-22,2.3,5.1,-0.1,4.6,신안
2022-02-22,4.4,7.1,3.1,5.8,제주
2022-02-22,0.9,5.9,-2.7,2.3,창녕(밀양)
2022-02-22,-9.4,-4.6,-12.9,-6.0,평창
2022-02-22,-5.3,1.8,-10.2,-3.0,포천(동두천)
2022-02-22,-0.7,3.4,-3.5,2.1,해남
2022-02-23,-4.1,2.4,-9.2,1.4,논산(부여)
2022-02-23,-2.1,0.2,-4.3,0.0,무안(목포)
2022-02-23,-4.2,1.6,-8.2,0.4,상주
2022-02-23,0.0,2.2,-1.2,3.3,신안
2022-02-23,1.9,4.1,0.6,4.0,제주
2022-02-23,-0.5,4.7,-4.4,1.9,창녕(밀양)
2022-02-23,-10.6,-4.2,-17.1,-6.4,평창
2022-02-23,-6.6,0.8,-13.3,-3.0,포천(동두천)
2022-02-23,-2.9,1.6,-5.1,3.0,해남
2022-02-24,-2.9,5.5,-10.4,2.1,논산(부여)
2022-02-24,0.5,4.7,-3.4,3.2,무안(목포)
2022-02-24,-1.4,4.6,-7.0,1.3,상주
2022-02-24,3.2,6.6,0.1,4.5,신안
2022-02-24,3.4,6.7,0.5,3.2,제주
2022-02-24,1.3,8.9,-8.4,2.5,창녕(밀양)
2022-02-24,-7.7,-0.9,-16.2,-4.3,평창
2022-02-24,-3.5,5.6,-12.4,-1.6,포천(동두천)
2022-02-24,-2.2,4.9,-10.0,0.9,해남
2022-02-25,1.3,10.4,-7.9,4.1,논산(부여)
2022-02-25,3.5,9.5,-2.6,6.4,무안(목포)
2022-02-25,4.1,10.4,-1.8,3.4,상주
2022-02-25,6.2,10.3,3.0,5.7,신안
2022-02-25,6.6,11.7,2.9,6.8,제주
2022-02-25,3.2,12.5,-6.2,4.1,창녕(밀양)
2022-02-25,-1.6,3.7,-7.7,-0.1,평창
2022-02-25,1.4,9.1,-7.2,0.2,포천(동두천)
2022-02-25,-0.3,10.0,-10.4,2.8,해남
2022-02-26,5.9,11.0,1.6,8.4,논산(부여)
2022-02-26,5.9,11.0,0.9,8.4,무안(목포)
2022-02-26,6.8,13.7,0.6,7.6,상주
2022-02-26,7.7,12.6,4.4,7.3,신안
2022-02-26,9.8,16.2,3.6,8.6,제주
2022-02-26,5.9,14.6,-4.8,6.0,창녕(밀양)
2022-02-26,1.1,5.7,-2.1,2.2,평창
2022-02-26,4.6,9.0,0.2,2.8,포천(동두천)
2022-02-26,2.9,11.5,-8.2,4.8,해남
2022-02-27,2.9,11.2,-4.9,5.5,논산(부여)
2022-02-27,4.5,9.0,0.8,9.3,무안(목포)
2022-02-27,5.4,11.1,-0.3,5.1,상주
2022-02-27,6.1,10.2,3.9,6.7,신안
2022-02-27,7.4,11.6,4.2,9.5,제주
2022-02-27,6.5,14.3,0.1,8.1,창녕(밀양)
2022-02-27,-1.2,4.0,-6.2,0.1,평창
2022-02-27,2.7,9.9,-4.2,2.0,포천(동두천)
2022-02-27,3.4,10.9,-5.1,5.9,해남
2022-02-28,4.7,14.1,-4.5,5.4,논산(부여)
2022-02-28,7.0,13.0,-0.3,8.1,무안(목포)
2022-02-28,5.4,15.0,-2.8,4.7,상주
2022-02-28,7.4,11.9,2.4,6.4,신안
2022-02-28,8.7,13.2,3.1,7.5,제주
2022-02-28,6.2,16.4,-4.2,6.2,창녕(밀양)
2022-02-28,1.6,8.6,-2.5,1.3,평창
2022-02-28,4.4,11.6,-0.3,2.6,포천(동두천)
2022-02-28,4.1,14.5,-8.8,3.5,해남
2022-03-01,5.3,12.7,-1.4,7.9,논산(부여)
2022-03-01,6.6,10.1,2.7,6.4,무안(목포)
2022-03-01,5.9,13.6,0.8,6.9,상주
2022-03-01,7.1,11.3,3.5,7.7,신안
2022-03-01,10.1,13.6,6.4,10.5,제주
2022-03-01,9.6,17.5,2.7,9.3,창녕(밀양)
2022-03-01,1.9,6.4,-1.9,1.3,평창
2022-03-01,3.9,10.9,-1.2,3.1,포천(동두천)
2022-03-01,6.1,11.3,1.6,6.3,해남
2022-03-02,1.6,10.6,-6.1,6.2,논산(부여)
2022-03-02,4.1,7.2,1.6,6.4,무안(목포)
2022-03-02,4.2,10.7,-1.1,5.4,상주
2022-03-02,5.6,9.1,3.2,6.8,신안
2022-03-02,6.4,8.9,4.8,7.4,제주
2022-03-02,6.9,13.8,0.1,8.5,창녕(밀양)
2022-03-02,-0.5,5.9,-5.9,1.4,평창
2022-03-02,2.1,10.4,-5.4,2.3,포천(동두천)
2022-03-02,2.2,7.3,-4.1,5.0,해남
2022-03-03,3.9,13.9,-4.0,7.2,논산(부여)
2022-03-03,6.8,12.6,1.1,8.0,무안(목포)
2022-03-03,7.1,14.5,1.1,8.5,상주
2022-03-03,8.9,13.7,5.3,8.5,신안
2022-03-03,10.0,14.7,5.0,8.5,제주
2022-03-03,5.5,15.2,-3.2,8.0,창녕(밀양)
2022-03-03,0.6,6.5,-3.6,1.6,평창
2022-03-03,4.8,12.8,-1.5,3.6,포천(동두천)
2022-03-03,3.0,12.5,-6.8,5.0,해남
2022-03-04,6.9,16.1,-2.5,8.7,논산(부여)
2022-03-04,10.0,15.4,5.9,11.4,무안(목포)
2022-03-04,7.7,18.0,-2.8,8.7,상주
2022-03-04,9.7,13.4,6.4,9.6,신안
2022-03-04,12.6,16.6,7.0,10.6,제주
2022-03-04,7.7,16.4,-2.4,7.8,창녕(밀양)
2022-03-04,3.6,10.5,-6.0,2.2,평창
2022-03-04,5.4,15.2,-3.5,2.7,포천(동두천)
2022-03-04,7.7,15.7,-0.3,8.9,해남
2022-03-05,3.5,7.8,-1.1,7.1,논산(부여)
2022-03-05,4.8,8.5,2.0,8.0,무안(목포)
2022-03-05,4.2,10.5,0.0,8.1,상주
2022-03-05,5.7,8.2,3.2,8.0,신안
2022-03-05,8.9,14.8,5.6,11.6,제주
2022-03-05,7.9,12.7,1.5,9.8,창녕(밀양)
2022-03-05,-2.1,3.5,-5.6,0.5,평창
2022-03-05,1.9,7.9,-2.1,3.2,포천(동두천)
2022-03-05,4.5,8.4,0.5,8.7,해남
2022-03-06,0.8,8.8,-6.6,6.2,논산(부여)
2022-03-06,2.7,5.1,1.0,5.8,무안(목포)
2022-03-06,2.9,9.9,-2.1,6.3,상주
2022-03-06,4.2,7.2,2.7,7.0,신안
2022-03-06,6.4,10.0,4.5,10.7,제주
2022-03-06,4.0,11.6,-3.1,6.6,창녕(밀양)
2022-03-06,-3.9,3.7,-8.8,-0.2,평창
2022-03-06,1.5,8.3,-2.8,2.6,포천(동두천)
2022-03-06,2.3,7.9,-0.7,6.3,해남
2022-03-07,2.2,11.4,-4.9,7.4,논산(부여)
2022-03-07,3.2,8.7,-0.7,6.9,무안(목포)
2022-03-07,3.6,12.4,-4.5,6.0,상주
2022-03-07,4.8,8.3,2.5,7.8,신안
2022-03-07,7.5,11.5,4.6,10.9,제주
2022-03-07,4.5,13.1,-2.3,6.9,창녕(밀양)
2022-03-07,-2.1,7.3,-12.5,0.6,평창
2022-03-07,1.4,9.3,-5.5,2.2,포천(동두천)
2022-03-07,1.7,10.7,-5.1,7.3,해남
2022-03-08,3.9,13.8,-4.5,7.9,논산(부여)
2022-03-08,6.0,12.7,0.2,7.4,무안(목포)
2022-03-08,6.4,14.4,-2.7,8.1,상주
2022-03-08,7.3,13.0,3.2,8.8,신안
2022-03-08,9.5,14.1,5.0,11.2,제주
2022-03-08,6.4,16.6,-2.1,8.6,창녕(밀양)
2022-03-08,1.5,8.9,-5.2,2.7,평창
2022-03-08,4.7,13.3,-0.7,4.7,포천(동두천)
2022-03-08,2.6,13.6,-7.1,7.0,해남
2022-03-09,5.5,16.3,-3.2,8.8,논산(부여)
2022-03-09,7.3,13.7,2.5,10.0,무안(목포)
2022-03-09,8.2,17.3,0.9,10.7,상주
2022-03-09,6.9,10.8,4.1,9.5,신안
2022-03-09,11.0,15.1,7.5,12.7,제주
2022-03-09,8.2,18.5,-1.9,10.6,창녕(밀양)
2022-03-09,0.1,8.3,-6.9,2.4,평창
2022-03-09,5.0,15.4,-2.1,5.3,포천(동두천)
2022-03-09,4.9,16.6,-4.4,8.3,해남
2022-03-10,6.9,17.5,-2.2,9.6,논산(부여)
2022-03-10,10.2,16.8,2.8,11.6,무안(목포)
2022-03-10,8.3,18.5,-0.7,9.2,상주
2022-03-10,7.5,11.8,2.2,9.7,신안
2022-03-10,12.5,17.7,6.5,12.7,제주
2022-03-10,9.1,18.2,1.1,9.7,창녕(밀양)
2022-03-10,6.3,12.8,-5.1,2.6,평창
2022-03-10,7.4,17.4,0.4,5.4,포천(동두천)
2022-03-10,6.8,18.2,-5.0,8.9,해남
2022-03-11,10.2,17.8,1.7,10.0,논산(부여)
2022-03-11,14.2,18.8,9.4,15.8,무안(목포)
2022-03-11,11.1,19.8,1.2,13.4,상주
2022-03-11,11.7,16.6,9.2,11.2,신안
2022-03-11,16.5,21.4,12.3,14.5,제주
2022-03-11,11.7,19.2,1.8,12.2,창녕(밀양)
2022-03-11,8.4,14.6,3.4,4.1,평창
2022-03-11,9.2,19.6,0.0,7.1,포천(동두천)
2022-03-11,12.8,18.9,4.2,11.0,해남
2022-03-12,14.2,19.9,5.8,15.2,논산(부여)
2022-03-12,16.2,21.6,12.5,17.6,무안(목포)
2022-03-12,14.5,21.0,8.3,16.1,상주
2022-03-12,11.4,16.7,8.8,12.8,신안
2022-03-12,17.0,22.3,12.9,16.9,제주
2022-03-12,15.3,22.4,6.4,13.7,창녕(밀양)
2022-03-12,6.0,12.9,-3.3,3.8,평창
2022-03-12,10.8,20.8,0.6,9.2,포천(동두천)
2022-03-12,16.4,21.6,11.9,16.1,해남
2022-03-13,13.5,16.9,11.9,12.9,논산(부여)
2022-03-13,14.1,17.7,10.2,14.3,무안(목포)
2022-03-13,12.5,15.9,11.3,12.0,상주
2022-03-13,10.6,14.7,7.7,11.6,신안
2022-03-13,17.7,20.3,13.9,15.9,제주
2022-03-13,15.7,18.6,13.4,13.7,창녕(밀양)
2022-03-13,5.4,12.5,1.6,4.6,평창
2022-03-13,10.3,12.1,7.6,10.0,포천(동두천)
2022-03-13,13.7,17.1,10.7,12.7,해남
2022-03-14,9.8,13.3,5.1,10.6,논산(부여)
2022-03-14,10.5,13.7,5.9,11.3,무안(목포)
2022-03-14,9.6,12.1,7.4,10.0,상주
2022-03-14,8.5,12.4,5.9,10.6,신안
2022-03-14,13.8,17.1,9.6,15.6,제주
2022-03-14,11.2,14.3,8.2,10.7,창녕(밀양)
2022-03-14,4.1,11.1,1.6,4.0,평창
2022-03-14,6.7,11.3,4.5,6.4,포천(동두천)
2022-03-14,10.1,15.0,5.2,11.2,해남
2022-03-15,7.2,16.1,0.6,10.7,논산(부여)
2022-03-15,7.6,14.2,3.2,12.8,무안(목포)
2022-03-15,10.0,16.5,4.3,11.0,상주
2022-03-15,6.6,11.0,3.8,10.7,신안
2022-03-15,10.4,14.5,6.3,13.1,제주
2022-03-15,10.8,19.8,2.2,12.6,창녕(밀양)
2022-03-15,6.1,14.8,-0.4,4.6,평창
2022-03-15,6.6,13.4,0.8,8.0,포천(동두천)
2022-03-15,7.9,17.7,1.5,10.4,해남
2022-03-16,9.9,19.5,-0.5,12.8,논산(부여)
2022-03-16,10.0,16.6,5.1,14.1,무안(목포)
2022-03-16,13.5,21.0,3.5,12.0,상주
2022-03-16,8.6,12.9,5.4,11.0,신안
2022-03-16,13.7,18.4,9.0,15.2,제주
2022-03-16,12.6,23.2,2.8,13.8,창녕(밀양)
2022-03-16,6.8,15.4,2.5,5.9,평창
2022-03-16,9.0,18.2,0.0,9.4,포천(동두천)
2022-03-16,9.8,20.1,-0.5,11.1,해남
2022-03-17,9.3,11.2,7.1,9.4,논산(부여)
2022-03-17,10.4,14.6,7.5,10.7,무안(목포)
2022-03-17,7.6,11.3,4.6,8.7,상주
2022-03-17,7.8,9.0,6.8,9.2,신안
2022-03-17,13.4,17.2,11.3,13.4,제주
2022-03-17,10.1,12.8,7.5,9.0,창녕(밀양)
2022-03-17,0.7,3.2,-0.5,2.3,평창
2022-03-17,10.0,17.9,5.5,10.7,포천(동두천)
2022-03-17,10.0,13.9,6.3,10.5,해남
2022-03-18,7.1,9.7,5.8,8.5,논산(부여)
2022-03-18,7.9,10.1,6.7,9.3,무안(목포)
2022-03-18,4.9,8.0,3.4,6.9,상주
2022-03-18,7.1,8.3,5.7,9.4,신안
2022-03-18,10.3,11.8,8.9,12.0,제주
2022-03-18,7.5,9.7,5.9,7.4,창녕(밀양)
2022-03-18,-1.5,-0.5,-2.3,-0.4,평창
2022-03-18,6.4,9.3,3.7,7.2,포천(동두천)
2022-03-18,7.6,10.5,6.0,9.3,해남
2022-03-19,4.7,7.0,3.3,7.0,논산(부여)
2022-03-19,5.4,6.7,4.0,7.0,무안(목포)
2022-03-19,2.7,5.9,0.0,6.7,상주
2022-03-19,5.3,7.3,3.9,7.3,신안
2022-03-19,7.7,9.4,6.3,9.6,제주
2022-03-19,5.4,9.3,3.4,6.5,창녕(밀양)
2022-03-19,-2.0,-0.3,-3.3,-0.4,평창
2022-03-19,2.8,6.6,0.1,3.9,포천(동두천)
2022-03-19,4.6,6.5,3.5,6.7,해남
2022-03-20,4.5,8.9,0.5,7.5,논산(부여)
2022-03-20,5.2,7.6,3.9,6.6,무안(목포)
2022-03-20,5.4,10.1,2.2,7.2,상주
2022-03-20,5.5,9.7,3.9,8.0,신안
2022-03-20,7.9,10.2,6.6,9.8,제주
2022-03-20,6.8,11.7,1.3,7.7,창녕(밀양)
2022-03-20,-0.7,2.5,-3.4,-0.3,평창
2022-03-20,3.9,10.9,-0.2,6.0,포천(동두천)
2022-03-20,4.3,7.9,-0.1,7.1,해남
2022-03-21,5.1,12.2,-2.1,9.3,논산(부여)
2022-03-21,5.7,10.6,2.2,6.5,무안(목포)
2022-03-21,6.6,12.4,-0.2,8.3,상주
2022-03-21,5.7,8.2,3.6,7.3,신안
2022-03-21,9.3,12.2,6.4,9.9,제주
2022-03-21,8.7,14.7,2.1,9.5,창녕(밀양)
2022-03-21,-1.9,3.5,-9.2,-0.3,평창
2022-03-21,3.8,11.5,-3.5,4.8,포천(동두천)
2022-03-21,5.8,12.9,-1.0,6.6,해남
2022-03-22,6.7,13.5,-0.3,9.9,논산(부여)
2022-03-22,6.3,9.7,4.1,7.4,무안(목포)
2022-03-22,7.9,14.1,2.8,8.9,상주
2022-03-22,6.1,9.5,4.5,8.3,신안
2022-03-22,9.4,12.5,7.1,11.4,제주
2022-03-22,9.2,15.6,4.1,11.2,창녕(밀양)
2022-03-22,-1.9,3.5,-8.6,-0.3,평창
2022-03-22,6.7,14.9,-1.3,7.0,포천(동두천)
2022-03-22,6.0,11.4,1.7,8.6,해남
2022-03-23,5.1,9.9,1.1,6.4,논산(부여)
2022-03-23,6.3,10.8,3.7,8.2,무안(목포)
2022-03-23,4.7,10.7,1.0,5.8,상주
2022-03-23,6.5,11.1,4.0,9.5,신안
2022-03-23,9.0,12.8,6.6,11.6,제주
2022-03-23,6.5,13.2,1.9,7.3,창녕(밀양)
2022-03-23,-0.6,3.2,-6.1,-0.4,평창
2022-03-23,5.3,8.7,2.7,6.4,포천(동두천)
2022-03-23,4.8,11.9,-0.2,8.9,해남
2022-03-24,7.2,15.4,-1.0,10.7,논산(부여)
2022-03-24,9.3,15.4,2.7,10.5,무안(목포)
2022-03-24,6.9,14.4,-0.5,8.3,상주
2022-03-24,9.7,14.8,5.0,10.5,신안
2022-03-24,11.2,15.4,5.3,11.5,제주
2022-03-24,9.2,18.6,-0.2,10.5,창녕(밀양)
2022-03-24,2.1,5.3,-1.3,-0.3,평창
2022-03-24,7.5,11.5,5.0,7.3,포천(동두천)
2022-03-24,6.9,15.3,-2.7,9.9,해남
2022-03-25,12.0,18.3,3.4,11.6,논산(부여)
2022-03-25,14.3,17.8,8.4,12.0,무안(목포)
2022-03-25,10.5,17.8,2.7,11.2,상주
2022-03-25,12.2,14.6,8.8,10.8,신안
2022-03-25,16.4,21.1,9.3,12.7,제주
2022-03-25,13.1,19.1,4.8,12.4,창녕(밀양)
2022-03-25,7.8,14.0,1.7,-0.2,평창
2022-03-25,10.9,17.3,3.1,9.5,포천(동두천)
2022-03-25,13.4,16.5,3.3,11.4,해남
2022-03-26,10.8,15.3,5.9,11.6,논산(부여)
2022-03-26,9.8,16.6,7.0,11.2,무안(목포)
2022-03-26,12.0,14.5,10.8,11.9,상주
2022-03-26,9.3,14.4,6.8,11.7,신안
2022-03-26,12.1,21.4,9.0,13.1,제주
2022-03-26,15.5,21.3,9.5,15.4,창녕(밀양)
2022-03-26,8.5,12.1,5.0,6.8,평창
2022-03-26,11.4,16.4,8.3,12.2,포천(동두천)
2022-03-26,9.3,16.4,5.5,10.5,해남
2022-03-27,7.0,15.1,1.1,9.7,논산(부여)
2022-03-27,8.2,14.3,5.4,10.1,무안(목포)
2022-03-27,10.2,17.9,4.4,10.9,상주
2022-03-27,8.4,15.1,6.0,10.2,신안
2022-03-27,12.7,18.5,8.5,13.4,제주
2022-03-27,13.0,20.6,5.5,13.5,창녕(밀양)
2022-03-27,4.1,8.8,-1.8,4.1,평창
2022-03-27,6.9,14.7,1.8,8.3,포천(동두천)
2022-03-27,8.7,16.2,4.5,10.5,해남
2022-03-28,6.1,15.1,-2.1,11.0,논산(부여)
2022-03-28,7.7,13.1,3.5,9.6,무안(목포)
2022-03-28,7.3,14.7,-0.4,9.2,상주
2022-03-28,7.3,11.0,5.2,10.5,신안
2022-03-28,10.8,14.5,7.3,12.7,제주
2022-03-28,9.3,16.0,2.6,11.1,창녕(밀양)
2022-03-28,0.5,8.5,-7.2,3.3,평창
2022-03-28,6.2,16.0,-2.5,7.3,포천(동두천)
2022-03-28,7.9,13.8,2.0,10.2,해남
2022-03-29,8.8,18.0,-0.8,13.5,논산(부여)
2022-03-29,10.7,17.1,5.0,12.4,무안(목포)
2022-03-29,9.7,19.7,-0.5,10.8,상주
2022-03-29,10.5,15.7,5.6,11.8,신안
2022-03-29,13.1,16.9,8.7,14.5,제주
2022-03-29,10.6,19.7,1.4,13.1,창녕(밀양)
2022-03-29,5.1,13.3,-4.5,3.7,평창
2022-03-29,8.2,16.7,-0.7,9.0,포천(동두천)
2022-03-29,9.7,17.3,1.1,12.2,해남
2022-03-30,10.0,16.5,2.5,10.8,논산(부여)
2022-03-30,13.8,21.3,8.0,15.0,무안(목포)
2022-03-30,12.1,19.6,2.7,12.3,상주
2022-03-30,11.2,15.5,8.1,11.9,신안
2022-03-30,15.4,19.8,11.5,16.2,제주
2022-03-30,13.4,22.2,3.2,13.7,창녕(밀양)
2022-03-30,4.8,14.1,-1.3,2.9,평창
2022-03-30,8.8,16.4,3.0,8.5,포천(동두천)
2022-03-30,13.5,21.1,4.5,13.5,해남
2022-03-31,10.6,14.7,7.4,11.9,논산(부여)
2022-03-31,7.8,10.5,6.5,9.5,무안(목포)
2022-03-31,10.8,15.1,4.9,12.4,상주
2022-03-31,7.5,10.1,6.1,10.2,신안
2022-03-31,11.5,14.4,9.5,14.9,제주
2022-03-31,12.4,16.1,8.7,14.4,창녕(밀양)
2022-03-31,1.0,3.0,-2.3,3.4,평창
2022-03-31,9.4,16.1,4.6,11.7,포천(동두천)
2022-03-31,8.2,12.3,5.1,10.9,해남
2022-04-01,9.3,16.2,3.4,14.6,논산(부여)
2022-04-01,8.5,13.5,4.9,11.1,무안(목포)
2022-04-01,7.1,14.5,1.1,10.7,상주
2022-04-01,7.8,12.7,4.9,11.6,신안
2022-04-01,11.9,14.6,9.3,16.2,제주
2022-04-01,9.8,15.8,4.6,14.2,창녕(밀양)
2022-04-01,0.1,4.8,-3.4,3.6,평창
2022-04-01,7.9,17.1,0.6,11.2,포천(동두천)
2022-04-01,6.9,14.6,0.9,9.3,해남
2022-04-02,6.2,14.2,-1.6,12.9,논산(부여)
2022-04-02,7.2,11.5,4.2,10.5,무안(목포)
2022-04-02,8.6,16.7,0.2,12.1,상주
2022-04-02,7.1,11.6,4.0,11.4,신안
2022-04-02,10.8,14.7,7.9,16.3,제주
2022-04-02,9.4,17.1,1.5,12.3,창녕(밀양)
2022-04-02,3.0,10.8,-5.2,4.2,평창
2022-04-02,7.2,16.2,-0.7,10.6,포천(동두천)
2022-04-02,5.6,13.5,-1.7,11.5,해남
2022-04-03,8.0,17.6,-1.4,13.7,논산(부여)
2022-04-03,7.8,13.2,3.9,11.2,무안(목포)
2022-04-03,10.3,18.0,1.5,12.5,상주
2022-04-03,7.9,12.4,4.6,12.0,신안
2022-04-03,10.4,14.8,5.6,15.4,제주
2022-04-03,10.9,18.8,2.1,14.5,창녕(밀양)
2022-04-03,2.8,10.8,-5.1,4.2,평창
2022-04-03,8.8,19.0,-0.5,12.0,포천(동두천)
2022-04-03,6.7,15.1,-2.4,11.6,해남
2022-04-04,9.0,18.4,-0.3,14.6,논산(부여)
2022-04-04,9.4,16.0,4.8,13.6,무안(목포)
2022-04-04,11.4,20.3,1.8,13.7,상주
2022-04-04,9.4,14.2,5.4,12.7,신안
2022-04-04,11.9,16.7,6.8,16.3,제주
2022-04-04,12.1,21.5,3.1,15.1,창녕(밀양)
2022-04-04,6.5,14.9,-3.6,5.9,평창
2022-04-04,9.2,18.6,1.6,12.8,포천(동두천)
2022-04-04,7.5,17.8,-2.2,12.3,해남
2022-04-05,8.1,17.4,-0.2,12.6,논산(부여)
2022-04-05,9.7,14.7,4.1,13.6,무안(목포)
2022-04-05,12.3,19.8,3.5,13.4,상주
2022-04-05,9.4,14.2,5.2,11.2,신안
2022-04-05,13.0,17.8,7.9,16.2,제주
2022-04-05,12.9,22.1,3.5,15.3,창녕(밀양)
2022-04-05,7.9,14.1,1.7,6.1,평창
2022-04-05,9.4,17.9,0.8,12.9,포천(동두천)
2022-04-05,6.9,15.7,-2.8,11.0,해남
2022-04-06,10.8,21.2,2.2,16.2,논산(부여)
2022-04-06,10.0,15.5,6.7,15.6,무안(목포)
2022-04-06,14.9,22.6,8.1,16.3,상주
2022-04-06,9.0,13.9,5.7,13.3,신안
2022-04-06,13.7,17.7,9.8,17.5,제주
2022-04-06,14.7,24.0,5.1,16.7,창녕(밀양)
2022-04-06,7.2,13.1,1.3,6.9,평창
2022-04-06,11.5,19.4,5.0,15.4,포천(동두천)
2022-04-06,8.8,17.8,0.1,13.1,해남
2022-04-07,10.2,18.5,4.3,14.5,논산(부여)
2022-04-07,10.1,15.9,6.4,15.8,무안(목포)
2022-04-07,13.4,19.6,9.3,14.8,상주
2022-04-07,9.1,13.9,5.0,13.7,신안
2022-04-07,13.1,19.4,10.1,18.0,제주
2022-04-07,14.0,21.9,6.2,15.4,창녕(밀양)
2022-04-07,7.9,14.0,-0.1,9.2,평창
2022-04-07,10.5,18.2,5.3,15.8,포천(동두천)
2022-04-07,9.5,17.6,3.4,14.3,해남
2022-04-08,11.3,22.6,0.5,16.8,논산(부여)
2022-04-08,13.7,21.1,6.2,18.4,무안(목포)
2022-04-08,14.2,23.5,2.9,16.6,상주
2022-04-08,12.1,18.1,6.9,14.1,신안
2022-04-08,15.1,19.9,9.7,18.1,제주
2022-04-08,14.3,23.9,4.5,17.1,창녕(밀양)
2022-04-08,8.7,17.3,-4.1,9.8,평창
2022-04-08,11.7,21.6,2.0,15.6,포천(동두천)
2022-04-08,10.8,22.5,0.1,14.5,해남
2022-04-09,16.0,24.0,6.4,18.8,논산(부여)
2022-04-09,16.7,22.4,12.4,20.4,무안(목포)
2022-04-09,17.9,28.4,6.6,19.2,상주
2022-04-09,13.2,17.5,10.2,15.2,신안
2022-04-09,17.2,21.7,12.5,19.8,제주
2022-04-09,15.9,26.0,6.2,18.1,창녕(밀양)
2022-04-09,14.8,20.2,9.1,13.7,평창
2022-04-09,17.5,25.5,8.9,19.7,포천(동두천)
2022-04-09,13.6,22.1,4.6,16.4,해남
2022-04-10,16.0,25.5,6.4,20.2,논산(부여)
2022-04-10,17.6,22.8,12.4,21.1,무안(목포)
2022-04-10,19.4,28.7,8.6,20.4,상주
2022-04-10,14.9,19.2,10.3,15.2,신안
2022-04-10,17.4,21.1,12.4,19.8,제주
2022-04-10,17.0,26.3,7.2,18.7,창녕(밀양)
2022-04-10,16.0,23.9,10.1,14.9,평창
2022-04-10,17.3,26.0,9.4,20.6,포천(동두천)
2022-04-10,15.3,23.1,4.6,16.8,해남
2022-04-11,18.6,27.0,9.5,23.1,논산(부여)
2022-04-11,19.9,25.8,15.4,24.3,무안(목포)
2022-04-11,20.8,28.3,11.1,22.2,상주
2022-04-11,15.5,19.7,13.1,16.1,신안
2022-04-11,19.8,25.3,16.5,23.4,제주
2022-04-11,18.0,25.2,10.9,20.1,창녕(밀양)
2022-04-11,16.5,23.5,8.8,16.6,평창
2022-04-11,18.7,27.7,10.8,22.7,포천(동두천)
2022-04-11,18.1,24.3,14.7,20.4,해남
2022-04-12,18.3,25.0,12.2,22.7,논산(부여)
2022-04-12,19.3,23.1,16.7,23.8,무안(목포)
2022-04-12,21.5,30.1,12.3,23.5,상주
2022-04-12,14.0,17.6,11.7,16.5,신안
2022-04-12,18.8,23.3,15.5,23.6,제주
2022-04-12,21.1,28.9,14.8,23.3,창녕(밀양)
2022-04-12,14.4,24.2,6.1,17.0,평창
2022-04-12,18.1,26.7,14.6,23.0,포천(동두천)
2022-04-12,18.2,24.8,13.7,21.0,해남
2022-04-13,13.2,16.5,10.1,14.8,논산(부여)
2022-04-13,15.4,19.9,13.5,17.6,무안(목포)
2022-04-13,12.4,20.1,7.0,15.1,상주
2022-04-13,10.8,12.3,10.0,13.9,신안
2022-04-13,17.9,22.9,14.5,22.2,제주
2022-04-13,14.1,17.7,11.0,15.5,창녕(밀양)
2022-04-13,3.1,6.3,1.7,5.6,평창
2022-04-13,11.8,14.8,9.6,15.2,포천(동두천)
2022-04-13,15.0,19.5,12.0,17.7,해남
2022-04-14,11.0,15.1,9.1,13.9,논산(부여)
2022-04-14,14.1,18.4,11.8,16.9,무안(목포)
2022-04-14,9.5,12.2,7.0,12.1,상주
2022-04-14,11.4,15.6,9.8,14.1,신안
2022-04-14,14.1,14.6,12.8,15.8,제주
2022-04-14,11.9,14.4,10.6,15.0,창녕(밀양)
2022-04-14,2.8,3.5,2.0,4.4,평창
2022-04-14,12.4,17.6,9.5,16.3,포천(동두천)
2022-04-14,13.8,20.1,10.6,18.0,해남
2022-04-15,12.3,19.4,7.1,14.9,논산(부여)
2022-04-15,12.2,16.3,9.5,15.7,무안(목포)
2022-04-15,12.1,19.6,7.4,15.4,상주
2022-04-15,10.8,15.1,8.8,15.0,신안
2022-04-15,14.0,17.6,11.6,17.3,제주
2022-04-15,13.5,20.3,10.5,19.6,창녕(밀양)
2022-04-15,3.2,8.5,-1.8,7.3,평창
2022-04-15,11.6,20.8,4.1,15.6,포천(동두천)
2022-04-15,13.1,19.6,8.1,19.1,해남
2022-04-16,11.3,19.8,4.0,15.5,논산(부여)
2022-04-16,11.7,17.4,8.2,15.8,무안(목포)
2022-04-16,12.6,20.6,3.4,15.6,상주
2022-04-16,10.5,15.4,8.2,15.3,신안
2022-04-16,13.6,17.3,10.6,17.6,제주
2022-04-16,12.9,21.3,7.0,18.7,창녕(밀양)
2022-04-16,6.8,15.4,-4.4,9.5,평창
2022-04-16,11.9,21.4,3.0,17.8,포천(동두천)
2022-04-16,10.9,20.1,3.6,17.0,해남
2022-04-17,12.0,22.1,1.7,16.5,논산(부여)
2022-04-17,12.2,17.8,7.5,17.8,무안(목포)
2022-04-17,15.3,23.2,8.1,17.0,상주
2022-04-17,12.1,16.6,8.4,16.1,신안
2022-04-17,14.3,18.9,9.6,18.3,제주
2022-04-17,14.3,23.3,3.9,19.1,창녕(밀양)
2022-04-17,9.9,17.3,-0.7,11.7,평창
2022-04-17,12.7,23.5,3.5,18.5,포천(동두천)
2022-04-17,11.2,19.7,1.2,17.2,해남
2022-04-18,13.1,22.5,7.6,16.8,논산(부여)
2022-04-18,13.9,20.6,10.1,17.7,무안(목포)
2022-04-18,16.1,24.1,9.6,17.4,상주
2022-04-18,12.6,17.0,8.9,15.8,신안
2022-04-18,15.1,18.2,12.1,18.6,제주
2022-04-18,16.8,24.7,9.3,19.4,창녕(밀양)
2022-04-18,11.3,17.7,6.3,11.5,평창
2022-04-18,14.6,23.1,9.3,19.2,포천(동두천)
2022-04-18,12.5,22.9,4.2,16.5,해남
2022-04-19,12.9,22.8,4.8,17.9,논산(부여)
2022-04-19,13.7,19.5,9.6,19.1,무안(목포)
2022-04-19,16.8,24.7,6.5,19.0,상주
2022-04-19,13.1,18.5,9.8,17.2,신안
2022-04-19,15.6,19.5,12.3,20.1,제주
2022-04-19,16.3,25.8,7.6,20.0,창녕(밀양)
2022-04-19,11.0,18.7,0.6,12.8,평창
2022-04-19,13.7,24.0,5.4,19.4,포천(동두천)
2022-04-19,12.7,22.4,3.3,19.2,해남
2022-04-20,12.6,22.2,3.5,18.5,논산(부여)
2022-04-20,14.5,20.0,8.6,22.1,무안(목포)
2022-04-20,17.4,25.3,7.3,19.5,상주
2022-04-20,12.3,18.5,9.2,16.8,신안
2022-04-20,15.7,19.9,11.3,20.5,제주
2022-04-20,16.6,26.1,6.0,21.8,창녕(밀양)
2022-04-20,12.2,19.2,2.5,13.7,평창
2022-04-20,14.3,23.7,5.5,20.1,포천(동두천)
2022-04-20,12.2,22.4,2.0,21.5,해남
2022-04-21,12.7,21.4,4.7,16.8,논산(부여)
2022-04-21,14.3,18.8,12.1,19.3,무안(목포)
2022-04-21,12.9,20.2,6.7,14.0,상주
2022-04-21,12.3,16.2,10.2,16.1,신안
2022-04-21,14.7,18.1,12.8,18.1,제주
2022-04-21,12.5,16.9,8.7,12.1,창녕(밀양)
2022-04-21,11.8,16.6,6.5,11.9,평창
2022-04-21,14.9,24.1,6.0,20.6,포천(동두천)
2022-04-21,11.3,18.5,6.3,15.8,해남
2022-04-22,14.6,23.7,7.6,20.0,논산(부여)
2022-04-22,16.2,22.9,11.4,23.1,무안(목포)
2022-04-22,16.9,26.8,6.3,19.0,상주
2022-04-22,13.1,16.9,9.5,17.1,신안
2022-04-22,17.2,22.9,11.8,20.4,제주
2022-04-22,17.0,25.0,10.3,21.2,창녕(밀양)
2022-04-22,12.4,16.0,9.6,13.5,평창
2022-04-22,13.9,15.6,12.0,14.0,포천(동두천)
2022-04-22,15.3,22.3,5.7,24.1,해남
2022-04-23,17.9,25.0,11.6,22.1,논산(부여)
2022-04-23,17.1,22.2,14.1,21.0,무안(목포)
2022-04-23,18.8,26.1,13.3,22.5,상주
2022-04-23,13.4,16.5,10.7,16.4,신안
2022-04-23,18.0,21.5,16.2,20.5,제주
2022-04-23,17.9,25.1,12.1,21.3,창녕(밀양)
2022-04-23,11.7,17.6,4.6,14.5,평창
2022-04-23,16.1,25.3,7.3,21.8,포천(동두천)
2022-04-23,17.0,23.3,13.8,22.7,해남
2022-04-24,17.9,26.1,12.5,24.2,논산(부여)
2022-04-24,17.8,21.8,15.1,26.5,무안(목포)
2022-04-24,20.0,28.8,10.8,23.6,상주
2022-04-24,13.1,17.7,10.2,17.4,신안
2022-04-24,17.7,21.5,15.4,23.0,제주
2022-04-24,21.2,30.7,13.2,27.2,창녕(밀양)
2022-04-24,16.4,24.0,9.3,17.7,평창
2022-04-24,17.3,25.2,11.1,22.6,포천(동두천)
2022-04-24,18.1,25.4,12.1,25.2,해남
2022-04-25,19.5,26.1,13.9,22.4,논산(부여)
2022-04-25,18.7,24.8,13.9,24.7,무안(목포)
2022-04-25,20.3,27.1,15.5,23.6,상주
2022-04-25,15.1,17.9,11.0,16.4,신안
2022-04-25,21.2,26.7,14.6,23.8,제주
2022-04-25,21.4,29.7,13.0,25.3,창녕(밀양)
2022-04-25,17.2,21.8,7.9,17.7,평창
2022-04-25,18.7,23.2,14.6,21.0,포천(동두천)
2022-04-25,17.8,25.1,11.0,23.1,해남
2022-04-26,18.5,24.9,15.4,20.4,논산(부여)
2022-04-26,16.6,18.9,13.8,18.3,무안(목포)
2022-04-26,17.9,22.0,14.3,19.8,상주
2022-04-26,15.3,19.3,11.4,16.7,신안
2022-04-26,19.3,24.3,14.5,20.4,제주
2022-04-26,18.7,22.1,16.6,18.3,창녕(밀양)
2022-04-26,15.2,21.5,11.1,16.5,평창
2022-04-26,21.5,30.3,15.5,28.4,포천(동두천)
2022-04-26,15.8,19.0,12.9,17.2,해남
2022-04-27,15.5,23.3,8.1,20.4,논산(부여)
2022-04-27,14.4,18.0,11.5,17.8,무안(목포)
2022-04-27,17.5,24.1,13.1,20.0,상주
2022-04-27,12.3,15.8,9.9,16.1,신안
2022-04-27,17.1,22.3,14.0,20.3,제주
2022-04-27,17.6,23.5,12.8,19.9,창녕(밀양)
2022-04-27,8.8,14.8,4.2,13.3,평창
2022-04-27,16.7,24.8,11.0,23.7,포천(동두천)
2022-04-27,15.2,21.1,9.4,18.7,해남
2022-04-28,15.8,24.3,8.5,20.4,논산(부여)
2022-04-28,14.7,22.4,9.7,18.1,무안(목포)
2022-04-28,16.2,23.6,9.1,19.8,상주
2022-04-28,12.3,19.3,9.0,16.1,신안
2022-04-28,17.5,20.3,14.5,21.1,제주
2022-04-28,17.0,24.6,10.2,20.6,창녕(밀양)
2022-04-28,6.7,11.4,2.5,10.3,평창
2022-04-28,15.7,25.1,8.0,22.1,포천(동두천)
2022-04-28,14.2,21.7,6.4,17.6,해남
2022-04-29,13.2,17.4,10.1,16.9,논산(부여)
2022-04-29,12.8,16.4,9.7,17.1,무안(목포)
2022-04-29,11.4,14.4,8.1,15.3,상주
2022-04-29,10.7,14.1,8.7,14.3,신안
2022-04-29,13.6,17.6,11.7,16.5,제주
2022-04-29,12.0,15.1,10.1,13.1,창녕(밀양)
2022-04-29,3.4,6.1,1.3,7.1,평창
2022-04-29,10.7,17.0,8.0,15.2,포천(동두천)
2022-04-29,12.2,16.8,9.4,15.6,해남
2022-04-30,12.5,18.4,7.4,16.9,논산(부여)
2022-04-30,13.1,15.8,11.3,18.2,무안(목포)
2022-04-30,13.0,18.6,9.1,16.4,상주
2022-04-30,11.9,16.4,9.7,16.2,신안
2022-04-30,15.1,17.8,13.3,19.1,제주
2022-04-30,14.4,18.7,10.2,16.7,창녕(밀양)
2022-04-30,6.3,12.3,-0.9,10.2,평창
2022-04-30,11.4,16.7,7.1,14.3,포천(동두천)
2022-04-30,12.5,16.0,10.4,14.5,해남
2022-05-01,12.1,19.3,4.8,18.9,논산(부여)
2022-05-01,13.0,16.8,9.5,19.2,무안(목포)
2022-05-01,13.7,20.0,7.8,17.3,상주
2022-05-01,13.1,17.1,9.1,17.0,신안
2022-05-01,14.8,18.3,12.2,20.5,제주
2022-05-01,14.8,21.5,8.8,19.7,창녕(밀양)
2022-05-01,7.5,13.5,0.1,9.4,평창
2022-05-01,11.4,19.5,3.7,17.5,포천(동두천)
2022-05-01,11.6,17.4,5.4,16.3,해남
2022-05-02,12.5,20.1,6.0,19.1,논산(부여)
2022-05-02,13.6,18.5,10.4,20.1,무안(목포)
2022-05-02,13.5,19.8,7.9,18.2,상주
2022-05-02,13.8,18.4,9.9,17.3,신안
2022-05-02,16.7,20.3,13.2,20.4,제주
2022-05-02,12.9,21.4,5.6,16.5,창녕(밀양)
2022-05-02,3.7,10.5,-1.3,7.2,평창
2022-05-02,12.3,20.6,5.1,19.5,포천(동두천)
2022-05-02,11.7,20.5,4.0,17.8,해남
2022-05-03,12.0,20.4,3.5,19.3,논산(부여)
2022-05-03,13.3,18.7,7.9,21.4,무안(목포)
2022-05-03,14.1,22.8,4.0,19.0,상주
2022-05-03,12.5,19.0,8.7,17.3,신안
2022-05-03,14.8,18.8,9.5,21.3,제주
2022-05-03,13.5,22.4,6.9,17.0,창녕(밀양)
2022-05-03,8.9,16.6,-2.7,11.6,평창
2022-05-03,12.7,21.3,4.5,19.3,포천(동두천)
2022-05-03,10.7,19.6,2.1,18.2,해남
2022-05-04,14.3,24.3,4.8,21.1,논산(부여)
2022-05-04,15.3,20.6,9.4,23.3,무안(목포)
2022-05-04,18.4,27.2,6.9,22.8,상주
2022-05-04,13.6,19.2,10.2,18.5,신안
2022-05-04,16.6,20.7,11.3,22.7,제주
2022-05-04,16.2,26.6,7.0,21.0,창녕(밀양)
2022-05-04,14.8,21.3,6.3,15.3,평창
2022-05-04,15.9,26.5,5.5,22.2,포천(동두천)
2022-05-04,12.7,21.3,3.0,20.1,해남
2022-05-05,15.9,25.1,5.6,23.2,논산(부여)
2022-05-05,18.3,24.2,11.4,26.2,무안(목포)
2022-05-05,19.2,28.0,9.1,24.5,상주
2022-05-05,15.9,22.0,10.3,19.5,신안
2022-05-05,20.7,27.5,13.2,24.9,제주
2022-05-05,17.7,27.5,8.6,23.1,창녕(밀양)
2022-05-05,16.3,23.2,8.1,18.0,평창
2022-05-05,17.0,25.9,8.3,24.5,포천(동두천)
2022-05-05,16.1,24.3,5.2,22.7,해남
2022-05-06,18.8,27.0,9.9,25.0,논산(부여)
2022-05-06,19.7,25.4,14.6,29.7,무안(목포)
2022-05-06,20.0,27.7,10.8,26.1,상주
2022-05-06,17.8,23.6,13.8,20.7,신안
2022-05-06,20.5,24.6,16.5,25.7,제주
2022-05-06,19.7,28.5,10.1,25.3,창녕(밀양)
2022-05-06,16.7,23.1,10.3,19.8,평창
2022-05-06,17.9,25.7,10.0,24.6,포천(동두천)
2022-05-06,18.2,25.5,11.5,22.1,해남
2022-05-07,16.8,23.8,10.4,23.2,논산(부여)
2022-05-07,16.5,20.7,12.6,25.0,무안(목포)
2022-05-07,18.6,24.7,14.1,25.5,상주
2022-05-07,14.7,18.8,10.8,19.4,신안
2022-05-07,19.3,23.6,15.9,24.4,제주
2022-05-07,20.0,27.6,13.3,26.4,창녕(밀양)
2022-05-07,9.1,14.6,3.9,11.0,평창
2022-05-07,17.7,23.5,13.5,24.0,포천(동두천)
2022-05-07,16.3,23.2,10.9,23.4,해남
2022-05-08,16.2,23.7,9.4,23.1,논산(부여)
2022-05-08,15.4,21.6,10.7,23.0,무안(목포)
2022-05-08,16.1,22.0,11.6,23.2,상주
2022-05-08,13.8,19.2,9.6,18.4,신안
2022-05-08,18.5,22.4,14.7,24.2,제주
2022-05-08,17.5,22.8,13.0,23.6,창녕(밀양)
2022-05-08,8.1,12.8,1.7,9.9,평창
2022-05-08,13.0,17.6,9.3,16.5,포천(동두천)
2022-05-08,14.2,20.7,6.3,19.5,해남
2022-05-09,16.3,23.6,10.6,22.5,논산(부여)
2022-05-09,16.3,20.4,13.9,23.3,무안(목포)
2022-05-09,16.2,24.2,10.4,23.4,상주
2022-05-09,14.7,19.1,12.1,20.2,신안
2022-05-09,17.6,19.8,15.7,24.2,제주
2022-05-09,17.3,23.2,11.6,22.3,창녕(밀양)
2022-05-09,9.5,16.7,0.6,16.3,평창
2022-05-09,16.2,25.5,7.6,23.0,포천(동두천)
2022-05-09,14.5,21.2,9.4,18.6,해남
2022-05-10,18.0,25.4,10.4,25.3,논산(부여)
2022-05-10,16.5,21.1,13.0,21.5,무안(목포)
2022-05-10,16.6,25.2,7.6,22.8,상주
2022-05-10,14.9,19.9,11.9,17.8,신안
2022-05-10,17.8,19.9,15.3,22.8,제주
2022-05-10,17.1,25.2,9.4,22.9,창녕(밀양)
2022-05-10,9.0,18.5,-1.8,14.6,평창
2022-05-10,18.2,26.7,9.5,25.2,포천(동두천)
2022-05-10,14.8,22.4,7.2,19.7,해남
2022-05-11,18.9,24.6,14.1,25.1,논산(부여)
2022-05-11,18.3,22.8,15.3,28.7,무안(목포)
2022-05-11,19.2,25.8,12.1,24.6,상주
2022-05-11,15.9,20.4,14.1,19.8,신안
2022-05-11,18.7,20.8,17.6,21.1,제주
2022-05-11,20.3,27.8,15.0,26.2,창녕(밀양)
2022-05-11,14.9,22.4,5.1,19.4,평창
2022-05-11,18.7,25.6,14.1,27.7,포천(동두천)
2022-05-11,17.9,22.3,13.1,21.8,해남
2022-05-12,20.0,27.9,13.3,26.5,논산(부여)
2022-05-12,18.1,23.4,15.7,25.3,무안(목포)
2022-05-12,21.0,26.7,16.1,26.2,상주
2022-05-12,15.3,19.6,13.2,21.1,신안
2022-05-12,19.1,22.2,17.3,23.1,제주
2022-05-12,20.8,25.7,17.4,22.4,창녕(밀양)
2022-05-12,10.5,15.8,7.6,15.0,평창
2022-05-12,19.1,27.7,11.4,27.6,포천(동두천)
2022-05-12,18.7,25.1,15.0,24.5,해남
2022-05-13,17.8,21.8,14.3,21.9,논산(부여)
2022-05-13,16.0,19.2,14.2,18.8,무안(목포)
2022-05-13,16.6,19.6,13.7,20.8,상주
2022-05-13,14.6,18.8,12.7,18.4,신안
2022-05-13,16.9,18.8,14.8,20.1,제주
2022-05-13,18.2,23.8,15.6,21.5,창녕(밀양)
2022-05-13,7.6,12.1,5.9,11.1,평창
2022-05-13,16.7,24.5,10.8,23.2,포천(동두천)
2022-05-13,16.1,20.0,12.9,18.2,해남
2022-05-14,14.4,21.7,7.0,22.2,논산(부여)
2022-05-14,15.4,20.0,12.8,23.3,무안(목포)
2022-05-14,16.6,23.1,11.4,23.6,상주
2022-05-14,14.6,19.4,12.2,19.7,신안
2022-05-14,16.6,21.3,13.2,20.3,제주
2022-05-14,19.1,26.0,11.3,25.5,창녕(밀양)
2022-05-14,9.3,14.9,2.6,12.0,평창
2022-05-14,14.6,21.5,6.9,23.4,포천(동두천)
2022-05-14,15.3,21.6,10.2,22.6,해남
2022-05-15,13.7,21.9,6.5,23.6,논산(부여)
2022-05-15,15.1,18.8,12.8,23.4,무안(목포)
2022-05-15,16.0,22.8,9.8,25.0,상주
2022-05-15,14.2,18.1,11.7,21.5,신안
2022-05-15,16.3,19.7,14.4,20.0,제주
2022-05-15,17.1,23.7,12.5,24.9,창녕(밀양)
2022-05-15,9.6,17.2,-1.0,15.7,평창
2022-05-15,14.6,23.4,5.5,24.4,포천(동두천)
2022-05-15,14.6,19.9,8.9,24.4,해남
2022-05-16,14.7,23.1,4.9,23.8,논산(부여)
2022-05-16,16.4,21.1,11.7,25.3,무안(목포)
2022-05-16,17.4,24.8,8.3,25.7,상주
2022-05-16,15.1,20.5,11.9,21.8,신안
2022-05-16,18.0,22.0,13.4,22.6,제주
2022-05-16,17.9,26.0,10.8,25.7,창녕(밀양)
2022-05-16,12.3,18.7,1.8,16.9,평창
2022-05-16,16.0,24.3,7.3,25.6,포천(동두천)
2022-05-16,14.3,22.6,7.3,24.1,해남
2022-05-17,17.5,27.0,8.0,25.4,논산(부여)
2022-05-17,18.5,23.9,13.0,27.0,무안(목포)
2022-05-17,19.0,28.6,8.3,26.5,상주
2022-05-17,16.7,22.5,13.2,22.5,신안
2022-05-17,21.0,26.5,14.7,25.0,제주
2022-05-17,19.1,28.9,8.6,25.1,창녕(밀양)
2022-05-17,14.4,21.8,5.4,18.0,평창
2022-05-17,18.1,27.3,10.1,26.7,포천(동두천)
2022-05-17,16.1,24.3,6.7,24.7,해남
2022-05-18,19.5,27.0,10.7,26.1,논산(부여)
2022-05-18,19.9,25.5,15.2,27.2,무안(목포)
2022-05-18,21.4,29.4,11.6,27.1,상주
2022-05-18,21.0,26.9,12.8,23.3,신안
2022-05-18,21.6,25.8,16.7,26.2,제주
2022-05-18,20.7,30.0,11.3,26.5,창녕(밀양)
2022-05-18,16.5,21.3,12.4,17.1,평창
2022-05-18,18.4,24.3,12.8,20.1,포천(동두천)
2022-05-18,17.8,26.5,9.1,25.7,해남
2022-05-19,18.6,24.8,12.9,23.5,논산(부여)
2022-05-19,19.3,23.6,15.6,22.9,무안(목포)
2022-05-19,20.6,25.2,12.8,23.1,상주
2022-05-19,17.5,22.3,14.5,21.6,신안
2022-05-19,20.6,23.7,17.7,24.0,제주
2022-05-19,20.8,29.0,12.3,24.5,창녕(밀양)
2022-05-19,16.1,20.3,12.5,18.4,평창
2022-05-19,19.0,26.5,12.0,26.3,포천(동두천)
2022-05-19,17.1,23.4,10.5,22.4,해남
2022-05-20,18.9,26.6,12.0,26.0,논산(부여)
2022-05-20,20.1,24.1,17.0,25.8,무안(목포)
2022-05-20,21.6,27.9,15.1,28.0,상주
2022-05-20,17.9,22.3,15.1,22.4,신안
2022-05-20,20.9,23.3,18.3,23.4,제주
2022-05-20,20.8,28.1,15.0,26.5,창녕(밀양)
2022-05-20,16.5,23.6,10.9,21.3,평창
2022-05-20,19.3,26.2,12.1,27.9,포천(동두천)
2022-05-20,18.4,24.5,13.0,23.9,해남
2022-05-21,19.0,27.2,12.1,26.9,논산(부여)
2022-05-21,19.2,23.8,15.3,30.1,무안(목포)
2022-05-21,21.9,28.7,14.6,30.0,상주
2022-05-21,17.0,22.3,12.6,24.5,신안
2022-05-21,20.4,24.9,16.3,26.9,제주
2022-05-21,22.2,30.7,13.4,29.2,창녕(밀양)
2022-05-21,16.7,23.5,9.3,21.8,평창
2022-05-21,19.0,26.6,13.7,28.5,포천(동두천)
2022-05-21,18.9,25.6,11.6,27.3,해남
2022-05-22,19.4,25.6,13.7,26.9,논산(부여)
2022-05-22,18.7,24.4,14.0,30.8,무안(목포)
2022-05-22,22.9,29.8,16.6,30.8,상주
2022-05-22,18.7,24.3,12.2,24.9,신안
2022-05-22,21.4,26.2,15.1,27.7,제주
2022-05-22,24.5,33.6,14.7,30.2,창녕(밀양)
2022-05-22,14.9,23.3,9.1,21.6,평창
2022-05-22,18.7,25.4,14.6,27.7,포천(동두천)
2022-05-22,18.5,26.6,11.6,27.8,해남
2022-05-23,21.4,28.6,16.5,28.9,논산(부여)
2022-05-23,20.1,25.8,16.2,26.7,무안(목포)
2022-05-23,23.8,31.5,14.9,30.8,상주
2022-05-23,20.0,23.6,17.9,23.0,신안
2022-05-23,22.4,26.6,19.8,27.0,제주
2022-05-23,23.2,31.7,16.2,29.1,창녕(밀양)
2022-05-23,17.7,26.7,7.0,22.6,평창
2022-05-23,20.8,30.4,13.0,28.6,포천(동두천)
2022-05-23,-99.0,28.8,12.1,22.4,해남
2022-05-24,21.6,31.1,13.2,29.1,논산(부여)
2022-05-24,20.1,26.8,14.7,30.1,무안(목포)
2022-05-24,24.7,32.4,17.7,32.0,상주
2022-05-24,19.2,23.9,15.4,25.2,신안
2022-05-24,21.5,25.1,18.0,28.5,제주
2022-05-24,24.6,33.4,15.9,31.1,창녕(밀양)
2022-05-24,19.6,28.5,11.7,25.3,평창
2022-05-24,21.3,30.1,13.5,30.0,포천(동두천)
2022-05-25,20.4,28.0,13.2,28.9,논산(부여)
2022-05-25,20.1,26.1,15.8,29.4,무안(목포)
2022-05-25,23.8,31.6,16.3,31.5,상주
2022-05-25,19.2,23.1,16.2,25.1,신안
2022-05-25,21.2,24.7,18.2,28.8,제주
2022-05-25,23.9,31.9,16.5,30.3,창녕(밀양)
2022-05-25,18.4,26.2,9.1,23.5,평창
2022-05-25,19.3,26.7,13.0,28.2,포천(동두천)
2022-05-26,18.0,24.9,12.0,26.0,논산(부여)
2022-05-26,17.9,21.9,15.5,28.1,무안(목포)
2022-05-26,19.8,26.6,14.1,30.0,상주
2022-05-26,17.3,21.4,14.1,25.3,신안
2022-05-26,19.5,22.7,17.3,25.9,제주
2022-05-26,22.7,28.3,16.7,31.1,창녕(밀양)
2022-05-26,14.0,18.5,9.8,19.2,평창
2022-05-26,17.1,23.2,12.1,21.2,포천(동두천)
2022-05-27,20.2,27.3,13.2,28.1,논산(부여)
2022-05-27,19.0,22.5,15.0,25.6,무안(목포)
2022-05-27,21.6,27.8,14.2,31.0,상주
2022-05-27,21.0,23.7,15.4,25.6,신안
2022-05-27,23.2,29.0,16.5,27.7,제주
2022-05-27,22.9,30.8,12.3,29.2,창녕(밀양)
2022-05-27,14.5,18.7,10.3,17.7,평창
2022-05-27,18.5,25.8,14.3,23.4,포천(동두천)
2022-05-27,-99.0,24.9,14.7,30.9,해남
2022-05-28,21.3,28.9,14.9,27.9,논산(부여)
2022-05-28,20.8,26.8,16.0,25.2,무안(목포)
2022-05-28,22.5,30.4,13.0,29.1,상주
2022-05-28,19.7,24.3,16.2,24.7,신안
2022-05-28,21.9,24.8,19.3,27.1,제주
2022-05-28,23.2,32.5,13.4,28.8,창녕(밀양)
2022-05-28,17.9,25.5,7.1,22.2,평창
2022-05-28,19.9,29.8,11.1,26.5,포천(동두천)
2022-05-28,20.3,28.0,13.2,25.2,해남
2022-05-29,22.6,29.1,15.4,32.0,논산(부여)
2022-05-29,20.2,26.0,17.1,24.8,무안(목포)
2022-05-29,23.5,31.1,13.1,30.0,상주
2022-05-29,17.6,23.1,15.4,23.3,신안
2022-05-29,21.1,24.0,18.0,25.0,제주
2022-05-29,23.5,31.8,13.5,31.2,창녕(밀양)
2022-05-29,17.7,27.2,10.1,24.1,평창
2022-05-29,20.7,28.0,13.8,26.2,포천(동두천)
2022-05-29,19.3,25.1,14.4,26.1,해남
2022-05-30,20.3,24.6,15.1,24.5,논산(부여)
2022-05-30,18.8,21.9,16.8,20.4,무안(목포)
2022-05-30,21.9,27.2,18.7,28.7,상주
2022-05-30,17.8,21.4,15.3,22.1,신안
2022-05-30,20.3,23.3,18.8,25.7,제주
2022-05-30,24.7,30.1,21.1,31.3,창녕(밀양)
2022-05-30,15.4,21.0,8.5,19.9,평창
2022-05-30,19.1,24.6,14.0,21.9,포천(동두천)
2022-05-30,19.4,21.4,17.5,21.7,해남
2022-05-31,18.9,27.7,10.4,27.8,논산(부여)
2022-05-31,20.1,24.7,14.9,23.8,무안(목포)
2022-05-31,22.5,29.5,15.1,31.7,상주
2022-05-31,18.2,23.3,15.1,23.7,신안
2022-05-31,20.9,24.7,17.6,28.0,제주
2022-05-31,23.7,31.3,18.4,32.1,창녕(밀양)
2022-05-31,16.7,22.3,8.1,23.5,평창
2022-05-31,18.1,27.1,9.6,25.9,포천(동두천)
2022-05-31,19.8,27.2,11.8,26.3,해남
2022-06-01,20.7,30.5,12.1,29.9,논산(부여)
2022-06-01,21.1,27.1,17.3,27.4,무안(목포)
2022-06-01,23.6,33.0,14.1,31.7,상주
2022-06-01,18.4,25.3,15.2,25.9,신안
2022-06-01,21.0,24.9,18.2,28.2,제주
2022-06-01,23.5,32.3,16.5,29.7,창녕(밀양)
2022-06-01,17.4,25.1,8.5,23.9,평창
2022-06-01,20.2,28.6,11.9,29.1,포천(동두천)
2022-06-01,20.3,28.6,14.4,28.8,해남
2022-06-02,20.2,28.0,11.6,29.4,논산(부여)
2022-06-02,20.8,25.4,17.0,27.5,무안(목포)
2022-06-02,23.7,31.6,13.8,31.8,상주
2022-06-02,17.6,20.3,15.6,23.1,신안
2022-06-02,21.7,25.5,17.8,28.9,제주
2022-06-02,23.6,33.3,14.9,31.7,창녕(밀양)
2022-06-02,17.3,25.5,5.7,23.6,평창
2022-06-02,19.6,26.6,12.1,26.9,포천(동두천)
2022-06-02,21.1,26.8,15.5,30.1,해남
2022-06-03,22.9,31.8,16.9,30.9,논산(부여)
2022-06-03,21.5,26.1,18.4,31.4,무안(목포)
2022-06-03,24.4,33.1,17.9,33.5,상주
2022-06-03,17.3,21.6,14.8,24.1,신안
2022-06-03,21.2,23.5,18.6,29.9,제주
2022-06-03,24.2,32.9,16.7,31.7,창녕(밀양)
2022-06-03,13.3,17.2,9.1,17.2,평창
2022-06-03,22.9,31.9,16.1,32.9,포천(동두천)
2022-06-03,22.4,28.6,17.9,31.2,해남
2022-06-04,24.2,30.1,18.4,30.8,논산(부여)
2022-06-04,22.8,28.0,18.0,29.2,무안(목포)
2022-06-04,22.6,29.6,15.8,30.4,상주
2022-06-04,17.4,20.7,14.9,23.5,신안
2022-06-04,23.5,26.6,19.8,28.3,제주
2022-06-04,22.8,29.3,16.1,29.0,창녕(밀양)
2022-06-04,14.8,22.5,9.8,21.8,평창
2022-06-04,23.0,29.6,16.7,28.7,포천(동두천)
2022-06-04,22.0,27.5,18.1,28.4,해남
2022-06-05,18.7,22.1,17.0,20.8,논산(부여)
2022-06-05,18.9,21.5,17.3,19.3,무안(목포)
2022-06-05,16.8,19.7,15.6,19.1,상주
2022-06-05,16.4,17.7,15.4,18.8,신안
2022-06-05,19.1,23.0,17.3,21.6,제주
2022-06-05,18.3,20.9,17.4,19.7,창녕(밀양)
2022-06-05,13.9,19.2,12.3,17.5,평창
2022-06-05,21.2,26.2,18.6,24.4,포천(동두천)
2022-06-05,18.7,21.0,17.5,21.6,해남
2022-06-06,19.7,24.7,16.6,24.5,논산(부여)
2022-06-06,19.6,23.0,17.1,29.7,무안(목포)
2022-06-06,17.6,24.1,15.2,20.1,상주
2022-06-06,18.6,22.0,16.1,23.2,신안
2022-06-06,20.3,24.1,17.9,23.5,제주
2022-06-06,19.7,24.7,16.3,23.0,창녕(밀양)
2022-06-06,10.9,13.5,8.8,14.5,평창
2022-06-06,16.7,22.4,13.1,21.3,포천(동두천)
2022-06-06,20.3,24.4,17.3,24.4,해남
2022-06-07,16.8,18.8,15.1,19.1,논산(부여)
2022-06-07,19.1,22.3,17.9,21.2,무안(목포)
2022-06-07,16.3,20.4,11.6,20.8,상주
2022-06-07,17.8,21.5,15.8,22.4,신안
2022-06-07,20.7,25.6,17.9,23.8,제주
2022-06-07,17.8,21.6,14.4,20.2,창녕(밀양)
2022-06-07,8.9,10.8,7.5,13.1,평창
2022-06-07,17.9,25.1,12.6,21.9,포천(동두천)
2022-06-07,19.0,21.5,17.7,22.9,해남
2022-06-08,20.1,25.9,15.8,20.8,논산(부여)
2022-06-08,19.6,23.2,16.8,24.5,무안(목포)
2022-06-08,17.9,23.8,14.5,22.6,상주
2022-06-08,17.9,22.1,15.2,23.7,신안
2022-06-08,21.4,25.3,18.9,26.6,제주
2022-06-08,18.3,23.4,14.6,19.9,창녕(밀양)
2022-06-08,9.9,13.4,6.1,15.9,평창
2022-06-08,19.6,25.9,13.5,25.1,포천(동두천)
2022-06-08,19.5,24.2,17.0,26.7,해남
2022-06-09,21.4,27.3,16.0,27.9,논산(부여)
2022-06-09,20.3,25.7,16.0,27.6,무안(목포)
2022-06-09,19.6,26.9,13.6,24.6,상주
2022-06-09,18.0,22.5,14.9,24.6,신안
2022-06-09,21.4,25.5,18.6,26.9,제주
2022-06-09,20.5,28.0,13.8,23.9,창녕(밀양)
2022-06-09,12.7,19.5,5.6,15.7,평창
2022-06-09,18.2,22.8,15.1,20.7,포천(동두천)
2022-06-09,20.3,25.8,16.1,27.3,해남
2022-06-10,22.8,28.6,16.1,28.6,논산(부여)
2022-06-10,21.3,25.1,16.8,23.5,무안(목포)
2022-06-10,21.8,28.2,14.6,27.0,상주
2022-06-10,18.6,21.5,15.7,22.1,신안
2022-06-10,23.0,27.4,18.2,25.7,제주
2022-06-10,21.6,29.0,14.7,24.6,창녕(밀양)
2022-06-10,16.5,23.7,11.6,20.7,평창
2022-06-10,18.3,24.6,14.1,20.8,포천(동두천)
2022-06-10,20.7,24.0,15.5,26.1,해남
2022-06-11,23.9,31.5,17.5,31.4,논산(부여)
2022-06-11,22.2,27.0,18.1,27.9,무안(목포)
2022-06-11,21.8,29.9,17.1,28.5,상주
2022-06-11,20.9,24.4,18.5,26.0,신안
2022-06-11,21.6,24.1,20.0,27.3,제주
2022-06-11,22.0,28.9,17.6,23.3,창녕(밀양)
2022-06-11,12.6,16.2,9.6,15.7,평창
2022-06-11,21.8,29.6,15.1,27.6,포천(동두천)
2022-06-11,21.6,29.4,17.7,25.4,해남
2022-06-12,22.3,28.1,17.2,28.5,논산(부여)
2022-06-12,21.6,25.3,18.5,24.6,무안(목포)
2022-06-12,21.6,27.7,14.3,27.3,상주
2022-06-12,19.0,23.0,17.0,24.1,신안
2022-06-12,22.0,25.9,19.5,27.5,제주
2022-06-12,22.0,27.9,16.0,25.2,창녕(밀양)
2022-06-12,13.1,18.5,7.4,17.9,평창
2022-06-12,22.8,30.1,15.3,27.9,포천(동두천)
2022-06-12,20.8,25.6,16.7,29.7,해남
2022-06-13,23.0,28.0,18.6,30.0,논산(부여)
2022-06-13,20.9,23.0,18.4,23.7,무안(목포)
2022-06-13,20.6,27.1,17.3,26.1,상주
2022-06-13,18.4,21.1,16.3,21.9,신안
2022-06-13,20.6,22.2,19.4,22.7,제주
2022-06-13,20.8,25.8,17.2,22.8,창녕(밀양)
2022-06-13,14.1,17.8,12.1,18.7,평창
2022-06-13,19.0,25.3,16.9,20.1,포천(동두천)
2022-06-13,20.0,21.9,18.1,21.6,해남
2022-06-14,18.4,20.7,16.0,21.5,논산(부여)
2022-06-14,19.2,21.2,17.2,20.9,무안(목포)
2022-06-14,16.4,18.3,15.1,19.1,상주
2022-06-14,17.5,18.5,16.6,20.7,신안
2022-06-14,19.0,19.6,18.7,21.2,제주
2022-06-14,18.3,19.6,16.7,18.6,창녕(밀양)
2022-06-14,11.1,12.3,9.8,14.0,평창
2022-06-14,19.8,26.5,14.3,21.9,포천(동두천)
2022-06-14,19.3,21.8,17.6,22.4,해남
2022-06-15,19.3,25.0,15.5,21.6,논산(부여)
2022-06-15,21.2,24.8,18.3,27.1,무안(목포)
2022-06-15,18.4,24.0,14.6,20.9,상주
2022-06-15,19.5,22.9,16.8,24.2,신안
2022-06-15,23.0,29.0,17.9,25.1,제주
2022-06-15,20.7,26.2,16.4,22.0,창녕(밀양)
2022-06-15,11.7,13.8,9.6,14.4,평창
2022-06-15,15.9,17.8,13.3,19.0,포천(동두천)
2022-06-15,21.2,25.9,18.0,27.9,해남
2022-06-16,20.8,26.0,16.4,25.2,논산(부여)
2022-06-16,21.5,25.7,17.9,30.2,무안(목포)
2022-06-16,21.3,27.1,17.0,26.5,상주
2022-06-16,18.9,22.6,16.7,23.1,신안
2022-06-16,22.3,25.7,19.4,26.0,제주
2022-06-16,24.0,31.0,18.0,27.8,창녕(밀양)
2022-06-16,15.5,18.9,13.3,19.2,평창
2022-06-16,19.2,24.4,15.8,22.6,포천(동두천)
2022-06-16,22.0,27.2,18.6,28.6,해남
2022-06-17,21.8,27.4,16.2,24.5,논산(부여)
2022-06-17,22.7,25.3,20.1,26.8,무안(목포)
2022-06-17,24.1,30.8,14.8,29.5,상주
2022-06-17,18.6,21.5,16.9,22.0,신안
2022-06-17,22.5,26.0,20.2,27.7,제주
2022-06-17,24.6,31.8,18.1,29.2,창녕(밀양)
2022-06-17,19.2,25.7,12.5,22.3,평창
2022-06-17,21.2,27.5,13.8,24.8,포천(동두천)
2022-06-17,22.8,27.2,19.4,29.7,해남
2022-06-18,23.5,27.4,19.5,27.2,논산(부여)
2022-06-18,23.4,26.0,21.5,29.0,무안(목포)
2022-06-18,26.0,31.3,21.7,30.6,상주
2022-06-18,19.5,22.4,17.8,24.0,신안
2022-06-18,23.9,26.9,21.7,30.8,제주
2022-06-18,26.4,33.4,20.9,30.9,창녕(밀양)
2022-06-18,21.0,26.1,15.8,24.4,평창
2022-06-18,21.8,24.0,19.6,23.1,포천(동두천)
2022-06-18,23.0,26.4,21.3,30.8,해남
2022-06-19,23.8,28.6,20.0,27.0,논산(부여)
2022-06-19,24.2,28.9,21.6,28.0,무안(목포)
2022-06-19,26.0,31.6,21.6,33.1,상주
2022-06-19,20.8,25.5,18.2,26.7,신안
2022-06-19,25.1,30.5,21.5,31.5,제주
2022-06-19,26.5,32.9,21.5,32.1,창녕(밀양)
2022-06-19,21.5,27.6,17.7,25.0,평창
2022-06-19,21.8,24.7,20.0,23.0,포천(동두천)
2022-06-19,25.1,30.8,21.5,36.3,해남
2022-06-20,25.8,32.6,19.9,30.6,논산(부여)
2022-06-20,23.9,28.4,20.9,32.4,무안(목포)
2022-06-20,27.5,33.4,21.5,34.2,상주
2022-06-20,20.5,24.4,18.6,28.4,신안
2022-06-20,23.7,27.4,21.3,28.8,제주
2022-06-20,26.9,33.8,22.5,33.1,창녕(밀양)
2022-06-20,21.0,26.6,16.2,28.0,평창
2022-06-20,23.9,28.7,19.7,26.3,포천(동두천)
2022-06-20,24.6,30.1,19.7,34.5,해남
2022-06-21,26.8,34.5,20.6,31.7,논산(부여)
2022-06-21,23.7,28.0,21.5,31.9,무안(목포)
2022-06-21,28.8,36.1,21.2,36.6,상주
2022-06-21,21.2,24.7,19.1,27.5,신안
2022-06-21,24.0,27.3,21.5,30.0,제주
2022-06-21,27.5,33.5,22.6,35.1,창녕(밀양)
2022-06-21,21.0,27.8,14.0,27.5,평창
2022-06-21,25.1,31.8,18.5,29.5,포천(동두천)
2022-06-21,25.0,31.4,21.3,32.8,해남
2022-06-22,25.4,32.3,21.3,31.6,논산(부여)
2022-06-22,24.5,28.3,21.1,35.0,무안(목포)
2022-06-22,29.3,35.4,23.8,36.9,상주
2022-06-22,20.8,24.5,18.8,26.9,신안
2022-06-22,23.7,26.8,20.7,31.7,제주
2022-06-22,28.0,35.1,22.1,34.5,창녕(밀양)
2022-06-22,22.9,30.3,15.3,29.0,평창
2022-06-22,24.2,29.3,20.6,30.4,포천(동두천)
2022-06-22,25.8,31.8,21.6,37.6,해남
2022-06-23,24.5,28.5,20.8,26.5,논산(부여)
2022-06-23,25.0,27.1,22.7,27.7,무안(목포)
2022-06-23,25.2,28.3,21.3,28.4,상주
2022-06-23,22.0,24.5,19.5,25.6,신안
2022-06-23,28.7,33.4,23.0,33.5,제주
2022-06-23,25.6,28.7,23.0,28.5,창녕(밀양)
2022-06-23,21.1,27.3,15.8,23.0,평창
2022-06-23,22.4,25.3,19.8,23.0,포천(동두천)
2022-06-23,25.0,29.2,23.1,27.6,해남
2022-06-24,23.9,26.8,22.7,26.4,논산(부여)
2022-06-24,23.8,26.3,21.8,27.3,무안(목포)
2022-06-24,26.2,30.7,23.2,29.4,상주
2022-06-24,23.5,27.2,21.3,26.9,신안
2022-06-24,26.1,29.5,23.8,26.8,제주
2022-06-24,25.7,29.5,23.8,26.4,창녕(밀양)
2022-06-24,20.9,22.8,18.7,22.2,평창
2022-06-24,22.6,26.6,20.8,24.9,포천(동두천)
2022-06-24,24.1,26.6,22.4,26.1,해남
2022-06-25,26.6,31.2,22.0,28.5,논산(부여)
2022-06-25,25.3,28.2,23.1,27.6,무안(목포)
2022-06-25,26.3,33.8,22.1,31.6,상주
2022-06-25,22.7,26.5,20.1,27.4,신안
2022-06-25,27.4,32.3,23.8,28.8,제주
2022-06-25,26.4,31.1,21.9,27.8,창녕(밀양)
2022-06-25,22.2,27.4,16.7,23.9,평창
2022-06-25,25.2,30.5,19.6,27.9,포천(동두천)
2022-06-25,25.4,29.3,23.1,27.4,해남
2022-06-26,27.3,31.1,24.9,27.1,논산(부여)
2022-06-26,26.1,29.1,23.8,30.4,무안(목포)
2022-06-26,26.0,30.7,21.8,27.1,상주
2022-06-26,22.0,24.9,20.2,25.2,신안
2022-06-26,30.0,34.4,25.3,31.3,제주
2022-06-26,26.7,30.2,24.3,26.9,창녕(밀양)
2022-06-26,22.5,26.0,18.3,22.1,평창
2022-06-26,25.4,26.7,24.0,24.7,포천(동두천)
2022-06-26,26.4,29.4,24.7,26.8,해남
2022-06-27,28.0,30.2,25.4,28.4,논산(부여)
2022-06-27,26.0,27.3,25.0,27.2,무안(목포)
2022-06-27,26.5,31.0,23.6,28.6,상주
2022-06-27,22.6,24.9,21.1,24.2,신안
2022-06-27,30.5,33.1,27.8,32.0,제주
2022-06-27,25.9,30.3,24.5,26.2,창녕(밀양)
2022-06-27,23.2,24.8,21.1,23.4,평창
2022-06-27,25.5,28.7,23.6,25.6,포천(동두천)
2022-06-27,27.2,28.5,24.8,27.1,해남
2022-06-28,28.7,31.7,27.1,29.7,논산(부여)
2022-06-28,26.2,28.4,25.1,29.3,무안(목포)
2022-06-28,28.0,33.9,23.7,29.7,상주
2022-06-28,22.6,24.9,20.9,24.7,신안
2022-06-28,30.5,33.3,28.9,33.0,제주
2022-06-28,26.8,30.1,25.4,26.7,창녕(밀양)
2022-06-28,24.1,26.2,22.0,22.2,평창
2022-06-28,25.2,27.2,24.2,24.2,포천(동두천)
2022-06-28,27.4,29.5,25.8,27.9,해남
2022-06-29,26.1,29.3,23.9,26.3,논산(부여)
2022-06-29,26.0,27.3,25.0,27.8,무안(목포)
2022-06-29,28.2,33.7,25.4,31.9,상주
2022-06-29,22.6,23.5,21.8,23.8,신안
2022-06-29,30.2,33.9,27.8,35.3,제주
2022-06-29,27.1,31.3,24.6,29.6,창녕(밀양)
2022-06-29,23.0,24.2,21.2,21.8,평창
2022-06-29,24.0,25.1,23.6,24.3,포천(동두천)
2022-06-29,27.0,28.2,26.0,27.2,해남
2022-06-30,27.0,30.9,24.0,28.0,논산(부여)
2022-06-30,27.3,30.0,24.9,31.3,무안(목포)
2022-06-30,28.0,32.9,24.7,34.7,상주
2022-06-30,23.6,25.9,22.0,25.7,신안
2022-06-30,28.7,32.1,26.4,35.7,제주
2022-06-30,27.7,32.2,24.4,30.2,창녕(밀양)
2022-06-30,19.9,23.6,18.7,21.2,평창
2022-06-30,21.6,23.7,20.1,22.6,포천(동두천)
2022-06-30,27.8,31.0,24.8,31.9,해남
2022-07-01,27.3,33.4,22.2,29.5,논산(부여)
2022-07-01,27.5,31.6,23.9,36.0,무안(목포)
2022-07-01,28.3,34.2,22.2,35.6,상주
2022-07-01,23.4,26.4,21.5,26.5,신안
2022-07-01,28.3,32.4,25.5,35.8,제주
2022-07-01,28.2,34.8,22.7,31.6,창녕(밀양)
2022-07-01,23.5,28.6,19.3,26.8,평창
2022-07-01,26.1,30.9,21.0,28.5,포천(동두천)
2022-07-01,26.7,30.6,23.5,33.4,해남
2022-07-02,28.0,34.2,22.2,32.2,논산(부여)
2022-07-02,26.9,31.9,22.7,35.7,무안(목포)
2022-07-02,28.8,35.9,22.2,36.8,상주
2022-07-02,24.7,28.5,21.0,28.4,신안
2022-07-02,27.6,30.7,24.5,34.3,제주
2022-07-02,28.4,36.1,21.4,32.2,창녕(밀양)
2022-07-02,23.0,29.9,17.3,27.2,평창
2022-07-02,26.6,32.9,21.7,30.3,포천(동두천)
2022-07-02,27.3,34.0,20.9,34.9,해남
2022-07-03,28.2,33.7,24.2,32.6,논산(부여)
2022-07-03,28.4,33.1,24.3,36.6,무안(목포)
2022-07-03,29.1,36.0,23.0,36.1,상주
2022-07-03,25.4,29.9,22.5,29.3,신안
2022-07-03,28.6,33.1,25.6,34.9,제주
2022-07-03,29.0,35.6,23.7,32.7,창녕(밀양)
2022-07-03,23.5,29.7,16.6,28.3,평창
2022-07-03,27.4,33.2,21.7,30.9,포천(동두천)
2022-07-03,27.7,32.7,23.6,34.8,해남
2022-07-04,27.8,33.4,23.3,32.3,논산(부여)
2022-07-04,27.0,31.7,24.8,31.9,무안(목포)
2022-07-04,28.9,35.1,23.6,38.5,상주
2022-07-04,25.3,29.3,22.7,29.5,신안
2022-07-04,28.0,31.2,26.1,34.3,제주
2022-07-04,27.6,32.2,25.1,30.4,창녕(밀양)
2022-07-04,22.6,28.0,18.7,26.4,평창
2022-07-04,27.5,31.8,22.8,30.3,포천(동두천)
2022-07-04,27.2,31.4,24.1,33.5,해남
2022-07-05,27.8,32.4,24.3,31.2,논산(부여)
2022-07-05,27.5,31.4,24.3,33.9,무안(목포)
2022-07-05,28.8,35.0,24.2,33.6,상주
2022-07-05,25.4,29.7,23.2,30.5,신안
2022-07-05,28.2,30.9,25.6,33.8,제주
2022-07-05,28.3,34.3,23.8,32.4,창녕(밀양)
2022-07-05,21.9,27.9,17.8,28.3,평창
2022-07-05,27.2,33.2,24.2,32.6,포천(동두천)
2022-07-05,27.4,32.2,23.9,31.5,해남
2022-07-06,29.5,34.4,24.2,33.0,논산(부여)
2022-07-06,29.0,33.7,26.0,36.1,무안(목포)
2022-07-06,28.3,33.2,24.0,31.3,상주
2022-07-06,26.1,28.9,23.2,29.3,신안
2022-07-06,30.3,33.9,26.9,36.1,제주
2022-07-06,29.0,34.2,25.1,32.7,창녕(밀양)
2022-07-06,21.4,25.4,17.7,25.3,평창
2022-07-06,27.4,32.4,23.2,31.8,포천(동두천)
2022-07-06,28.4,32.7,25.3,34.1,해남
2022-07-07,28.8,33.4,26.4,31.7,논산(부여)
2022-07-07,27.8,30.3,25.9,30.3,무안(목포)
2022-07-07,28.8,34.5,24.6,30.1,상주
2022-07-07,25.7,27.9,23.9,28.7,신안
2022-07-07,31.8,35.9,28.6,37.3,제주
2022-07-07,29.7,33.7,25.6,35.1,창녕(밀양)
2022-07-07,25.0,30.0,20.7,27.1,평창
2022-07-07,26.5,30.7,24.6,28.0,포천(동두천)
2022-07-07,28.1,31.8,25.9,31.3,해남
2022-07-08,27.1,31.5,22.8,31.1,논산(부여)
2022-07-08,26.3,29.1,23.8,27.9,무안(목포)
2022-07-08,28.2,33.2,25.3,31.1,상주
2022-07-08,25.3,28.5,22.9,28.5,신안
2022-07-08,29.5,32.8,27.5,35.2,제주
2022-07-08,28.2,32.9,25.3,33.1,창녕(밀양)
2022-07-08,22.8,26.1,19.7,25.4,평창
2022-07-08,24.0,26.0,23.2,25.9,포천(동두천)
2022-07-08,26.8,30.2,23.6,29.1,해남
2022-07-09,26.1,30.1,21.9,29.6,논산(부여)
2022-07-09,26.2,30.0,23.4,29.7,무안(목포)
2022-07-09,27.5,32.6,24.2,30.4,상주
2022-07-09,25.3,28.3,23.2,30.6,신안
2022-07-09,28.7,32.1,26.2,36.3,제주
2022-07-09,28.6,34.1,23.7,32.8,창녕(밀양)
2022-07-09,22.1,27.1,20.2,24.6,평창
2022-07-09,26.2,31.6,22.8,29.5,포천(동두천)
2022-07-09,27.0,32.2,23.2,31.4,해남
2022-07-10,27.5,33.4,22.9,31.5,논산(부여)
2022-07-10,27.9,33.5,24.1,33.3,무안(목포)
2022-07-10,28.4,35.8,23.2,35.3,상주
2022-07-10,25.6,29.5,22.3,30.9,신안
2022-07-10,28.6,32.5,25.6,34.3,제주
2022-07-10,28.4,34.0,24.3,35.2,창녕(밀양)
2022-07-10,21.0,25.6,20.0,25.4,평창
2022-07-10,27.8,33.6,22.7,30.4,포천(동두천)
2022-07-10,27.6,33.3,22.8,32.2,해남
2022-07-11,25.5,28.8,23.5,28.3,논산(부여)
2022-07-11,27.0,30.2,24.5,31.8,무안(목포)
2022-07-11,24.6,27.5,22.8,27.4,상주
2022-07-11,25.3,29.2,22.4,28.5,신안
2022-07-11,27.9,31.6,24.9,30.4,제주
2022-07-11,25.7,28.9,24.1,28.1,창녕(밀양)
2022-07-11,20.3,25.2,17.7,23.3,평창
2022-07-11,25.2,30.5,22.2,28.9,포천(동두천)
2022-07-11,26.7,30.3,24.8,30.0,해남
2022-07-12,26.6,29.5,23.3,28.2,논산(부여)
2022-07-12,27.2,30.3,25.2,32.9,무안(목포)
2022-07-12,25.9,29.1,23.7,28.8,상주
2022-07-12,24.4,28.6,22.3,28.2,신안
2022-07-12,29.3,32.6,26.6,31.8,제주
2022-07-12,26.1,30.8,24.1,27.9,창녕(밀양)
2022-07-12,18.4,23.1,17.1,22.2,평창
2022-07-12,25.2,28.7,20.1,27.3,포천(동두천)
2022-07-12,26.1,29.1,23.9,31.3,해남
2022-07-13,25.7,27.2,24.4,26.1,논산(부여)
2022-07-13,26.7,29.1,24.2,30.7,무안(목포)
2022-07-13,23.3,24.6,22.6,26.0,상주
2022-07-13,24.3,28.0,22.1,27.4,신안
2022-07-13,29.4,33.1,27.0,31.4,제주
2022-07-13,24.9,27.7,23.1,26.1,창녕(밀양)
2022-07-13,19.5,22.5,17.6,22.1,평창
2022-07-13,23.5,25.2,22.7,24.4,포천(동두천)
2022-07-13,25.9,28.2,24.0,28.8,해남
2022-07-14,25.6,29.6,22.1,29.1,논산(부여)
2022-07-14,26.5,29.4,24.6,29.6,무안(목포)
2022-07-14,26.4,31.2,22.7,29.2,상주
2022-07-14,25.7,29.2,23.6,28.6,신안
2022-07-14,28.8,33.2,26.6,29.7,제주
2022-07-14,28.4,34.5,23.3,32.1,창녕(밀양)
2022-07-14,21.1,25.6,18.4,24.5,평창
2022-07-14,-99.0,29.3,21.3,28.3,포천(동두천)
2022-07-14,27.6,31.4,24.9,30.1,해남
2022-07-15,24.9,31.2,20.7,29.1,논산(부여)
2022-07-15,26.0,29.4,23.5,28.9,무안(목포)
2022-07-15,26.4,31.7,22.5,29.4,상주
2022-07-15,24.6,27.9,22.7,28.9,신안
2022-07-15,26.8,29.5,25.2,29.2,제주
2022-07-15,28.6,34.1,22.5,34.8,창녕(밀양)
2022-07-15,20.8,27.7,16.3,23.5,평창
2022-07-15,24.6,30.2,21.6,28.8,포천(동두천)
2022-07-15,26.9,31.4,23.2,29.7,해남
2022-07-16,24.8,30.1,20.3,29.4,논산(부여)
2022-07-16,25.9,29.1,23.4,29.4,무안(목포)
2022-07-16,24.8,31.2,20.6,29.2,상주
2022-07-16,25.8,29.4,23.1,29.8,신안
2022-07-16,27.2,31.1,23.2,29.0,제주
2022-07-16,27.5,34.2,21.4,35.3,창녕(밀양)
2022-07-16,19.7,25.7,17.1,23.8,평창
2022-07-16,23.6,28.5,21.3,28.1,포천(동두천)
2022-07-16,26.2,30.6,22.4,30.4,해남
2022-07-17,25.3,31.0,20.5,29.1,논산(부여)
2022-07-17,25.9,28.7,23.9,27.4,무안(목포)
2022-07-17,25.8,30.9,21.5,29.1,상주
2022-07-17,24.6,28.0,22.3,26.5,신안
2022-07-17,28.0,31.3,26.3,28.9,제주
2022-07-17,27.3,33.1,21.9,33.3,창녕(밀양)
2022-07-17,20.4,24.0,17.1,24.2,평창
2022-07-17,24.5,28.7,21.2,28.0,포천(동두천)
2022-07-17,25.5,29.1,22.8,27.6,해남
2022-07-18,22.3,24.1,21.1,24.4,논산(부여)
2022-07-18,24.5,27.3,22.3,25.0,무안(목포)
2022-07-18,22.0,23.7,21.3,25.2,상주
2022-07-18,24.0,27.7,21.9,25.6,신안
2022-07-18,29.1,32.6,26.8,28.9,제주
2022-07-18,23.2,26.6,21.8,24.4,창녕(밀양)
2022-07-18,20.7,26.7,16.7,25.1,평창
2022-07-18,25.9,30.5,21.7,29.0,포천(동두천)
2022-07-18,25.3,28.4,23.9,26.2,해남
2022-07-19,24.7,30.5,19.8,27.9,논산(부여)
2022-07-19,25.7,28.7,23.2,28.6,무안(목포)
2022-07-19,25.8,31.6,21.1,29.2,상주
2022-07-19,25.3,28.4,22.7,28.6,신안
2022-07-19,27.8,30.8,25.2,30.5,제주
2022-07-19,26.8,32.4,22.9,31.7,창녕(밀양)
2022-07-19,21.7,28.6,15.5,27.0,평창
2022-07-19,26.3,30.5,22.8,30.1,포천(동두천)
2022-07-19,25.9,30.4,22.4,28.3,해남
2022-07-20,27.0,32.6,22.7,30.5,논산(부여)
2022-07-20,25.9,30.4,23.2,29.6,무안(목포)
2022-07-20,27.4,32.8,23.6,30.5,상주
2022-07-20,24.0,27.8,21.4,27.6,신안
2022-07-20,27.4,30.1,24.6,31.0,제주
2022-07-20,28.5,34.0,22.9,33.3,창녕(밀양)
2022-07-20,22.3,26.7,19.7,26.1,평창
2022-07-20,25.5,29.5,22.2,29.4,포천(동두천)
2022-07-20,26.0,31.5,21.9,29.3,해남
2022-07-21,24.0,26.3,21.5,26.1,논산(부여)
2022-07-21,24.8,27.0,23.4,25.2,무안(목포)
2022-07-21,23.1,25.0,21.2,26.6,상주
2022-07-21,24.1,26.4,21.7,27.5,신안
2022-07-21,27.7,31.7,25.0,31.2,제주
2022-07-21,26.3,32.2,21.6,28.8,창녕(밀양)
2022-07-21,18.4,20.2,17.2,21.2,평창
2022-07-21,21.7,24.2,19.0,25.2,포천(동두천)
2022-07-21,25.2,27.2,22.6,26.5,해남
2022-07-22,24.2,29.7,20.7,26.9,논산(부여)
2022-07-22,24.7,27.4,23.2,27.1,무안(목포)
2022-07-22,24.9,30.2,22.2,27.5,상주
2022-07-22,24.5,27.7,21.9,27.7,신안
2022-07-22,27.2,30.5,24.6,32.9,제주
2022-07-22,26.6,31.5,22.3,29.0,창녕(밀양)
2022-07-22,18.3,21.1,16.0,21.6,평창
2022-07-22,23.0,29.4,20.3,27.9,포천(동두천)
2022-07-22,24.4,28.5,21.4,27.3,해남
2022-07-23,23.8,27.7,20.1,26.3,논산(부여)
2022-07-23,25.1,27.9,22.6,26.5,무안(목포)
2022-07-23,24.4,28.6,21.2,27.1,상주
2022-07-23,23.0,26.2,21.8,25.2,신안
2022-07-23,28.3,31.1,25.5,33.1,제주
2022-07-23,25.4,29.3,23.3,28.4,창녕(밀양)
2022-07-23,19.3,23.3,15.8,23.2,평창
2022-07-23,22.9,28.2,20.5,26.2,포천(동두천)
2022-07-23,24.9,28.5,21.6,26.9,해남
2022-07-24,24.4,27.3,22.1,26.3,논산(부여)
2022-07-24,24.2,25.2,23.1,24.8,무안(목포)
2022-07-24,24.3,28.4,21.5,27.6,상주
2022-07-24,24.3,26.7,22.6,27.9,신안
2022-07-24,27.4,29.8,25.0,29.8,제주
2022-07-24,26.9,32.5,23.2,29.4,창녕(밀양)
2022-07-24,21.1,27.2,18.2,25.3,평창
2022-07-24,23.6,28.2,20.6,25.8,포천(동두천)
2022-07-24,24.6,26.3,22.5,26.2,해남
2022-07-25,26.6,32.4,23.0,28.9,논산(부여)
2022-07-25,25.2,28.1,23.7,27.0,무안(목포)
2022-07-25,27.6,33.3,23.7,31.3,상주
2022-07-25,24.3,28.2,22.0,30.4,신안
2022-07-25,26.9,30.0,24.1,32.2,제주
2022-07-25,27.9,34.3,23.1,31.4,창녕(밀양)
2022-07-25,22.2,28.0,18.1,26.9,평창
2022-07-25,26.1,31.0,20.6,29.9,포천(동두천)
2022-07-25,25.4,29.6,22.4,27.6,해남
2022-07-26,27.1,33.1,22.1,31.7,논산(부여)
2022-07-26,26.2,29.9,23.4,28.8,무안(목포)
2022-07-26,27.3,33.3,22.2,31.0,상주
2022-07-26,24.3,28.0,21.9,30.1,신안
2022-07-26,27.6,32.7,23.3,33.1,제주
2022-07-26,27.4,33.4,24.0,31.2,창녕(밀양)
2022-07-26,20.8,26.7,16.3,26.6,평창
2022-07-26,27.1,32.6,22.1,30.5,포천(동두천)
2022-07-26,25.3,30.2,20.5,27.6,해남
2022-07-27,27.5,31.6,24.3,31.3,논산(부여)
2022-07-27,26.8,30.9,23.1,29.5,무안(목포)
2022-07-27,26.0,31.1,21.2,30.6,상주
2022-07-27,23.5,26.4,21.6,27.4,신안
2022-07-27,28.9,33.4,25.3,34.9,제주
2022-07-27,26.7,32.6,22.1,31.7,창녕(밀양)
2022-07-27,19.9,24.3,14.0,23.7,평창
2022-07-27,27.6,32.4,23.7,30.5,포천(동두천)
2022-07-27,26.1,29.7,23.1,27.8,해남
2022-07-28,27.9,34.0,22.8,32.7,논산(부여)
2022-07-28,28.0,32.0,24.1,31.5,무안(목포)
2022-07-28,26.0,30.7,22.5,28.6,상주
2022-07-28,24.7,27.5,22.2,30.3,신안
2022-07-28,30.3,36.0,26.5,35.7,제주
2022-07-28,27.1,31.8,24.1,30.7,창녕(밀양)
2022-07-28,20.3,24.8,16.7,23.6,평창
2022-07-28,27.5,32.5,22.2,31.4,포천(동두천)
2022-07-28,27.3,31.1,24.0,28.8,해남
2022-07-29,28.9,35.0,24.2,34.0,논산(부여)
2022-07-29,29.8,33.9,25.7,34.1,무안(목포)
2022-07-29,29.1,34.3,25.0,34.4,상주
2022-07-29,26.1,31.1,23.2,32.0,신안
2022-07-29,28.9,32.1,26.8,35.1,제주
2022-07-29,29.3,35.5,23.5,34.9,창녕(밀양)
2022-07-29,22.5,28.8,18.7,27.7,평창
2022-07-29,29.0,33.9,24.5,33.5,포천(동두천)
2022-07-29,29.0,32.8,24.8,29.7,해남
2022-07-30,28.5,32.4,24.7,30.8,논산(부여)
2022-07-30,27.9,30.1,26.3,27.7,무안(목포)
2022-07-30,27.8,30.3,24.2,31.1,상주
2022-07-30,25.7,29.1,24.4,28.0,신안
2022-07-30,27.2,28.1,26.3,28.9,제주
2022-07-30,28.7,31.4,24.8,30.0,창녕(밀양)
2022-07-30,21.9,27.1,17.6,27.2,평창
2022-07-30,28.1,35.4,24.2,33.4,포천(동두천)
2022-07-30,27.6,29.0,25.9,27.2,해남
2022-07-31,26.1,27.7,24.7,27.4,논산(부여)
2022-07-31,26.8,27.9,25.5,27.1,무안(목포)
2022-07-31,25.9,28.5,24.8,28.4,상주
2022-07-31,24.4,25.5,23.0,26.1,신안
2022-07-31,28.0,30.4,26.3,27.9,제주
2022-07-31,27.4,29.7,25.2,27.9,창녕(밀양)
2022-07-31,22.4,24.2,20.7,23.7,평창
2022-07-31,25.3,27.2,24.1,27.3,포천(동두천)
2022-07-31,26.5,28.5,25.6,26.8,해남
2022-08-01,28.2,32.8,24.8,29.0,논산(부여)
2022-08-01,26.9,28.6,25.5,27.2,무안(목포)
2022-08-01,26.4,29.7,24.6,28.3,상주
2022-08-01,24.9,27.6,23.3,27.1,신안
2022-08-01,29.3,30.8,27.0,29.5,제주
2022-08-01,28.9,31.6,27.3,27.5,창녕(밀양)
2022-08-01,24.4,26.2,21.8,24.0,평창
2022-08-01,27.5,31.7,24.2,28.4,포천(동두천)
2022-08-01,27.2,28.5,26.0,26.9,해남
2022-08-02,27.6,30.2,25.9,28.8,논산(부여)
2022-08-02,28.2,31.3,26.1,29.6,무안(목포)
2022-08-02,27.6,31.7,25.2,30.0,상주
2022-08-02,26.3,29.0,23.2,29.0,신안
2022-08-02,29.7,33.5,27.4,31.2,제주
2022-08-02,27.7,30.6,25.7,27.3,창녕(밀양)
2022-08-02,23.7,27.1,22.2,24.9,평창
2022-08-02,25.5,28.5,24.5,27.4,포천(동두천)
2022-08-02,28.2,32.0,26.1,29.1,해남
2022-08-03,28.7,32.9,25.4,31.7,논산(부여)
2022-08-03,28.0,30.7,26.2,29.9,무안(목포)
2022-08-03,28.8,33.9,23.8,31.8,상주
2022-08-03,26.6,29.8,25.2,29.0,신안
2022-08-03,29.8,32.9,27.5,31.9,제주
2022-08-03,29.1,34.2,25.8,31.2,창녕(밀양)
2022-08-03,22.9,25.7,21.5,23.1,평창
2022-08-03,26.4,29.6,24.3,28.1,포천(동두천)
2022-08-03,27.9,31.4,25.9,29.3,해남
2022-08-04,28.6,33.2,25.0,33.4,논산(부여)
2022-08-04,28.7,31.8,27.1,31.0,무안(목포)
2022-08-04,29.3,33.7,25.8,31.6,상주
2022-08-04,26.6,30.8,24.5,30.0,신안
2022-08-04,30.6,33.7,27.1,34.7,제주
2022-08-04,29.7,34.3,26.1,34.8,창녕(밀양)
2022-08-04,24.0,28.6,21.4,26.1,평창
2022-08-04,27.5,31.5,24.7,30.6,포천(동두천)
2022-08-04,28.1,32.2,24.8,29.9,해남
2022-08-05,28.4,32.6,25.8,31.1,논산(부여)
2022-08-05,28.8,31.3,27.2,30.8,무안(목포)
2022-08-05,28.8,33.7,25.1,30.3,상주
2022-08-05,27.1,29.7,25.1,28.6,신안
2022-08-05,31.3,35.7,27.8,37.0,제주
2022-08-05,29.4,34.2,25.5,33.1,창녕(밀양)
2022-08-05,24.9,28.7,21.3,28.1,평창
2022-08-05,27.7,31.7,24.9,30.8,포천(동두천)
2022-08-05,28.8,32.1,25.6,29.6,해남
2022-08-06,29.0,33.8,25.4,33.3,논산(부여)
2022-08-06,29.0,32.2,27.4,32.0,무안(목포)
2022-08-06,29.7,34.6,26.1,33.1,상주
2022-08-06,27.4,31.7,25.2,33.3,신안
2022-08-06,30.9,33.8,28.0,38.0,제주
2022-08-06,30.3,36.0,25.6,32.6,창녕(밀양)
2022-08-06,24.9,29.2,22.2,28.6,평창
2022-08-06,27.0,29.9,24.8,29.1,포천(동두천)
2022-08-06,28.7,32.8,25.7,30.2,해남
2022-08-07,29.0,33.2,26.0,32.6,논산(부여)
2022-08-07,29.2,32.5,27.6,31.4,무안(목포)
2022-08-07,29.1,35.0,25.2,32.9,상주
2022-08-07,27.7,32.1,24.9,34.5,신안
2022-08-07,31.4,34.6,28.8,37.7,제주
2022-08-07,30.1,35.4,26.6,33.9,창녕(밀양)
2022-08-07,25.3,29.5,22.0,27.3,평창
2022-08-07,27.6,30.0,25.5,29.0,포천(동두천)
2022-08-07,29.4,33.7,26.5,30.3,해남
2022-08-08,28.4,29.7,27.4,29.4,논산(부여)
2022-08-08,29.0,31.6,27.8,30.7,무안(목포)
2022-08-08,28.2,31.0,24.7,29.3,상주
2022-08-08,27.6,30.3,25.7,30.7,신안
2022-08-08,31.7,36.5,28.5,39.1,제주
2022-08-08,29.7,34.0,27.6,33.0,창녕(밀양)
2022-08-08,22.9,24.7,21.5,22.7,평창
2022-08-08,25.5,27.8,24.2,26.8,포천(동두천)
2022-08-08,28.9,31.3,27.4,29.7,해남
2022-08-09,27.9,29.8,26.1,28.3,논산(부여)
2022-08-09,29.0,31.4,27.6,30.4,무안(목포)
2022-08-09,27.8,30.2,24.0,28.8,상주
2022-08-09,27.6,31.3,26.3,31.4,신안
2022-08-09,31.1,36.0,27.2,37.3,제주
2022-08-09,29.2,32.0,27.1,30.4,창녕(밀양)
2022-08-09,21.2,23.4,18.5,22.6,평창
2022-08-09,23.6,26.7,20.7,25.4,포천(동두천)
2022-08-09,28.6,31.0,27.0,29.0,해남
2022-08-10,26.1,27.7,24.6,27.1,논산(부여)
2022-08-10,28.4,30.1,27.3,29.0,무안(목포)
2022-08-10,25.6,28.3,23.7,27.5,상주
2022-08-10,27.4,29.7,26.7,29.8,신안
2022-08-10,31.5,37.5,28.3,36.8,제주
2022-08-10,28.7,30.7,26.1,28.6,창녕(밀양)
2022-08-10,20.6,26.3,17.3,23.0,평창
2022-08-10,24.3,29.6,19.8,27.6,포천(동두천)
2022-08-10,28.4,31.1,27.0,30.6,해남
2022-08-11,25.2,26.5,24.0,26.0,논산(부여)
2022-08-11,27.6,28.3,26.9,27.5,무안(목포)
2022-08-11,24.4,25.7,24.0,26.3,상주
2022-08-11,27.2,28.3,26.1,28.6,신안
2022-08-11,31.6,35.8,28.3,36.5,제주
2022-08-11,27.1,29.2,25.2,28.1,창녕(밀양)
2022-08-11,20.7,22.2,18.7,22.3,평창
2022-08-11,24.5,28.7,21.8,27.8,포천(동두천)
2022-08-11,27.7,28.9,26.6,29.1,해남
2022-08-12,26.8,31.7,22.1,29.6,논산(부여)
2022-08-12,27.2,29.6,25.8,29.8,무안(목포)
2022-08-12,27.4,32.7,23.5,30.5,상주
2022-08-12,26.5,29.1,24.7,28.6,신안
2022-08-12,30.2,33.8,27.0,32.3,제주
2022-08-12,29.4,35.4,25.4,34.6,창녕(밀양)
2022-08-12,22.9,28.8,17.3,26.2,평창
2022-08-12,25.5,31.0,21.8,29.2,포천(동두천)
2022-08-12,27.0,30.9,24.9,29.2,해남
2022-08-13,25.2,27.9,23.1,27.3,논산(부여)
2022-08-13,27.8,30.4,25.6,29.6,무안(목포)
2022-08-13,25.1,29.6,22.2,27.2,상주
2022-08-13,25.7,27.3,23.9,28.6,신안
2022-08-13,31.1,34.5,27.7,34.3,제주
2022-08-13,27.5,34.2,25.0,29.8,창녕(밀양)
2022-08-13,20.7,23.5,16.0,21.7,평창
2022-08-13,23.5,25.2,22.0,26.2,포천(동두천)
2022-08-13,27.8,31.2,24.5,29.2,해남
2022-08-14,27.1,30.5,24.1,28.4,논산(부여)
2022-08-14,29.0,31.6,27.4,31.6,무안(목포)
2022-08-14,26.9,31.0,24.2,29.1,상주
2022-08-14,27.2,30.3,24.3,29.6,신안
2022-08-14,31.1,35.9,28.1,36.2,제주
2022-08-14,29.0,34.2,24.6,33.5,창녕(밀양)
2022-08-14,22.7,27.6,20.6,25.1,평창
2022-08-14,25.8,30.1,22.0,27.9,포천(동두천)
2022-08-14,29.1,31.7,27.4,31.5,해남
2022-08-15,28.1,31.4,24.0,29.1,논산(부여)
2022-08-15,29.3,32.1,27.3,32.2,무안(목포)
2022-08-15,28.4,31.6,24.4,29.5,상주
2022-08-15,27.3,30.0,24.2,32.1,신안
2022-08-15,32.2,36.7,28.2,39.1,제주
2022-08-15,29.9,33.9,25.5,33.8,창녕(밀양)
2022-08-15,23.6,25.5,21.8,22.7,평창
2022-08-15,27.0,29.0,25.2,27.0,포천(동두천)
2022-08-15,29.1,31.9,27.8,31.9,해남
2022-08-16,25.8,29.6,24.0,27.9,논산(부여)
2022-08-16,26.4,28.1,24.9,27.4,무안(목포)
2022-08-16,25.1,29.2,23.1,27.3,상주
2022-08-16,25.3,27.9,24.2,27.1,신안
2022-08-16,31.0,34.1,27.5,34.8,제주
2022-08-16,27.0,29.6,25.0,27.3,창녕(밀양)
2022-08-16,22.6,27.1,19.8,25.3,평창
2022-08-16,25.0,29.7,21.6,28.6,포천(동두천)
2022-08-16,26.9,28.7,24.8,28.5,해남
2022-08-17,25.2,30.6,21.1,29.0,논산(부여)
2022-08-17,25.9,28.9,24.0,28.9,무안(목포)
2022-08-17,25.4,30.6,22.1,30.6,상주
2022-08-17,25.0,28.3,23.4,29.3,신안
2022-08-17,26.8,28.4,25.2,27.1,제주
2022-08-17,25.0,27.1,22.3,27.0,창녕(밀양)
2022-08-17,19.4,23.2,16.2,23.2,평창
2022-08-17,23.3,30.4,20.3,27.0,포천(동두천)
2022-08-17,25.3,29.3,21.5,27.2,해남
2022-08-18,24.5,30.1,20.1,29.1,논산(부여)
2022-08-18,25.9,29.4,23.0,29.0,무안(목포)
2022-08-18,25.0,30.4,20.6,29.4,상주
2022-08-18,24.6,28.7,21.9,29.2,신안
2022-08-18,27.5,30.6,24.1,29.0,제주
2022-08-18,25.7,31.9,21.5,30.4,창녕(밀양)
2022-08-18,20.4,25.8,14.8,24.5,평창
2022-08-18,23.9,28.7,19.7,28.8,포천(동두천)
2022-08-18,24.3,30.8,20.6,28.8,해남
2022-08-19,26.0,30.2,20.5,27.8,논산(부여)
2022-08-19,27.4,30.5,23.2,28.5,무안(목포)
2022-08-19,26.3,30.5,20.5,28.0,상주
2022-08-19,25.9,29.4,22.1,28.9,신안
2022-08-19,30.9,35.4,26.7,34.3,제주
2022-08-19,27.1,32.5,21.6,30.0,창녕(밀양)
2022-08-19,20.9,23.2,18.0,21.1,평창
2022-08-19,24.1,26.1,21.1,25.8,포천(동두천)
2022-08-19,27.0,30.9,20.6,28.8,해남
2022-08-20,26.7,31.1,23.4,28.1,논산(부여)
2022-08-20,26.0,27.9,24.6,26.9,무안(목포)
2022-08-20,26.8,30.2,24.0,29.3,상주
2022-08-20,-99.0,27.4,24.0,26.3,신안
2022-08-20,29.3,32.6,27.4,29.8,제주
2022-08-20,26.6,27.9,24.4,27.1,창녕(밀양)
2022-08-20,20.0,24.9,16.3,22.8,평창
2022-08-20,26.8,31.3,24.3,30.3,포천(동두천)
2022-08-20,26.9,28.7,24.4,28.5,해남
2022-08-21,26.5,32.3,22.4,29.8,논산(부여)
2022-08-21,26.2,29.4,23.9,29.5,무안(목포)
2022-08-21,26.2,31.6,22.7,31.4,상주
2022-08-21,25.2,28.3,22.5,29.2,신안
2022-08-21,27.9,30.8,26.0,34.1,제주
2022-08-21,26.5,32.5,22.2,29.4,창녕(밀양)
2022-08-21,20.0,25.3,15.4,25.0,평창
2022-08-21,26.1,31.6,21.5,29.2,포천(동두천)
2022-08-21,26.0,30.0,22.1,30.3,해남
2022-08-22,26.3,31.7,22.6,28.9,논산(부여)
2022-08-22,27.0,30.6,23.2,29.0,무안(목포)
2022-08-22,26.1,32.2,18.8,30.1,상주
2022-08-22,25.1,29.2,22.6,29.2,신안
2022-08-22,28.3,31.4,24.9,34.4,제주
2022-08-22,25.9,32.3,19.0,29.9,창녕(밀양)
2022-08-22,21.3,26.3,15.6,23.5,평창
2022-08-22,24.9,28.7,21.5,27.9,포천(동두천)
2022-08-22,25.5,32.0,19.5,29.5,해남
2022-08-23,24.1,25.7,21.6,25.6,논산(부여)
2022-08-23,26.2,29.1,24.2,27.5,무안(목포)
2022-08-23,23.9,26.7,22.5,26.4,상주
2022-08-23,25.1,27.0,23.3,26.4,신안
2022-08-23,29.8,33.4,25.8,36.9,제주
2022-08-23,25.5,30.1,23.1,27.4,창녕(밀양)
2022-08-23,18.7,21.6,17.0,20.6,평창
2022-08-23,23.7,28.8,19.7,29.1,포천(동두천)
2022-08-23,26.4,30.5,22.7,27.9,해남
2022-08-24,22.8,26.3,20.2,25.0,논산(부여)
2022-08-24,25.2,28.3,22.5,28.9,무안(목포)
2022-08-24,21.8,24.1,19.6,25.3,상주
2022-08-24,24.4,26.8,22.4,28.9,신안
2022-08-24,27.1,31.0,23.6,34.3,제주
2022-08-24,22.1,23.9,19.5,24.7,창녕(밀양)
2022-08-24,17.0,19.2,14.3,19.9,평창
2022-08-24,23.0,28.3,17.9,26.1,포천(동두천)
2022-08-24,25.0,30.2,20.7,30.4,해남
2022-08-25,21.8,28.8,17.9,24.8,논산(부여)
2022-08-25,24.5,27.3,21.8,26.6,무안(목포)
2022-08-25,23.2,29.5,20.2,27.1,상주
2022-08-25,24.2,26.9,22.0,28.2,신안
2022-08-25,26.8,30.7,22.8,35.5,제주
2022-08-25,24.5,30.2,18.6,28.8,창녕(밀양)
2022-08-25,17.0,21.6,13.8,20.1,평창
2022-08-25,21.1,23.7,19.5,23.9,포천(동두천)
2022-08-25,23.7,29.6,19.0,27.8,해남
2022-08-26,21.7,28.4,16.1,25.7,논산(부여)
2022-08-26,24.4,27.6,22.0,27.6,무안(목포)
2022-08-26,23.6,29.3,18.3,28.0,상주
2022-08-26,23.8,26.7,21.5,28.5,신안
2022-08-26,26.3,29.2,24.9,29.7,제주
2022-08-26,24.8,29.8,20.6,30.4,창녕(밀양)
2022-08-26,18.6,24.2,12.1,23.1,평창
2022-08-26,22.7,28.1,18.5,27.0,포천(동두천)
2022-08-26,23.5,29.1,19.6,29.9,해남
2022-08-27,21.1,26.6,15.3,25.3,논산(부여)
2022-08-27,23.4,25.5,19.8,26.8,무안(목포)
2022-08-27,22.4,27.5,17.5,27.0,상주
2022-08-27,22.7,25.3,20.7,28.1,신안
2022-08-27,26.1,30.4,22.7,32.6,제주
2022-08-27,22.3,28.5,16.7,26.8,창녕(밀양)
2022-08-27,16.3,22.2,10.1,22.5,평창
2022-08-27,20.0,25.0,15.6,26.8,포천(동두천)
2022-08-27,-99.0,27.9,18.8,24.9,해남
2022-08-28,21.1,28.0,14.7,25.9,논산(부여)
2022-08-28,22.2,25.9,18.4,24.4,무안(목포)
2022-08-28,20.8,27.7,13.3,27.8,상주
2022-08-28,21.8,23.9,20.5,23.6,신안
2022-08-28,24.4,28.4,21.2,30.8,제주
2022-08-28,21.8,28.9,15.4,26.6,창녕(밀양)
2022-08-28,14.3,20.7,7.0,21.2,평창
2022-08-28,19.9,27.4,12.4,26.4,포천(동두천)
2022-08-28,20.4,26.0,14.9,23.7,해남
2022-08-29,19.2,21.0,18.4,21.5,논산(부여)
2022-08-29,23.1,25.3,20.0,24.2,무안(목포)
2022-08-29,18.9,20.7,18.0,22.7,상주
2022-08-29,22.0,24.0,20.5,23.6,신안
2022-08-29,25.9,28.0,22.7,31.4,제주
2022-08-29,22.5,26.9,17.0,24.9,창녕(밀양)
2022-08-29,14.6,17.2,11.6,17.9,평창
2022-08-29,19.2,21.5,17.3,22.4,포천(동두천)
2022-08-29,23.3,27.7,17.6,27.4,해남
2022-08-30,19.2,20.1,17.9,20.4,논산(부여)
2022-08-30,25.7,28.9,23.6,26.1,무안(목포)
2022-08-30,18.9,19.8,17.3,21.8,상주
2022-08-30,22.9,25.8,21.6,24.8,신안
2022-08-30,28.2,32.7,24.3,31.9,제주
2022-08-30,21.8,24.2,20.7,23.5,창녕(밀양)
2022-08-30,15.2,17.1,13.0,17.4,평창
2022-08-30,18.1,19.6,16.7,21.2,포천(동두천)
2022-08-30,25.5,29.1,22.3,27.5,해남
2022-08-31,21.6,25.0,18.7,23.5,논산(부여)
2022-08-31,22.9,25.6,21.0,24.0,무안(목포)
2022-08-31,21.0,24.3,19.7,23.8,상주
2022-08-31,21.9,25.5,20.7,25.4,신안
2022-08-31,25.9,29.1,24.4,30.4,제주
2022-08-31,22.2,24.1,19.7,23.6,창녕(밀양)
2022-08-31,15.6,17.3,13.0,18.2,평창
2022-08-31,20.2,25.0,18.2,22.9,포천(동두천)
2022-08-31,23.6,27.7,21.5,28.0,해남
2022-09-01,22.3,28.1,18.4,24.9,논산(부여)
2022-09-01,22.7,24.9,20.3,23.2,무안(목포)
2022-09-01,21.2,25.0,18.7,24.0,상주
2022-09-01,22.2,24.1,20.9,24.6,신안
2022-09-01,24.8,25.9,24.0,27.3,제주
2022-09-01,22.6,25.8,19.3,23.5,창녕(밀양)
2022-09-01,16.5,22.9,11.3,19.9,평창
2022-09-01,21.7,28.8,15.8,25.9,포천(동두천)
2022-09-01,21.9,26.2,18.5,24.5,해남
2022-09-02,22.7,28.0,17.8,24.3,논산(부여)
2022-09-02,23.4,26.9,20.6,24.9,무안(목포)
2022-09-02,22.1,26.7,18.6,25.3,상주
2022-09-02,22.7,25.6,20.9,24.8,신안
2022-09-02,23.2,25.0,21.9,23.8,제주
2022-09-02,21.6,23.1,19.8,21.8,창녕(밀양)
2022-09-02,15.5,20.1,8.8,19.4,평창
2022-09-02,22.5,29.6,16.3,25.2,포천(동두천)
2022-09-02,22.7,24.7,20.3,24.1,해남
2022-09-03,24.2,28.9,20.5,26.2,논산(부여)
2022-09-03,24.9,28.8,22.6,28.0,무안(목포)
2022-09-03,21.5,24.7,19.6,23.4,상주
2022-09-03,23.0,25.8,21.4,26.1,신안
2022-09-03,25.9,29.3,23.6,26.7,제주
2022-09-03,22.8,25.2,21.1,23.7,창녕(밀양)
2022-09-03,16.5,19.2,15.0,19.3,평창
2022-09-03,22.4,28.8,16.4,27.7,포천(동두천)
2022-09-03,24.7,28.0,22.3,29.3,해남
2022-09-04,24.3,28.4,21.0,25.4,논산(부여)
2022-09-04,25.6,29.9,23.4,26.1,무안(목포)
2022-09-04,22.5,26.3,19.2,25.4,상주
2022-09-04,22.4,24.9,21.3,24.6,신안
2022-09-04,26.4,30.2,24.0,26.1,제주
2022-09-04,25.6,31.7,21.1,27.0,창녕(밀양)
2022-09-04,19.5,24.0,15.3,20.0,평창
2022-09-04,21.4,22.7,18.8,22.4,포천(동두천)
2022-09-04,25.5,30.3,23.3,27.5,해남
2022-09-05,21.9,25.6,18.4,23.6,논산(부여)
2022-09-05,24.0,25.7,20.7,24.4,무안(목포)
2022-09-05,23.4,25.0,21.6,25.1,상주
2022-09-05,21.5,23.1,18.2,23.1,신안
2022-09-05,26.5,27.4,25.7,25.6,제주
2022-09-05,25.4,29.1,23.3,25.5,창녕(밀양)
2022-09-05,17.5,22.1,14.6,19.0,평창
2022-09-05,18.1,21.7,17.0,19.6,포천(동두천)
2022-09-05,24.9,26.1,22.9,24.7,해남
2022-09-06,20.5,26.5,16.4,21.6,논산(부여)
2022-09-06,21.7,24.6,19.1,21.9,무안(목포)
2022-09-06,21.1,26.0,18.2,24.8,상주
2022-09-06,20.9,23.9,18.5,23.8,신안
2022-09-06,23.4,26.6,21.0,23.7,제주
2022-09-06,23.7,28.1,18.0,25.9,창녕(밀양)
2022-09-06,16.2,19.7,14.3,17.0,평창
2022-09-06,19.9,25.7,16.3,22.3,포천(동두천)
2022-09-06,22.5,25.4,20.0,23.5,해남
2022-09-07,20.4,28.5,15.7,23.8,논산(부여)
2022-09-07,21.8,25.8,18.3,24.7,무안(목포)
2022-09-07,22.1,28.8,17.2,26.0,상주
2022-09-07,20.3,25.8,17.1,24.3,신안
2022-09-07,24.2,28.9,18.7,26.0,제주
2022-09-07,21.4,29.5,14.5,25.0,창녕(밀양)
2022-09-07,16.2,23.2,9.9,18.3,평창
2022-09-07,20.4,26.8,14.8,23.1,포천(동두천)
2022-09-07,21.2,27.5,15.3,20.8,해남
2022-09-08,20.9,29.2,13.8,24.5,논산(부여)
2022-09-08,22.1,26.2,18.2,24.3,무안(목포)
2022-09-08,20.5,28.6,13.1,26.1,상주
2022-09-08,19.8,22.7,17.2,24.6,신안
2022-09-08,24.3,27.6,20.5,28.0,제주
2022-09-08,21.8,29.4,14.7,26.2,창녕(밀양)
2022-09-08,14.5,22.5,6.5,18.5,평창
2022-09-08,20.8,28.4,14.0,23.9,포천(동두천)
2022-09-08,21.3,29.0,15.2,26.4,해남
2022-09-09,22.1,29.2,16.6,24.7,논산(부여)
2022-09-09,23.3,27.6,19.7,25.4,무안(목포)
2022-09-09,21.1,27.7,15.3,27.4,상주
2022-09-09,21.6,25.7,19.1,24.3,신안
2022-09-09,24.4,27.6,22.1,27.7,제주
2022-09-09,22.2,29.3,16.1,26.5,창녕(밀양)
2022-09-09,14.1,22.6,6.3,18.6,평창
2022-09-09,21.3,29.0,15.3,25.6,포천(동두천)
2022-09-09,21.9,28.4,17.7,25.6,해남
2022-09-10,21.6,26.6,16.8,24.3,논산(부여)
2022-09-10,22.8,25.9,20.5,23.7,무안(목포)
2022-09-10,20.3,25.6,16.7,25.7,상주
2022-09-10,21.9,25.2,19.4,24.6,신안
2022-09-10,23.9,27.4,22.2,25.8,제주
2022-09-10,22.2,25.9,17.8,22.9,창녕(밀양)
2022-09-10,15.1,19.8,8.6,17.6,평창
2022-09-10,21.0,28.1,14.6,23.8,포천(동두천)
2022-09-10,22.3,27.3,18.2,26.1,해남
2022-09-11,23.0,28.8,18.5,27.1,논산(부여)
2022-09-11,23.4,27.3,20.2,25.3,무안(목포)
2022-09-11,22.3,28.1,18.0,27.2,상주
2022-09-11,22.1,25.4,20.1,24.8,신안
2022-09-11,24.7,27.6,23.0,26.6,제주
2022-09-11,23.2,28.9,17.9,25.1,창녕(밀양)
2022-09-11,16.7,19.4,15.3,18.5,평창
2022-09-11,20.9,24.2,18.0,22.9,포천(동두천)
2022-09-11,23.4,28.6,20.2,27.9,해남
2022-09-12,23.1,27.0,20.3,24.4,논산(부여)
2022-09-12,22.9,24.0,21.6,24.1,무안(목포)
2022-09-12,22.0,25.0,19.2,25.8,상주
2022-09-12,21.1,22.0,20.0,23.2,신안
2022-09-12,24.5,24.9,23.9,24.7,제주
2022-09-12,22.6,25.8,19.4,23.8,창녕(밀양)
2022-09-12,18.2,24.9,15.1,21.4,평창
2022-09-12,21.6,26.5,17.3,23.7,포천(동두천)
2022-09-12,23.1,25.8,21.0,25.3,해남
2022-09-13,24.3,27.0,21.9,24.5,논산(부여)
2022-09-13,23.3,25.3,21.5,23.9,무안(목포)
2022-09-13,23.5,28.2,20.0,26.7,상주
2022-09-13,21.2,22.3,20.3,22.6,신안
2022-09-13,24.4,25.0,23.8,23.8,제주
2022-09-13,24.2,30.5,20.4,26.3,창녕(밀양)
2022-09-13,17.5,19.6,16.1,19.2,평창
2022-09-13,22.6,27.1,18.6,24.2,포천(동두천)
2022-09-13,23.6,27.7,20.6,25.5,해남
2022-09-14,24.9,28.5,20.6,25.1,논산(부여)
2022-09-14,25.5,28.8,21.1,25.2,무안(목포)
2022-09-14,23.3,29.3,19.1,26.8,상주
2022-09-14,22.6,25.5,20.2,24.1,신안
2022-09-14,24.8,25.2,24.4,24.2,제주
2022-09-14,24.8,28.8,22.5,26.4,창녕(밀양)
2022-09-14,17.2,20.8,15.8,18.7,평창
2022-09-14,23.0,27.0,20.8,24.7,포천(동두천)
2022-09-14,25.1,28.3,21.4,26.0,해남
2022-09-15,25.6,30.4,20.8,27.4,논산(부여)
2022-09-15,26.0,29.1,23.0,25.1,무안(목포)
2022-09-15,23.5,29.4,19.2,29.9,상주
2022-09-15,21.5,22.8,20.1,22.8,신안
2022-09-15,25.3,26.9,24.7,24.4,제주
2022-09-15,25.2,29.8,22.3,29.0,창녕(밀양)
2022-09-15,16.7,20.3,15.0,20.1,평창
2022-09-15,23.3,27.4,19.2,24.7,포천(동두천)
2022-09-15,25.1,29.0,22.3,26.7,해남
2022-09-16,26.2,31.9,21.5,28.6,논산(부여)
2022-09-16,26.6,30.5,24.3,27.0,무안(목포)
2022-09-16,22.9,27.6,19.8,26.7,상주
2022-09-16,22.5,24.5,20.3,23.3,신안
2022-09-16,28.7,32.8,25.4,27.4,제주
2022-09-16,25.4,31.0,20.3,27.9,창녕(밀양)
2022-09-16,19.7,26.6,13.5,22.2,평창
2022-09-16,24.0,29.6,20.7,25.6,포천(동두천)
2022-09-16,25.8,29.5,23.9,27.8,해남
2022-09-17,27.1,32.7,23.0,31.2,논산(부여)
2022-09-17,26.1,30.8,23.6,28.7,무안(목포)
2022-09-17,25.9,32.0,22.2,32.3,상주
2022-09-17,23.3,28.8,21.0,26.0,신안
2022-09-17,26.4,28.6,24.9,27.5,제주
2022-09-17,25.7,32.7,21.2,27.2,창녕(밀양)
2022-09-17,22.1,28.2,16.2,23.2,평창
2022-09-17,24.0,28.7,21.6,26.6,포천(동두천)
2022-09-17,26.7,32.6,22.5,28.6,해남
2022-09-18,27.6,32.6,23.8,29.9,논산(부여)
2022-09-18,25.9,29.9,23.9,28.0,무안(목포)
2022-09-18,26.2,31.2,22.6,29.2,상주
2022-09-18,22.2,24.5,20.6,24.3,신안
2022-09-18,27.1,30.5,25.2,29.6,제주
2022-09-18,27.0,32.1,23.5,29.4,창녕(밀양)
2022-09-18,19.4,20.7,17.5,21.0,평창
2022-09-18,24.6,30.8,20.8,27.4,포천(동두천)
2022-09-18,27.5,33.0,23.2,29.1,해남
2022-09-19,24.9,30.6,17.6,29.4,논산(부여)
2022-09-19,23.0,25.7,20.6,26.0,무안(목포)
2022-09-19,25.1,30.7,16.7,30.7,상주
2022-09-19,20.9,23.0,19.1,22.3,신안
2022-09-19,25.1,27.9,22.0,29.0,제주
2022-09-19,25.3,29.8,20.5,25.8,창녕(밀양)
2022-09-19,15.2,19.8,12.3,17.6,평창
2022-09-19,22.2,26.7,16.9,25.3,포천(동두천)
2022-09-19,23.8,27.1,19.4,27.3,해남
2022-09-20,18.9,24.3,14.5,23.7,논산(부여)
2022-09-20,20.5,24.4,17.1,24.0,무안(목포)
2022-09-20,18.0,24.0,13.5,25.9,상주
2022-09-20,19.8,23.8,18.0,22.2,신안
2022-09-20,22.9,25.3,21.4,27.2,제주
2022-09-20,19.8,24.0,15.5,22.2,창녕(밀양)
2022-09-20,10.2,12.6,6.8,14.1,평창
2022-09-20,17.5,23.5,12.5,21.7,포천(동두천)
2022-09-20,20.0,25.4,15.1,23.7,해남
2022-09-21,18.0,25.1,11.7,24.2,논산(부여)
2022-09-21,20.3,24.1,16.3,23.2,무안(목포)
2022-09-21,16.6,23.8,10.3,25.3,상주
2022-09-21,19.8,24.1,17.6,22.7,신안
2022-09-21,22.0,24.8,20.1,26.1,제주
2022-09-21,17.6,24.5,12.0,20.5,창녕(밀양)
2022-09-21,10.4,17.7,4.4,16.3,평창
2022-09-21,16.2,24.2,8.8,21.3,포천(동두천)
2022-09-21,18.6,24.6,13.5,23.2,해남
2022-09-22,17.3,23.7,11.5,22.9,논산(부여)
2022-09-22,20.3,24.9,15.4,24.2,무안(목포)
2022-09-22,16.6,23.6,9.5,24.5,상주
2022-09-22,20.1,24.3,17.5,22.9,신안
2022-09-22,22.2,25.2,20.1,25.9,제주
2022-09-22,19.1,26.3,11.3,23.9,창녕(밀양)
2022-09-22,11.8,19.2,5.5,16.0,평창
2022-09-22,17.3,24.1,11.0,20.8,포천(동두천)
2022-09-22,19.2,26.3,12.2,24.4,해남
2022-09-23,16.2,24.3,10.7,22.1,논산(부여)
2022-09-23,19.4,23.5,16.9,22.5,무안(목포)
2022-09-23,18.0,24.7,13.1,23.9,상주
2022-09-23,19.5,24.7,17.6,21.6,신안
2022-09-23,22.4,26.8,19.4,26.5,제주
2022-09-23,20.9,28.8,15.3,24.8,창녕(밀양)
2022-09-23,12.6,20.4,7.6,14.6,평창
2022-09-23,15.1,22.1,10.6,19.9,포천(동두천)
2022-09-23,19.0,25.4,14.4,21.8,해남
2022-09-24,16.5,24.5,9.4,22.4,논산(부여)
2022-09-24,18.7,22.4,15.5,21.9,무안(목포)
2022-09-24,17.9,24.6,12.5,24.8,상주
2022-09-24,19.4,22.8,17.3,22.8,신안
2022-09-24,21.4,24.4,19.0,26.2,제주
2022-09-24,19.2,25.7,13.2,23.9,창녕(밀양)
2022-09-24,12.0,19.1,5.9,14.4,평창
2022-09-24,15.6,23.2,8.6,20.0,포천(동두천)
2022-09-24,19.0,24.4,14.7,23.4,해남
2022-09-25,18.3,24.6,13.9,22.0,논산(부여)
2022-09-25,19.8,23.9,17.3,22.7,무안(목포)
2022-09-25,17.2,22.8,12.8,22.6,상주
2022-09-25,19.9,23.5,18.2,23.2,신안
2022-09-25,22.4,25.4,20.2,24.7,제주
2022-09-25,18.4,22.3,14.5,20.2,창녕(밀양)
2022-09-25,11.5,19.0,5.5,14.3,평창
2022-09-25,16.3,24.4,10.5,22.0,포천(동두천)
2022-09-25,18.3,22.7,14.5,21.9,해남
2022-09-26,18.5,26.4,14.4,22.7,논산(부여)
2022-09-26,19.7,22.6,17.7,21.0,무안(목포)
2022-09-26,17.5,23.2,13.3,22.6,상주
2022-09-26,19.2,22.6,17.8,21.9,신안
2022-09-26,22.7,26.4,20.6,27.1,제주
2022-09-26,18.5,22.3,15.4,19.9,창녕(밀양)
2022-09-26,12.6,21.6,6.0,16.1,평창
2022-09-26,16.6,24.8,10.3,21.3,포천(동두천)
2022-09-26,18.3,22.6,15.4,21.2,해남
2022-09-27,18.4,27.2,11.0,23.5,논산(부여)
2022-09-27,20.4,24.9,16.9,23.8,무안(목포)
2022-09-27,18.1,26.2,13.4,25.7,상주
2022-09-27,19.3,23.5,17.3,21.9,신안
2022-09-27,22.7,25.8,19.5,27.5,제주
2022-09-27,20.4,27.1,16.1,23.0,창녕(밀양)
2022-09-27,11.5,20.8,4.9,16.0,평창
2022-09-27,18.0,27.1,10.3,22.1,포천(동두천)
2022-09-27,19.5,27.5,13.3,23.8,해남
2022-09-28,18.1,25.0,13.2,21.6,논산(부여)
2022-09-28,20.8,24.5,17.4,22.4,무안(목포)
2022-09-28,17.3,24.3,11.6,21.3,상주
2022-09-28,19.3,22.5,17.7,22.2,신안
2022-09-28,23.2,26.1,21.1,25.9,제주
2022-09-28,19.3,26.0,14.3,22.4,창녕(밀양)
2022-09-28,11.6,20.6,2.5,14.5,평창
2022-09-28,17.9,25.4,12.6,22.0,포천(동두천)
2022-09-28,20.3,25.7,15.0,23.3,해남
2022-09-29,17.6,26.0,13.8,22.9,논산(부여)
2022-09-29,19.8,24.7,16.5,24.1,무안(목포)
2022-09-29,18.3,27.5,12.1,24.7,상주
2022-09-29,18.7,22.9,16.6,22.0,신안
2022-09-29,22.4,26.7,18.3,23.1,제주
2022-09-29,19.9,29.2,13.7,24.5,창녕(밀양)
2022-09-29,13.7,24.7,5.6,17.0,평창
2022-09-29,17.4,25.2,13.3,22.3,포천(동두천)
2022-09-29,19.2,27.3,12.6,26.6,해남
2022-09-30,18.5,29.0,11.7,23.2,논산(부여)
2022-09-30,20.5,27.0,15.2,23.8,무안(목포)
2022-09-30,18.3,28.7,12.6,24.8,상주
2022-09-30,19.0,23.6,16.1,21.8,신안
2022-09-30,21.7,26.2,17.2,24.6,제주
2022-09-30,20.2,29.6,13.8,24.5,창녕(밀양)
2022-09-30,14.1,24.7,6.4,18.9,평창
2022-09-30,17.8,26.6,11.1,21.9,포천(동두천)
2022-09-30,18.0,27.5,9.9,25.0,해남
2022-10-01,19.5,27.6,12.5,22.6,논산(부여)
2022-10-01,21.9,27.9,16.4,24.8,무안(목포)
2022-10-01,18.9,28.7,10.5,23.9,상주
2022-10-01,19.4,24.3,16.1,21.6,신안
2022-10-01,22.8,26.8,17.7,27.3,제주
2022-10-01,20.5,30.2,12.7,23.2,창녕(밀양)
2022-10-01,14.5,25.5,5.1,20.2,평창
2022-10-01,18.1,26.8,10.6,21.0,포천(동두천)
2022-10-01,19.2,29.7,11.2,26.1,해남
2022-10-02,21.8,27.9,16.9,24.3,논산(부여)
2022-10-02,23.0,27.9,17.4,24.7,무안(목포)
2022-10-02,18.5,23.4,13.6,22.3,상주
2022-10-02,21.3,23.1,17.8,22.6,신안
2022-10-02,24.9,30.6,18.9,25.8,제주
2022-10-02,21.3,29.2,14.2,24.0,창녕(밀양)
2022-10-02,12.6,17.7,6.8,14.5,평창
2022-10-02,17.2,22.2,14.6,18.8,포천(동두천)
2022-10-02,21.2,27.3,11.6,26.5,해남
2022-10-03,23.3,26.3,19.3,23.0,논산(부여)
2022-10-03,25.4,27.9,23.4,26.5,무안(목포)
2022-10-03,21.1,24.9,17.8,23.5,상주
2022-10-03,22.0,23.3,21.1,23.6,신안
2022-10-03,26.1,29.5,22.6,27.5,제주
2022-10-03,24.5,28.9,19.8,23.5,창녕(밀양)
2022-10-03,18.5,20.8,12.6,18.2,평창
2022-10-03,19.6,22.3,15.6,19.9,포천(동두천)
2022-10-03,25.9,29.3,21.1,28.1,해남
2022-10-04,19.6,23.6,15.4,22.9,논산(부여)
2022-10-04,19.3,25.2,16.2,20.1,무안(목포)
2022-10-04,20.2,24.4,15.5,23.2,상주
2022-10-04,17.7,23.9,15.5,19.6,신안
2022-10-04,21.3,27.8,18.2,20.8,제주
2022-10-04,22.3,26.4,16.9,22.9,창녕(밀양)
2022-10-04,12.6,19.5,8.1,15.7,평창
2022-10-04,16.3,21.5,12.3,19.6,포천(동두천)
2022-10-04,19.6,25.3,16.0,21.1,해남
2022-10-05,16.0,20.8,12.3,20.2,논산(부여)
2022-10-05,16.2,18.3,15.1,17.0,무안(목포)
2022-10-05,16.2,21.1,14.5,22.2,상주
2022-10-05,15.8,18.6,15.0,18.5,신안
2022-10-05,19.4,22.6,17.5,20.5,제주
2022-10-05,18.1,21.9,15.9,18.9,창녕(밀양)
2022-10-05,8.3,9.2,7.6,11.9,평창
2022-10-05,14.4,18.9,12.0,17.5,포천(동두천)
2022-10-05,16.7,20.4,14.5,21.4,해남
2022-10-06,16.1,20.9,13.5,19.0,논산(부여)
2022-10-06,17.0,19.9,15.0,17.8,무안(목포)
2022-10-06,16.9,21.9,13.5,20.3,상주
2022-10-06,16.4,19.5,15.0,18.1,신안
2022-10-06,18.7,21.6,16.7,20.5,제주
2022-10-06,17.9,22.3,15.2,19.5,창녕(밀양)
2022-10-06,9.3,10.2,8.1,12.1,평창
2022-10-06,13.9,19.5,10.4,17.3,포천(동두천)
2022-10-06,16.9,21.5,13.3,20.6,해남
2022-10-07,15.1,20.6,9.9,20.3,논산(부여)
2022-10-07,15.9,17.4,14.6,16.6,무안(목포)
2022-10-07,14.9,20.8,11.6,18.8,상주
2022-10-07,15.8,17.5,14.5,17.4,신안
2022-10-07,17.8,21.1,15.6,19.7,제주
2022-10-07,17.2,21.4,14.9,17.6,창녕(밀양)
2022-10-07,8.1,10.1,6.5,11.4,평창
2022-10-07,12.5,18.5,9.0,16.5,포천(동두천)
2022-10-07,15.8,19.1,13.0,20.5,해남
2022-10-08,15.4,22.3,8.8,18.9,논산(부여)
2022-10-08,16.8,21.1,13.0,17.9,무안(목포)
2022-10-08,14.2,20.8,9.6,19.9,상주
2022-10-08,16.9,18.8,15.0,18.4,신안
2022-10-08,18.0,20.6,15.5,18.5,제주
2022-10-08,16.3,22.5,11.7,18.4,창녕(밀양)
2022-10-08,8.0,11.7,4.5,13.2,평창
2022-10-08,12.8,20.7,6.8,17.4,포천(동두천)
2022-10-08,16.1,20.2,10.8,19.0,해남
2022-10-09,13.1,16.2,11.3,15.9,논산(부여)
2022-10-09,15.1,17.1,13.6,16.3,무안(목포)
2022-10-09,12.2,14.0,10.6,16.4,상주
2022-10-09,15.4,17.7,13.4,16.5,신안
2022-10-09,18.6,20.5,16.4,19.2,제주
2022-10-09,14.9,17.1,12.0,16.2,창녕(밀양)
2022-10-09,8.4,14.6,4.0,10.8,평창
2022-10-09,11.6,13.5,9.1,14.3,포천(동두천)
2022-10-09,15.3,18.1,13.9,17.2,해남
2022-10-10,11.4,14.9,9.1,15.3,논산(부여)
2022-10-10,13.6,15.5,10.8,13.3,무안(목포)
2022-10-10,10.8,14.9,8.0,14.5,상주
2022-10-10,13.2,15.7,11.1,14.1,신안
2022-10-10,16.2,18.3,14.4,15.3,제주
2022-10-10,13.8,17.6,11.0,15.9,창녕(밀양)
2022-10-10,4.6,6.7,2.0,6.8,평창
2022-10-10,8.2,11.1,6.3,13.4,포천(동두천)
2022-10-10,13.6,16.4,12.0,17.2,해남
2022-10-11,12.4,19.0,7.6,16.6,논산(부여)
2022-10-11,14.2,16.4,12.4,14.4,무안(목포)
2022-10-11,12.1,18.0,8.6,16.3,상주
2022-10-11,14.4,17.1,12.2,15.3,신안
2022-10-11,17.1,20.1,15.6,17.2,제주
2022-10-11,12.8,19.7,6.9,16.9,창녕(밀양)
2022-10-11,5.6,13.4,1.3,9.1,평창
2022-10-11,9.6,16.2,6.3,14.6,포천(동두천)
2022-10-11,14.5,18.3,12.4,17.3,해남
2022-10-12,11.4,20.0,5.3,16.0,논산(부여)
2022-10-12,14.4,19.1,10.8,15.9,무안(목포)
2022-10-12,11.5,20.6,4.0,16.8,상주
2022-10-12,14.8,18.0,12.9,17.0,신안
2022-10-12,18.2,20.6,12.9,20.5,제주
2022-10-12,14.2,22.7,5.6,16.8,창녕(밀양)
2022-10-12,6.5,14.8,-1.3,10.6,평창
2022-10-12,11.1,20.6,3.4,13.9,포천(동두천)
2022-10-12,12.3,21.6,4.0,17.8,해남
2022-10-13,14.4,22.6,7.4,17.3,논산(부여)
2022-10-13,16.5,21.2,12.1,17.5,무안(목포)
2022-10-13,13.6,21.6,7.2,17.8,상주
2022-10-13,16.8,20.0,13.7,18.4,신안
2022-10-13,19.4,21.9,17.7,20.1,제주
2022-10-13,15.9,23.8,9.1,19.4,창녕(밀양)
2022-10-13,8.7,17.4,2.4,12.9,평창
2022-10-13,13.6,21.7,7.1,15.4,포천(동두천)
2022-10-13,14.5,23.0,7.0,20.0,해남
2022-10-14,15.8,22.7,10.0,18.0,논산(부여)
2022-10-14,17.1,21.8,12.7,19.3,무안(목포)
2022-10-14,14.0,21.4,8.1,18.6,상주
2022-10-14,16.9,20.6,14.8,19.5,신안
2022-10-14,19.5,22.1,17.7,21.4,제주
2022-10-14,16.3,24.3,8.8,19.7,창녕(밀양)
2022-10-14,9.9,17.9,3.0,13.3,평창
2022-10-14,14.6,21.9,9.2,16.9,포천(동두천)
2022-10-14,15.5,24.3,8.0,21.3,해남
2022-10-15,17.7,25.1,11.8,20.0,논산(부여)
2022-10-15,17.5,22.8,13.7,19.5,무안(목포)
2022-10-15,16.9,23.8,11.5,20.5,상주
2022-10-15,17.2,21.0,15.1,19.7,신안
2022-10-15,20.4,23.0,17.9,22.8,제주
2022-10-15,17.7,25.4,10.6,20.9,창녕(밀양)
2022-10-15,11.7,18.7,5.3,15.0,평창
2022-10-15,15.2,23.9,9.0,17.8,포천(동두천)
2022-10-15,16.0,25.1,8.9,21.7,해남
2022-10-16,17.2,22.4,14.2,19.0,논산(부여)
2022-10-16,17.3,22.3,14.0,19.4,무안(목포)
2022-10-16,18.3,23.9,13.5,20.9,상주
2022-10-16,17.3,21.5,15.2,19.8,신안
2022-10-16,20.4,23.1,18.3,22.8,제주
2022-10-16,17.5,25.2,10.9,21.4,창녕(밀양)
2022-10-16,12.6,17.5,8.1,13.2,평창
2022-10-16,13.6,17.9,11.1,14.4,포천(동두천)
2022-10-16,17.1,24.2,11.2,20.7,해남
2022-10-17,12.7,16.7,6.0,16.7,논산(부여)
2022-10-17,14.1,16.5,12.1,16.3,무안(목포)
2022-10-17,13.5,17.5,6.8,18.2,상주
2022-10-17,14.1,16.4,12.5,16.4,신안
2022-10-17,16.9,20.4,14.0,19.9,제주
2022-10-17,15.5,22.8,9.4,19.2,창녕(밀양)
2022-10-17,7.8,13.7,-0.9,12.3,평창
2022-10-17,9.8,15.1,4.3,14.5,포천(동두천)
2022-10-17,14.4,17.8,11.1,19.6,해남
2022-10-18,7.8,15.8,2.0,13.0,논산(부여)
2022-10-18,11.5,13.9,8.9,13.5,무안(목포)
2022-10-18,9.2,15.6,3.7,14.1,상주
2022-10-18,13.1,15.2,12.0,15.1,신안
2022-10-18,14.7,17.8,13.1,18.8,제주
2022-10-18,10.7,18.3,5.1,15.4,창녕(밀양)
2022-10-18,2.8,11.0,-4.0,8.4,평창
2022-10-18,6.9,14.3,1.2,11.5,포천(동두천)
2022-10-18,11.8,15.8,7.2,17.4,해남
2022-10-19,7.9,17.9,0.5,12.5,논산(부여)
2022-10-19,12.1,15.4,8.4,13.3,무안(목포)
2022-10-19,9.2,17.7,2.7,14.2,상주
2022-10-19,13.9,16.7,12.3,15.5,신안
2022-10-19,15.1,18.8,12.4,18.9,제주
2022-10-19,10.1,18.6,1.7,14.4,창녕(밀양)
2022-10-19,3.6,12.1,-3.3,7.5,평창
2022-10-19,7.6,16.6,0.2,11.5,포천(동두천)
2022-10-19,10.4,17.5,4.3,17.0,해남
2022-10-20,10.2,20.4,1.5,14.0,논산(부여)
2022-10-20,13.3,19.6,6.8,15.1,무안(목포)
2022-10-20,10.7,21.3,1.2,15.1,상주
2022-10-20,14.2,17.2,12.7,15.8,신안
2022-10-20,15.9,20.2,11.5,19.3,제주
2022-10-20,11.0,21.8,1.9,14.9,창녕(밀양)
2022-10-20,7.5,19.2,-4.0,9.0,평창
2022-10-20,10.4,19.9,2.4,14.0,포천(동두천)
2022-10-20,10.1,21.0,1.2,16.2,해남
2022-10-21,11.0,17.2,4.6,13.5,논산(부여)
2022-10-21,16.0,21.7,10.3,16.9,무안(목포)
2022-10-21,12.6,17.7,5.5,13.7,상주
2022-10-21,16.2,20.7,12.3,16.7,신안
2022-10-21,18.5,22.3,13.4,20.3,제주
2022-10-21,13.2,20.4,5.7,15.3,창녕(밀양)
2022-10-21,10.8,17.4,6.1,10.7,평창
2022-10-21,11.7,19.8,6.3,13.9,포천(동두천)
2022-10-21,14.7,22.5,5.3,17.5,해남
2022-10-22,13.6,21.8,7.2,16.2,논산(부여)
2022-10-22,16.6,20.4,14.4,19.2,무안(목포)
2022-10-22,15.6,21.8,11.3,17.6,상주
2022-10-22,16.9,20.5,14.7,19.0,신안
2022-10-22,20.0,24.3,17.5,22.2,제주
2022-10-22,16.6,24.6,10.1,19.9,창녕(밀양)
2022-10-22,11.8,18.3,6.5,13.0,평창
2022-10-22,13.6,20.1,7.4,16.7,포천(동두천)
2022-10-22,17.1,23.1,12.5,20.6,해남
2022-10-23,12.6,19.8,5.8,15.8,논산(부여)
2022-10-23,14.5,17.1,12.0,16.3,무안(목포)
2022-10-23,14.7,20.7,8.8,17.4,상주
2022-10-23,15.0,16.6,13.8,16.6,신안
2022-10-23,17.5,20.6,15.2,21.5,제주
2022-10-23,14.2,21.7,7.7,16.1,창녕(밀양)
2022-10-23,6.6,9.5,4.5,8.3,평창
2022-10-23,13.0,18.3,9.1,16.8,포천(동두천)
2022-10-23,14.8,18.8,10.7,18.6,해남
2022-10-24,9.5,15.9,3.4,12.8,논산(부여)
2022-10-24,12.4,14.1,9.4,13.8,무안(목포)
2022-10-24,10.7,16.2,5.5,14.0,상주
2022-10-24,13.2,14.7,11.8,14.8,신안
2022-10-24,15.4,17.8,13.1,19.1,제주
2022-10-24,12.4,17.8,6.9,14.9,창녕(밀양)
2022-10-24,2.8,6.0,0.4,7.1,평창
2022-10-24,8.6,15.1,3.6,12.5,포천(동두천)
2022-10-24,11.6,15.8,6.2,16.2,해남
2022-10-25,8.7,16.9,1.7,12.0,논산(부여)
2022-10-25,11.5,16.2,7.1,13.7,무안(목포)
2022-10-25,8.5,16.9,1.2,11.7,상주
2022-10-25,12.6,15.5,10.5,14.6,신안
2022-10-25,14.8,18.4,11.9,17.9,제주
2022-10-25,12.0,18.3,5.6,14.2,창녕(밀양)
2022-10-25,3.7,6.4,-1.3,5.9,평창
2022-10-25,9.0,16.9,1.7,12.2,포천(동두천)
2022-10-25,8.7,18.2,0.5,14.8,해남
2022-10-26,10.4,18.5,2.7,12.3,논산(부여)
2022-10-26,13.9,19.9,8.0,14.8,무안(목포)
2022-10-26,9.5,17.9,1.2,13.0,상주
2022-10-26,14.7,17.8,12.4,15.7,신안
2022-10-26,17.6,20.6,13.8,20.6,제주
2022-10-26,12.3,20.4,3.7,14.2,창녕(밀양)
2022-10-26,5.1,14.1,-3.0,5.1,평창
2022-10-26,10.3,18.5,2.9,13.6,포천(동두천)
2022-10-26,12.1,20.6,2.2,15.5,해남
2022-10-27,12.0,21.0,5.3,14.5,논산(부여)
2022-10-27,14.3,18.2,11.5,16.1,무안(목포)
2022-10-27,13.5,21.7,5.6,15.8,상주
2022-10-27,14.7,17.4,13.1,16.8,신안
2022-10-27,16.9,21.1,13.4,20.1,제주
2022-10-27,14.2,22.3,8.9,17.4,창녕(밀양)
2022-10-27,6.7,16.2,-0.9,8.0,평창
2022-10-27,10.8,19.5,4.1,13.2,포천(동두천)
2022-10-27,13.0,21.2,6.3,17.6,해남
2022-10-28,11.1,20.1,5.7,14.1,논산(부여)
2022-10-28,13.7,17.6,11.0,16.0,무안(목포)
2022-10-28,12.6,20.5,4.9,16.2,상주
2022-10-28,13.5,16.4,12.0,15.6,신안
2022-10-28,16.5,20.8,12.5,19.6,제주
2022-10-28,13.8,22.9,5.4,16.6,창녕(밀양)
2022-10-28,7.3,8.6,4.0,8.8,평창
2022-10-28,11.7,20.6,5.0,14.1,포천(동두천)
2022-10-28,11.5,20.9,3.6,16.1,해남
2022-10-29,11.8,20.6,5.1,14.2,논산(부여)
2022-10-29,14.8,20.4,10.4,16.8,무안(목포)
2022-10-29,13.6,19.8,9.6,17.2,상주
2022-10-29,14.3,18.0,11.8,16.2,신안
2022-10-29,18.0,20.7,14.6,20.4,제주
2022-10-29,13.9,22.1,7.6,16.2,창녕(밀양)
2022-10-29,7.1,12.2,3.7,10.4,평창
2022-10-29,12.0,20.6,5.8,14.5,포천(동두천)
2022-10-29,13.3,21.7,5.1,15.9,해남
2022-10-30,12.0,21.1,6.2,14.6,논산(부여)
2022-10-30,15.5,21.4,11.1,17.9,무안(목포)
2022-10-30,12.0,19.5,5.8,16.6,상주
2022-10-30,14.9,18.7,12.9,16.7,신안
2022-10-30,17.6,20.0,15.7,20.0,제주
2022-10-30,12.5,19.5,7.0,14.7,창녕(밀양)
2022-10-30,5.9,12.1,2.7,9.4,평창
2022-10-30,12.2,20.7,5.9,14.2,포천(동두천)
2022-10-30,13.4,21.7,5.6,17.4,해남
2022-10-31,12.8,20.6,7.2,14.9,논산(부여)
2022-10-31,15.2,19.9,12.4,16.8,무안(목포)
2022-10-31,11.2,18.9,5.9,15.7,상주
2022-10-31,14.7,17.6,13.3,16.2,신안
2022-10-31,17.2,19.7,15.8,19.5,제주
2022-10-31,12.5,21.2,5.2,15.8,창녕(밀양)
2022-10-31,6.2,14.3,1.5,8.4,평창
2022-10-31,12.9,20.6,7.5,14.2,포천(동두천)
2022-10-31,14.3,21.1,7.0,16.9,해남
2022-11-01,12.4,20.2,7.0,14.6,논산(부여)
2022-11-01,14.3,18.4,11.2,16.3,무안(목포)
2022-11-01,11.8,20.4,4.7,13.5,상주
2022-11-01,14.5,18.4,12.6,16.0,신안
2022-11-01,17.5,21.5,14.5,20.2,제주
2022-11-01,13.0,22.8,5.5,15.6,창녕(밀양)
2022-11-01,7.8,15.1,1.9,8.5,평창
2022-11-01,11.5,18.2,7.5,13.7,포천(동두천)
2022-11-01,13.1,20.8,4.5,16.3,해남
2022-11-02,9.9,19.3,4.0,14.0,논산(부여)
2022-11-02,12.6,17.3,9.4,14.9,무안(목포)
2022-11-02,11.1,20.6,4.5,14.1,상주
2022-11-02,13.1,16.4,11.7,14.6,신안
2022-11-02,16.2,19.9,12.7,19.7,제주
2022-11-02,12.1,21.5,5.0,14.4,창녕(밀양)
2022-11-02,5.8,16.2,-3.0,6.6,평창
2022-11-02,8.8,18.2,1.3,10.9,포천(동두천)
2022-11-02,10.6,19.9,3.8,16.2,해남
2022-11-03,9.2,16.7,1.8,11.2,논산(부여)
2022-11-03,11.9,17.1,6.7,13.1,무안(목포)
2022-11-03,10.2,17.4,2.9,12.8,상주
2022-11-03,13.3,16.8,10.8,14.7,신안
2022-11-03,15.9,20.5,11.3,18.4,제주
2022-11-03,11.9,21.1,3.9,13.4,창녕(밀양)
2022-11-03,5.2,11.5,0.6,5.1,평창
2022-11-03,7.4,12.9,3.9,7.9,포천(동두천)
2022-11-03,10.8,19.5,0.5,14.6,해남
2022-11-04,5.8,11.9,-0.1,9.5,논산(부여)
2022-11-04,9.4,11.5,8.5,11.6,무안(목포)
2022-11-04,6.9,11.6,3.9,9.9,상주
2022-11-04,10.0,11.3,9.1,12.5,신안
2022-11-04,12.4,14.9,10.6,16.4,제주
2022-11-04,10.0,15.3,5.0,12.6,창녕(밀양)
2022-11-04,0.8,8.1,-4.6,3.4,평창
2022-11-04,3.4,10.6,-1.7,6.5,포천(동두천)
2022-11-04,9.4,12.2,6.8,14.0,해남
2022-11-05,5.3,14.9,-2.6,8.5,논산(부여)
2022-11-05,9.4,12.8,5.6,11.3,무안(목포)
2022-11-05,7.1,15.2,0.9,9.5,상주
2022-11-05,11.7,14.9,10.1,13.4,신안
2022-11-05,12.7,16.2,10.8,16.3,제주
2022-11-05,7.3,16.6,0.5,10.5,창녕(밀양)
2022-11-05,1.1,9.7,-7.7,2.0,평창
2022-11-05,4.6,13.5,-3.0,6.5,포천(동두천)
2022-11-05,9.5,15.2,3.1,13.8,해남
2022-11-06,7.1,16.4,0.2,9.1,논산(부여)
2022-11-06,10.5,14.9,5.2,11.1,무안(목포)
2022-11-06,6.8,16.3,-0.9,10.1,상주
2022-11-06,12.1,16.1,9.5,12.9,신안
2022-11-06,12.6,17.0,8.5,15.6,제주
2022-11-06,7.6,17.8,-1.0,10.5,창녕(밀양)
2022-11-06,3.1,11.5,-3.5,3.5,평창
2022-11-06,7.7,16.1,0.4,9.2,포천(동두천)
2022-11-06,7.5,16.5,-0.9,11.9,해남
2022-11-07,8.7,17.7,0.3,10.9,논산(부여)
2022-11-07,11.5,17.4,7.0,12.3,무안(목포)
2022-11-07,8.4,17.3,0.6,10.7,상주
2022-11-07,13.1,16.8,10.4,13.7,신안
2022-11-07,13.7,18.3,9.5,15.8,제주
2022-11-07,9.1,18.7,1.1,11.1,창녕(밀양)
2022-11-07,4.4,12.6,-4.7,4.3,평창
2022-11-07,9.3,16.0,3.0,11.1,포천(동두천)
2022-11-07,8.4,19.0,-0.1,12.9,해남
2022-11-08,10.8,19.2,4.7,13.1,논산(부여)
2022-11-08,12.4,17.4,7.7,13.1,무안(목포)
2022-11-08,10.9,19.1,4.0,13.2,상주
2022-11-08,13.8,18.1,11.2,14.0,신안
2022-11-08,15.0,20.8,10.5,16.4,제주
2022-11-08,10.2,20.4,1.7,12.1,창녕(밀양)
2022-11-08,7.0,13.6,1.0,6.8,평창
2022-11-08,10.2,16.7,5.7,12.9,포천(동두천)
2022-11-08,9.7,20.0,0.7,13.4,해남
2022-11-09,10.2,16.8,6.2,12.8,논산(부여)
2022-11-09,12.9,18.9,7.5,12.5,무안(목포)
2022-11-09,10.1,18.9,2.5,11.8,상주
2022-11-09,13.8,17.9,11.2,14.2,신안
2022-11-09,16.5,21.4,12.1,16.1,제주
2022-11-09,10.0,20.1,2.6,11.9,창녕(밀양)
2022-11-09,6.5,13.8,-1.8,5.4,평창
2022-11-09,9.2,16.2,2.5,10.7,포천(동두천)
2022-11-09,9.9,20.5,0.8,12.9,해남
2022-11-10,10.7,20.0,3.9,12.3,논산(부여)
2022-11-10,15.6,21.9,10.4,16.5,무안(목포)
2022-11-10,11.6,20.3,4.0,12.8,상주
2022-11-10,15.6,18.4,12.5,15.3,신안
2022-11-10,18.7,23.5,14.8,19.1,제주
2022-11-10,10.7,21.9,3.2,11.9,창녕(밀양)
2022-11-10,7.5,14.8,1.7,7.8,평창
2022-11-10,11.5,18.0,6.1,11.6,포천(동두천)
2022-11-10,14.5,22.5,6.3,16.1,해남
2022-11-11,13.3,22.4,6.4,14.2,논산(부여)
2022-11-11,17.5,23.4,13.4,17.7,무안(목포)
2022-11-11,11.6,20.3,5.0,13.3,상주
2022-11-11,16.0,20.3,13.8,15.9,신안
2022-11-11,20.4,24.0,18.1,20.5,제주
2022-11-11,13.5,22.2,5.7,13.9,창녕(밀양)
2022-11-11,8.0,13.9,3.0,9.9,평창
2022-11-11,13.1,22.4,6.4,13.1,포천(동두천)
2022-11-11,17.4,22.5,12.7,17.4,해남
2022-11-12,16.5,24.1,7.4,15.5,논산(부여)
2022-11-12,19.0,22.9,15.1,19.1,무안(목포)
2022-11-12,13.5,20.0,5.8,14.9,상주
2022-11-12,17.4,20.0,15.5,16.9,신안
2022-11-12,20.2,24.0,17.1,19.9,제주
2022-11-12,16.3,23.7,7.3,15.9,창녕(밀양)
2022-11-12,11.6,18.8,1.5,10.7,평창
2022-11-12,14.4,21.9,7.5,13.3,포천(동두천)
2022-11-12,19.0,21.6,15.5,18.2,해남
2022-11-13,11.3,19.1,9.4,13.1,논산(부여)
2022-11-13,11.5,19.5,10.2,12.0,무안(목포)
2022-11-13,13.2,18.7,10.3,15.6,상주
2022-11-13,11.5,19.1,10.9,13.2,신안
2022-11-13,14.9,21.2,12.9,15.9,제주
2022-11-13,17.5,20.9,13.0,17.2,창녕(밀양)
2022-11-13,7.6,14.5,3.7,9.4,평창
2022-11-13,8.8,16.7,6.1,12.0,포천(동두천)
2022-11-13,12.2,20.2,10.2,14.7,해남
2022-11-14,9.3,15.3,4.0,11.5,논산(부여)
2022-11-14,10.9,14.0,9.2,11.6,무안(목포)
2022-11-14,9.8,14.4,6.8,11.5,상주
2022-11-14,11.5,13.3,10.1,12.9,신안
2022-11-14,13.7,16.4,12.3,14.7,제주
2022-11-14,11.7,15.3,6.6,11.6,창녕(밀양)
2022-11-14,4.0,8.6,0.8,5.7,평창
2022-11-14,8.2,14.2,3.3,10.7,포천(동두천)
2022-11-14,11.4,15.6,8.9,13.7,해남
2022-11-15,7.1,15.2,0.7,8.6,논산(부여)
2022-11-15,10.6,14.4,7.4,10.4,무안(목포)
2022-11-15,7.9,13.7,2.5,8.7,상주
2022-11-15,11.8,14.9,9.6,12.3,신안
2022-11-15,13.1,16.7,10.2,14.5,제주
2022-11-15,8.8,15.7,2.7,9.4,창녕(밀양)
2022-11-15,2.6,7.1,-2.3,2.4,평창
2022-11-15,6.2,12.5,1.2,7.6,포천(동두천)
2022-11-15,8.4,15.1,2.0,11.1,해남
2022-11-16,8.0,15.7,3.5,9.9,논산(부여)
2022-11-16,11.1,15.2,8.7,12.1,무안(목포)
2022-11-16,8.9,15.2,3.7,10.5,상주
2022-11-16,12.8,15.6,9.9,12.7,신안
2022-11-16,13.5,18.7,9.7,13.5,제주
2022-11-16,9.0,16.7,2.7,9.6,창녕(밀양)
2022-11-16,4.0,8.3,0.3,3.9,평창
2022-11-16,6.6,13.1,3.2,9.6,포천(동두천)
2022-11-16,8.0,17.2,1.8,10.8,해남
2022-11-17,8.3,16.9,2.6,9.4,논산(부여)
2022-11-17,11.4,17.1,7.8,12.3,무안(목포)
2022-11-17,7.6,16.3,1.7,10.1,상주
2022-11-17,12.4,14.9,10.5,11.9,신안
2022-11-17,14.2,18.2,11.4,14.7,제주
2022-11-17,9.0,17.5,3.9,9.9,창녕(밀양)
2022-11-17,3.0,12.3,-2.6,3.3,평창
2022-11-17,8.2,16.6,3.0,9.1,포천(동두천)
2022-11-17,8.2,17.2,2.0,11.2,해남
2022-11-18,9.8,18.8,2.0,8.7,논산(부여)
2022-11-18,12.7,19.9,7.7,11.5,무안(목포)
2022-11-18,7.0,18.2,-0.2,8.9,상주
2022-11-18,13.1,15.6,11.4,12.4,신안
2022-11-18,16.0,18.9,13.9,16.5,제주
2022-11-18,8.6,19.7,0.5,9.4,창녕(밀양)
2022-11-18,2.9,14.6,-5.0,2.8,평창
2022-11-18,8.6,17.2,1.6,9.1,포천(동두천)
2022-11-18,8.6,20.2,-0.6,10.4,해남
2022-11-19,10.7,20.3,2.0,10.1,논산(부여)
2022-11-19,14.5,21.3,9.2,13.3,무안(목포)
2022-11-19,8.6,17.5,0.6,9.5,상주
2022-11-19,14.4,17.7,11.9,13.4,신안
2022-11-19,17.1,19.9,14.9,16.9,제주
2022-11-19,10.8,21.1,2.4,10.1,창녕(밀양)
2022-11-19,3.1,10.6,-2.3,2.6,평창
2022-11-19,9.8,19.8,2.7,9.8,포천(동두천)
2022-11-19,14.6,21.0,2.2,13.4,해남
2022-11-20,11.8,19.9,6.5,12.3,논산(부여)
2022-11-20,13.8,17.0,11.7,13.1,무안(목포)
2022-11-20,10.7,18.2,5.5,12.2,상주
2022-11-20,14.1,15.3,12.7,13.7,신안
2022-11-20,15.7,17.0,14.4,15.8,제주
2022-11-20,12.6,18.4,8.1,12.0,창녕(밀양)
2022-11-20,3.6,13.8,-2.3,4.4,평창
2022-11-20,11.3,20.2,5.4,11.1,포천(동두천)
2022-11-20,12.6,16.5,5.7,13.0,해남
2022-11-21,10.2,19.9,3.6,10.7,논산(부여)
2022-11-21,12.6,16.6,9.4,13.6,무안(목포)
2022-11-21,10.3,20.3,3.2,10.6,상주
2022-11-21,13.9,17.0,11.9,13.8,신안
2022-11-21,16.2,20.0,13.9,16.3,제주
2022-11-21,10.9,19.6,4.2,11.0,창녕(밀양)
2022-11-21,6.3,13.1,-2.1,3.7,평창
2022-11-21,8.9,13.8,5.5,8.0,포천(동두천)
2022-11-21,10.4,19.5,3.9,12.8,해남
2022-11-22,10.9,14.2,6.9,10.4,논산(부여)
2022-11-22,12.2,14.2,11.0,11.8,무안(목포)
2022-11-22,9.7,12.6,6.5,10.2,상주
2022-11-22,12.8,14.2,11.7,12.9,신안
2022-11-22,15.7,18.2,13.9,14.9,제주
2022-11-22,12.7,17.1,8.7,11.3,창녕(밀양)
2022-11-22,4.3,10.0,-2.5,4.5,평창
2022-11-22,8.1,13.3,3.0,8.6,포천(동두천)
2022-11-22,11.5,16.5,7.9,12.3,해남
2022-11-23,10.2,17.1,2.8,11.2,논산(부여)
2022-11-23,11.5,14.1,8.5,11.5,무안(목포)
2022-11-23,11.8,18.2,7.9,12.6,상주
2022-11-23,12.0,14.0,10.6,12.8,신안
2022-11-23,14.2,16.2,10.9,14.9,제주
2022-11-23,12.9,19.0,6.7,12.7,창녕(밀양)
2022-11-23,5.4,11.8,-0.8,6.4,평창
2022-11-23,9.6,15.9,4.5,10.1,포천(동두천)
2022-11-23,11.3,16.2,3.7,13.1,해남
2022-11-24,7.1,15.2,2.3,8.7,논산(부여)
2022-11-24,10.7,14.9,8.2,11.6,무안(목포)
2022-11-24,8.7,15.6,3.2,10.1,상주
2022-11-24,11.9,14.7,10.5,12.6,신안
2022-11-24,12.8,18.1,9.5,12.8,제주
2022-11-24,9.1,17.6,3.6,9.3,창녕(밀양)
2022-11-24,3.0,11.8,-2.5,2.4,평창
2022-11-24,6.6,13.6,2.4,7.1,포천(동두천)
2022-11-24,9.2,16.6,2.3,11.0,해남
2022-11-25,7.5,17.4,1.3,8.6,논산(부여)
2022-11-25,12.2,18.7,5.8,11.1,무안(목포)
2022-11-25,6.1,14.3,-0.9,7.3,상주
2022-11-25,13.5,18.0,9.5,12.7,신안
2022-11-25,15.1,21.6,9.2,12.6,제주
2022-11-25,9.1,18.6,0.7,8.6,창녕(밀양)
2022-11-25,7.2,12.8,0.0,3.8,평창
2022-11-25,11.6,17.7,4.1,11.2,포천(동두천)
2022-11-25,9.2,20.3,-0.4,10.4,해남
2022-11-26,8.1,15.2,0.0,9.5,논산(부여)
2022-11-26,10.8,15.0,7.1,10.6,무안(목포)
2022-11-26,9.9,16.1,3.2,9.9,상주
2022-11-26,11.6,14.7,7.7,12.0,신안
2022-11-26,14.6,18.6,10.6,14.6,제주
2022-11-26,9.8,19.5,3.2,9.5,창녕(밀양)
2022-11-26,4.1,8.3,-2.8,3.4,평창
2022-11-26,5.2,11.8,-1.5,6.2,포천(동두천)
2022-11-26,9.0,17.9,1.7,11.5,해남
2022-11-27,4.7,14.8,-2.4,5.4,논산(부여)
2022-11-27,10.4,15.5,4.0,9.6,무안(목포)
2022-11-27,4.5,12.1,-2.3,6.0,상주
2022-11-27,11.4,14.4,7.6,10.6,신안
2022-11-27,14.3,19.8,8.8,12.5,제주
2022-11-27,7.7,16.5,-0.9,7.5,창녕(밀양)
2022-11-27,0.6,11.1,-7.4,0.9,평창
2022-11-27,3.1,12.6,-3.8,2.8,포천(동두천)
2022-11-27,9.2,18.0,-1.3,9.3,해남
2022-11-28,8.2,12.9,0.6,8.7,논산(부여)
2022-11-28,17.6,21.0,11.6,15.0,무안(목포)
2022-11-28,4.7,9.1,-1.8,5.4,상주
2022-11-28,16.9,20.7,13.6,14.9,신안
2022-11-28,21.9,27.4,15.4,19.2,제주
2022-11-28,14.0,20.8,4.2,12.6,창녕(밀양)
2022-11-28,5.6,13.5,-5.6,3.6,평창
2022-11-28,9.9,15.3,1.7,8.6,포천(동두천)
2022-11-28,18.4,22.0,12.7,15.6,해남
2022-11-29,9.0,14.9,2.4,9.4,논산(부여)
2022-11-29,10.3,18.8,4.9,10.8,무안(목포)
2022-11-29,9.2,14.5,3.4,9.4,상주
2022-11-29,9.3,18.4,5.3,11.8,신안
2022-11-29,14.1,21.0,8.7,15.8,제주
2022-11-29,14.5,18.2,8.6,13.5,창녕(밀양)
2022-11-29,6.6,12.1,-1.8,6.5,평창
2022-11-29,5.8,13.3,-2.6,8.9,포천(동두천)
2022-11-29,11.2,20.3,5.5,13.0,해남
2022-11-30,-2.0,2.4,-4.4,1.5,논산(부여)
2022-11-30,0.2,5.1,-1.7,2.0,무안(목포)
2022-11-30,-2.3,3.4,-5.1,2.3,상주
2022-11-30,3.2,5.5,1.1,6.3,신안
2022-11-30,5.7,8.8,4.1,7.6,제주
2022-11-30,1.7,8.6,-1.5,3.2,창녕(밀양)
2022-11-30,-8.5,-1.5,-12.2,-5.1,평창
2022-11-30,-6.2,-2.0,-9.4,0.1,포천(동두천)
2022-11-30,1.0,5.5,-0.7,5.2,해남
2022-12-01,-2.3,1.5,-6.3,0.9,논산(부여)
2022-12-01,0.0,2.3,-2.2,2.2,무안(목포)
2022-12-01,-3.2,2.3,-6.6,1.4,상주
2022-12-01,1.7,4.2,-0.1,6.2,신안
2022-12-01,5.5,7.0,4.0,7.1,제주
2022-12-01,0.5,4.2,-1.8,1.6,창녕(밀양)
2022-12-01,-9.6,-5.4,-13.9,-6.6,평창
2022-12-01,-6.6,-0.8,-11.7,-1.7,포천(동두천)
2022-12-01,0.4,3.9,-2.6,5.0,해남
2022-12-02,-1.3,4.1,-5.6,0.8,논산(부여)
2022-12-02,2.9,7.0,-1.4,4.3,무안(목포)
2022-12-02,-2.3,4.8,-7.9,1.5,상주
2022-12-02,4.9,7.8,1.9,7.0,신안
2022-12-02,7.1,10.1,5.4,8.3,제주
2022-12-02,0.7,6.6,-3.6,2.3,창녕(밀양)
2022-12-02,-7.4,-2.5,-12.1,-6.2,평창
2022-12-02,-5.1,0.6,-11.2,-1.8,포천(동두천)
2022-12-02,1.8,8.4,-3.9,5.8,해남
2022-12-03,2.9,7.7,-2.0,3.4,논산(부여)
2022-12-03,6.4,9.7,2.1,6.9,무안(목포)
2022-12-03,0.2,4.1,-4.7,1.3,상주
2022-12-03,8.6,10.1,6.7,8.7,신안
2022-12-03,10.4,12.3,5.9,10.5,제주
2022-12-03,3.6,11.5,-3.8,3.1,창녕(밀양)
2022-12-03,-2.3,1.0,-7.7,-2.4,평창
2022-12-03,0.7,6.0,-3.1,1.1,포천(동두천)
2022-12-03,7.4,11.8,0.7,8.8,해남
2022-12-04,-0.6,4.9,-3.1,1.1,논산(부여)
2022-12-04,2.5,7.7,0.2,3.9,무안(목포)
2022-12-04,0.3,4.0,-2.3,1.5,상주
2022-12-04,4.2,8.8,2.7,6.8,신안
2022-12-04,8.1,10.9,6.5,10.3,제주
2022-12-04,5.0,8.3,1.9,4.9,창녕(밀양)
2022-12-04,-6.2,-2.5,-9.9,-4.6,평창
2022-12-04,-4.5,-1.2,-6.9,-0.9,포천(동두천)
2022-12-04,3.9,8.3,0.8,7.6,해남
2022-12-05,-1.8,4.0,-6.3,0.3,논산(부여)
2022-12-05,0.4,2.3,-1.0,2.5,무안(목포)
2022-12-05,-0.7,5.2,-3.1,2.0,상주
2022-12-05,4.0,5.6,2.8,5.9,신안
2022-12-05,5.8,7.8,4.6,7.2,제주
2022-12-05,2.6,7.0,-2.0,2.7,창녕(밀양)
2022-12-05,-6.3,0.9,-10.4,-4.9,평창
2022-12-05,-4.5,1.0,-9.7,-1.2,포천(동두천)
2022-12-05,1.4,4.3,-0.8,5.3,해남
2022-12-06,-0.2,5.8,-6.6,1.2,논산(부여)
2022-12-06,4.2,9.1,-1.7,3.9,무안(목포)
2022-12-06,0.6,4.2,-5.5,1.1,상주
2022-12-06,7.4,10.1,3.4,6.5,신안
2022-12-06,8.6,12.3,3.7,7.3,제주
2022-12-06,1.6,9.4,-5.1,1.4,창녕(밀양)
2022-12-06,-5.4,-2.3,-10.9,-4.7,평창
2022-12-06,-1.4,5.9,-6.5,0.6,포천(동두천)
2022-12-06,1.8,10.8,-5.4,4.7,해남
2022-12-07,2.5,10.4,-2.1,2.4,논산(부여)
2022-12-07,7.3,10.3,4.2,6.1,무안(목포)
2022-12-07,5.5,9.6,2.2,3.4,상주
2022-12-07,8.9,11.2,7.4,7.7,신안
2022-12-07,10.2,14.1,6.4,9.8,제주
2022-12-07,2.9,11.7,-3.3,1.7,창녕(밀양)
2022-12-07,-1.2,1.5,-4.1,-1.6,평창
2022-12-07,1.9,9.6,-3.5,1.7,포천(동두천)
2022-12-07,3.3,11.7,-2.9,5.9,해남
2022-12-08,2.2,10.9,-3.7,3.0,논산(부여)
2022-12-08,6.6,11.1,2.5,6.6,무안(목포)
2022-12-08,5.1,11.3,-0.9,4.5,상주
2022-12-08,8.9,11.2,7.7,8.0,신안
2022-12-08,9.0,12.5,5.2,8.7,제주
2022-12-08,3.8,12.8,-3.5,3.2,창녕(밀양)
2022-12-08,-1.0,4.4,-4.7,-1.9,평창
2022-12-08,1.1,8.5,-4.4,1.2,포천(동두천)
2022-12-08,4.4,12.4,-4.6,5.7,해남
2022-12-09,3.0,12.8,-2.8,3.2,논산(부여)
2022-12-09,7.6,10.5,5.7,6.7,무안(목포)
2022-12-09,1.5,8.6,-4.4,2.8,상주
2022-12-09,9.5,11.0,8.2,9.1,신안
2022-12-09,11.2,14.6,8.1,10.0,제주
2022-12-09,3.1,12.5,-2.4,2.3,창녕(밀양)
2022-12-09,-2.7,2.0,-8.2,-3.3,평창
2022-12-09,2.2,10.1,-2.3,2.1,포천(동두천)
2022-12-09,4.1,10.7,-1.5,6.3,해남
2022-12-10,1.5,6.6,-3.6,1.1,논산(부여)
2022-12-10,5.6,7.4,3.6,5.5,무안(목포)
2022-12-10,2.2,7.4,-3.8,1.9,상주
2022-12-10,7.7,8.8,6.0,7.9,신안
2022-12-10,11.1,14.5,8.7,11.5,제주
2022-12-10,4.7,11.2,-2.8,2.6,창녕(밀양)
2022-12-10,-3.5,3.7,-8.0,-3.9,평창
2022-12-10,-0.1,6.9,-5.0,0.8,포천(동두천)
2022-12-10,3.8,9.2,-2.3,5.9,해남
2022-12-11,1.3,9.3,-4.3,2.5,논산(부여)
2022-12-11,5.1,7.3,2.0,6.0,무안(목포)
2022-12-11,3.2,10.2,-2.5,3.2,상주
2022-12-11,6.7,8.4,5.2,7.1,신안
2022-12-11,9.1,10.7,5.7,10.1,제주
2022-12-11,4.3,11.0,-1.0,3.0,창녕(밀양)
2022-12-11,-4.9,4.1,-11.1,-3.3,평창
2022-12-11,-0.5,6.8,-5.0,0.7,포천(동두천)
2022-12-11,4.6,9.3,-1.8,6.9,해남
2022-12-12,1.1,7.2,-5.7,1.6,논산(부여)
2022-12-12,5.1,7.9,0.8,4.6,무안(목포)
2022-12-12,1.8,7.6,-3.6,1.2,상주
2022-12-12,7.0,9.4,5.1,6.7,신안
2022-12-12,8.4,10.5,5.3,7.1,제주
2022-12-12,4.0,10.9,-1.9,2.1,창녕(밀양)
2022-12-12,-3.4,4.5,-11.4,-3.1,평창
2022-12-12,-0.7,6.2,-6.0,-0.4,포천(동두천)
2022-12-12,2.4,8.2,-4.3,4.4,해남
2022-12-13,2.3,6.4,-1.2,2.4,논산(부여)
2022-12-13,6.4,8.1,3.0,6.2,무안(목포)
2022-12-13,2.5,5.9,-1.3,2.2,상주
2022-12-13,6.7,9.4,3.3,6.4,신안
2022-12-13,9.6,12.0,7.4,10.0,제주
2022-12-13,4.4,10.0,-0.3,3.7,창녕(밀양)
2022-12-13,-4.7,-2.0,-9.8,-1.8,평창
2022-12-13,-1.5,2.2,-8.2,0.9,포천(동두천)
2022-12-13,6.6,9.4,3.6,6.7,해남
2022-12-14,-6.0,-1.2,-8.9,0.5,논산(부여)
2022-12-14,-1.9,3.2,-3.3,1.6,무안(목포)
2022-12-14,-6.4,-1.3,-8.7,0.2,상주
2022-12-14,1.4,3.4,-0.6,4.0,신안
2022-12-14,4.2,7.4,2.5,7.0,제주
2022-12-14,-1.9,3.5,-6.4,0.5,창녕(밀양)
2022-12-14,-13.9,-9.9,-16.8,-5.4,평창
2022-12-14,-9.3,-5.0,-12.7,-3.2,포천(동두천)
2022-12-14,-0.7,3.9,-4.0,4.0,해남
2022-12-15,-1.8,4.5,-9.3,-0.2,논산(부여)
2022-12-15,2.2,7.0,-3.4,3.4,무안(목포)
2022-12-15,-4.0,1.6,-10.7,0.1,상주
2022-12-15,5.6,9.2,2.1,5.9,신안
2022-12-15,7.0,11.0,2.4,7.6,제주
2022-12-15,-1.6,5.9,-8.0,-0.5,창녕(밀양)
2022-12-15,-8.2,-3.6,-16.3,-4.4,평창
2022-12-15,-5.9,-2.0,-10.0,-1.3,포천(동두천)
2022-12-15,1.0,7.3,-5.3,3.6,해남
2022-12-16,-3.2,-0.4,-6.4,-0.4,논산(부여)
2022-12-16,0.4,4.5,-0.7,2.5,무안(목포)
2022-12-16,-3.1,1.0,-5.9,0.1,상주
2022-12-16,2.7,5.6,1.1,5.3,신안
2022-12-16,5.7,9.2,4.5,6.6,제주
2022-12-16,2.0,5.7,-0.7,1.9,창녕(밀양)
2022-12-16,-9.3,-3.0,-17.8,-3.0,평창
2022-12-16,-8.1,-3.6,-11.9,-1.9,포천(동두천)
2022-12-16,1.4,5.2,-0.1,4.8,해남
2022-12-17,-5.8,-2.4,-10.1,-1.7,논산(부여)
2022-12-17,-1.7,2.5,-5.6,0.8,무안(목포)
2022-12-17,-4.9,-0.6,-8.4,-1.1,상주
2022-12-17,0.4,3.3,-2.6,3.0,신안
2022-12-17,3.4,5.7,0.3,4.7,제주
2022-12-17,-0.8,5.0,-4.5,-0.1,창녕(밀양)
2022-12-17,-11.6,-7.7,-15.7,-4.1,평창
2022-12-17,-8.9,-3.6,-11.7,-2.6,포천(동두천)
2022-12-17,-0.8,4.5,-4.9,2.7,해남
2022-12-18,-7.4,-3.1,-10.7,-1.5,논산(부여)
2022-12-18,-3.1,-0.3,-5.9,1.3,무안(목포)
2022-12-18,-7.9,-3.4,-10.7,-3.1,상주
2022-12-18,-0.3,1.3,-3.4,2.2,신안
2022-12-18,2.5,4.0,-0.3,3.0,제주
2022-12-18,-4.8,-0.1,-8.8,-2.7,창녕(밀양)
2022-12-18,-14.8,-11.4,-17.4,-6.6,평창
2022-12-18,-10.7,-5.5,-13.9,-4.1,포천(동두천)
2022-12-18,-3.4,0.5,-9.0,1.7,해남
2022-12-19,-5.1,0.9,-11.9,-1.6,논산(부여)
2022-12-19,-2.0,2.2,-6.2,1.5,무안(목포)
2022-12-19,-5.0,0.6,-11.0,-2.2,상주
2022-12-19,3.2,5.0,0.5,3.5,신안
2022-12-19,6.3,8.5,2.5,5.2,제주
2022-12-19,-3.8,4.1,-10.1,-2.8,창녕(밀양)
2022-12-19,-12.0,-7.7,-16.1,-6.7,평창
2022-12-19,-9.6,-2.6,-15.7,-4.3,포천(동두천)
2022-12-19,-2.2,4.9,-8.6,3.1,해남
2022-12-20,-2.0,4.2,-8.3,-0.6,논산(부여)
2022-12-20,1.6,6.6,-3.3,3.4,무안(목포)
2022-12-20,-3.3,4.4,-10.2,-1.3,상주
2022-12-20,6.6,10.1,3.9,5.2,신안
2022-12-20,8.3,12.1,4.1,7.7,제주
2022-12-20,-0.8,7.3,-8.2,-0.9,창녕(밀양)
2022-12-20,-8.1,-2.6,-14.2,-5.6,평창
2022-12-20,-5.3,2.1,-13.7,-3.1,포천(동두천)
2022-12-20,1.9,9.3,-6.3,3.8,해남
2022-12-21,0.3,2.2,-1.6,0.3,논산(부여)
2022-12-21,4.0,7.2,2.4,4.0,무안(목포)
2022-12-21,-1.7,1.7,-4.0,-0.6,상주
2022-12-21,6.5,9.7,3.2,6.4,신안
2022-12-21,9.3,10.9,7.7,8.4,제주
2022-12-21,0.8,3.5,-2.2,-0.5,창녕(밀양)
2022-12-21,-4.0,-0.7,-8.7,-3.0,평창
2022-12-21,-1.2,1.2,-4.7,-0.7,포천(동두천)
2022-12-21,4.8,8.6,0.9,5.9,해남
2022-12-22,-3.7,0.6,-7.8,-0.2,논산(부여)
2022-12-22,-1.2,2.8,-4.0,0.6,무안(목포)
2022-12-22,-5.1,1.2,-9.0,-0.5,상주
2022-12-22,0.2,3.7,-2.8,2.7,신안
2022-12-22,3.4,7.7,0.4,3.8,제주
2022-12-22,-1.8,2.0,-4.6,-1.1,창녕(밀양)
2022-12-22,-12.6,-4.5,-17.3,-4.4,평창
2022-12-22,-9.3,-4.5,-13.3,-1.1,포천(동두천)
2022-12-22,-0.8,3.6,-3.2,3.5,해남
2022-12-23,-6.4,-3.2,-8.7,-0.5,논산(부여)
2022-12-23,-2.7,-1.0,-4.7,0.5,무안(목포)
2022-12-23,-8.4,-5.8,-10.2,-0.6,상주
2022-12-23,-0.9,1.1,-2.7,1.6,신안
2022-12-23,1.7,2.8,-0.4,1.8,제주
2022-12-23,-3.9,-0.4,-6.2,-3.9,창녕(밀양)
2022-12-23,-17.9,-15.2,-20.2,-8.8,평창
2022-12-23,-13.3,-9.0,-16.3,-1.6,포천(동두천)
2022-12-23,-2.4,-0.6,-4.0,1.4,해남
2022-12-24,-8.2,-2.7,-12.3,-1.7,논산(부여)
2022-12-24,-3.3,-0.3,-4.9,0.6,무안(목포)
2022-12-24,-7.3,-1.9,-12.4,-0.6,상주
2022-12-24,1.6,3.5,-0.4,2.6,신안
2022-12-24,3.5,4.1,1.8,3.1,제주
2022-12-24,-3.2,3.4,-8.1,-2.8,창녕(밀양)
2022-12-24,-12.1,-0.7,-21.8,-6.9,평창
2022-12-24,-11.0,-3.6,-16.8,-1.9,포천(동두천)
2022-12-24,-2.8,0.0,-6.5,1.3,해남
2022-12-25,-5.4,3.7,-12.4,-2.0,논산(부여)
2022-12-25,-0.7,4.4,-5.2,1.3,무안(목포)
2022-12-25,-3.1,1.1,-6.9,-0.6,상주
2022-12-25,4.7,6.1,3.4,4.0,신안
2022-12-25,5.7,7.8,3.9,4.6,제주
2022-12-25,-1.8,7.1,-8.4,-2.5,창녕(밀양)
2022-12-25,-10.0,-1.3,-16.4,-6.4,평창
2022-12-25,-8.5,-1.5,-14.7,-1.9,포천(동두천)
2022-12-25,0.0,5.2,-6.2,1.4,해남
2022-12-26,-4.3,2.5,-9.6,-1.3,논산(부여)
2022-12-26,1.0,4.1,-1.5,1.6,무안(목포)
2022-12-26,-1.7,2.1,-4.4,-0.5,상주
2022-12-26,5.2,7.4,3.9,4.8,신안
2022-12-26,6.8,8.2,5.0,5.8,제주
2022-12-26,-1.1,8.1,-7.9,-2.3,창녕(밀양)
2022-12-26,-11.2,-1.3,-19.2,-7.1,평창
2022-12-26,-7.2,0.3,-12.7,-1.8,포천(동두천)
2022-12-26,0.2,5.4,-6.5,2.5,해남
2022-12-27,-2.8,5.3,-9.5,-0.6,논산(부여)
2022-12-27,1.4,4.8,-1.2,1.9,무안(목포)
2022-12-27,-0.5,3.9,-5.5,-0.5,상주
2022-12-27,5.2,7.6,4.1,5.3,신안
2022-12-27,6.5,8.1,5.6,6.1,제주
2022-12-27,-0.6,9.1,-7.3,-1.8,창녕(밀양)
2022-12-27,-9.3,-0.3,-18.5,-6.6,평창
2022-12-27,-5.6,2.1,-12.4,-1.8,포천(동두천)
2022-12-27,0.9,6.4,-3.3,3.0,해남
2022-12-28,-2.0,4.0,-6.3,-0.2,논산(부여)
2022-12-28,1.1,5.2,-1.1,1.4,무안(목포)
2022-12-28,-0.7,2.7,-3.6,-0.4,상주
2022-12-28,4.6,6.1,3.3,4.9,신안
2022-12-28,6.8,8.9,5.3,5.9,제주
2022-12-28,0.1,7.5,-5.7,-1.1,창녕(밀양)
2022-12-28,-7.2,-4.5,-10.7,-5.5,평창
2022-12-28,-5.1,0.0,-9.6,-1.5,포천(동두천)
2022-12-28,0.5,6.3,-4.4,2.2,해남
2022-12-29,-3.5,2.2,-8.3,-0.9,논산(부여)
2022-12-29,1.0,4.5,-1.8,2.1,무안(목포)
2022-12-29,-2.2,3.2,-5.9,-0.8,상주
2022-12-29,4.3,6.1,3.2,4.7,신안
2022-12-29,6.0,7.7,4.9,5.8,제주
2022-12-29,-0.7,5.6,-6.4,-1.7,창녕(밀양)
2022-12-29,-8.4,-4.5,-12.0,-6.6,평창
2022-12-29,-5.7,0.9,-12.7,-1.8,포천(동두천)
2022-12-29,-0.4,6.2,-5.8,2.3,해남
2022-12-30,-0.8,3.7,-4.7,-0.1,논산(부여)
2022-12-30,2.1,5.9,-1.1,2.2,무안(목포)
2022-12-30,-0.3,3.2,-6.0,-0.5,상주
2022-12-30,4.3,6.5,3.2,4.4,신안
2022-12-30,7.0,8.6,5.9,6.0,제주
2022-12-30,-0.8,6.5,-6.1,-1.0,창녕(밀양)
2022-12-30,-6.4,-1.7,-9.4,-5.3,평창
2022-12-30,-4.0,2.2,-8.0,-1.4,포천(동두천)
2022-12-30,0.4,6.9,-5.8,2.4,해남
2022-12-31,-0.6,6.4,-4.3,0.8,논산(부여)
2022-12-31,2.1,5.3,-1.1,2.3,무안(목포)
2022-12-31,-0.1,4.9,-3.8,-0.8,상주
2022-12-31,4.9,6.7,3.2,4.6,신안
2022-12-31,7.0,9.8,5.4,7.1,제주
2022-12-31,-0.3,7.3,-6.5,-1.0,창녕(밀양)
2022-12-31,-6.1,-3.0,-10.7,-5.5,평창
2022-12-31,-3.7,0.5,-9.4,-1.4,포천(동두천)
2022-12-31,-0.1,6.6,-5.3,2.5,해남
2023-01-01,-1.3,6.9,-6.5,-0.3,논산(부여)
2023-01-01,2.7,6.9,-0.2,2.3,무안(목포)
2023-01-01,1.9,6.9,-1.4,0.5,상주
2023-01-01,5.9,8.3,3.6,5.1,신안
2023-01-01,8.1,10.9,5.2,6.8,제주
2023-01-01,0.4,9.1,-7.2,-1.3,창녕(밀양)
2023-01-01,-3.6,0.1,-7.6,-4.6,평창
2023-01-01,-2.6,3.8,-6.5,-1.3,포천(동두천)
2023-01-01,1.5,8.1,-4.8,2.6,해남
2023-01-02,-2.9,3.1,-8.2,-0.7,논산(부여)
2023-01-02,0.7,2.3,-1.3,1.6,무안(목포)
2023-01-02,-2.3,2.1,-5.5,-0.9,상주
2023-01-02,3.6,5.0,2.8,4.3,신안
2023-01-02,5.2,7.8,3.7,6.6,제주
2023-01-02,1.0,6.1,-4.9,0.2,창녕(밀양)
2023-01-02,-8.6,-1.3,-13.9,-7.9,평창
2023-01-02,-6.8,-0.3,-11.6,-2.5,포천(동두천)
2023-01-02,1.1,4.2,-1.9,3.3,해남
2023-01-03,-4.1,4.1,-10.3,-0.8,논산(부여)
2023-01-03,0.9,4.1,-0.8,2.3,무안(목포)
2023-01-03,-2.3,2.7,-5.7,-1.3,상주
2023-01-03,3.9,6.1,2.9,4.4,신안
2023-01-03,6.2,8.5,4.5,7.0,제주
2023-01-03,-1.7,6.6,-7.0,-2.3,창녕(밀양)
2023-01-03,-8.5,-1.3,-15.4,-8.4,평창
2023-01-03,-7.6,-0.5,-13.5,-3.2,포천(동두천)
2023-01-03,0.8,5.8,-2.3,2.6,해남
2023-01-04,-1.6,6.5,-7.9,-0.3,논산(부여)
2023-01-04,1.6,6.2,-3.2,1.4,무안(목포)
2023-01-04,-0.4,5.0,-5.5,-0.7,상주
2023-01-04,4.9,7.4,2.8,4.7,신안
2023-01-04,6.2,9.9,4.1,7.6,제주
2023-01-04,0.8,8.2,-6.2,-1.6,창녕(밀양)
2023-01-04,-6.9,-1.8,-12.6,-7.7,평창
2023-01-04,-5.0,2.8,-11.4,-2.7,포천(동두천)
2023-01-04,0.1,7.6,-6.4,2.5,해남
2023-01-05,-0.8,6.5,-6.5,0.1,논산(부여)
2023-01-05,4.0,8.3,0.6,4.3,무안(목포)
2023-01-05,-1.2,6.1,-7.7,-0.1,상주
2023-01-05,7.5,10.5,3.6,5.8,신안
2023-01-05,8.0,13.4,4.2,7.7,제주
2023-01-05,-0.5,8.2,-6.6,-1.5,창녕(밀양)
2023-01-05,-5.4,0.2,-11.4,-6.8,평창
2023-01-05,-4.4,4.0,-10.7,-2.5,포천(동두천)
2023-01-05,2.0,9.5,-4.9,3.4,해남
2023-01-06,0.7,6.3,-4.6,0.6,논산(부여)
2023-01-06,5.4,10.7,0.6,5.5,무안(목포)
2023-01-06,0.0,8.0,-6.5,0.5,상주
2023-01-06,7.5,11.8,4.4,6.1,신안
2023-01-06,9.2,12.3,5.6,8.2,제주
2023-01-06,0.6,10.0,-5.5,0.1,창녕(밀양)
2023-01-06,-4.3,2.8,-10.9,-4.9,평창
2023-01-06,-1.2,5.2,-8.5,-1.8,포천(동두천)
2023-01-06,3.4,10.6,-4.1,4.4,해남
2023-01-07,2.8,7.5,-3.5,2.1,논산(부여)
2023-01-07,4.7,6.9,1.9,4.2,무안(목포)
2023-01-07,2.0,6.1,-2.3,0.7,상주
2023-01-07,6.0,8.3,4.5,5.5,신안
2023-01-07,8.5,11.4,6.1,8.1,제주
2023-01-07,2.0,9.3,-3.4,0.6,창녕(밀양)
2023-01-07,-3.8,-1.0,-8.2,-2.9,평창
2023-01-07,-0.3,2.2,-4.5,-0.1,포천(동두천)
2023-01-07,4.2,8.2,-3.0,4.5,해남
2023-01-08,-0.4,7.4,-5.6,1.2,논산(부여)
2023-01-08,4.6,10.2,-1.0,4.1,무안(목포)
2023-01-08,0.6,8.7,-5.6,0.9,상주
2023-01-08,7.4,10.8,3.3,5.7,신안
2023-01-08,8.6,14.6,3.8,7.4,제주
2023-01-08,0.9,11.3,-6.3,0.0,창녕(밀양)
2023-01-08,-3.5,2.2,-9.9,-3.4,평창
2023-01-08,-1.6,4.6,-8.2,-0.7,포천(동두천)
2023-01-08,1.3,11.0,-5.8,3.2,해남
2023-01-09,2.2,10.1,-3.4,2.5,논산(부여)
2023-01-09,4.8,10.1,1.1,4.1,무안(목포)
2023-01-09,1.7,10.0,-3.5,0.8,상주
2023-01-09,7.6,11.1,4.6,6.5,신안
2023-01-09,9.9,16.4,6.6,8.4,제주
2023-01-09,3.5,13.6,-4.7,0.6,창녕(밀양)
2023-01-09,-0.4,5.5,-6.7,-1.1,평창
2023-01-09,1.5,5.9,-2.3,-0.2,포천(동두천)
2023-01-09,3.8,12.2,-2.4,4.3,해남
2023-01-10,0.3,9.0,-5.9,1.3,논산(부여)
2023-01-10,2.4,8.1,-2.4,3.8,무안(목포)
2023-01-10,0.6,8.6,-6.0,1.6,상주
2023-01-10,4.1,7.0,2.2,5.3,신안
2023-01-10,8.8,15.3,3.6,6.9,제주
2023-01-10,3.0,12.2,-4.3,1.5,창녕(밀양)
2023-01-10,-2.7,5.1,-11.7,-4.3,평창
2023-01-10,-1.5,7.5,-7.9,-0.3,포천(동두천)
2023-01-10,2.1,12.2,-7.0,3.7,해남
2023-01-11,0.1,10.4,-6.0,1.4,논산(부여)
2023-01-11,5.4,11.8,0.6,5.3,무안(목포)
2023-01-11,1.7,11.6,-5.4,1.7,상주
2023-01-11,6.3,9.5,3.3,5.9,신안
2023-01-11,10.9,16.7,7.1,9.4,제주
2023-01-11,3.1,14.0,-3.6,1.8,창녕(밀양)
2023-01-11,0.7,6.9,-3.6,-1.2,평창
2023-01-11,-0.2,8.7,-6.5,-0.4,포천(동두천)
2023-01-11,3.7,14.5,-4.1,4.9,해남
2023-01-12,4.4,15.3,-5.0,3.7,논산(부여)
2023-01-12,10.2,16.3,2.4,7.0,무안(목포)
2023-01-12,2.0,11.1,-5.5,2.1,상주
2023-01-12,10.2,13.7,6.3,7.6,신안
2023-01-12,13.1,17.7,7.4,9.5,제주
2023-01-12,5.9,16.3,-3.9,3.4,창녕(밀양)
2023-01-12,2.6,11.2,-4.0,-0.2,평창
2023-01-12,2.4,13.2,-4.8,0.3,포천(동두천)
2023-01-12,8.6,16.2,-3.5,6.8,해남
2023-01-13,8.5,12.3,5.4,7.4,논산(부여)
2023-01-13,12.3,16.0,8.0,12.2,무안(목포)
2023-01-13,5.6,10.3,2.2,3.7,상주
2023-01-13,11.6,16.1,8.1,11.4,신안
2023-01-13,17.3,20.7,14.5,16.0,제주
2023-01-13,13.4,17.5,7.6,11.3,창녕(밀양)
2023-01-13,4.3,8.6,-3.8,1.0,평창
2023-01-13,5.1,6.8,0.9,1.0,포천(동두천)
2023-01-13,14.2,17.8,9.3,13.4,해남
2023-01-14,7.1,8.8,4.7,7.5,논산(부여)
2023-01-14,6.1,8.0,4.4,7.4,무안(목포)
2023-01-14,6.9,8.6,4.4,5.3,상주
2023-01-14,6.2,8.4,4.6,7.8,신안
2023-01-14,10.9,14.5,8.9,12.5,제주
2023-01-14,10.4,12.8,8.2,8.8,창녕(밀양)
2023-01-14,0.1,5.3,-2.6,0.3,평창
2023-01-14,4.4,6.4,1.3,1.7,포천(동두천)
2023-01-14,7.3,9.4,5.1,9.0,해남
2023-01-15,0.7,5.0,-2.2,3.3,논산(부여)
2023-01-15,1.8,4.6,0.3,2.7,무안(목포)
2023-01-15,1.7,4.9,-2.0,3.3,상주
2023-01-15,2.0,4.6,0.7,4.4,신안
2023-01-15,5.8,9.0,3.8,7.3,제주
2023-01-15,5.5,8.3,0.8,5.1,창녕(밀양)
2023-01-15,-3.0,-1.7,-4.5,-0.4,평창
2023-01-15,-1.1,1.6,-4.2,0.0,포천(동두천)
2023-01-15,2.4,5.1,0.8,4.8,해남
2023-01-16,-2.7,1.9,-6.2,0.4,논산(부여)
2023-01-16,-0.3,0.8,-1.8,0.9,무안(목포)
2023-01-16,-2.5,0.7,-5.0,1.6,상주
2023-01-16,1.1,2.0,0.0,3.1,신안
2023-01-16,3.4,4.0,2.9,4.1,제주
2023-01-16,0.6,5.7,-3.5,1.7,창녕(밀양)
2023-01-16,-8.3,-4.5,-15.2,-0.4,평창
2023-01-16,-5.9,-2.3,-9.3,0.0,포천(동두천)
2023-01-16,0.0,2.9,-2.5,3.6,해남
2023-01-17,-2.4,3.1,-6.5,0.0,논산(부여)
2023-01-17,0.0,2.6,-2.6,1.3,무안(목포)
2023-01-17,-2.0,3.7,-5.6,0.7,상주
2023-01-17,1.6,3.1,0.0,4.1,신안
2023-01-17,4.3,4.9,3.0,4.1,제주
2023-01-17,-0.3,6.1,-5.4,0.5,창녕(밀양)
2023-01-17,-9.6,-4.1,-17.3,-0.5,평창
2023-01-17,-6.5,-2.8,-10.5,-0.2,포천(동두천)
2023-01-17,0.0,5.1,-2.9,2.7,해남
2023-01-18,-1.0,4.0,-4.8,0.6,논산(부여)
2023-01-18,1.6,5.7,-1.3,2.3,무안(목포)
2023-01-18,-0.2,5.2,-4.0,1.7,상주
2023-01-18,4.3,6.9,2.7,4.7,신안
2023-01-18,6.1,7.9,4.7,5.9,제주
2023-01-18,0.4,6.3,-3.9,0.3,창녕(밀양)
2023-01-18,-7.3,-2.8,-11.5,-0.4,평창
2023-01-18,-4.4,1.7,-8.0,-0.3,포천(동두천)
2023-01-18,0.2,6.6,-5.0,2.6,해남
2023-01-19,-0.3,6.5,-6.2,1.2,논산(부여)
2023-01-19,3.0,6.9,-1.1,3.5,무안(목포)
2023-01-19,-1.0,5.7,-7.5,1.1,상주
2023-01-19,5.3,8.0,2.5,4.8,신안
2023-01-19,7.1,9.5,6.1,6.9,제주
2023-01-19,0.1,7.5,-5.8,0.7,창녕(밀양)
2023-01-19,-6.6,-2.6,-14.2,-0.5,평창
2023-01-19,-2.5,3.1,-9.5,-0.3,포천(동두천)
2023-01-19,0.7,8.1,-5.2,3.3,해남
2023-01-20,-0.3,3.9,-7.1,1.2,논산(부여)
2023-01-20,1.3,5.6,-2.6,2.3,무안(목포)
2023-01-20,-0.8,3.2,-6.0,1.1,상주
2023-01-20,3.0,7.5,0.4,4.4,신안
2023-01-20,6.2,9.8,2.3,6.6,제주
2023-01-20,0.6,7.1,-3.4,0.2,창녕(밀양)
2023-01-20,-7.8,-2.3,-15.2,-1.0,평창
2023-01-20,-5.2,0.8,-11.6,-0.1,포천(동두천)
2023-01-20,1.2,5.6,-3.1,3.3,해남
2023-01-21,-3.2,3.2,-9.1,-0.4,논산(부여)
2023-01-21,-0.9,2.2,-4.5,1.8,무안(목포)
2023-01-21,-3.6,2.7,-8.1,-0.9,상주
2023-01-21,1.1,3.4,-0.4,4.0,신안
2023-01-21,2.8,5.3,1.7,4.3,제주
2023-01-21,-2.0,5.7,-8.4,-1.2,창녕(밀양)
2023-01-21,-11.4,-4.6,-17.8,-4.4,평창
2023-01-21,-7.5,-0.3,-15.2,-0.4,포천(동두천)
2023-01-21,-0.9,4.1,-5.6,2.8,해남
2023-01-22,0.7,4.6,-3.1,0.2,논산(부여)
2023-01-22,2.7,5.3,-1.9,1.4,무안(목포)
2023-01-22,-1.9,2.9,-6.0,-0.3,상주
2023-01-22,4.4,5.7,1.3,3.9,신안
2023-01-22,7.0,9.5,2.0,5.5,제주
2023-01-22,-0.2,5.7,-5.3,-1.8,창녕(밀양)
2023-01-22,-7.3,-1.5,-13.4,-4.2,평창
2023-01-22,-2.1,2.5,-6.0,-0.2,포천(동두천)
2023-01-22,2.8,6.2,-4.5,2.2,해남
2023-01-23,0.8,8.6,-4.0,1.9,논산(부여)
2023-01-23,2.6,7.3,-0.6,2.7,무안(목포)
2023-01-23,0.9,9.0,-5.7,1.6,상주
2023-01-23,4.6,8.2,0.0,4.7,신안
2023-01-23,7.8,12.0,5.2,8.2,제주
2023-01-23,3.0,10.2,-4.6,1.6,창녕(밀양)
2023-01-23,-4.6,1.0,-12.0,-4.1,평창
2023-01-23,-2.4,4.2,-8.7,-0.3,포천(동두천)
2023-01-23,2.4,9.9,-4.7,3.3,해남
2023-01-24,-9.8,-2.4,-12.5,-2.9,논산(부여)
2023-01-24,-6.5,-0.3,-8.1,-1.5,무안(목포)
2023-01-24,-10.6,-1.4,-14.0,-3.2,상주
2023-01-24,-4.4,0.1,-6.2,0.3,신안
2023-01-24,-1.3,5.2,-3.4,2.2,제주
2023-01-24,-6.0,3.7,-10.7,-2.5,창녕(밀양)
2023-01-24,-17.6,-7.6,-22.4,-8.3,평창
2023-01-24,-15.4,-8.7,-18.3,-2.0,포천(동두천)
2023-01-24,-5.7,0.5,-7.3,-0.1,해남
2023-01-25,-10.8,-4.4,-16.7,-3.7,논산(부여)
2023-01-25,-7.9,-3.4,-12.5,-0.5,무안(목포)
2023-01-25,-11.5,-5.0,-16.8,-4.8,상주
2023-01-25,-3.7,-1.6,-6.4,0.3,신안
2023-01-25,-0.7,1.8,-3.1,2.8,제주
2023-01-25,-7.0,-0.5,-12.4,-5.0,창녕(밀양)
2023-01-25,-17.8,-10.2,-25.2,-11.4,평창
2023-01-25,-13.6,-6.6,-20.3,-3.8,포천(동두천)
2023-01-25,-7.6,-2.2,-13.8,0.9,해남
2023-01-26,-5.4,-2.9,-11.6,-1.9,논산(부여)
2023-01-26,-2.0,1.7,-7.2,-1.0,무안(목포)
2023-01-26,-8.7,-4.6,-14.4,-3.3,상주
2023-01-26,3.0,5.9,-1.6,2.2,신안
2023-01-26,5.8,9.6,0.4,5.9,제주
2023-01-26,-2.9,3.8,-11.3,-2.8,창녕(밀양)
2023-01-26,-9.9,-6.5,-18.3,-6.9,평창
2023-01-26,-7.2,-3.6,-12.5,-2.3,포천(동두천)
2023-01-26,-0.3,5.2,-8.8,1.0,해남
2023-01-27,-6.0,-1.0,-11.2,-2.0,논산(부여)
2023-01-27,-2.9,0.3,-4.0,-0.6,무안(목포)
2023-01-27,-5.7,-1.8,-8.7,-1.5,상주
2023-01-27,-0.3,2.8,-2.2,2.0,신안
2023-01-27,2.3,6.1,-0.1,4.0,제주
2023-01-27,-1.3,2.1,-6.1,-1.4,창녕(밀양)
2023-01-27,-13.1,-8.9,-17.8,-5.6,평창
2023-01-27,-8.8,-3.0,-12.2,-2.6,포천(동두천)
2023-01-27,-2.0,1.0,-3.7,1.7,해남
2023-01-28,-6.8,-1.4,-12.8,-2.2,논산(부여)
2023-01-28,-1.6,2.1,-6.9,1.3,무안(목포)
2023-01-28,-5.2,0.1,-10.7,-2.5,상주
2023-01-28,0.7,2.9,-2.0,1.9,신안
2023-01-28,2.4,4.7,-0.7,3.0,제주
2023-01-28,-3.5,1.7,-8.2,-2.5,창녕(밀양)
2023-01-28,-11.9,-7.7,-17.4,-7.1,평창
2023-01-28,-7.8,-0.9,-14.4,-3.3,포천(동두천)
2023-01-28,-1.1,2.7,-7.1,2.9,해남
2023-01-29,-1.7,5.2,-8.6,-0.7,논산(부여)
2023-01-29,3.2,6.5,-1.0,3.4,무안(목포)
2023-01-29,-0.4,4.9,-8.0,0.3,상주
2023-01-29,4.9,7.8,1.3,3.5,신안
2023-01-29,6.7,8.3,4.4,4.4,제주
2023-01-29,-1.0,6.9,-9.6,-1.6,창녕(밀양)
2023-01-29,-7.6,-4.1,-15.0,-5.8,평창
2023-01-29,-3.9,3.6,-12.2,-2.5,포천(동두천)
2023-01-29,2.7,7.3,-4.1,4.1,해남
2023-01-30,-1.5,6.0,-8.0,0.7,논산(부여)
2023-01-30,1.7,4.3,-0.6,2.3,무안(목포)
2023-01-30,-0.3,4.6,-3.5,0.5,상주
2023-01-30,3.4,6.9,0.7,4.3,신안
2023-01-30,6.2,9.5,2.5,6.5,제주
2023-01-30,0.6,7.1,-5.0,-0.3,창녕(밀양)
2023-01-30,-6.7,-2.8,-10.7,-3.5,평창
2023-01-30,-2.7,3.9,-8.7,-1.7,포천(동두천)
2023-01-30,0.9,6.5,-4.8,3.7,해남
2023-01-31,0.3,10.4,-8.6,0.9,논산(부여)
2023-01-31,4.4,11.6,-2.8,3.2,무안(목포)
2023-01-31,0.1,10.1,-9.0,0.6,상주
2023-01-31,7.0,12.7,1.1,4.8,신안
2023-01-31,7.2,14.4,1.1,5.9,제주
2023-01-31,0.3,10.5,-8.6,-0.8,창녕(밀양)
2023-01-31,-3.7,1.5,-13.4,-3.7,평창
2023-01-31,0.7,5.7,-6.5,-1.7,포천(동두천)
2023-01-31,1.9,12.0,-7.5,3.6,해남
2023-02-01,1.6,8.4,-1.8,1.1,논산(부여)
2023-02-01,3.9,8.5,0.6,4.3,무안(목포)
2023-02-01,4.0,9.0,-2.3,1.7,상주
2023-02-01,5.4,9.8,1.9,5.2,신안
2023-02-01,8.8,13.5,4.3,8.3,제주
2023-02-01,4.3,14.7,-3.5,1.4,창녕(밀양)
2023-02-01,-2.7,1.1,-11.0,-2.2,평창
2023-02-01,0.0,5.0,-3.6,0.2,포천(동두천)
2023-02-01,3.9,10.4,-0.5,5.5,해남
2023-02-02,-1.4,4.0,-5.3,0.8,논산(부여)
2023-02-02,-0.2,2.1,-2.2,1.7,무안(목포)
2023-02-02,-0.1,5.5,-4.0,0.7,상주
2023-02-02,1.7,4.4,0.7,3.7,신안
2023-02-02,5.0,8.3,3.4,6.9,제주
2023-02-02,1.7,8.4,-3.2,1.0,창녕(밀양)
2023-02-02,-9.0,-1.3,-17.5,-5.4,평창
2023-02-02,-3.6,1.5,-8.2,-1.5,포천(동두천)
2023-02-02,0.6,5.4,-1.8,2.5,해남
2023-02-03,-0.8,5.2,-5.3,1.8,논산(부여)
2023-02-03,0.2,3.1,-1.3,2.3,무안(목포)
2023-02-03,0.3,6.1,-2.8,1.4,상주
2023-02-03,2.7,5.1,1.4,3.9,신안
2023-02-03,4.8,6.6,3.6,6.1,제주
2023-02-03,1.8,9.8,-3.5,0.9,창녕(밀양)
2023-02-03,-6.3,0.4,-12.4,-4.5,평창
2023-02-03,-3.0,4.1,-6.4,-0.6,포천(동두천)
2023-02-03,0.8,5.2,-2.2,4.7,해남
2023-02-04,-1.8,6.9,-8.3,0.7,논산(부여)
2023-02-04,1.2,5.8,-2.2,2.7,무안(목포)
2023-02-04,-0.1,6.6,-4.1,0.7,상주
2023-02-04,4.1,7.9,2.1,4.2,신안
2023-02-04,5.8,9.0,4.0,8.0,제주
2023-02-04,0.7,7.9,-5.6,0.3,창녕(밀양)
2023-02-04,-5.5,-1.3,-10.9,-5.2,평창
2023-02-04,-2.5,5.4,-8.9,-0.7,포천(동두천)
2023-02-04,0.5,7.0,-5.2,3.7,해남
2023-02-05,-1.0,8.4,-8.0,1.1,논산(부여)
2023-02-05,2.0,7.6,-2.4,3.8,무안(목포)
2023-02-05,0.4,8.1,-6.7,0.9,상주
2023-02-05,3.7,7.2,2.2,4.3,신안
2023-02-05,5.9,10.5,1.8,7.1,제주
2023-02-05,0.4,11.0,-7.2,0.6,창녕(밀양)
2023-02-05,-3.9,1.1,-10.2,-4.9,평창
2023-02-05,-0.7,7.4,-7.4,0.2,포천(동두천)
2023-02-05,-0.2,10.2,-8.7,4.0,해남
2023-02-06,1.6,10.9,-6.8,0.9,논산(부여)
2023-02-06,3.3,10.0,-1.4,2.2,무안(목포)
2023-02-06,1.3,10.6,-7.2,1.4,상주
2023-02-06,4.9,8.3,1.7,4.0,신안
2023-02-06,8.2,11.2,4.6,7.2,제주
2023-02-06,3.0,12.9,-6.6,1.6,창녕(밀양)
2023-02-06,-2.8,6.0,-10.7,-3.1,평창
2023-02-06,0.5,8.1,-4.9,1.0,포천(동두천)
2023-02-06,2.2,11.6,-7.7,3.9,해남
2023-02-07,2.8,11.9,-2.8,2.2,논산(부여)
2023-02-07,3.8,8.4,0.8,5.0,무안(목포)
2023-02-07,2.6,11.8,-4.5,2.4,상주
2023-02-07,5.6,8.6,4.3,5.8,신안
2023-02-07,10.1,14.7,6.7,10.4,제주
2023-02-07,5.6,15.0,-3.2,3.7,창녕(밀양)
2023-02-07,-4.1,1.0,-9.9,-2.2,평창
2023-02-07,1.3,9.4,-4.5,1.1,포천(동두천)
2023-02-07,3.5,12.5,-3.6,5.8,해남
2023-02-08,0.7,10.0,-5.7,2.7,논산(부여)
2023-02-08,3.1,7.3,0.5,4.9,무안(목포)
2023-02-08,3.6,10.5,-1.8,2.8,상주
2023-02-08,5.1,8.2,3.2,5.7,신안
2023-02-08,8.6,12.8,4.6,8.3,제주
2023-02-08,4.5,13.3,-3.0,3.0,창녕(밀양)
2023-02-08,-3.2,3.6,-10.1,-1.1,평창
2023-02-08,0.9,8.4,-4.5,1.8,포천(동두천)
2023-02-08,3.0,10.9,-3.1,5.2,해남
2023-02-09,3.7,10.9,-5.3,2.5,논산(부여)
2023-02-09,5.0,10.0,-0.2,4.4,무안(목포)
2023-02-09,2.2,9.8,-6.1,2.8,상주
2023-02-09,4.8,7.6,2.6,4.9,신안
2023-02-09,9.6,13.5,6.8,8.8,제주
2023-02-09,4.7,12.4,-4.0,2.7,창녕(밀양)
2023-02-09,-4.7,-0.2,-12.4,-2.9,평창
2023-02-09,2.3,9.9,-5.7,0.7,포천(동두천)
2023-02-09,4.3,10.4,-4.1,4.5,해남
2023-02-10,4.1,10.3,-1.8,5.6,논산(부여)
2023-02-10,3.9,6.9,2.2,4.9,무안(목포)
2023-02-10,2.7,7.3,-0.2,3.2,상주
2023-02-10,4.7,6.9,3.4,5.7,신안
2023-02-10,8.4,10.6,5.8,9.9,제주
2023-02-10,4.6,10.9,0.6,4.5,창녕(밀양)
2023-02-10,-1.0,3.5,-5.5,-0.8,평창
2023-02-10,2.0,5.9,-1.3,1.2,포천(동두천)
2023-02-10,4.7,9.9,2.1,7.3,해남
2023-02-11,0.8,7.4,-4.0,2.0,논산(부여)
2023-02-11,3.6,6.6,-0.1,4.0,무안(목포)
2023-02-11,0.6,6.0,-3.5,2.4,상주
2023-02-11,4.3,5.7,2.8,4.7,신안
2023-02-11,9.2,13.0,4.8,9.1,제주
2023-02-11,3.6,10.6,-1.1,2.8,창녕(밀양)
2023-02-11,-2.3,6.4,-8.4,-1.1,평창
2023-02-11,0.3,7.5,-4.7,0.3,포천(동두천)
2023-02-11,3.0,8.8,-1.7,4.7,해남
2023-02-12,2.6,7.6,-4.5,1.9,논산(부여)
2023-02-12,5.3,8.8,1.4,4.6,무안(목포)
2023-02-12,0.0,3.5,-4.4,2.0,상주
2023-02-12,5.2,6.7,3.8,4.9,신안
2023-02-12,10.9,13.7,9.7,9.7,제주
2023-02-12,5.1,10.5,-0.5,3.4,창녕(밀양)
2023-02-12,-1.3,2.8,-7.5,-1.0,평창
2023-02-12,1.5,7.2,-4.5,0.4,포천(동두천)
2023-02-12,4.9,11.5,-1.5,4.5,해남
2023-02-13,6.7,11.2,2.1,5.5,논산(부여)
2023-02-13,5.0,8.2,3.3,6.1,무안(목포)
2023-02-13,5.1,9.9,2.0,5.8,상주
2023-02-13,5.2,7.4,3.3,5.6,신안
2023-02-13,9.0,10.5,7.2,10.5,제주
2023-02-13,7.2,9.3,4.1,5.4,창녕(밀양)
2023-02-13,-1.9,-0.4,-3.0,-0.4,평창
2023-02-13,3.9,8.5,0.4,2.2,포천(동두천)
2023-02-13,5.9,9.8,3.6,7.2,해남
2023-02-14,1.4,8.3,-3.5,3.9,논산(부여)
2023-02-14,2.0,3.9,-0.2,4.3,무안(목포)
2023-02-14,3.4,8.8,-0.2,4.4,상주
2023-02-14,3.1,5.6,2.1,4.6,신안
2023-02-14,6.4,9.2,4.2,9.1,제주
2023-02-14,5.4,10.5,1.2,5.5,창녕(밀양)
2023-02-14,-5.6,-2.5,-9.2,-0.6,평창
2023-02-14,0.6,6.5,-3.6,2.1,포천(동두천)
2023-02-14,2.7,6.3,-1.5,5.5,해남
2023-02-15,3.4,9.0,-2.6,5.0,논산(부여)
2023-02-15,2.1,4.4,-0.7,3.5,무안(목포)
2023-02-15,2.6,6.0,0.2,4.6,상주
2023-02-15,3.7,6.8,1.5,4.8,신안
2023-02-15,5.4,6.9,3.5,6.5,제주
2023-02-15,4.3,7.6,2.0,4.7,창녕(밀양)
2023-02-15,-5.9,-3.0,-8.7,-0.8,평창
2023-02-15,1.0,7.9,-4.0,1.5,포천(동두천)
2023-02-15,2.5,5.8,-1.6,4.5,해남
2023-02-16,2.4,7.6,-3.4,6.1,논산(부여)
2023-02-16,3.4,6.6,0.9,5.2,무안(목포)
2023-02-16,3.2,8.2,0.2,5.6,상주
2023-02-16,4.1,7.8,1.6,6.0,신안
2023-02-16,7.0,8.2,5.3,7.5,제주
2023-02-16,4.4,10.1,0.6,4.8,창녕(밀양)
2023-02-16,-6.1,0.1,-14.1,-1.2,평창
2023-02-16,0.3,5.0,-3.0,1.5,포천(동두천)
2023-02-16,3.4,8.4,-1.8,7.0,해남
2023-02-17,4.1,10.9,-3.6,6.7,논산(부여)
2023-02-17,4.3,8.4,-0.1,5.0,무안(목포)
2023-02-17,4.0,10.8,-2.2,6.0,상주
2023-02-17,4.7,7.5,1.6,5.9,신안
2023-02-17,9.6,12.8,4.5,8.7,제주
2023-02-17,4.8,9.3,-1.3,3.0,창녕(밀양)
2023-02-17,-2.0,4.9,-9.2,-1.3,평창
2023-02-17,1.2,9.9,-4.7,2.0,포천(동두천)
2023-02-17,4.2,10.5,-3.3,5.1,해남
2023-02-18,6.2,9.0,4.2,6.0,논산(부여)
2023-02-18,8.4,9.8,6.7,7.3,무안(목포)
2023-02-18,5.8,7.8,3.6,5.7,상주
2023-02-18,7.6,9.1,6.1,6.8,신안
2023-02-18,13.5,16.2,11.5,12.5,제주
2023-02-18,6.4,8.0,3.9,5.7,창녕(밀양)
2023-02-18,1.7,5.5,-2.3,-0.9,평창
2023-02-18,2.7,5.9,-1.2,1.3,포천(동두천)
2023-02-18,9.0,10.6,7.3,8.7,해남
2023-02-19,3.3,8.1,-3.9,7.1,논산(부여)
2023-02-19,4.2,8.2,1.6,6.0,무안(목포)
2023-02-19,4.7,9.0,0.0,7.2,상주
2023-02-19,4.8,8.4,2.9,6.4,신안
2023-02-19,8.0,13.6,4.2,9.4,제주
2023-02-19,8.5,14.0,3.6,8.1,창녕(밀양)
2023-02-19,-0.9,2.5,-4.7,-0.8,평창
2023-02-19,2.7,7.8,-1.7,4.7,포천(동두천)
2023-02-19,5.0,8.6,1.0,8.0,해남
2023-02-20,-0.6,6.2,-5.5,3.0,논산(부여)
2023-02-20,2.0,6.9,-0.2,3.3,무안(목포)
2023-02-20,0.5,6.3,-3.0,4.0,상주
2023-02-20,4.0,8.3,1.0,5.1,신안
2023-02-20,5.9,10.1,2.9,5.7,제주
2023-02-20,3.6,9.2,-1.3,2.1,창녕(밀양)
2023-02-20,-5.9,-1.7,-12.5,-3.5,평창
2023-02-20,-1.4,4.6,-4.7,2.6,포천(동두천)
2023-02-20,2.2,8.4,-2.4,4.0,해남
2023-02-21,-1.6,5.6,-8.2,3.2,논산(부여)
2023-02-21,-0.4,2.5,-3.3,2.8,무안(목포)
2023-02-21,-1.0,5.6,-6.0,3.6,상주
2023-02-21,1.2,3.9,-0.2,4.3,신안
2023-02-21,3.5,6.6,1.1,5.8,제주
2023-02-21,0.8,8.1,-5.2,2.4,창녕(밀양)
2023-02-21,-9.3,-2.3,-16.9,-4.2,평창
2023-02-21,-2.3,4.6,-8.0,1.5,포천(동두천)
2023-02-21,-0.2,5.8,-5.2,4.4,해남
2023-02-22,1.0,10.0,-7.8,4.8,논산(부여)
2023-02-22,2.2,8.0,-2.6,4.1,무안(목포)
2023-02-22,1.8,10.3,-8.0,4.8,상주
2023-02-22,2.6,7.2,0.0,4.8,신안
2023-02-22,7.3,10.7,2.4,6.7,제주
2023-02-22,3.5,10.9,-5.0,3.8,창녕(밀양)
2023-02-22,-2.2,3.7,-10.9,-2.5,평창
2023-02-22,-0.7,8.5,-8.2,2.0,포천(동두천)
2023-02-22,2.4,10.9,-6.2,5.0,해남
2023-02-23,2.8,10.9,-4.5,6.2,논산(부여)
2023-02-23,3.1,7.0,0.4,6.0,무안(목포)
2023-02-23,5.0,11.4,-1.0,4.7,상주
2023-02-23,4.6,7.3,1.6,6.6,신안
2023-02-23,7.3,8.7,6.5,9.3,제주
2023-02-23,7.7,14.3,1.3,8.2,창녕(밀양)
2023-02-23,0.8,7.2,-5.2,0.0,평창
2023-02-23,1.9,10.2,-4.1,3.6,포천(동두천)
2023-02-23,4.4,9.5,0.9,8.3,해남
2023-02-24,2.6,10.9,-3.1,5.3,논산(부여)
2023-02-24,4.2,7.3,1.9,6.3,무안(목포)
2023-02-24,5.2,11.9,1.2,5.8,상주
2023-02-24,5.3,8.2,2.6,6.7,신안
2023-02-24,8.5,12.3,6.4,10.0,제주
2023-02-24,7.4,14.1,1.6,7.2,창녕(밀양)
2023-02-24,-1.5,4.4,-5.0,-0.4,평창
2023-02-24,2.2,9.5,-2.3,4.3,포천(동두천)
2023-02-24,5.5,9.8,2.4,7.6,해남
2023-02-25,-0.7,7.4,-6.7,3.9,논산(부여)
2023-02-25,1.7,3.3,-0.4,4.0,무안(목포)
2023-02-25,1.8,8.1,-2.0,4.2,상주
2023-02-25,2.8,4.7,1.9,4.7,신안
2023-02-25,4.8,7.2,3.4,6.3,제주
2023-02-25,3.6,9.9,-2.9,3.9,창녕(밀양)
2023-02-25,-5.3,-1.8,-10.0,-0.3,평창
2023-02-25,-0.1,6.7,-5.0,3.3,포천(동두천)
2023-02-25,2.2,6.2,-0.6,6.4,해남
2023-02-26,0.2,10.3,-7.9,4.9,논산(부여)
2023-02-26,2.2,6.9,-1.3,4.5,무안(목포)
2023-02-26,3.3,11.3,-3.4,4.3,상주
2023-02-26,4.4,8.0,2.3,5.6,신안
2023-02-26,5.9,10.1,3.4,8.2,제주
2023-02-26,3.1,12.4,-4.6,4.0,창녕(밀양)
2023-02-26,-3.3,7.6,-13.7,-0.6,평창
2023-02-26,0.9,10.0,-6.6,3.4,포천(동두천)
2023-02-26,2.6,9.8,-3.9,6.3,해남
2023-02-27,2.1,13.6,-7.0,5.7,논산(부여)
2023-02-27,4.2,11.4,-1.8,5.7,무안(목포)
2023-02-27,6.2,16.6,-4.9,5.3,상주
2023-02-27,4.7,8.6,2.1,6.2,신안
2023-02-27,7.8,13.7,2.2,9.2,제주
2023-02-27,5.0,16.8,-4.5,5.1,창녕(밀양)
2023-02-27,1.1,10.1,-9.4,0.6,평창
2023-02-27,2.5,12.9,-5.2,4.0,포천(동두천)
2023-02-27,2.1,12.4,-7.2,6.1,해남
2023-02-28,3.7,13.4,-6.1,5.7,논산(부여)
2023-02-28,7.7,13.8,0.0,8.8,무안(목포)
2023-02-28,8.0,15.8,-1.4,6.9,상주
2023-02-28,8.1,14.7,1.6,7.7,신안
2023-02-28,11.4,16.4,5.5,11.9,제주
2023-02-28,7.2,17.4,-3.3,6.9,창녕(밀양)
2023-02-28,2.5,7.8,-1.3,1.3,평창
2023-02-28,2.4,8.8,-4.5,2.7,포천(동두천)
2023-02-28,5.7,15.1,-4.6,8.6,해남
2023-03-01,6.2,11.6,0.8,7.0,논산(부여)
2023-03-01,7.1,9.9,4.3,8.2,무안(목포)
2023-03-01,7.3,12.8,4.0,7.8,상주
2023-03-01,7.4,10.9,5.0,8.3,신안
2023-03-01,10.9,13.7,7.5,11.1,제주
2023-03-01,8.0,15.4,2.7,6.7,창녕(밀양)
2023-03-01,0.8,5.0,-2.8,0.0,평창
2023-03-01,4.9,10.8,1.2,5.6,포천(동두천)
2023-03-01,7.2,11.7,3.8,9.5,해남
2023-03-02,2.5,8.2,-3.6,5.7,논산(부여)
2023-03-02,3.0,4.9,0.7,6.3,무안(목포)
2023-03-02,3.1,8.1,-0.9,5.5,상주
2023-03-02,4.4,6.8,2.6,6.3,신안
2023-03-02,6.7,9.0,4.7,8.5,제주
2023-03-02,4.5,9.9,-1.6,6.3,창녕(밀양)
2023-03-02,-2.5,2.0,-7.7,-0.3,평창
2023-03-02,1.6,8.3,-2.2,4.1,포천(동두천)
2023-03-02,3.7,6.8,-0.8,8.0,해남
2023-03-03,2.3,12.4,-6.9,6.1,논산(부여)
2023-03-03,4.3,9.8,-1.3,6.9,무안(목포)
2023-03-03,5.8,13.3,-1.4,6.3,상주
2023-03-03,6.6,11.4,2.6,6.8,신안
2023-03-03,7.6,11.7,2.4,9.0,제주
2023-03-03,5.4,15.6,-4.4,5.7,창녕(밀양)
2023-03-03,0.6,7.5,-5.4,0.8,평창
2023-03-03,2.3,9.1,-4.7,1.8,포천(동두천)
2023-03-03,3.7,12.2,-4.9,8.4,해남
2023-03-04,5.2,15.7,-2.2,7.3,논산(부여)
2023-03-04,6.4,12.8,2.4,8.9,무안(목포)
2023-03-04,6.7,15.1,-1.3,7.3,상주
2023-03-04,7.2,12.1,4.6,7.9,신안
2023-03-04,9.7,14.7,5.8,11.9,제주
2023-03-04,7.3,16.8,-1.5,7.5,창녕(밀양)
2023-03-04,0.0,7.5,-6.3,2.2,평창
2023-03-04,6.0,15.2,0.1,6.1,포천(동두천)
2023-03-04,5.1,16.5,-2.5,9.1,해남
2023-03-05,5.5,16.6,-3.1,8.1,논산(부여)
2023-03-05,8.1,15.0,2.1,9.4,무안(목포)
2023-03-05,7.6,16.8,-1.3,8.2,상주
2023-03-05,8.2,13.0,4.8,8.0,신안
2023-03-05,11.0,16.0,6.2,12.2,제주
2023-03-05,7.9,16.8,-0.8,9.3,창녕(밀양)
2023-03-05,2.2,11.3,-6.7,2.2,평창
2023-03-05,6.2,16.6,-1.3,5.9,포천(동두천)
2023-03-05,6.0,16.6,-3.3,9.6,해남
2023-03-06,5.5,16.5,-3.9,8.3,논산(부여)
2023-03-06,9.3,14.8,2.8,10.6,무안(목포)
2023-03-06,8.9,18.6,-0.9,9.3,상주
2023-03-06,9.0,14.9,5.1,9.0,신안
2023-03-06,12.3,17.3,7.2,13.4,제주
2023-03-06,8.8,18.9,-0.1,9.8,창녕(밀양)
2023-03-06,5.2,11.4,-3.0,2.3,평창
2023-03-06,6.4,16.8,-2.2,5.8,포천(동두천)
2023-03-06,6.7,16.4,-2.8,10.4,해남
2023-03-07,9.1,19.0,0.3,10.5,논산(부여)
2023-03-07,12.6,18.9,8.2,12.6,무안(목포)
2023-03-07,11.9,22.3,0.6,10.0,상주
2023-03-07,10.5,14.4,7.9,10.4,신안
2023-03-07,14.6,22.4,8.8,15.1,제주
2023-03-07,10.1,21.2,0.8,10.0,창녕(밀양)
2023-03-07,8.9,15.2,3.7,3.9,평창
2023-03-07,9.8,19.7,2.5,9.1,포천(동두천)
2023-03-07,10.1,18.4,1.9,12.2,해남
2023-03-08,11.7,20.6,1.5,12.6,논산(부여)
2023-03-08,13.8,18.8,9.3,15.0,무안(목포)
2023-03-08,13.8,23.6,4.8,11.6,상주
2023-03-08,11.0,15.7,8.6,11.0,신안
2023-03-08,14.8,20.5,9.7,15.5,제주
2023-03-08,11.3,20.4,2.3,10.9,창녕(밀양)
2023-03-08,9.3,14.3,3.0,4.8,평창
2023-03-08,8.9,14.7,3.6,5.9,포천(동두천)
2023-03-08,13.3,20.0,3.1,13.7,해남
2023-03-09,12.2,19.2,4.4,14.6,논산(부여)
2023-03-09,12.0,17.3,6.4,16.1,무안(목포)
2023-03-09,13.0,22.3,4.5,12.3,상주
2023-03-09,8.6,11.6,5.0,10.9,신안
2023-03-09,14.5,20.8,10.1,17.0,제주
2023-03-09,13.2,22.8,5.2,12.5,창녕(밀양)
2023-03-09,7.4,14.1,1.1,4.6,평창
2023-03-09,8.6,12.4,4.4,9.1,포천(동두천)
2023-03-09,13.8,20.5,5.7,16.7,해남
2023-03-10,11.1,23.4,2.9,14.5,논산(부여)
2023-03-10,12.4,21.5,5.1,14.9,무안(목포)
2023-03-10,13.4,23.8,2.7,12.7,상주
2023-03-10,8.1,13.1,3.9,10.5,신안
2023-03-10,13.2,17.5,8.0,16.3,제주
2023-03-10,13.4,23.5,3.8,13.6,창녕(밀양)
2023-03-10,8.3,18.6,-2.6,4.5,평창
2023-03-10,11.3,22.4,2.5,10.6,포천(동두천)
2023-03-10,11.3,23.6,1.5,14.9,해남
2023-03-11,13.4,25.1,3.6,14.1,논산(부여)
2023-03-11,15.2,22.2,9.0,15.1,무안(목포)
2023-03-11,15.8,25.5,5.3,13.4,상주
2023-03-11,9.8,12.6,7.5,11.2,신안
2023-03-11,14.1,20.6,10.0,17.4,제주
2023-03-11,14.2,24.9,4.9,14.5,창녕(밀양)
2023-03-11,11.3,19.3,4.2,5.9,평창
2023-03-11,13.4,23.4,5.3,10.9,포천(동두천)
2023-03-11,13.3,23.4,2.6,15.7,해남
2023-03-12,7.1,11.3,1.5,7.4,논산(부여)
2023-03-12,7.7,14.3,2.6,8.4,무안(목포)
2023-03-12,7.7,16.5,0.8,9.8,상주
2023-03-12,6.8,13.1,2.9,8.9,신안
2023-03-12,11.1,21.6,5.6,11.6,제주
2023-03-12,10.8,20.9,2.9,10.2,창녕(밀양)
2023-03-12,2.1,11.3,-6.2,0.8,평창
2023-03-12,4.5,11.5,-1.3,5.1,포천(동두천)
2023-03-12,7.9,19.3,2.8,9.9,해남
2023-03-13,2.7,10.1,-4.8,6.8,논산(부여)
2023-03-13,4.8,8.1,2.1,8.0,무안(목포)
2023-03-13,4.1,10.0,-1.2,6.8,상주
2023-03-13,5.7,10.6,2.7,7.8,신안
2023-03-13,6.7,10.4,4.1,9.4,제주
2023-03-13,5.1,11.5,-1.0,6.2,창녕(밀양)
2023-03-13,-2.9,2.5,-8.7,0.4,평창
2023-03-13,1.6,8.2,-4.0,4.9,포천(동두천)
2023-03-13,4.0,9.8,-2.0,8.1,해남
2023-03-14,7.4,17.8,-3.1,10.7,논산(부여)
2023-03-14,8.5,14.9,1.1,10.2,무안(목포)
2023-03-14,8.9,19.6,-1.3,9.6,상주
2023-03-14,9.3,15.2,5.7,9.9,신안
2023-03-14,10.7,15.9,3.9,11.8,제주
2023-03-14,8.7,16.6,1.7,9.7,창녕(밀양)
2023-03-14,3.8,11.5,-2.5,1.7,평창
2023-03-14,7.8,15.8,0.6,6.3,포천(동두천)
2023-03-14,7.7,16.8,-3.8,11.2,해남
2023-03-15,9.8,19.2,0.5,12.7,논산(부여)
2023-03-15,12.4,19.9,6.4,15.3,무안(목포)
2023-03-15,11.4,21.9,0.2,12.1,상주
2023-03-15,10.1,17.7,5.8,10.9,신안
2023-03-15,15.0,20.6,8.7,15.6,제주
2023-03-15,12.0,21.1,1.5,11.0,창녕(밀양)
2023-03-15,6.8,13.4,-1.9,4.6,평창
2023-03-15,7.5,12.5,2.1,5.5,포천(동두천)
2023-03-15,12.4,21.1,2.9,14.8,해남
2023-03-16,6.3,12.3,-0.9,9.0,논산(부여)
2023-03-16,6.6,11.0,3.8,9.5,무안(목포)
2023-03-16,7.5,14.9,1.8,10.4,상주
2023-03-16,6.1,8.6,4.6,8.8,신안
2023-03-16,11.0,14.6,7.9,16.3,제주
2023-03-16,11.3,17.3,7.2,11.8,창녕(밀양)
2023-03-16,1.6,7.8,-3.6,2.5,평창
2023-03-16,3.7,10.8,-2.5,4.6,포천(동두천)
2023-03-16,8.2,15.4,3.3,13.1,해남
2023-03-17,7.0,11.9,2.5,8.2,논산(부여)
2023-03-17,6.9,9.6,4.4,8.9,무안(목포)
2023-03-17,8.1,12.6,2.3,9.6,상주
2023-03-17,5.5,6.7,4.6,7.9,신안
2023-03-17,11.5,14.7,9.6,12.9,제주
2023-03-17,10.7,15.1,6.3,10.4,창녕(밀양)
2023-03-17,0.5,6.6,-6.4,2.2,평창
2023-03-17,6.3,14.5,-2.5,6.4,포천(동두천)
2023-03-17,7.7,12.1,3.3,9.3,해남
2023-03-18,8.1,16.4,1.7,12.2,논산(부여)
2023-03-18,7.5,10.6,5.5,11.2,무안(목포)
2023-03-18,10.1,17.3,3.5,12.6,상주
2023-03-18,7.5,11.2,5.3,9.1,신안
2023-03-18,11.3,14.7,8.6,14.3,제주
2023-03-18,11.2,18.5,5.7,11.8,창녕(밀양)
2023-03-18,2.8,9.5,-3.6,3.1,평창
2023-03-18,7.5,16.4,0.6,8.0,포천(동두천)
2023-03-18,8.4,14.5,3.9,13.5,해남
2023-03-19,6.8,16.9,-2.3,11.8,논산(부여)
2023-03-19,7.3,12.6,3.6,10.9,무안(목포)
2023-03-19,10.0,18.2,2.1,11.9,상주
2023-03-19,7.4,11.5,5.2,9.8,신안
2023-03-19,10.2,13.8,7.5,13.7,제주
2023-03-19,10.0,19.4,0.6,12.1,창녕(밀양)
2023-03-19,3.9,13.3,-5.5,3.9,평창
2023-03-19,7.1,17.2,-1.2,8.0,포천(동두천)
2023-03-19,8.2,16.8,2.0,13.2,해남
2023-03-20,8.3,18.7,-0.6,12.9,논산(부여)
2023-03-20,9.1,15.3,3.0,11.6,무안(목포)
2023-03-20,11.1,20.5,0.4,12.2,상주
2023-03-20,8.1,12.7,4.3,10.0,신안
2023-03-20,12.5,15.6,7.3,13.7,제주
2023-03-20,10.5,19.7,1.1,11.9,창녕(밀양)
2023-03-20,5.0,14.1,-3.3,3.3,평창
2023-03-20,7.8,18.1,-0.7,9.0,포천(동두천)
2023-03-20,8.5,18.0,-2.2,12.4,해남
2023-03-21,12.2,23.8,1.0,15.7,논산(부여)
2023-03-21,14.1,21.1,8.5,16.7,무안(목포)
2023-03-21,14.0,23.2,3.9,18.0,상주
2023-03-21,11.5,17.2,7.6,11.6,신안
2023-03-21,15.1,16.8,13.3,15.8,제주
2023-03-21,14.3,23.1,7.4,15.2,창녕(밀양)
2023-03-21,7.6,16.2,-0.2,5.1,평창
2023-03-21,11.1,22.3,0.8,11.0,포천(동두천)
2023-03-21,14.1,19.6,7.7,14.9,해남
2023-03-22,16.2,26.3,4.3,19.3,논산(부여)
2023-03-22,14.5,19.5,9.5,13.9,무안(목포)
2023-03-22,15.5,23.7,4.6,18.2,상주
2023-03-22,11.6,15.2,8.2,11.8,신안
2023-03-22,17.8,21.7,15.4,18.7,제주
2023-03-22,16.3,22.5,9.0,16.1,창녕(밀양)
2023-03-22,9.9,20.3,-2.6,7.0,평창
2023-03-22,14.9,26.4,4.6,13.5,포천(동두천)
2023-03-22,15.5,18.7,11.6,14.5,해남
2023-03-23,14.7,22.5,8.8,15.7,논산(부여)
2023-03-23,10.0,13.8,8.3,12.3,무안(목포)
2023-03-23,14.9,17.1,13.0,15.1,상주
2023-03-23,8.6,10.0,7.6,10.2,신안
2023-03-23,13.9,16.4,11.7,16.1,제주
2023-03-23,15.8,17.9,14.8,15.0,창녕(밀양)
2023-03-23,7.0,11.1,2.2,7.0,평창
2023-03-23,16.3,25.0,11.6,16.5,포천(동두천)
2023-03-23,12.2,15.7,9.0,13.7,해남
2023-03-24,11.0,19.0,4.8,14.5,논산(부여)
2023-03-24,7.5,10.2,6.4,8.3,무안(목포)
2023-03-24,10.9,13.6,8.6,12.5,상주
2023-03-24,6.6,9.3,5.6,8.9,신안
2023-03-24,11.5,12.6,10.8,13.0,제주
2023-03-24,13.3,16.3,10.3,12.4,창녕(밀양)
2023-03-24,1.8,4.1,-0.9,3.0,평창
2023-03-24,11.4,19.6,5.5,13.2,포천(동두천)
2023-03-24,8.1,10.0,6.8,10.6,해남
2023-03-25,10.5,15.6,4.9,14.4,논산(부여)
2023-03-25,8.6,11.9,6.3,11.3,무안(목포)
2023-03-25,9.4,12.3,7.5,11.5,상주
2023-03-25,7.5,11.4,5.3,9.6,신안
2023-03-25,12.9,14.0,12.0,13.9,제주
2023-03-25,11.5,15.3,8.6,13.1,창녕(밀양)
2023-03-25,2.4,3.5,1.1,3.6,평창
2023-03-25,11.3,19.6,4.8,13.9,포천(동두천)
2023-03-25,9.7,15.2,6.5,11.7,해남
2023-03-26,8.1,16.3,1.0,13.9,논산(부여)
2023-03-26,7.9,11.6,5.4,10.9,무안(목포)
2023-03-26,10.6,17.5,5.8,12.9,상주
2023-03-26,7.6,11.0,5.6,9.7,신안
2023-03-26,11.9,14.9,9.0,14.8,제주
2023-03-26,11.8,18.6,6.9,13.8,창녕(밀양)
2023-03-26,1.4,4.0,-3.1,3.7,평창
2023-03-26,9.0,16.3,2.2,12.8,포천(동두천)
2023-03-26,8.9,14.2,5.5,12.4,해남
2023-03-27,5.5,14.9,-3.0,12.4,논산(부여)
2023-03-27,7.2,11.9,3.8,11.8,무안(목포)
2023-03-27,8.3,15.8,1.2,12.4,상주
2023-03-27,7.7,12.0,4.6,10.1,신안
2023-03-27,10.7,14.3,8.0,14.6,제주
2023-03-27,10.3,17.4,4.1,13.6,창녕(밀양)
2023-03-27,0.6,9.5,-7.5,4.4,평창
2023-03-27,5.9,15.7,-2.1,10.1,포천(동두천)
2023-03-27,7.6,13.9,1.2,12.4,해남
2023-03-28,6.6,16.0,-1.5,10.1,논산(부여)
2023-03-28,9.4,15.7,3.3,12.9,무안(목포)
2023-03-28,9.2,17.9,-0.4,12.1,상주
2023-03-28,9.0,14.0,5.0,10.6,신안
2023-03-28,12.3,16.6,7.1,15.3,제주
2023-03-28,10.6,19.4,1.1,13.5,창녕(밀양)
2023-03-28,3.4,11.8,-5.1,4.0,평창
2023-03-28,7.6,16.8,-0.7,9.5,포천(동두천)
2023-03-28,7.8,17.6,-1.6,11.8,해남
2023-03-29,10.4,21.1,-0.5,14.7,논산(부여)
2023-03-29,9.8,17.6,5.0,13.8,무안(목포)
2023-03-29,11.8,21.4,1.6,14.6,상주
2023-03-29,6.4,12.2,4.1,11.7,신안
2023-03-29,13.4,16.2,10.3,17.5,제주
2023-03-29,12.5,21.3,3.4,14.5,창녕(밀양)
2023-03-29,6.5,16.6,-4.7,6.0,평창
2023-03-29,10.1,21.0,1.1,11.6,포천(동두천)
2023-03-29,9.8,21.1,-0.5,14.8,해남
2023-03-30,12.5,23.7,1.0,15.4,논산(부여)
2023-03-30,10.9,18.6,3.9,14.2,무안(목포)
2023-03-30,13.9,24.2,3.5,15.5,상주
2023-03-30,11.2,15.9,4.0,11.5,신안
2023-03-30,14.6,17.9,9.6,17.3,제주
2023-03-30,14.3,24.2,4.9,15.6,창녕(밀양)
2023-03-30,11.0,18.2,1.9,8.6,평창
2023-03-30,12.4,22.6,2.9,13.7,포천(동두천)
2023-03-30,11.3,22.7,0.7,14.6,해남
2023-03-31,13.7,24.7,1.7,17.1,논산(부여)
2023-03-31,12.5,19.7,7.3,15.4,무안(목포)
2023-03-31,16.0,25.2,5.0,17.8,상주
2023-03-31,11.7,16.0,8.1,12.0,신안
2023-03-31,16.5,20.4,13.7,20.6,제주
2023-03-31,15.8,26.3,6.2,18.1,창녕(밀양)
2023-03-31,8.3,16.4,0.5,10.0,평창
2023-03-31,13.8,25.4,3.5,14.7,포천(동두천)
2023-03-31,12.7,23.3,3.1,17.2,해남
2023-04-01,14.8,26.1,3.2,17.9,논산(부여)
2023-04-01,14.5,21.6,7.4,16.0,무안(목포)
2023-04-01,15.5,25.2,5.0,18.8,상주
2023-04-01,13.0,20.0,8.7,12.9,신안
2023-04-01,16.4,19.9,12.9,19.4,제주
2023-04-01,14.8,25.2,5.6,17.1,창녕(밀양)
2023-04-01,7.7,18.2,-2.0,10.4,평창
2023-04-01,15.7,26.8,5.8,16.0,포천(동두천)
2023-04-01,13.3,24.0,1.5,17.0,해남
2023-04-02,15.9,23.7,5.1,18.6,논산(부여)
2023-04-02,14.3,21.3,8.2,17.2,무안(목포)
2023-04-02,14.8,22.8,6.8,19.2,상주
2023-04-02,13.7,18.6,10.2,13.4,신안
2023-04-02,16.4,19.2,13.3,20.8,제주
2023-04-02,15.4,22.5,8.2,17.4,창녕(밀양)
2023-04-02,6.2,14.1,-2.0,10.0,평창
2023-04-02,17.1,26.2,8.1,17.7,포천(동두천)
2023-04-02,12.7,23.5,3.1,18.2,해남
2023-04-03,17.4,24.9,5.7,19.9,논산(부여)
2023-04-03,15.6,22.6,9.3,17.1,무안(목포)
2023-04-03,14.0,23.4,3.5,18.7,상주
2023-04-03,13.2,19.3,8.9,13.6,신안
2023-04-03,16.1,20.2,13.2,20.9,제주
2023-04-03,15.6,23.0,7.7,17.8,창녕(밀양)
2023-04-03,7.0,15.6,-2.8,10.3,평창
2023-04-03,16.9,26.3,6.9,18.1,포천(동두천)
2023-04-03,13.5,22.0,2.4,18.2,해남
2023-04-04,15.6,23.4,10.2,17.0,논산(부여)
2023-04-04,15.2,17.8,12.8,14.5,무안(목포)
2023-04-04,13.8,21.8,7.5,17.6,상주
2023-04-04,11.3,14.1,9.9,12.2,신안
2023-04-04,18.3,20.4,15.0,17.8,제주
2023-04-04,14.8,22.2,7.1,17.4,창녕(밀양)
2023-04-04,10.2,19.6,-0.3,11.7,평창
2023-04-04,16.3,22.5,11.6,15.7,포천(동두천)
2023-04-04,15.0,18.1,12.4,15.2,해남
2023-04-05,12.8,16.6,8.9,13.8,논산(부여)
2023-04-05,12.6,15.8,9.0,13.7,무안(목포)
2023-04-05,13.8,16.5,11.3,14.7,상주
2023-04-05,10.8,14.3,8.6,13.1,신안
2023-04-05,16.2,21.5,12.4,16.9,제주
2023-04-05,16.0,17.3,13.9,14.5,창녕(밀양)
2023-04-05,10.3,13.8,7.4,10.1,평창
2023-04-05,11.5,14.4,7.9,12.6,포천(동두천)
2023-04-05,13.6,17.1,9.4,14.9,해남
2023-04-06,9.2,11.0,7.6,11.1,논산(부여)
2023-04-06,9.0,10.3,7.2,10.7,무안(목포)
2023-04-06,10.3,12.7,8.3,12.3,상주
2023-04-06,8.8,12.3,6.1,12.2,신안
2023-04-06,11.8,13.9,9.5,13.9,제주
2023-04-06,14.2,19.1,11.1,16.4,창녕(밀양)
2023-04-06,5.8,9.0,4.4,7.6,평창
2023-04-06,8.4,9.6,7.1,10.4,포천(동두천)
2023-04-06,9.7,11.6,7.5,12.1,해남
2023-04-07,7.8,15.7,2.1,11.6,논산(부여)
2023-04-07,8.7,12.6,5.6,11.7,무안(목포)
2023-04-07,10.5,17.9,4.3,14.6,상주
2023-04-07,8.8,13.4,6.3,11.8,신안
2023-04-07,11.3,15.0,9.1,14.4,제주
2023-04-07,13.3,19.7,7.8,15.9,창녕(밀양)
2023-04-07,5.3,11.3,0.2,8.0,평창
2023-04-07,7.8,16.7,2.4,10.9,포천(동두천)
2023-04-07,9.4,14.9,5.5,13.3,해남
2023-04-08,7.6,16.5,-0.6,10.7,논산(부여)
2023-04-08,8.8,13.1,5.6,11.4,무안(목포)
2023-04-08,9.2,15.9,1.8,14.2,상주
2023-04-08,9.6,13.2,5.9,11.4,신안
2023-04-08,11.5,15.4,7.7,14.8,제주
2023-04-08,10.2,17.3,3.8,14.0,창녕(밀양)
2023-04-08,3.6,9.6,-2.5,5.2,평창
2023-04-08,7.4,16.0,-0.7,9.8,포천(동두천)
2023-04-08,8.6,14.5,1.6,13.1,해남
2023-04-09,8.5,17.9,0.9,11.9,논산(부여)
2023-04-09,10.5,15.7,5.2,13.1,무안(목포)
2023-04-09,12.1,20.7,3.2,17.9,상주
2023-04-09,11.2,17.1,7.7,12.5,신안
2023-04-09,13.2,18.2,8.4,17.0,제주
2023-04-09,11.3,21.4,0.7,15.4,창녕(밀양)
2023-04-09,7.2,14.2,-1.7,8.5,평창
2023-04-09,9.6,19.2,0.5,11.2,포천(동두천)
2023-04-09,8.8,17.3,0.8,14.5,해남
2023-04-10,10.6,20.4,0.4,13.8,논산(부여)
2023-04-10,12.7,17.4,7.5,14.0,무안(목포)
2023-04-10,13.1,24.3,1.8,18.6,상주
2023-04-10,11.0,16.0,7.5,13.4,신안
2023-04-10,14.1,17.9,9.1,18.5,제주
2023-04-10,12.6,21.2,2.9,16.2,창녕(밀양)
2023-04-10,10.1,16.3,3.0,10.3,평창
2023-04-10,12.8,20.4,3.5,13.4,포천(동두천)
2023-04-10,12.0,18.7,2.3,16.2,해남
2023-04-11,14.2,20.2,7.5,13.0,논산(부여)
2023-04-11,15.4,20.4,10.5,14.7,무안(목포)
2023-04-11,14.1,23.5,5.5,16.1,상주
2023-04-11,12.7,18.5,9.5,14.4,신안
2023-04-11,18.9,25.2,12.2,21.7,제주
2023-04-11,16.7,23.0,7.8,16.6,창녕(밀양)
2023-04-11,11.0,16.7,5.9,10.6,평창
2023-04-11,-99.0,16.7,8.1,10.7,포천(동두천)
2023-04-11,16.6,21.1,11.6,16.0,해남
2023-04-12,9.5,18.0,2.1,14.0,논산(부여)
2023-04-12,11.1,16.0,7.4,14.3,무안(목포)
2023-04-12,12.7,18.8,6.0,15.4,상주
2023-04-12,10.3,14.3,7.4,13.5,신안
2023-04-12,14.5,19.4,10.6,21.5,제주
2023-04-12,15.2,21.5,8.4,18.9,창녕(밀양)
2023-04-12,6.4,11.7,2.5,5.8,평창
2023-04-12,9.0,16.8,1.7,10.8,포천(동두천)
2023-04-12,11.9,18.5,3.4,17.5,해남
2023-04-13,11.6,23.2,1.1,15.3,논산(부여)
2023-04-13,13.4,21.7,6.1,15.8,무안(목포)
2023-04-13,14.0,25.1,1.5,16.5,상주
2023-04-13,11.9,17.5,6.9,13.8,신안
2023-04-13,15.3,19.9,9.4,20.6,제주
2023-04-13,14.1,24.8,3.2,17.0,창녕(밀양)
2023-04-13,9.1,15.2,0.1,7.1,평창
2023-04-13,11.0,18.2,2.7,10.0,포천(동두천)
2023-04-13,11.4,23.3,0.4,17.3,해남
2023-04-14,14.3,22.1,4.5,16.7,논산(부여)
2023-04-14,13.5,15.8,11.8,12.9,무안(목포)
2023-04-14,14.6,22.1,7.0,16.0,상주
2023-04-14,12.2,13.6,10.4,13.2,신안
2023-04-14,15.5,16.8,14.1,16.7,제주
2023-04-14,13.3,19.9,5.7,13.8,창녕(밀양)
2023-04-14,10.6,19.4,4.1,10.0,평창
2023-04-14,14.3,19.9,10.0,14.2,포천(동두천)
2023-04-14,13.6,16.7,6.5,13.4,해남
2023-04-15,12.2,17.9,7.6,15.6,논산(부여)
2023-04-15,12.7,16.9,9.4,15.7,무안(목포)
2023-04-15,12.5,17.2,8.3,13.3,상주
2023-04-15,10.5,14.9,7.3,14.2,신안
2023-04-15,14.7,18.6,12.9,18.6,제주
2023-04-15,13.2,17.5,7.2,13.7,창녕(밀양)
2023-04-15,6.6,15.3,2.0,6.6,평창
2023-04-15,12.4,17.5,9.7,14.2,포천(동두천)
2023-04-15,13.9,18.5,10.0,18.1,해남
2023-04-16,10.8,17.3,5.8,12.7,논산(부여)
2023-04-16,10.8,14.9,8.4,13.6,무안(목포)
2023-04-16,11.2,17.5,6.4,12.4,상주
2023-04-16,10.8,15.0,7.7,14.4,신안
2023-04-16,14.0,17.4,11.0,17.6,제주
2023-04-16,10.8,19.8,5.4,11.4,창녕(밀양)
2023-04-16,4.0,9.2,0.4,6.4,평창
2023-04-16,10.7,17.4,6.8,13.8,포천(동두천)
2023-04-16,11.4,17.0,6.7,15.1,해남
2023-04-17,12.7,20.6,3.9,16.5,논산(부여)
2023-04-17,14.2,19.8,7.6,16.0,무안(목포)
2023-04-17,14.4,21.8,4.5,17.7,상주
2023-04-17,12.6,17.5,7.5,14.7,신안
2023-04-17,15.9,22.4,9.0,19.9,제주
2023-04-17,13.1,21.5,3.7,16.5,창녕(밀양)
2023-04-17,7.1,13.5,-0.4,8.1,평창
2023-04-17,11.9,17.9,4.2,12.2,포천(동두천)
2023-04-17,13.3,20.8,3.0,18.1,해남
2023-04-18,15.1,16.8,13.1,15.1,논산(부여)
2023-04-18,17.5,19.4,16.0,16.6,무안(목포)
2023-04-18,12.5,13.8,10.1,14.5,상주
2023-04-18,13.5,17.2,10.5,15.7,신안
2023-04-18,23.3,28.6,15.8,24.9,제주
2023-04-18,16.9,21.4,10.1,15.3,창녕(밀양)
2023-04-18,8.5,13.5,5.2,10.9,평창
2023-04-18,12.6,19.3,9.0,14.9,포천(동두천)
2023-04-18,17.4,20.2,15.7,17.4,해남
2023-04-19,18.9,26.7,13.1,21.9,논산(부여)
2023-04-19,19.0,23.3,15.8,20.4,무안(목포)
2023-04-19,17.0,25.7,10.8,19.2,상주
2023-04-19,13.9,16.5,11.4,16.1,신안
2023-04-19,19.1,22.7,17.0,23.1,제주
2023-04-19,18.1,20.5,16.4,18.7,창녕(밀양)
2023-04-19,11.6,18.7,2.7,14.4,평창
2023-04-19,18.5,28.7,9.6,18.7,포천(동두천)
2023-04-19,18.7,24.4,16.0,20.8,해남
2023-04-20,19.2,26.4,14.7,22.5,논산(부여)
2023-04-20,17.6,22.7,13.7,21.7,무안(목포)
2023-04-20,20.9,28.1,15.1,22.9,상주
2023-04-20,14.9,20.6,11.6,17.9,신안
2023-04-20,18.5,22.1,15.3,25.0,제주
2023-04-20,21.7,29.7,15.5,24.1,창녕(밀양)
2023-04-20,15.3,18.9,10.2,16.1,평창
2023-04-20,15.3,17.7,14.0,16.0,포천(동두천)
2023-04-20,18.6,25.8,11.8,23.8,해남
2023-04-21,18.1,24.3,13.5,22.2,논산(부여)
2023-04-21,13.9,17.4,11.8,18.8,무안(목포)
2023-04-21,16.2,21.4,11.0,18.8,상주
2023-04-21,11.2,14.1,8.9,16.1,신안
2023-04-21,16.6,22.7,14.4,23.8,제주
2023-04-21,17.6,21.8,13.6,21.5,창녕(밀양)
2023-04-21,8.1,11.0,5.4,13.0,평창
2023-04-21,16.3,23.2,10.1,17.7,포천(동두천)
2023-04-21,16.2,21.9,12.7,22.6,해남
2023-04-22,17.2,22.1,12.1,21.2,논산(부여)
2023-04-22,15.1,20.4,10.9,18.9,무안(목포)
2023-04-22,13.9,21.9,6.5,18.8,상주
2023-04-22,12.5,18.1,8.5,17.5,신안
2023-04-22,15.9,18.2,14.2,22.4,제주
2023-04-22,14.9,21.2,9.3,20.1,창녕(밀양)
2023-04-22,6.5,11.5,0.6,11.3,평창
2023-04-22,15.2,22.4,9.9,16.4,포천(동두천)
2023-04-22,15.4,21.1,9.8,21.8,해남
2023-04-23,16.6,21.2,12.7,20.2,논산(부여)
2023-04-23,14.3,18.6,11.2,15.4,무안(목포)
2023-04-23,13.5,20.7,6.0,18.8,상주
2023-04-23,12.6,16.0,10.1,14.9,신안
2023-04-23,15.3,17.5,13.6,21.4,제주
2023-04-23,13.6,19.3,6.7,16.1,창녕(밀양)
2023-04-23,6.0,12.5,-1.8,11.0,평창
2023-04-23,14.6,23.5,5.4,16.8,포천(동두천)
2023-04-23,14.0,17.1,7.9,16.1,해남
2023-04-24,14.7,19.9,10.7,19.4,논산(부여)
2023-04-24,13.5,16.2,12.0,15.0,무안(목포)
2023-04-24,13.1,18.2,7.6,18.3,상주
2023-04-24,12.3,14.4,10.5,14.2,신안
2023-04-24,14.0,14.9,13.0,16.1,제주
2023-04-24,12.9,17.0,7.5,14.2,창녕(밀양)
2023-04-24,6.7,10.9,2.0,10.8,평창
2023-04-24,15.0,22.3,9.3,17.9,포천(동두천)
2023-04-24,13.7,16.1,11.6,14.4,해남
2023-04-25,9.8,11.8,6.8,12.5,논산(부여)
2023-04-25,10.6,12.2,9.2,12.3,무안(목포)
2023-04-25,7.9,9.6,6.0,11.5,상주
2023-04-25,9.5,11.4,7.8,12.1,신안
2023-04-25,12.5,14.1,11.7,14.8,제주
2023-04-25,10.0,11.7,7.1,11.4,창녕(밀양)
2023-04-25,4.2,8.2,-0.4,6.9,평창
2023-04-25,9.3,12.1,6.8,11.9,포천(동두천)
2023-04-25,10.5,12.7,7.0,13.0,해남
2023-04-26,8.7,15.1,3.6,16.7,논산(부여)
2023-04-26,9.9,13.9,6.2,14.3,무안(목포)
2023-04-26,10.5,17.4,6.0,14.3,상주
2023-04-26,10.1,14.3,6.3,15.7,신안
2023-04-26,12.9,17.6,9.6,17.3,제주
2023-04-26,12.9,20.6,5.4,16.4,창녕(밀양)
2023-04-26,4.8,10.0,-0.6,8.2,평창
2023-04-26,9.8,15.8,5.5,15.0,포천(동두천)
2023-04-26,9.3,15.8,3.0,16.1,해남
2023-04-27,11.0,21.7,1.2,18.8,논산(부여)
2023-04-27,12.0,18.6,4.6,16.5,무안(목포)
2023-04-27,12.6,23.2,1.1,19.1,상주
2023-04-27,10.3,16.1,5.8,16.4,신안
2023-04-27,12.9,17.1,7.4,19.8,제주
2023-04-27,14.1,22.9,4.6,18.5,창녕(밀양)
2023-04-27,9.5,19.0,-2.6,14.4,평창
2023-04-27,11.6,21.3,2.7,16.0,포천(동두천)
2023-04-27,11.3,21.0,0.1,18.6,해남
2023-04-28,15.3,22.5,3.3,19.5,논산(부여)
2023-04-28,16.4,20.9,9.4,16.8,무안(목포)
2023-04-28,17.0,26.0,5.5,24.0,상주
2023-04-28,12.9,15.3,9.7,14.3,신안
2023-04-28,18.1,23.6,10.7,21.0,제주
2023-04-28,16.2,23.9,6.1,20.8,창녕(밀양)
2023-04-28,14.0,20.9,7.9,17.6,평창
2023-04-28,13.9,22.6,4.5,17.5,포천(동두천)
2023-04-28,15.9,20.6,5.2,19.5,해남
2023-04-29,13.9,18.7,9.9,16.2,논산(부여)
2023-04-29,13.9,17.9,9.7,14.8,무안(목포)
2023-04-29,14.1,18.1,9.8,16.1,상주
2023-04-29,11.9,14.7,9.2,14.3,신안
2023-04-29,16.1,21.1,11.8,17.6,제주
2023-04-29,16.9,22.4,9.8,17.0,창녕(밀양)
2023-04-29,10.9,16.6,4.5,13.3,평창
2023-04-29,12.4,14.7,9.1,14.2,포천(동두천)
2023-04-29,14.6,18.2,9.9,16.2,해남
2023-04-30,12.8,19.8,4.8,18.4,논산(부여)
2023-04-30,13.1,17.3,8.2,16.4,무안(목포)
2023-04-30,14.4,21.6,8.1,17.9,상주
2023-04-30,14.7,19.0,8.6,16.9,신안
2023-04-30,15.7,21.2,10.0,19.8,제주
2023-04-30,15.1,23.8,6.5,19.2,창녕(밀양)
2023-04-30,8.2,13.3,3.7,12.5,평창
2023-04-30,11.6,16.3,5.4,12.4,포천(동두천)
2023-04-30,12.2,19.0,5.1,18.8,해남
2023-05-01,14.2,22.1,6.3,20.6,논산(부여)
2023-05-01,15.4,20.6,10.4,19.1,무안(목포)
2023-05-01,15.3,21.6,9.0,20.4,상주
2023-05-01,14.4,19.6,9.9,18.9,신안
2023-05-01,17.4,21.2,14.9,22.9,제주
2023-05-01,15.5,23.5,7.1,19.5,창녕(밀양)
2023-05-01,8.3,14.6,2.7,12.1,평창
2023-05-01,13.6,21.7,8.3,16.7,포천(동두천)
2023-05-01,13.8,22.6,6.1,21.0,해남
2023-05-02,15.9,25.9,5.3,22.2,논산(부여)
2023-05-02,17.4,24.5,10.7,20.7,무안(목포)
2023-05-02,15.3,26.0,3.5,21.5,상주
2023-05-02,15.2,21.0,11.6,19.8,신안
2023-05-02,18.4,24.5,13.6,24.1,제주
2023-05-02,15.8,26.0,6.1,14.1,창녕(밀양)
2023-05-02,11.1,20.2,-1.4,14.6,평창
2023-05-02,14.9,24.4,5.0,15.9,포천(동두천)
2023-05-02,15.3,24.0,4.9,21.6,해남
2023-05-03,18.1,25.8,9.4,22.8,논산(부여)
2023-05-03,16.9,20.0,14.3,17.9,무안(목포)
2023-05-03,19.1,27.4,11.3,26.0,상주
2023-05-03,13.7,15.9,11.9,15.2,신안
2023-05-03,17.4,20.7,15.2,18.4,제주
2023-05-03,16.8,24.2,9.2,19.2,창녕(밀양)
2023-05-03,15.4,23.0,7.4,19.4,평창
2023-05-03,17.6,26.6,8.1,19.5,포천(동두천)
2023-05-03,16.5,19.9,10.4,17.4,해남
2023-05-04,20.3,26.5,14.8,24.5,논산(부여)
2023-05-04,17.0,18.0,16.1,16.5,무안(목포)
2023-05-04,18.7,25.0,12.3,26.2,상주
2023-05-04,13.6,15.0,12.2,14.6,신안
2023-05-04,18.6,23.4,15.9,18.1,제주
2023-05-04,17.8,22.2,14.9,18.9,창녕(밀양)
2023-05-04,16.3,24.5,7.5,21.3,평창
2023-05-04,20.5,25.9,13.8,22.0,포천(동두천)
2023-05-04,17.2,18.3,15.8,16.5,해남
2023-05-05,19.5,21.9,17.0,20.2,논산(부여)
2023-05-05,19.6,21.4,17.7,18.9,무안(목포)
2023-05-05,18.7,20.8,16.6,21.0,상주
2023-05-05,14.9,17.3,12.0,15.7,신안
2023-05-05,23.4,26.2,21.8,21.9,제주
2023-05-05,18.9,20.2,17.3,17.9,창녕(밀양)
2023-05-05,14.1,18.6,8.0,15.1,평창
2023-05-05,16.6,20.7,12.6,17.6,포천(동두천)
2023-05-05,20.8,23.1,17.8,19.7,해남
2023-05-06,15.6,20.6,12.2,17.9,논산(부여)
2023-05-06,15.3,18.1,13.4,18.0,무안(목포)
2023-05-06,13.7,19.6,10.3,17.0,상주
2023-05-06,12.5,15.1,11.3,15.3,신안
2023-05-06,18.3,22.7,15.7,22.6,제주
2023-05-06,15.4,20.1,12.6,15.9,창녕(밀양)
2023-05-06,6.0,8.6,4.2,7.8,평창
2023-05-06,11.4,13.3,9.8,13.8,포천(동두천)
2023-05-06,16.2,19.6,14.7,20.1,해남
2023-05-07,12.3,15.7,7.6,15.1,논산(부여)
2023-05-07,13.2,15.8,11.2,15.1,무안(목포)
2023-05-07,10.9,14.5,6.9,14.4,상주
2023-05-07,11.5,13.3,10.2,14.1,신안
2023-05-07,14.0,15.8,12.5,16.4,제주
2023-05-07,12.5,14.5,10.5,12.0,창녕(밀양)
2023-05-07,5.1,8.9,-0.5,8.4,평창
2023-05-07,12.8,19.0,7.6,15.1,포천(동두천)
2023-05-07,13.7,14.9,12.0,16.1,해남
2023-05-08,13.3,22.6,4.8,17.8,논산(부여)
2023-05-08,13.8,19.0,9.5,16.2,무안(목포)
2023-05-08,12.9,22.4,3.5,18.5,상주
2023-05-08,12.3,16.9,9.7,16.5,신안
2023-05-08,14.8,17.9,11.4,18.8,제주
2023-05-08,14.6,22.0,6.5,17.2,창녕(밀양)
2023-05-08,9.6,17.6,-2.3,13.8,평창
2023-05-08,13.9,23.4,4.5,16.4,포천(동두천)
2023-05-08,13.7,21.0,7.5,18.6,해남
2023-05-09,14.8,24.9,5.2,19.1,논산(부여)
2023-05-09,14.9,20.6,9.4,18.2,무안(목포)
2023-05-09,17.9,27.3,6.8,21.9,상주
2023-05-09,13.8,18.9,9.5,17.9,신안
2023-05-09,16.7,21.1,11.9,22.2,제주
2023-05-09,16.4,26.6,6.4,19.7,창녕(밀양)
2023-05-09,13.4,22.2,2.2,16.5,평창
2023-05-09,15.9,25.6,7.0,18.6,포천(동두천)
2023-05-09,14.6,22.7,6.1,19.4,해남
2023-05-10,16.6,26.1,8.4,20.0,논산(부여)
2023-05-10,16.5,22.8,11.7,20.4,무안(목포)
2023-05-10,19.0,26.2,11.4,24.0,상주
2023-05-10,15.2,19.9,12.3,19.1,신안
2023-05-10,19.0,23.0,13.9,24.6,제주
2023-05-10,18.6,27.4,9.9,22.7,창녕(밀양)
2023-05-10,12.7,20.5,2.5,17.4,평창
2023-05-10,17.1,25.9,7.5,18.8,포천(동두천)
2023-05-10,16.6,25.3,7.8,22.7,해남
2023-05-11,17.8,27.2,8.5,21.2,논산(부여)
2023-05-11,17.3,23.1,12.0,21.0,무안(목포)
2023-05-11,17.7,26.3,8.6,25.1,상주
2023-05-11,15.5,20.0,12.2,18.3,신안
2023-05-11,18.2,21.4,15.3,24.2,제주
2023-05-11,18.1,26.6,10.6,22.8,창녕(밀양)
2023-05-11,12.3,17.7,7.3,19.0,평창
2023-05-11,18.0,27.1,9.9,21.1,포천(동두천)
2023-05-11,16.8,25.0,9.1,21.7,해남
2023-05-12,17.1,24.5,10.3,21.1,논산(부여)
2023-05-12,17.4,20.5,14.1,20.4,무안(목포)
2023-05-12,17.9,24.8,10.1,23.9,상주
2023-05-12,14.8,18.4,12.5,18.1,신안
2023-05-12,17.5,20.5,14.5,21.3,제주
2023-05-12,17.8,25.5,8.5,21.6,창녕(밀양)
2023-05-12,13.3,20.9,5.5,18.0,평창
2023-05-12,16.7,24.7,9.5,20.2,포천(동두천)
2023-05-12,16.9,21.5,10.8,21.1,해남
2023-05-13,18.0,24.9,12.8,24.5,논산(부여)
2023-05-13,16.8,21.1,14.1,22.0,무안(목포)
2023-05-13,18.9,25.6,12.3,26.1,상주
2023-05-13,14.8,19.5,11.8,20.1,신안
2023-05-13,15.7,18.4,14.0,19.6,제주
2023-05-13,16.7,21.4,13.8,20.4,창녕(밀양)
2023-05-13,12.3,19.0,4.5,16.3,평창
2023-05-13,16.1,24.1,9.1,20.2,포천(동두천)
2023-05-13,16.5,22.7,11.8,20.6,해남
2023-05-14,16.9,25.8,9.1,24.1,논산(부여)
2023-05-14,17.3,22.4,12.0,22.7,무안(목포)
2023-05-14,19.1,27.0,11.1,27.3,상주
2023-05-14,15.1,20.5,11.1,20.3,신안
2023-05-14,17.2,21.4,13.2,21.4,제주
2023-05-14,18.7,27.2,12.0,24.1,창녕(밀양)
2023-05-14,13.4,19.9,7.2,18.7,평창
2023-05-14,16.0,23.8,9.8,20.9,포천(동두천)
2023-05-14,16.5,23.8,9.6,23.9,해남
2023-05-15,18.9,28.1,9.2,24.8,논산(부여)
2023-05-15,19.2,25.7,14.1,21.3,무안(목포)
2023-05-15,20.3,29.0,9.6,28.2,상주
2023-05-15,15.7,19.5,13.3,19.3,신안
2023-05-15,18.7,26.1,14.4,20.8,제주
2023-05-15,20.3,28.2,12.0,25.3,창녕(밀양)
2023-05-15,15.5,23.5,4.2,20.1,평창
2023-05-15,18.5,27.5,9.1,22.1,포천(동두천)
2023-05-15,17.7,25.9,10.5,22.6,해남
2023-05-16,21.3,29.9,13.4,27.0,논산(부여)
2023-05-16,21.2,27.9,16.7,27.3,무안(목포)
2023-05-16,24.1,33.0,13.9,30.2,상주
2023-05-16,16.2,21.0,13.2,21.5,신안
2023-05-16,20.7,26.2,15.2,24.8,제주
2023-05-16,22.4,32.9,13.2,27.0,창녕(밀양)
2023-05-16,20.3,27.8,11.8,22.9,평창
2023-05-16,21.9,30.8,13.4,25.5,포천(동두천)
2023-05-16,20.6,30.3,12.0,28.1,해남
2023-05-17,21.6,30.2,13.3,27.8,논산(부여)
2023-05-17,22.6,26.8,18.6,28.6,무안(목포)
2023-05-17,23.9,32.8,13.6,31.2,상주
2023-05-17,17.5,21.5,14.6,21.9,신안
2023-05-17,21.0,25.5,15.5,25.9,제주
2023-05-17,22.4,30.5,14.3,27.8,창녕(밀양)
2023-05-17,20.4,27.2,15.3,21.9,평창
2023-05-17,21.7,28.7,15.0,26.3,포천(동두천)
2023-05-17,22.3,28.5,15.5,29.6,해남
2023-05-18,19.2,22.6,16.8,21.9,논산(부여)
2023-05-18,17.9,21.4,17.0,19.2,무안(목포)
2023-05-18,17.9,22.1,16.2,20.3,상주
2023-05-18,15.5,17.5,14.3,17.8,신안
2023-05-18,18.6,21.7,17.1,21.3,제주
2023-05-18,18.7,22.4,16.9,19.5,창녕(밀양)
2023-05-18,15.1,19.6,12.0,16.9,평창
2023-05-18,19.5,27.7,16.2,23.2,포천(동두천)
2023-05-18,18.0,21.1,16.8,19.4,해남
2023-05-19,20.5,26.0,15.8,23.9,논산(부여)
2023-05-19,19.5,23.4,16.0,24.2,무안(목포)
2023-05-19,19.8,25.4,15.8,26.6,상주
2023-05-19,16.5,19.3,12.3,21.2,신안
2023-05-19,19.0,23.9,16.7,22.8,제주
2023-05-19,19.3,22.6,16.7,18.9,창녕(밀양)
2023-05-19,11.3,14.5,8.3,15.2,평창
2023-05-19,19.6,27.1,14.3,22.2,포천(동두천)
2023-05-19,19.3,24.2,15.1,21.7,해남
2023-05-20,19.2,26.8,13.5,27.1,논산(부여)
2023-05-20,18.5,23.0,14.9,23.8,무안(목포)
2023-05-20,20.5,28.8,12.3,29.0,상주
2023-05-20,14.7,19.0,11.3,20.4,신안
2023-05-20,19.3,23.2,17.0,25.1,제주
2023-05-20,19.9,27.5,12.4,24.0,창녕(밀양)
2023-05-20,16.0,23.7,6.7,21.6,평창
2023-05-20,19.7,26.6,14.3,24.4,포천(동두천)
2023-05-20,18.4,24.6,13.2,23.7,해남
2023-05-21,17.7,22.5,15.4,25.2,논산(부여)
2023-05-21,15.9,19.0,14.4,20.2,무안(목포)
2023-05-21,20.1,25.5,16.2,28.9,상주
2023-05-21,14.9,18.4,13.2,19.3,신안
2023-05-21,17.7,21.2,15.9,23.3,제주
2023-05-21,22.1,30.6,14.2,26.6,창녕(밀양)
2023-05-21,15.5,20.5,12.6,21.1,평창
2023-05-21,17.7,23.4,14.5,25.4,포천(동두천)
2023-05-21,17.2,22.1,14.5,24.7,해남
2023-05-22,16.9,23.0,14.1,23.1,논산(부여)
2023-05-22,16.0,19.2,13.9,17.8,무안(목포)
2023-05-22,17.7,21.7,14.1,22.5,상주
2023-05-22,14.7,18.1,13.2,17.9,신안
2023-05-22,17.1,21.1,15.0,20.0,제주
2023-05-22,17.3,20.4,12.5,17.9,창녕(밀양)
2023-05-22,11.3,16.9,4.0,18.1,평창
2023-05-22,19.2,26.3,13.3,26.8,포천(동두천)
2023-05-22,16.0,19.9,12.7,18.6,해남
2023-05-23,18.1,26.0,11.1,25.0,논산(부여)
2023-05-23,17.5,22.8,13.5,22.8,무안(목포)
2023-05-23,18.5,26.1,11.1,28.4,상주
2023-05-23,16.1,20.1,13.2,20.9,신안
2023-05-23,18.7,23.3,14.1,25.3,제주
2023-05-23,18.2,26.4,10.8,25.2,창녕(밀양)
2023-05-23,10.0,18.4,0.6,17.8,평창
2023-05-23,18.8,27.0,10.5,26.3,포천(동두천)
2023-05-23,17.5,25.1,10.7,24.9,해남
2023-05-24,18.6,26.5,11.3,24.2,논산(부여)
2023-05-24,18.3,22.8,13.6,21.5,무안(목포)
2023-05-24,18.3,26.2,10.1,26.3,상주
2023-05-24,16.9,19.8,13.6,19.0,신안
2023-05-24,18.2,21.1,15.2,22.0,제주
2023-05-24,19.4,27.6,11.0,25.2,창녕(밀양)
2023-05-24,13.1,22.5,0.8,18.4,평창
2023-05-24,18.8,26.7,11.3,24.2,포천(동두천)
2023-05-24,18.2,24.0,11.1,22.3,해남
2023-05-25,19.7,27.6,13.1,27.4,논산(부여)
2023-05-25,20.7,24.4,16.7,25.7,무안(목포)
2023-05-25,21.8,28.6,16.0,32.3,상주
2023-05-25,17.3,22.5,14.4,22.3,신안
2023-05-25,21.4,26.3,17.5,28.5,제주
2023-05-25,20.9,27.3,15.7,27.8,창녕(밀양)
2023-05-25,14.6,21.4,7.3,19.3,평창
2023-05-25,19.1,27.1,12.1,25.8,포천(동두천)
2023-05-25,19.7,24.8,15.0,28.3,해남
2023-05-26,21.1,26.9,15.2,29.0,논산(부여)
2023-05-26,21.2,24.8,17.2,23.4,무안(목포)
2023-05-26,22.3,28.1,17.1,30.7,상주
2023-05-26,17.7,21.2,14.5,20.4,신안
2023-05-26,22.1,26.7,18.0,28.9,제주
2023-05-26,20.9,25.3,16.8,24.9,창녕(밀양)
2023-05-26,16.6,22.3,10.5,22.9,평창
2023-05-26,19.7,25.9,13.0,26.7,포천(동두천)
2023-05-26,21.5,25.9,15.7,25.9,해남
2023-05-27,20.2,22.8,18.1,22.2,논산(부여)
2023-05-27,22.4,25.6,20.7,24.2,무안(목포)
2023-05-27,21.1,24.4,18.5,27.4,상주
2023-05-27,19.2,22.8,17.0,20.8,신안
2023-05-27,23.4,26.4,20.7,26.3,제주
2023-05-27,23.0,27.9,18.5,25.2,창녕(밀양)
2023-05-27,15.4,19.7,10.5,17.0,평창
2023-05-27,17.4,19.8,14.5,20.1,포천(동두천)
2023-05-27,22.3,26.3,20.3,25.5,해남
2023-05-28,20.4,22.0,18.4,21.1,논산(부여)
2023-05-28,22.6,25.5,20.3,23.8,무안(목포)
2023-05-28,19.8,20.7,18.2,21.8,상주
2023-05-28,17.9,20.6,15.5,20.4,신안
2023-05-28,24.2,26.9,21.3,31.7,제주
2023-05-28,22.0,23.5,19.8,22.1,창녕(밀양)
2023-05-28,16.6,19.0,14.3,17.7,평창
2023-05-28,18.3,19.4,17.6,20.0,포천(동두천)
2023-05-28,22.9,26.1,20.4,23.9,해남
2023-05-29,20.5,22.3,19.2,23.0,논산(부여)
2023-05-29,20.2,22.8,19.1,21.2,무안(목포)
2023-05-29,20.3,22.0,19.1,22.0,상주
2023-05-29,19.0,21.7,16.3,20.4,신안
2023-05-29,24.3,29.9,21.0,30.6,제주
2023-05-29,21.1,22.7,19.3,21.2,창녕(밀양)
2023-05-29,15.9,20.2,11.3,20.0,평창
2023-05-29,23.0,29.5,18.1,25.6,포천(동두천)
2023-05-29,20.8,22.5,19.9,22.3,해남
2023-05-30,22.9,28.0,17.6,25.4,논산(부여)
2023-05-30,20.0,21.6,18.8,21.4,무안(목포)
2023-05-30,20.1,24.9,17.0,23.1,상주
2023-05-30,17.1,18.8,15.8,19.4,신안
2023-05-30,21.0,23.6,19.6,23.8,제주
2023-05-30,21.1,26.6,18.6,23.8,창녕(밀양)
2023-05-30,12.8,16.5,7.5,16.6,평창
2023-05-30,22.2,28.1,16.7,24.9,포천(동두천)
2023-05-30,19.9,21.0,18.7,21.1,해남
2023-05-31,22.4,28.3,18.1,24.8,논산(부여)
2023-05-31,21.7,26.9,17.9,24.9,무안(목포)
2023-05-31,20.3,27.5,12.8,25.9,상주
2023-05-31,18.3,21.9,15.1,22.5,신안
2023-05-31,20.5,24.4,18.4,23.9,제주
2023-05-31,21.7,28.9,16.4,25.4,창녕(밀양)
2023-05-31,15.4,22.3,5.1,19.1,평창
2023-05-31,21.3,27.2,14.6,24.0,포천(동두천)
2023-05-31,20.9,25.9,17.0,23.7,해남
2023-06-01,22.0,27.0,18.2,25.0,논산(부여)
2023-06-01,19.8,21.2,18.2,20.9,무안(목포)
2023-06-01,20.1,25.5,14.3,25.2,상주
2023-06-01,17.1,19.5,15.9,20.1,신안
2023-06-01,20.7,25.0,19.6,24.2,제주
2023-06-01,16.3,19.3,13.7,17.9,창녕(밀양)
2023-06-01,17.5,22.7,13.1,19.7,평창
2023-06-01,21.4,26.3,17.7,25.0,포천(동두천)
2023-06-01,19.6,20.7,16.9,20.9,해남
2023-06-02,21.5,27.3,16.5,27.0,논산(부여)
2023-06-02,20.3,23.2,18.1,24.1,무안(목포)
2023-06-02,23.0,29.2,19.2,28.0,상주
2023-06-02,17.8,20.6,16.2,21.1,신안
2023-06-02,21.4,25.4,19.1,25.2,제주
2023-06-02,23.9,31.7,17.2,26.1,창녕(밀양)
2023-06-02,16.6,23.4,13.1,20.0,평창
2023-06-02,19.6,26.3,16.1,23.2,포천(동두천)
2023-06-02,21.7,26.9,18.0,24.2,해남
2023-06-03,21.4,28.9,14.9,27.0,논산(부여)
2023-06-03,20.3,24.3,17.2,24.9,무안(목포)
2023-06-03,22.8,29.2,16.9,29.7,상주
2023-06-03,18.4,21.5,15.7,22.5,신안
2023-06-03,21.3,24.6,17.7,27.7,제주
2023-06-03,22.5,29.9,16.0,26.7,창녕(밀양)
2023-06-03,17.3,23.3,9.6,22.6,평창
2023-06-03,21.1,28.3,13.8,25.4,포천(동두천)
2023-06-03,21.2,26.1,15.4,25.6,해남
2023-06-04,21.4,29.5,15.0,27.4,논산(부여)
2023-06-04,20.5,24.2,17.1,24.1,무안(목포)
2023-06-04,23.6,29.3,18.1,31.0,상주
2023-06-04,20.9,24.4,16.7,22.2,신안
2023-06-04,23.1,28.0,18.7,27.2,제주
2023-06-04,22.4,30.7,15.0,27.1,창녕(밀양)
2023-06-04,16.6,23.4,7.4,22.0,평창
2023-06-04,20.9,27.7,13.8,26.3,포천(동두천)
2023-06-04,20.4,26.0,14.3,24.5,해남
2023-06-05,21.1,26.9,17.0,27.4,논산(부여)
2023-06-05,20.3,23.2,18.4,22.6,무안(목포)
2023-06-05,22.9,27.8,18.5,30.8,상주
2023-06-05,18.2,21.4,15.2,20.8,신안
2023-06-05,20.1,22.5,17.2,21.9,제주
2023-06-05,21.9,27.5,16.7,24.0,창녕(밀양)
2023-06-05,16.6,23.2,7.5,22.4,평창
2023-06-05,20.4,27.2,13.8,26.8,포천(동두천)
2023-06-05,20.2,24.1,17.6,23.0,해남
2023-06-06,20.5,27.5,14.6,29.4,논산(부여)
2023-06-06,19.6,23.9,17.1,25.7,무안(목포)
2023-06-06,22.6,28.8,16.3,32.0,상주
2023-06-06,17.9,21.2,14.9,23.3,신안
2023-06-06,18.5,22.3,16.7,21.8,제주
2023-06-06,22.0,28.7,17.0,27.9,창녕(밀양)
2023-06-06,16.9,23.1,11.6,22.2,평창
2023-06-06,19.6,25.1,16.1,26.0,포천(동두천)
2023-06-06,19.9,26.2,16.1,24.5,해남
2023-06-07,21.1,25.9,16.0,27.3,논산(부여)
2023-06-07,19.5,23.3,16.6,25.6,무안(목포)
2023-06-07,22.4,27.3,17.5,29.7,상주
2023-06-07,17.5,22.2,15.1,22.4,신안
2023-06-07,19.8,23.4,15.8,25.2,제주
2023-06-07,23.0,30.0,16.1,27.4,창녕(밀양)
2023-06-07,18.4,24.8,13.5,24.5,평창
2023-06-07,20.8,24.5,16.7,25.2,포천(동두천)
2023-06-07,19.7,25.7,14.2,26.9,해남
2023-06-08,21.5,27.1,18.5,27.8,논산(부여)
2023-06-08,22.1,26.7,18.5,27.4,무안(목포)
2023-06-08,22.9,30.2,18.3,30.1,상주
2023-06-08,18.3,22.6,15.3,23.7,신안
2023-06-08,21.2,26.2,19.1,26.9,제주
2023-06-08,22.6,29.0,18.4,27.6,창녕(밀양)
2023-06-08,19.0,25.5,16.2,22.0,평창
2023-06-08,19.5,23.0,16.8,23.2,포천(동두천)
2023-06-08,21.8,26.5,18.2,30.9,해남
2023-06-09,22.8,29.3,18.7,29.0,논산(부여)
2023-06-09,22.4,27.7,19.2,28.8,무안(목포)
2023-06-09,23.3,30.1,17.5,30.9,상주
2023-06-09,19.7,24.5,16.5,24.9,신안
2023-06-09,22.3,26.5,18.6,29.0,제주
2023-06-09,23.4,31.1,16.7,28.7,창녕(밀양)
2023-06-09,16.2,22.8,11.3,20.3,평창
2023-06-09,20.5,26.9,15.6,24.8,포천(동두천)
2023-06-09,22.5,28.8,19.5,29.9,해남
2023-06-10,23.1,30.2,18.5,27.8,논산(부여)
2023-06-10,23.4,28.5,20.2,28.0,무안(목포)
2023-06-10,21.2,31.3,16.2,31.5,상주
2023-06-10,19.3,24.9,16.4,22.2,신안
2023-06-10,23.8,30.0,19.8,30.9,제주
2023-06-10,24.5,29.9,18.5,31.0,창녕(밀양)
2023-06-10,16.6,23.7,10.8,20.2,평창
2023-06-10,20.1,27.5,16.7,22.6,포천(동두천)
2023-06-10,23.3,27.3,19.5,31.9,해남
2023-06-11,23.0,28.7,17.8,30.5,논산(부여)
2023-06-11,22.6,26.0,20.3,29.2,무안(목포)
2023-06-11,22.1,30.0,17.7,30.4,상주
2023-06-11,19.2,22.9,16.8,23.8,신안
2023-06-11,21.9,25.3,19.5,29.5,제주
2023-06-11,23.9,29.8,20.0,29.6,창녕(밀양)
2023-06-11,15.5,23.0,11.3,18.6,평창
2023-06-11,20.8,27.0,16.1,25.3,포천(동두천)
2023-06-11,23.3,27.9,20.7,30.6,해남
2023-06-12,22.3,29.4,16.2,31.6,논산(부여)
2023-06-12,21.9,26.0,19.6,29.3,무안(목포)
2023-06-12,23.5,30.2,19.0,29.8,상주
2023-06-12,18.9,22.6,16.7,24.8,신안
2023-06-12,22.2,25.2,20.0,30.8,제주
2023-06-12,23.6,31.2,19.0,30.4,창녕(밀양)
2023-06-12,15.5,20.9,11.3,20.2,평창
2023-06-12,20.8,26.3,16.1,24.1,포천(동두천)
2023-06-12,-99.0,29.1,18.6,34.1,해남
2023-06-13,21.9,28.9,17.2,31.4,논산(부여)
2023-06-13,21.9,26.4,18.7,29.1,무안(목포)
2023-06-13,23.2,29.8,17.2,28.8,상주
2023-06-13,19.5,23.1,16.6,24.5,신안
2023-06-13,21.5,25.0,19.9,27.9,제주
2023-06-13,22.6,29.6,19.1,25.8,창녕(밀양)
2023-06-13,16.7,23.3,12.3,21.5,평창
2023-06-13,20.5,26.0,16.0,25.9,포천(동두천)
2023-06-14,21.3,28.2,16.1,31.2,논산(부여)
2023-06-14,21.8,26.5,18.2,28.7,무안(목포)
2023-06-14,20.3,28.7,16.1,25.0,상주
2023-06-14,20.2,24.1,17.1,25.0,신안
2023-06-14,22.7,26.5,19.9,29.7,제주
2023-06-14,21.5,30.1,17.6,25.0,창녕(밀양)
2023-06-14,13.4,19.2,9.1,18.4,평창
2023-06-14,19.5,26.8,14.0,23.7,포천(동두천)
2023-06-15,21.3,28.6,15.5,31.0,논산(부여)
2023-06-15,21.5,26.1,18.1,29.6,무안(목포)
2023-06-15,21.2,28.2,17.1,28.4,상주
2023-06-15,19.9,23.7,17.0,25.7,신안
2023-06-15,22.3,26.1,19.2,32.4,제주
2023-06-15,21.3,27.1,16.5,24.4,창녕(밀양)
2023-06-15,16.0,20.5,11.3,19.4,평창
2023-06-15,21.7,28.5,15.5,25.4,포천(동두천)
2023-06-16,23.0,31.2,15.6,32.8,논산(부여)
2023-06-16,22.3,27.6,18.4,30.4,무안(목포)
2023-06-16,24.6,32.1,16.8,30.9,상주
2023-06-16,20.3,25.7,17.0,24.7,신안
2023-06-16,22.3,26.0,18.7,31.7,제주
2023-06-16,24.5,31.8,17.6,28.5,창녕(밀양)
2023-06-16,20.4,27.4,13.8,25.0,평창
2023-06-16,22.7,29.0,16.7,27.2,포천(동두천)
2023-06-17,24.4,31.8,18.1,33.4,논산(부여)
2023-06-17,22.7,27.9,18.9,30.2,무안(목포)
2023-06-17,26.9,33.4,20.8,36.0,상주
2023-06-17,20.3,25.7,16.8,25.3,신안
2023-06-17,23.0,27.1,19.3,32.8,제주
2023-06-17,25.5,33.9,18.8,29.3,창녕(밀양)
2023-06-17,22.0,29.7,14.5,26.9,평창
2023-06-17,22.9,29.6,15.6,27.8,포천(동두천)
2023-06-17,-99.0,30.2,20.2,38.2,해남
2023-06-18,24.8,32.4,19.1,34.1,논산(부여)
2023-06-18,23.2,28.1,20.5,30.5,무안(목포)
2023-06-18,27.0,34.2,22.2,33.5,상주
2023-06-18,21.0,24.6,18.7,24.8,신안
2023-06-18,23.4,26.4,21.9,27.4,제주
2023-06-18,26.1,33.7,20.8,31.4,창녕(밀양)
2023-06-18,20.4,26.6,15.1,26.7,평창
2023-06-18,24.6,32.0,17.7,30.0,포천(동두천)
2023-06-18,23.2,28.9,18.7,29.1,해남
2023-06-19,25.6,34.6,18.1,33.1,논산(부여)
2023-06-19,24.7,31.6,19.4,31.7,무안(목포)
2023-06-19,25.9,33.5,18.7,33.9,상주
2023-06-19,20.8,25.9,17.8,25.7,신안
2023-06-19,24.4,29.9,19.4,31.4,제주
2023-06-19,25.4,32.1,19.4,32.4,창녕(밀양)
2023-06-19,18.8,23.7,14.6,27.4,평창
2023-06-19,26.6,33.0,19.8,31.4,포천(동두천)
2023-06-19,23.6,29.5,17.0,31.6,해남
2023-06-20,23.5,27.3,19.6,28.9,논산(부여)
2023-06-20,22.1,26.2,20.0,25.2,무안(목포)
2023-06-20,23.0,27.6,19.0,31.0,상주
2023-06-20,18.3,20.0,17.2,21.4,신안
2023-06-20,24.8,27.4,22.3,28.7,제주
2023-06-20,24.0,30.5,18.2,28.8,창녕(밀양)
2023-06-20,16.5,20.5,12.6,21.8,평창
2023-06-20,22.9,25.3,19.8,25.3,포천(동두천)
2023-06-20,21.8,25.6,20.0,23.6,해남
2023-06-21,21.7,25.2,19.7,24.7,논산(부여)
2023-06-21,21.3,22.3,20.6,22.3,무안(목포)
2023-06-21,19.8,21.6,18.1,22.7,상주
2023-06-21,20.0,22.6,17.7,22.3,신안
2023-06-21,22.3,23.8,21.5,23.4,제주
2023-06-21,21.6,23.7,19.8,22.9,창녕(밀양)
2023-06-21,15.4,18.5,13.1,18.2,평창
2023-06-21,19.0,21.6,17.1,22.4,포천(동두천)
2023-06-21,21.8,23.6,20.7,23.4,해남
2023-06-22,22.3,27.8,18.6,29.0,논산(부여)
2023-06-22,22.0,25.5,20.0,26.4,무안(목포)
2023-06-22,23.1,28.4,19.9,25.9,상주
2023-06-22,21.4,25.2,18.1,27.2,신안
2023-06-22,23.3,27.3,20.7,29.7,제주
2023-06-22,24.7,29.3,20.8,28.1,창녕(밀양)
2023-06-22,16.9,21.9,13.1,19.1,평창
2023-06-22,20.6,25.5,16.9,23.9,포천(동두천)
2023-06-22,22.6,27.2,19.8,26.4,해남
2023-06-23,24.6,31.4,18.7,33.4,논산(부여)
2023-06-23,23.7,28.2,20.0,28.7,무안(목포)
2023-06-23,25.2,31.6,19.3,30.8,상주
2023-06-23,21.2,25.7,17.0,28.4,신안
2023-06-23,23.5,26.0,20.8,31.1,제주
2023-06-23,24.4,30.5,19.6,27.8,창녕(밀양)
2023-06-23,16.4,21.3,12.3,24.5,평창
2023-06-23,22.5,28.8,17.0,25.2,포천(동두천)
2023-06-23,23.7,30.4,19.0,26.7,해남
2023-06-24,26.0,32.5,20.2,34.1,논산(부여)
2023-06-24,24.1,28.4,21.3,28.3,무안(목포)
2023-06-24,25.5,32.0,18.7,32.4,상주
2023-06-24,20.2,23.4,18.4,26.2,신안
2023-06-24,25.3,29.8,22.3,31.1,제주
2023-06-24,24.2,31.5,19.4,29.9,창녕(밀양)
2023-06-24,18.6,25.4,10.3,28.3,평창
2023-06-24,24.9,30.7,19.1,27.3,포천(동두천)
2023-06-24,23.4,27.0,21.3,27.3,해남
2023-06-25,26.1,33.4,20.5,33.8,논산(부여)
2023-06-25,22.1,24.4,21.0,24.5,무안(목포)
2023-06-25,25.2,30.9,19.2,32.4,상주
2023-06-25,19.5,21.8,18.3,22.2,신안
2023-06-25,23.0,25.4,21.4,23.3,제주
2023-06-25,23.2,29.1,20.4,27.3,창녕(밀양)
2023-06-25,20.5,27.4,13.6,29.5,평창
2023-06-25,26.4,32.0,20.0,29.3,포천(동두천)
2023-06-25,21.9,23.1,21.3,23.2,해남
2023-06-26,24.1,26.7,21.5,25.6,논산(부여)
2023-06-26,24.1,25.0,21.7,24.2,무안(목포)
2023-06-26,22.4,24.7,20.7,24.9,상주
2023-06-26,20.3,22.2,18.4,22.6,신안
2023-06-26,28.5,31.0,21.9,26.6,제주
2023-06-26,24.8,28.7,21.0,25.4,창녕(밀양)
2023-06-26,18.9,23.4,15.0,20.6,평창
2023-06-26,22.9,26.5,20.8,24.1,포천(동두천)
2023-06-26,24.7,26.1,21.9,24.6,해남
2023-06-27,25.8,30.5,22.0,30.1,논산(부여)
2023-06-27,24.2,28.1,20.8,26.2,무안(목포)
2023-06-27,26.6,31.5,23.2,30.2,상주
2023-06-27,21.5,23.5,19.3,25.7,신안
2023-06-27,27.3,29.3,25.8,26.8,제주
2023-06-27,26.8,31.0,21.9,29.3,창녕(밀양)
2023-06-27,21.5,24.0,19.2,23.5,평창
2023-06-27,23.1,27.3,20.6,25.5,포천(동두천)
2023-06-27,24.4,26.3,22.7,25.6,해남
2023-06-28,23.9,26.0,20.3,26.4,논산(부여)
2023-06-28,23.3,24.5,21.0,24.1,무안(목포)
2023-06-28,24.5,30.0,18.7,29.3,상주
2023-06-28,22.5,26.4,19.2,27.0,신안
2023-06-28,28.6,31.2,27.0,28.8,제주
2023-06-28,24.1,29.1,20.5,26.9,창녕(밀양)
2023-06-28,22.4,26.1,19.3,26.1,평창
2023-06-28,25.0,29.4,20.4,28.6,포천(동두천)
2023-06-28,23.5,24.5,21.3,24.7,해남
2023-06-29,24.5,25.6,22.8,25.2,논산(부여)
2023-06-29,24.3,25.7,23.4,24.6,무안(목포)
2023-06-29,24.7,26.7,22.7,27.0,상주
2023-06-29,23.2,28.8,19.5,26.2,신안
2023-06-29,28.1,31.4,25.2,30.5,제주
2023-06-29,25.7,28.7,24.0,26.1,창녕(밀양)
2023-06-29,21.0,22.5,19.7,21.6,평창
2023-06-29,23.5,25.0,21.6,24.9,포천(동두천)
2023-06-29,24.5,25.6,23.6,24.9,해남
2023-06-30,24.1,26.7,22.8,26.4,논산(부여)
2023-06-30,23.7,25.6,22.3,24.4,무안(목포)
2023-06-30,24.4,26.1,23.3,26.9,상주
2023-06-30,22.1,24.6,20.5,24.9,신안
2023-06-30,25.8,28.0,24.2,25.3,제주
2023-06-30,25.4,27.7,23.4,25.9,창녕(밀양)
2023-06-30,18.0,21.2,16.7,20.9,평창
2023-06-30,24.5,30.1,20.3,28.4,포천(동두천)
2023-06-30,23.5,26.4,22.2,24.4,해남
2023-07-01,26.4,32.6,22.6,29.0,논산(부여)
2023-07-01,24.4,28.5,22.0,27.7,무안(목포)
2023-07-01,26.5,32.0,22.2,30.1,상주
2023-07-01,22.2,25.8,20.5,27.5,신안
2023-07-01,25.4,28.4,23.5,27.6,제주
2023-07-01,25.7,30.8,23.2,28.0,창녕(밀양)
2023-07-01,22.7,29.8,15.8,26.3,평창
2023-07-01,26.6,32.4,22.0,30.2,포천(동두천)
2023-07-01,24.3,30.1,22.1,26.1,해남
2023-07-02,26.8,32.3,23.0,29.9,논산(부여)
2023-07-02,25.5,29.8,22.0,27.3,무안(목포)
2023-07-02,27.8,32.7,23.3,30.2,상주
2023-07-02,21.9,25.4,19.7,26.4,신안
2023-07-02,26.0,28.7,24.2,29.2,제주
2023-07-02,27.2,33.7,23.3,31.3,창녕(밀양)
2023-07-02,23.0,28.8,19.1,26.1,평창
2023-07-02,25.8,29.9,22.0,29.6,포천(동두천)
2023-07-02,24.9,29.5,20.8,27.2,해남
2023-07-03,27.5,32.8,23.4,31.3,논산(부여)
2023-07-03,25.7,29.3,24.2,26.4,무안(목포)
2023-07-03,27.3,33.0,22.6,31.3,상주
2023-07-03,21.2,22.5,20.3,24.5,신안
2023-07-03,25.1,26.7,24.0,26.5,제주
2023-07-03,27.1,31.9,22.9,31.1,창녕(밀양)
2023-07-03,21.2,26.4,18.1,28.5,평창
2023-07-03,27.3,33.4,21.8,31.0,포천(동두천)
2023-07-03,24.9,27.9,23.7,27.0,해남
2023-07-04,24.6,25.7,23.8,26.3,논산(부여)
2023-07-04,24.5,25.7,22.8,25.3,무안(목포)
2023-07-04,24.4,27.2,22.7,27.1,상주
2023-07-04,20.9,22.5,19.4,22.9,신안
2023-07-04,27.1,31.9,23.9,28.6,제주
2023-07-04,25.2,29.0,23.7,27.0,창녕(밀양)
2023-07-04,21.9,27.7,17.5,28.4,평창
2023-07-04,25.1,28.8,22.7,27.3,포천(동두천)
2023-07-04,24.1,25.0,22.6,25.6,해남
2023-07-05,24.5,28.5,21.6,28.0,논산(부여)
2023-07-05,24.5,27.3,22.9,27.6,무안(목포)
2023-07-05,25.1,29.5,21.2,28.3,상주
2023-07-05,23.4,26.6,20.4,27.2,신안
2023-07-05,26.6,30.4,23.6,28.0,제주
2023-07-05,27.3,32.3,22.6,30.4,창녕(밀양)
2023-07-05,21.3,24.5,18.6,23.4,평창
2023-07-05,23.5,27.6,21.2,27.1,포천(동두천)
2023-07-05,24.8,29.1,20.8,26.8,해남
2023-07-06,25.7,31.8,20.1,29.0,논산(부여)
2023-07-06,25.4,30.4,22.0,27.9,무안(목포)
2023-07-06,25.7,33.2,19.2,29.8,상주
2023-07-06,21.8,25.4,19.3,26.1,신안
2023-07-06,24.9,27.5,21.8,30.7,제주
2023-07-06,26.6,34.1,20.3,29.4,창녕(밀양)
2023-07-06,21.9,26.2,17.5,21.9,평창
2023-07-06,26.2,31.5,21.6,28.7,포천(동두천)
2023-07-06,25.3,31.8,20.3,28.0,해남
2023-07-07,21.7,25.5,19.7,23.6,논산(부여)
2023-07-07,24.3,26.2,22.3,24.5,무안(목포)
2023-07-07,20.6,25.1,17.4,23.9,상주
2023-07-07,21.5,25.7,18.5,23.4,신안
2023-07-07,27.1,31.5,24.0,28.1,제주
2023-07-07,22.1,25.3,19.6,23.8,창녕(밀양)
2023-07-07,20.0,26.5,13.8,22.7,평창
2023-07-07,25.6,33.1,21.1,29.1,포천(동두천)
2023-07-07,24.9,26.4,22.1,25.0,해남
2023-07-08,24.0,30.0,19.7,27.9,논산(부여)
2023-07-08,25.8,29.0,24.2,26.9,무안(목포)
2023-07-08,23.5,28.8,18.3,27.4,상주
2023-07-08,22.5,26.3,20.1,26.6,신안
2023-07-08,26.2,29.5,24.9,26.1,제주
2023-07-08,23.6,25.8,20.2,24.8,창녕(밀양)
2023-07-08,17.4,22.1,11.1,21.2,평창
2023-07-08,25.1,31.3,18.7,29.6,포천(동두천)
2023-07-08,25.4,27.2,24.3,26.3,해남
2023-07-09,26.3,30.1,23.4,28.0,논산(부여)
2023-07-09,26.1,28.6,24.7,28.0,무안(목포)
2023-07-09,25.1,28.8,23.0,27.3,상주
2023-07-09,22.9,26.5,20.5,26.3,신안
2023-07-09,29.5,33.0,25.4,28.6,제주
2023-07-09,26.5,30.0,23.3,27.4,창녕(밀양)
2023-07-09,20.6,25.4,17.6,21.4,평창
2023-07-09,23.7,26.2,19.8,26.4,포천(동두천)
2023-07-09,26.0,27.9,25.0,26.5,해남
2023-07-10,26.9,31.5,22.9,30.3,논산(부여)
2023-07-10,26.1,30.3,22.0,28.7,무안(목포)
2023-07-10,26.0,31.8,21.0,28.7,상주
2023-07-10,22.5,26.8,19.6,27.2,신안
2023-07-10,29.1,37.3,25.7,31.4,제주
2023-07-10,27.8,31.5,25.6,28.0,창녕(밀양)
2023-07-10,22.4,26.8,19.3,23.0,평창
2023-07-10,26.1,30.1,23.1,28.4,포천(동두천)
2023-07-10,26.9,29.9,23.1,28.6,해남
2023-07-11,24.2,26.7,22.1,26.5,논산(부여)
2023-07-11,25.3,26.9,22.8,25.9,무안(목포)
2023-07-11,23.5,26.3,22.2,25.7,상주
2023-07-11,21.9,24.9,20.3,24.9,신안
2023-07-11,30.2,33.6,25.5,35.2,제주
2023-07-11,25.3,30.3,22.7,25.7,창녕(밀양)
2023-07-11,19.8,24.2,17.2,21.3,평창
2023-07-11,22.3,25.2,20.3,24.2,포천(동두천)
2023-07-11,26.1,27.1,25.3,26.5,해남
2023-07-12,26.3,30.2,23.9,28.8,논산(부여)
2023-07-12,25.6,27.2,23.7,26.4,무안(목포)
2023-07-12,26.5,32.4,22.1,29.1,상주
2023-07-12,22.5,25.4,20.7,27.0,신안
2023-07-12,30.2,35.1,27.0,39.0,제주
2023-07-12,26.5,30.1,23.4,26.9,창녕(밀양)
2023-07-12,21.9,25.5,18.2,24.5,평창
2023-07-12,24.6,28.7,21.2,27.5,포천(동두천)
2023-07-12,26.0,27.5,23.9,26.4,해남
2023-07-13,25.6,26.3,24.4,26.6,논산(부여)
2023-07-13,25.9,27.1,25.1,25.8,무안(목포)
2023-07-13,25.3,26.8,24.5,27.7,상주
2023-07-13,22.0,22.9,20.8,24.2,신안
2023-07-13,29.7,32.5,26.3,32.6,제주
2023-07-13,27.0,28.8,25.2,27.3,창녕(밀양)
2023-07-13,21.1,23.7,19.6,21.7,평창
2023-07-13,24.2,25.8,23.3,25.5,포천(동두천)
2023-07-13,26.9,27.9,26.2,26.3,해남
2023-07-14,25.1,25.9,23.9,25.2,논산(부여)
2023-07-14,26.6,27.7,25.3,25.8,무안(목포)
2023-07-14,24.6,25.2,24.2,25.9,상주
2023-07-14,24.6,26.9,22.3,25.9,신안
2023-07-14,30.4,32.9,29.1,33.6,제주
2023-07-14,26.7,27.9,25.5,25.5,창녕(밀양)
2023-07-14,22.2,24.7,19.7,22.5,평창
2023-07-14,24.1,25.2,23.1,24.8,포천(동두천)
2023-07-14,26.7,27.4,25.7,25.7,해남
2023-07-15,23.8,25.9,22.4,24.2,논산(부여)
2023-07-15,25.0,27.2,22.7,24.8,무안(목포)
2023-07-15,23.9,26.6,21.3,26.0,상주
2023-07-15,23.3,25.0,21.3,24.8,신안
2023-07-15,30.8,33.5,28.4,34.5,제주
2023-07-15,27.6,30.7,23.3,28.0,창녕(밀양)
2023-07-15,21.4,23.4,19.7,22.5,평창
2023-07-15,24.1,25.3,22.8,24.7,포천(동두천)
2023-07-15,25.6,27.7,22.4,25.8,해남
2023-07-16,24.6,27.8,22.5,26.5,논산(부여)
2023-07-16,23.8,28.0,21.6,25.4,무안(목포)
2023-07-16,24.7,28.2,21.2,27.6,상주
2023-07-16,21.5,24.1,20.6,24.1,신안
2023-07-16,28.2,32.1,26.4,30.1,제주
2023-07-16,23.9,25.4,22.4,25.1,창녕(밀양)
2023-07-16,21.1,24.2,19.5,21.0,평창
2023-07-16,23.5,26.2,22.3,24.9,포천(동두천)
2023-07-16,24.1,28.7,21.6,26.1,해남
2023-07-17,26.1,30.8,23.5,28.2,논산(부여)
2023-07-17,25.4,30.3,22.8,27.0,무안(목포)
2023-07-17,26.5,32.2,23.6,30.6,상주
2023-07-17,23.5,28.5,21.1,26.3,신안
2023-07-17,27.8,31.4,26.0,32.4,제주
2023-07-17,26.3,31.8,23.0,29.2,창녕(밀양)
2023-07-17,22.0,25.7,20.0,23.3,평창
2023-07-17,23.6,26.4,22.2,25.4,포천(동두천)
2023-07-17,26.7,32.2,22.9,28.8,해남
2023-07-18,23.6,25.2,22.9,24.9,논산(부여)
2023-07-18,24.8,26.2,23.6,26.4,무안(목포)
2023-07-18,23.4,25.4,22.2,25.7,상주
2023-07-18,22.3,25.5,21.5,24.4,신안
2023-07-18,27.5,30.9,25.7,28.5,제주
2023-07-18,25.1,26.3,24.0,26.2,창녕(밀양)
2023-07-18,19.8,21.1,17.7,21.0,평창
2023-07-18,24.6,27.7,22.0,26.9,포천(동두천)
2023-07-18,25.2,29.3,23.3,26.8,해남
2023-07-19,26.2,32.7,20.9,29.5,논산(부여)
2023-07-19,25.1,28.1,22.8,27.7,무안(목포)
2023-07-19,26.1,32.5,21.5,31.1,상주
2023-07-19,23.1,25.7,21.6,26.7,신안
2023-07-19,25.4,27.8,24.0,27.0,제주
2023-07-19,25.9,30.8,23.3,29.7,창녕(밀양)
2023-07-19,21.0,27.4,16.3,26.9,평창
2023-07-19,26.3,31.8,20.8,29.9,포천(동두천)
2023-07-19,24.9,29.5,22.5,27.4,해남
2023-07-20,26.2,32.0,22.1,28.8,논산(부여)
2023-07-20,25.0,28.1,22.6,26.9,무안(목포)
2023-07-20,27.3,32.7,22.0,31.4,상주
2023-07-20,22.8,25.4,20.9,26.2,신안
2023-07-20,26.0,27.6,25.0,27.1,제주
2023-07-20,27.2,33.5,23.3,30.1,창녕(밀양)
2023-07-20,21.6,28.2,16.2,26.9,평창
2023-07-20,26.8,32.4,21.7,30.8,포천(동두천)
2023-07-20,24.8,29.0,22.1,27.4,해남
2023-07-21,27.3,34.3,22.5,30.5,논산(부여)
2023-07-21,26.2,30.5,22.6,27.0,무안(목포)
2023-07-21,26.6,33.1,22.6,31.2,상주
2023-07-21,22.8,25.6,21.1,25.9,신안
2023-07-21,27.6,30.5,24.8,28.2,제주
2023-07-21,27.0,32.9,23.3,31.7,창녕(밀양)
2023-07-21,21.8,27.7,17.0,28.4,평창
2023-07-21,27.6,33.3,21.8,31.9,포천(동두천)
2023-07-21,25.6,28.7,21.8,27.7,해남
2023-07-22,24.6,29.3,22.2,26.6,논산(부여)
2023-07-22,24.4,25.8,21.1,24.3,무안(목포)
2023-07-22,25.3,30.4,21.7,30.0,상주
2023-07-22,22.3,23.8,20.4,23.5,신안
2023-07-22,26.7,29.6,23.9,26.2,제주
2023-07-22,24.9,29.4,20.9,29.7,창녕(밀양)
2023-07-22,22.9,29.2,16.7,28.8,평창
2023-07-22,26.5,33.4,23.0,30.5,포천(동두천)
2023-07-22,24.5,25.9,21.7,25.4,해남
2023-07-23,24.9,25.9,23.7,25.6,논산(부여)
2023-07-23,26.0,27.4,24.8,26.3,무안(목포)
2023-07-23,26.4,29.2,23.8,28.4,상주
2023-07-23,23.4,25.7,21.4,24.9,신안
2023-07-23,29.3,31.8,27.3,28.4,제주
2023-07-23,27.1,30.5,24.1,29.1,창녕(밀양)
2023-07-23,22.5,25.7,21.2,23.0,평창
2023-07-23,24.2,25.6,23.1,25.9,포천(동두천)
2023-07-23,26.9,29.4,25.1,26.5,해남
2023-07-24,26.0,30.1,23.9,28.6,논산(부여)
2023-07-24,24.7,28.3,22.3,25.7,무안(목포)
2023-07-24,26.0,28.8,24.3,28.5,상주
2023-07-24,23.3,26.4,22.0,25.9,신안
2023-07-24,27.6,30.4,26.1,27.3,제주
2023-07-24,26.2,31.6,24.5,26.8,창녕(밀양)
2023-07-24,22.6,26.3,21.0,24.0,평창
2023-07-24,26.1,30.0,24.0,29.0,포천(동두천)
2023-07-24,25.9,29.3,24.0,27.1,해남
2023-07-25,25.3,29.7,23.3,28.3,논산(부여)
2023-07-25,27.1,29.8,24.4,27.8,무안(목포)
2023-07-25,25.1,31.5,22.8,28.6,상주
2023-07-25,23.5,26.8,21.9,26.1,신안
2023-07-25,27.4,29.5,25.7,27.6,제주
2023-07-25,27.3,32.3,23.4,29.5,창녕(밀양)
2023-07-25,23.2,27.1,20.8,24.3,평창
2023-07-25,26.4,30.5,23.9,29.5,포천(동두천)
2023-07-25,27.2,31.3,23.7,29.0,해남
2023-07-26,26.0,32.2,22.5,29.9,논산(부여)
2023-07-26,27.8,30.8,25.8,28.9,무안(목포)
2023-07-26,25.2,32.7,22.3,30.9,상주
2023-07-26,24.7,28.6,22.7,29.2,신안
2023-07-26,29.3,33.0,26.4,32.5,제주
2023-07-26,27.4,31.6,24.1,29.9,창녕(밀양)
2023-07-26,22.6,28.9,20.2,26.8,평창
2023-07-26,25.1,29.6,21.8,29.2,포천(동두천)
2023-07-26,27.9,31.5,24.9,31.3,해남
2023-07-27,27.5,33.3,22.8,31.8,논산(부여)
2023-07-27,28.6,32.4,25.6,29.6,무안(목포)
2023-07-27,26.7,33.2,22.3,31.5,상주
2023-07-27,24.9,28.6,22.8,30.3,신안
2023-07-27,30.0,34.0,26.4,32.0,제주
2023-07-27,28.4,35.0,23.0,32.6,창녕(밀양)
2023-07-27,24.1,29.1,20.0,28.9,평창
2023-07-27,27.5,32.1,23.2,31.2,포천(동두천)
2023-07-27,28.3,32.1,25.7,31.1,해남
2023-07-28,28.3,34.0,22.5,32.2,논산(부여)
2023-07-28,27.9,31.6,25.6,28.7,무안(목포)
2023-07-28,27.7,33.7,23.7,31.4,상주
2023-07-28,24.5,28.2,22.7,28.2,신안
2023-07-28,28.9,32.1,26.9,29.3,제주
2023-07-28,29.2,35.1,24.8,34.7,창녕(밀양)
2023-07-28,24.6,31.1,20.2,31.0,평창
2023-07-28,27.4,33.0,23.0,29.5,포천(동두천)
2023-07-28,27.6,31.2,24.7,31.1,해남
2023-07-29,28.9,34.4,24.6,34.1,논산(부여)
2023-07-29,29.1,32.7,25.6,30.3,무안(목포)
2023-07-29,28.7,34.5,24.1,32.9,상주
2023-07-29,25.2,27.9,23.1,28.5,신안
2023-07-29,30.5,34.9,28.0,32.1,제주
2023-07-29,29.4,36.6,24.5,35.7,창녕(밀양)
2023-07-29,24.1,31.6,18.7,31.1,평창
2023-07-29,27.3,32.0,23.3,31.2,포천(동두천)
2023-07-29,28.4,32.6,24.7,32.9,해남
2023-07-30,28.2,34.0,24.7,33.1,논산(부여)
2023-07-30,28.8,32.8,25.3,34.2,무안(목포)
2023-07-30,29.0,34.4,24.2,34.9,상주
2023-07-30,25.8,28.9,23.7,31.0,신안
2023-07-30,30.0,34.1,26.5,32.5,제주
2023-07-30,29.2,35.5,24.3,36.5,창녕(밀양)
2023-07-30,23.8,30.5,17.7,32.4,평창
2023-07-30,28.1,33.5,22.5,31.5,포천(동두천)
2023-07-30,27.7,32.5,23.6,32.5,해남
2023-07-31,27.8,32.6,24.1,32.8,논산(부여)
2023-07-31,28.5,32.1,24.8,35.1,무안(목포)
2023-07-31,28.4,33.3,24.1,34.8,상주
2023-07-31,26.2,29.7,23.7,31.5,신안
2023-07-31,29.7,32.7,27.0,37.1,제주
2023-07-31,28.9,35.9,23.7,34.8,창녕(밀양)
2023-07-31,23.6,29.3,19.1,31.2,평창
2023-07-31,27.9,32.5,23.9,32.1,포천(동두천)
2023-07-31,27.7,33.5,23.9,30.4,해남
2023-08-01,29.2,35.0,23.9,35.8,논산(부여)
2023-08-01,29.0,34.0,25.5,35.4,무안(목포)
2023-08-01,28.8,34.2,24.1,35.2,상주
2023-08-01,26.3,29.6,23.9,31.8,신안
2023-08-01,29.0,31.1,27.2,34.6,제주
2023-08-01,28.9,35.7,24.3,37.2,창녕(밀양)
2023-08-01,24.0,31.1,17.5,32.2,평창
2023-08-01,28.6,33.5,23.7,33.4,포천(동두천)
2023-08-01,28.1,34.0,23.4,32.5,해남
2023-08-02,29.1,34.7,25.0,34.7,논산(부여)
2023-08-02,29.2,33.5,25.4,36.6,무안(목포)
2023-08-02,29.1,35.0,24.1,36.3,상주
2023-08-02,27.1,30.2,24.4,35.1,신안
2023-08-02,30.2,33.8,27.6,38.4,제주
2023-08-02,29.6,36.2,23.1,36.7,창녕(밀양)
2023-08-02,24.8,30.0,20.5,29.1,평창
2023-08-02,27.6,32.9,24.2,32.5,포천(동두천)
2023-08-02,28.8,35.5,23.3,34.4,해남
2023-08-03,28.9,34.6,23.2,34.5,논산(부여)
2023-08-03,29.9,34.3,25.6,36.5,무안(목포)
2023-08-03,30.2,35.4,25.3,39.2,상주
2023-08-03,26.9,30.9,24.6,36.9,신안
2023-08-03,31.0,34.8,27.9,38.6,제주
2023-08-03,29.8,36.9,24.8,36.1,창녕(밀양)
2023-08-03,24.6,29.3,20.2,31.6,평창
2023-08-03,27.4,32.4,22.3,33.0,포천(동두천)
2023-08-03,28.6,33.8,23.7,35.0,해남
2023-08-04,29.7,35.5,24.8,38.0,논산(부여)
2023-08-04,29.5,33.9,26.2,35.0,무안(목포)
2023-08-04,30.0,35.2,25.6,38.2,상주
2023-08-04,27.0,30.3,23.9,37.7,신안
2023-08-04,30.7,34.2,28.4,40.1,제주
2023-08-04,30.2,35.7,24.8,38.6,창녕(밀양)
2023-08-04,25.0,29.8,21.0,29.6,평창
2023-08-04,27.9,32.9,23.3,33.9,포천(동두천)
2023-08-04,28.6,32.9,24.2,33.8,해남
2023-08-05,29.8,35.2,25.6,37.5,논산(부여)
2023-08-05,29.1,34.4,25.3,35.4,무안(목포)
2023-08-05,30.0,35.7,25.7,39.0,상주
2023-08-05,26.5,30.2,23.8,37.6,신안
2023-08-05,30.2,33.3,27.6,39.4,제주
2023-08-05,30.8,37.8,25.1,40.2,창녕(밀양)
2023-08-05,25.6,31.8,20.8,33.7,평창
2023-08-05,28.2,33.4,23.2,33.9,포천(동두천)
2023-08-05,29.1,36.0,23.9,34.2,해남
2023-08-06,29.8,36.2,24.3,38.0,논산(부여)
2023-08-06,28.6,33.4,25.6,35.3,무안(목포)
2023-08-06,30.0,35.7,24.8,38.8,상주
2023-08-06,26.4,29.6,24.0,37.3,신안
2023-08-06,30.0,32.8,28.0,38.9,제주
2023-08-06,30.5,36.1,25.5,37.6,창녕(밀양)
2023-08-06,23.1,27.5,19.7,29.1,평창
2023-08-06,28.5,32.6,24.8,33.7,포천(동두천)
2023-08-06,28.8,35.2,24.6,33.8,해남
2023-08-07,29.6,35.8,24.7,34.8,논산(부여)
2023-08-07,28.4,33.3,25.5,34.7,무안(목포)
2023-08-07,29.3,36.0,25.2,39.0,상주
2023-08-07,26.6,29.6,24.6,37.9,신안
2023-08-07,30.5,33.1,28.6,39.6,제주
2023-08-07,30.3,36.0,26.0,39.7,창녕(밀양)
2023-08-07,21.3,23.7,19.0,25.2,평창
2023-08-07,28.3,33.6,24.9,34.4,포천(동두천)
2023-08-07,27.7,35.0,24.2,29.0,해남
2023-08-08,29.7,35.4,25.9,35.8,논산(부여)
2023-08-08,28.8,34.2,26.0,38.5,무안(목포)
2023-08-08,29.0,33.9,26.1,36.6,상주
2023-08-08,26.9,30.4,24.4,38.6,신안
2023-08-08,29.7,32.5,27.9,37.8,제주
2023-08-08,29.4,33.8,26.4,36.8,창녕(밀양)
2023-08-08,19.3,21.2,17.7,23.9,평창
2023-08-08,28.6,34.3,23.1,35.4,포천(동두천)
2023-08-08,29.1,35.5,24.6,31.3,해남
2023-08-09,27.3,31.8,24.0,31.4,논산(부여)
2023-08-09,27.7,30.5,25.7,29.8,무안(목포)
2023-08-09,25.6,29.3,23.7,28.4,상주
2023-08-09,25.9,28.9,23.1,34.5,신안
2023-08-09,27.3,29.0,26.3,27.7,제주
2023-08-09,26.2,27.9,24.7,26.7,창녕(밀양)
2023-08-09,18.5,19.7,17.6,20.8,평창
2023-08-09,25.5,31.0,23.5,29.3,포천(동두천)
2023-08-09,27.0,30.4,24.9,28.6,해남
2023-08-10,22.5,24.1,21.5,23.8,논산(부여)
2023-08-10,25.1,26.6,23.9,27.0,무안(목포)
2023-08-10,22.0,23.7,21.1,23.8,상주
2023-08-10,24.7,26.8,22.7,34.0,신안
2023-08-10,27.8,31.0,25.9,31.2,제주
2023-08-10,25.1,26.5,23.5,24.8,창녕(밀양)
2023-08-10,19.1,21.2,18.0,19.6,평창
2023-08-10,21.1,23.6,20.0,23.8,포천(동두천)
2023-08-10,24.9,28.1,21.6,27.6,해남
2023-08-11,25.7,30.1,22.1,28.0,논산(부여)
2023-08-11,27.0,30.6,24.1,32.5,무안(목포)
2023-08-11,26.2,32.6,21.8,29.4,상주
2023-08-11,25.2,30.0,23.0,32.8,신안
2023-08-11,29.6,34.1,26.6,35.8,제주
2023-08-11,26.6,32.3,21.6,29.9,창녕(밀양)
2023-08-11,21.4,26.0,18.2,22.6,평창
2023-08-11,21.9,24.3,20.0,24.3,포천(동두천)
2023-08-11,26.2,31.3,21.5,28.9,해남
2023-08-12,24.8,28.5,21.1,28.2,논산(부여)
2023-08-12,27.4,31.2,23.2,33.8,무안(목포)
2023-08-12,25.1,28.6,22.6,28.7,상주
2023-08-12,24.8,29.5,22.0,34.9,신안
2023-08-12,29.7,33.3,27.2,36.1,제주
2023-08-12,27.6,33.7,23.2,30.9,창녕(밀양)
2023-08-12,20.5,24.5,18.6,22.6,평창
2023-08-12,22.6,25.2,20.2,24.8,포천(동두천)
2023-08-12,26.1,31.4,20.7,29.1,해남
2023-08-13,26.7,31.9,22.6,29.4,논산(부여)
2023-08-13,28.5,32.8,24.9,32.4,무안(목포)
2023-08-13,26.4,31.1,21.7,29.5,상주
2023-08-13,25.1,29.1,23.1,33.9,신안
2023-08-13,29.2,32.6,26.3,32.8,제주
2023-08-13,28.0,33.5,22.9,32.8,창녕(밀양)
2023-08-13,20.9,25.5,18.6,25.3,평창
2023-08-13,25.5,30.6,21.5,27.5,포천(동두천)
2023-08-13,27.3,32.7,22.2,30.1,해남
2023-08-14,27.5,33.8,23.4,30.8,논산(부여)
2023-08-14,28.2,32.2,25.5,31.6,무안(목포)
2023-08-14,27.9,32.4,23.7,32.2,상주
2023-08-14,25.7,30.1,22.7,36.1,신안
2023-08-14,28.9,32.3,26.4,37.2,제주
2023-08-14,28.1,33.1,24.0,33.7,창녕(밀양)
2023-08-14,20.8,26.3,18.0,25.3,평창
2023-08-14,26.7,32.7,22.2,29.8,포천(동두천)
2023-08-14,27.7,33.3,23.4,31.4,해남
2023-08-15,27.9,33.5,23.2,31.0,논산(부여)
2023-08-15,27.5,30.7,25.2,30.4,무안(목포)
2023-08-15,28.3,33.7,23.5,33.3,상주
2023-08-15,26.3,29.7,24.0,35.8,신안
2023-08-15,29.4,32.0,27.0,36.1,제주
2023-08-15,28.8,34.2,24.1,36.0,창녕(밀양)
2023-08-15,19.6,21.3,18.0,23.8,평창
2023-08-15,26.5,30.8,22.6,29.6,포천(동두천)
2023-08-15,27.7,32.5,24.2,31.7,해남
2023-08-16,26.7,32.0,23.2,32.4,논산(부여)
2023-08-16,27.3,31.2,25.1,30.3,무안(목포)
2023-08-16,27.9,32.5,24.2,32.2,상주
2023-08-16,26.1,29.4,23.7,36.9,신안
2023-08-16,29.6,33.0,27.8,36.0,제주
2023-08-16,27.8,32.7,25.4,31.0,창녕(밀양)
2023-08-16,20.3,24.7,18.3,25.0,평창
2023-08-16,25.9,31.3,21.5,29.0,포천(동두천)
2023-08-16,27.5,33.4,23.7,31.6,해남
2023-08-17,26.6,32.6,21.3,32.5,논산(부여)
2023-08-17,27.3,31.3,23.7,31.8,무안(목포)
2023-08-17,25.6,30.0,23.8,28.8,상주
2023-08-17,25.5,29.4,23.2,35.2,신안
2023-08-17,28.3,31.5,26.1,32.1,제주
2023-08-17,27.5,31.1,25.3,32.9,창녕(밀양)
2023-08-17,20.9,25.9,16.8,25.2,평창
2023-08-17,26.5,32.5,22.5,29.3,포천(동두천)
2023-08-17,26.7,33.5,22.2,29.3,해남
2023-08-18,28.0,33.5,23.3,33.2,논산(부여)
2023-08-18,27.9,31.7,24.7,32.3,무안(목포)
2023-08-18,26.1,32.1,23.6,32.2,상주
2023-08-18,25.8,29.1,23.1,35.9,신안
2023-08-18,28.3,31.2,26.1,30.3,제주
2023-08-18,26.7,29.7,24.1,28.4,창녕(밀양)
2023-08-18,21.1,27.9,15.5,27.4,평창
2023-08-18,27.3,33.2,22.7,30.1,포천(동두천)
2023-08-18,26.1,32.4,22.7,27.7,해남
2023-08-19,28.5,32.9,24.6,32.3,논산(부여)
2023-08-19,28.0,32.0,25.2,31.6,무안(목포)
2023-08-19,27.8,32.9,24.2,32.0,상주
2023-08-19,26.1,29.6,22.8,36.4,신안
2023-08-19,29.0,32.1,27.0,31.1,제주
2023-08-19,26.3,30.2,24.2,28.9,창녕(밀양)
2023-08-19,22.5,28.1,18.2,28.5,평창
2023-08-19,27.9,32.9,24.7,31.0,포천(동두천)
2023-08-19,27.2,32.7,23.2,29.3,해남
2023-08-20,28.1,33.9,24.0,34.6,논산(부여)
2023-08-20,28.3,32.6,24.7,32.7,무안(목포)
2023-08-20,27.4,34.1,24.0,32.2,상주
2023-08-20,26.4,30.7,23.9,36.2,신안
2023-08-20,29.6,33.1,26.7,32.0,제주
2023-08-20,28.8,35.0,25.6,31.6,창녕(밀양)
2023-08-20,21.4,25.7,19.0,23.4,평창
2023-08-20,26.5,30.4,23.3,29.7,포천(동두천)
2023-08-20,27.4,33.0,22.5,30.4,해남
2023-08-21,28.4,33.8,24.1,33.4,논산(부여)
2023-08-21,29.1,33.2,26.1,35.2,무안(목포)
2023-08-21,27.4,32.8,23.7,31.8,상주
2023-08-21,25.7,31.3,23.4,29.8,신안
2023-08-21,30.2,33.4,27.0,34.7,제주
2023-08-21,29.0,34.5,24.8,33.2,창녕(밀양)
2023-08-21,23.8,30.3,18.5,26.5,평창
2023-08-21,27.4,32.0,23.2,29.9,포천(동두천)
2023-08-21,28.1,32.7,23.6,31.2,해남
2023-08-22,26.1,32.1,23.8,28.5,논산(부여)
2023-08-22,28.0,32.4,24.9,31.6,무안(목포)
2023-08-22,28.2,33.8,23.7,33.1,상주
2023-08-22,25.2,29.3,22.8,31.7,신안
2023-08-22,29.5,33.2,26.5,29.8,제주
2023-08-22,28.7,34.1,24.5,34.2,창녕(밀양)
2023-08-22,24.7,29.2,21.3,26.5,평창
2023-08-22,25.9,31.1,24.1,29.0,포천(동두천)
2023-08-22,28.5,33.0,25.9,32.5,해남
2023-08-23,25.8,30.4,23.9,28.6,논산(부여)
2023-08-23,24.6,28.3,23.1,25.1,무안(목포)
2023-08-23,28.0,33.4,24.3,32.9,상주
2023-08-23,23.3,25.4,22.2,25.4,신안
2023-08-23,26.8,28.8,25.2,26.5,제주
2023-08-23,28.2,34.5,24.1,31.9,창녕(밀양)
2023-08-23,22.2,27.7,17.3,25.6,평창
2023-08-23,23.4,25.5,21.1,26.1,포천(동두천)
2023-08-23,25.3,29.1,22.4,26.9,해남
2023-08-24,25.8,30.2,23.7,28.7,논산(부여)
2023-08-24,25.6,27.6,23.7,26.9,무안(목포)
2023-08-24,24.6,25.6,24.0,27.3,상주
2023-08-24,25.2,28.2,22.3,29.3,신안
2023-08-24,27.0,29.9,25.5,27.5,제주
2023-08-24,26.2,30.5,23.8,26.7,창녕(밀양)
2023-08-24,19.8,22.7,17.3,22.7,평창
2023-08-24,23.5,27.5,20.7,26.2,포천(동두천)
2023-08-24,25.2,28.6,22.6,26.5,해남
2023-08-25,25.8,31.4,21.5,29.8,논산(부여)
2023-08-25,26.2,29.6,24.0,27.7,무안(목포)
2023-08-25,26.7,31.6,22.4,31.0,상주
2023-08-25,26.0,28.9,23.4,30.9,신안
2023-08-25,28.0,31.8,24.6,29.6,제주
2023-08-25,27.2,32.6,23.4,31.1,창녕(밀양)
2023-08-25,21.8,26.2,17.9,24.4,평창
2023-08-25,25.5,29.7,22.6,29.2,포천(동두천)
2023-08-25,25.3,31.3,20.8,28.1,해남
2023-08-26,24.7,31.0,20.6,28.9,논산(부여)
2023-08-26,25.9,30.2,22.4,28.0,무안(목포)
2023-08-26,25.4,31.4,20.3,30.1,상주
2023-08-26,24.5,27.8,22.4,30.1,신안
2023-08-26,27.2,30.2,23.7,30.7,제주
2023-08-26,27.4,33.6,23.0,30.5,창녕(밀양)
2023-08-26,20.4,26.6,16.7,23.3,평창
2023-08-26,24.1,29.5,20.7,27.4,포천(동두천)
2023-08-26,25.0,32.0,19.3,27.6,해남
2023-08-27,25.8,31.0,20.9,28.4,논산(부여)
2023-08-27,27.0,31.2,22.8,28.9,무안(목포)
2023-08-27,25.5,30.6,20.5,29.9,상주
2023-08-27,24.8,28.2,22.3,29.4,신안
2023-08-27,28.5,32.6,24.4,32.7,제주
2023-08-27,25.3,32.5,22.6,26.7,창녕(밀양)
2023-08-27,18.6,22.8,13.8,22.3,평창
2023-08-27,24.1,28.2,20.0,27.1,포천(동두천)
2023-08-27,26.5,31.8,20.8,29.8,해남
2023-08-28,26.0,30.1,23.5,27.5,논산(부여)
2023-08-28,27.3,30.4,25.2,28.3,무안(목포)
2023-08-28,25.5,28.6,23.1,28.2,상주
2023-08-28,25.8,27.6,23.3,27.2,신안
2023-08-28,29.6,33.7,26.4,36.0,제주
2023-08-28,26.5,31.1,22.1,28.8,창녕(밀양)
2023-08-28,18.4,20.2,16.7,20.6,평창
2023-08-28,21.9,25.2,19.0,23.5,포천(동두천)
2023-08-28,27.0,30.4,24.8,29.5,해남
2023-08-29,24.5,28.4,21.6,26.9,논산(부여)
2023-08-29,25.7,28.3,23.6,27.4,무안(목포)
2023-08-29,25.4,27.7,23.8,28.0,상주
2023-08-29,24.4,26.8,21.4,26.7,신안
2023-08-29,28.0,32.7,25.9,29.9,제주
2023-08-29,25.9,28.9,23.3,27.0,창녕(밀양)
2023-08-29,22.4,25.3,19.2,22.8,평창
2023-08-29,22.8,25.8,21.2,24.6,포천(동두천)
2023-08-29,27.0,31.9,23.9,28.0,해남
2023-08-30,21.7,23.5,20.0,25.3,논산(부여)
2023-08-30,22.0,24.0,20.3,24.2,무안(목포)
2023-08-30,21.9,24.5,20.8,24.6,상주
2023-08-30,21.0,22.9,18.8,23.8,신안
2023-08-30,23.9,26.0,22.1,26.4,제주
2023-08-30,25.2,26.2,24.6,26.0,창녕(밀양)
2023-08-30,18.7,20.8,16.3,20.9,평창
2023-08-30,22.1,26.1,20.1,24.2,포천(동두천)
2023-08-30,22.6,25.9,19.9,26.0,해남
2023-08-31,22.7,28.5,20.2,26.7,논산(부여)
2023-08-31,23.4,26.5,20.4,25.8,무안(목포)
2023-08-31,24.1,28.8,20.5,29.2,상주
2023-08-31,22.6,26.1,20.7,26.0,신안
2023-08-31,24.6,27.8,21.6,28.1,제주
2023-08-31,25.6,29.1,22.6,29.4,창녕(밀양)
2023-08-31,18.3,24.0,13.6,22.4,평창
2023-08-31,22.5,28.3,18.7,26.7,포천(동두천)
2023-08-31,24.1,29.4,20.0,28.4,해남
2023-09-01,23.1,30.3,17.5,27.0,논산(부여)
2023-09-01,24.2,28.7,21.3,25.5,무안(목포)
2023-09-01,23.3,29.6,18.6,27.3,상주
2023-09-01,23.3,26.0,21.0,25.8,신안
2023-09-01,25.0,26.9,23.0,27.2,제주
2023-09-01,24.9,29.9,23.2,27.1,창녕(밀양)
2023-09-01,17.9,26.3,11.1,22.0,평창
2023-09-01,22.0,27.9,16.7,25.3,포천(동두천)
2023-09-01,25.1,30.9,20.1,28.2,해남
2023-09-02,24.5,31.0,17.8,27.7,논산(부여)
2023-09-02,24.9,28.1,22.4,25.9,무안(목포)
2023-09-02,22.6,30.4,17.0,26.9,상주
2023-09-02,23.2,25.7,22.1,25.5,신안
2023-09-02,27.4,31.0,24.6,29.5,제주
2023-09-02,25.4,31.1,23.3,28.3,창녕(밀양)
2023-09-02,17.9,22.7,10.6,21.9,평창
2023-09-02,22.6,29.1,16.6,26.1,포천(동두천)
2023-09-02,25.3,28.9,23.4,27.5,해남
2023-09-03,27.1,32.5,22.1,29.6,논산(부여)
2023-09-03,27.3,31.2,24.3,27.3,무안(목포)
2023-09-03,25.4,31.0,22.2,29.3,상주
2023-09-03,24.6,28.1,22.5,27.6,신안
2023-09-03,28.2,33.3,24.8,32.3,제주
2023-09-03,26.4,33.4,23.0,31.2,창녕(밀양)
2023-09-03,19.2,23.3,17.2,23.1,평창
2023-09-03,24.0,29.0,19.5,26.7,포천(동두천)
2023-09-03,27.1,31.6,23.5,29.2,해남
2023-09-04,27.3,32.0,23.9,29.1,논산(부여)
2023-09-04,26.9,31.2,24.1,28.6,무안(목포)
2023-09-04,26.8,31.7,23.0,30.4,상주
2023-09-04,24.8,29.5,22.4,27.6,신안
2023-09-04,26.7,28.7,24.8,32.7,제주
2023-09-04,-99.0,-99.0,-99.0,-99.0,창녕(밀양)
2023-09-04,19.8,23.6,16.7,22.4,평창
2023-09-04,25.4,30.8,22.5,28.2,포천(동두천)
2023-09-04,26.6,32.6,22.6,29.1,해남
2023-09-05,26.8,31.4,23.3,29.8,논산(부여)
2023-09-05,26.5,30.2,23.7,27.8,무안(목포)
2023-09-05,25.3,30.4,21.7,29.9,상주
2023-09-05,24.2,26.7,22.9,27.4,신안
2023-09-05,26.9,28.9,25.1,33.4,제주
2023-09-05,26.9,31.6,23.4,29.9,창녕(밀양)
2023-09-05,19.8,24.3,15.5,24.1,평창
2023-09-05,26.4,32.0,22.7,30.2,포천(동두천)
2023-09-05,26.1,31.2,22.1,29.1,해남
2023-09-06,26.4,32.5,21.4,30.2,논산(부여)
2023-09-06,26.4,30.8,23.5,29.4,무안(목포)
2023-09-06,24.7,31.0,19.5,29.7,상주
2023-09-06,24.2,27.5,22.4,28.1,신안
2023-09-06,26.9,29.9,24.2,33.8,제주
2023-09-06,26.6,31.4,22.2,33.4,창녕(밀양)
2023-09-06,18.0,22.7,14.1,22.3,평창
2023-09-06,25.3,31.2,21.0,29.1,포천(동두천)
2023-09-06,25.4,32.4,21.9,30.2,해남
2023-09-07,24.9,31.1,19.9,29.5,논산(부여)
2023-09-07,26.0,30.3,22.4,29.2,무안(목포)
2023-09-07,22.6,29.5,17.7,28.6,상주
2023-09-07,24.2,28.7,21.6,28.1,신안
2023-09-07,25.8,28.4,23.8,33.2,제주
2023-09-07,25.2,30.0,21.7,31.4,창녕(밀양)
2023-09-07,16.7,22.1,11.7,21.2,평창
2023-09-07,23.5,30.7,17.2,27.8,포천(동두천)
2023-09-07,24.0,31.2,19.0,28.8,해남
2023-09-08,23.0,30.0,17.6,28.6,논산(부여)
2023-09-08,24.5,28.5,20.8,27.8,무안(목포)
2023-09-08,22.2,29.1,15.8,28.7,상주
2023-09-08,23.8,27.4,21.0,27.1,신안
2023-09-08,25.1,28.0,22.8,32.7,제주
2023-09-08,24.3,30.0,19.6,30.7,창녕(밀양)
2023-09-08,16.5,23.7,10.6,22.3,평창
2023-09-08,22.4,28.9,15.8,27.4,포천(동두천)
2023-09-08,22.8,30.2,16.7,28.2,해남
2023-09-09,23.2,30.5,16.5,27.3,논산(부여)
2023-09-09,24.8,29.1,20.6,27.9,무안(목포)
2023-09-09,22.6,30.0,16.7,29.2,상주
2023-09-09,23.8,26.4,21.2,27.1,신안
2023-09-09,24.9,28.2,21.6,32.7,제주
2023-09-09,23.6,30.7,17.5,30.8,창녕(밀양)
2023-09-09,15.9,23.5,8.0,21.5,평창
2023-09-09,23.7,30.4,17.2,29.1,포천(동두천)
2023-09-09,23.5,30.4,17.0,28.1,해남
2023-09-10,24.2,30.8,18.8,30.7,논산(부여)
2023-09-10,25.3,29.6,22.1,30.0,무안(목포)
2023-09-10,22.9,30.1,16.7,29.5,상주
2023-09-10,23.9,27.8,20.9,27.0,신안
2023-09-10,24.9,28.2,21.5,30.7,제주
2023-09-10,24.3,31.1,17.5,32.3,창녕(밀양)
2023-09-10,16.9,23.3,10.3,23.2,평창
2023-09-10,23.5,29.5,18.8,28.2,포천(동두천)
2023-09-10,24.1,31.1,19.7,28.1,해남
2023-09-11,24.4,30.7,19.4,30.5,논산(부여)
2023-09-11,25.5,29.9,21.7,29.7,무안(목포)
2023-09-11,24.4,30.6,19.0,30.4,상주
2023-09-11,23.8,27.3,21.6,27.5,신안
2023-09-11,25.7,29.3,21.9,32.2,제주
2023-09-11,25.6,32.2,20.5,31.0,창녕(밀양)
2023-09-11,18.5,24.4,14.0,22.9,평창
2023-09-11,23.8,29.3,20.6,28.1,포천(동두천)
2023-09-11,24.7,31.6,19.1,29.8,해남
2023-09-12,24.0,29.9,19.1,29.8,논산(부여)
2023-09-12,25.2,29.1,22.1,28.8,무안(목포)
2023-09-12,25.0,30.5,20.7,29.8,상주
2023-09-12,23.8,27.2,22.0,26.6,신안
2023-09-12,25.8,29.5,22.8,28.9,제주
2023-09-12,25.8,31.1,22.2,30.2,창녕(밀양)
2023-09-12,19.9,26.5,15.5,24.4,평창
2023-09-12,23.3,29.2,18.6,27.0,포천(동두천)
2023-09-12,24.7,31.1,19.5,29.5,해남
2023-09-13,20.5,22.3,19.4,23.6,논산(부여)
2023-09-13,22.6,24.5,20.4,25.2,무안(목포)
2023-09-13,22.8,24.6,21.6,25.7,상주
2023-09-13,20.9,23.2,19.1,23.0,신안
2023-09-13,27.1,32.4,23.5,33.0,제주
2023-09-13,25.1,29.0,22.8,27.8,창녕(밀양)
2023-09-13,16.7,18.6,15.3,19.5,평창
2023-09-13,20.3,23.0,18.1,22.9,포천(동두천)
2023-09-13,24.0,27.7,21.3,27.2,해남
2023-09-14,22.5,26.9,19.7,25.6,논산(부여)
2023-09-14,22.1,23.8,20.5,24.0,무안(목포)
2023-09-14,21.7,24.0,20.6,24.3,상주
2023-09-14,21.3,23.2,20.2,24.2,신안
2023-09-14,24.3,26.0,23.3,25.7,제주
2023-09-14,23.4,25.1,22.1,24.5,창녕(밀양)
2023-09-14,16.6,18.8,15.6,19.2,평창
2023-09-14,21.8,26.3,17.6,23.5,포천(동두천)
2023-09-14,22.3,24.5,20.7,24.8,해남
2023-09-15,22.8,25.4,21.5,25.0,논산(부여)
2023-09-15,24.8,29.0,21.6,25.7,무안(목포)
2023-09-15,21.8,22.7,21.0,24.3,상주
2023-09-15,22.3,24.1,20.7,23.5,신안
2023-09-15,27.4,30.5,23.3,31.0,제주
2023-09-15,24.5,27.2,22.1,26.6,창녕(밀양)
2023-09-15,17.5,18.4,16.2,19.4,평창
2023-09-15,21.5,24.5,18.8,24.0,포천(동두천)
2023-09-15,25.2,30.0,22.4,27.1,해남
2023-09-16,23.4,27.4,22.0,25.1,논산(부여)
2023-09-16,24.3,26.9,22.5,25.5,무안(목포)
2023-09-16,22.9,26.1,21.6,25.1,상주
2023-09-16,22.9,25.4,21.2,24.4,신안
2023-09-16,25.6,27.3,23.6,27.5,제주
2023-09-16,23.7,24.6,23.1,24.5,창녕(밀양)
2023-09-16,19.2,23.2,17.7,21.3,평창
2023-09-16,23.1,27.4,20.8,25.2,포천(동두천)
2023-09-16,23.9,25.8,22.4,24.8,해남
2023-09-17,24.7,28.7,21.7,27.8,논산(부여)
2023-09-17,24.9,28.5,22.6,28.0,무안(목포)
2023-09-17,24.6,28.7,22.2,27.4,상주
2023-09-17,23.1,26.4,21.1,25.7,신안
2023-09-17,24.3,26.9,22.2,26.0,제주
2023-09-17,24.4,27.9,21.7,25.6,창녕(밀양)
2023-09-17,19.7,24.7,18.2,22.2,평창
2023-09-17,23.6,27.7,20.8,26.1,포천(동두천)
2023-09-17,25.2,30.6,22.6,27.9,해남
2023-09-18,24.1,29.9,20.6,26.7,논산(부여)
2023-09-18,25.0,28.5,22.4,27.7,무안(목포)
2023-09-18,25.1,31.2,21.3,28.2,상주
2023-09-18,23.9,27.8,21.5,25.8,신안
2023-09-18,25.7,29.2,22.6,27.6,제주
2023-09-18,25.9,31.8,22.3,29.0,창녕(밀양)
2023-09-18,20.6,25.2,17.9,22.3,평창
2023-09-18,23.5,28.5,20.2,26.2,포천(동두천)
2023-09-18,24.6,31.0,20.5,27.0,해남
2023-09-19,22.9,27.9,19.7,26.7,논산(부여)
2023-09-19,24.3,27.9,22.0,26.9,무안(목포)
2023-09-19,23.9,28.2,20.1,26.7,상주
2023-09-19,23.2,26.6,21.5,25.9,신안
2023-09-19,25.9,29.4,22.6,26.7,제주
2023-09-19,25.1,30.7,21.3,27.5,창녕(밀양)
2023-09-19,19.4,24.4,15.6,20.4,평창
2023-09-19,22.8,27.0,19.5,24.4,포천(동두천)
2023-09-19,22.9,29.0,18.9,26.0,해남
2023-09-20,21.2,22.6,19.8,22.8,논산(부여)
2023-09-20,24.6,27.4,22.0,24.3,무안(목포)
2023-09-20,20.7,22.1,19.6,22.9,상주
2023-09-20,23.1,25.3,21.3,24.2,신안
2023-09-20,27.5,31.7,24.0,27.1,제주
2023-09-20,22.9,25.9,19.9,23.5,창녕(밀양)
2023-09-20,16.1,18.2,13.8,18.1,평창
2023-09-20,19.8,22.2,17.7,22.6,포천(동두천)
2023-09-20,24.9,28.3,19.6,24.9,해남
2023-09-21,19.3,22.8,15.8,22.8,논산(부여)
2023-09-21,20.9,24.1,19.4,22.0,무안(목포)
2023-09-21,19.2,20.7,18.2,22.4,상주
2023-09-21,20.8,23.4,19.1,23.0,신안
2023-09-21,24.0,26.2,22.8,26.2,제주
2023-09-21,21.0,24.3,18.6,22.6,창녕(밀양)
2023-09-21,12.5,16.2,9.0,16.5,평창
2023-09-21,18.2,22.0,14.1,21.3,포천(동두천)
2023-09-21,21.4,25.1,19.0,23.2,해남
2023-09-22,18.6,25.6,14.1,22.4,논산(부여)
2023-09-22,20.7,24.7,17.5,23.6,무안(목포)
2023-09-22,19.9,25.7,15.8,24.3,상주
2023-09-22,20.5,23.7,18.3,22.7,신안
2023-09-22,23.9,25.5,22.6,26.1,제주
2023-09-22,21.5,26.9,17.1,25.3,창녕(밀양)
2023-09-22,12.5,20.0,6.4,17.7,평창
2023-09-22,17.7,25.4,12.5,22.0,포천(동두천)
2023-09-22,20.1,26.8,15.4,24.1,해남
2023-09-23,19.4,25.8,13.7,21.5,논산(부여)
2023-09-23,21.4,25.1,18.0,23.0,무안(목포)
2023-09-23,19.0,25.4,13.5,22.7,상주
2023-09-23,21.4,23.8,19.4,22.5,신안
2023-09-23,24.4,26.7,22.8,26.3,제주
2023-09-23,20.9,26.5,16.5,23.8,창녕(밀양)
2023-09-23,13.4,18.9,6.4,16.1,평창
2023-09-23,19.6,26.2,13.3,22.0,포천(동두천)
2023-09-23,19.8,26.3,14.6,22.8,해남
2023-09-24,20.9,26.0,16.6,22.4,논산(부여)
2023-09-24,22.3,27.4,17.7,25.0,무안(목포)
2023-09-24,19.4,25.7,13.8,22.9,상주
2023-09-24,21.8,23.7,19.6,22.9,신안
2023-09-24,24.2,26.2,23.0,26.5,제주
2023-09-24,22.3,27.0,19.5,24.6,창녕(밀양)
2023-09-24,13.6,16.7,11.5,17.1,평창
2023-09-24,19.5,25.4,13.4,21.6,포천(동두천)
2023-09-24,22.0,26.8,15.6,23.9,해남
2023-09-25,21.4,26.1,18.3,23.3,논산(부여)
2023-09-25,23.3,27.5,19.9,27.2,무안(목포)
2023-09-25,20.8,26.4,16.7,24.3,상주
2023-09-25,21.8,24.5,20.5,23.2,신안
2023-09-25,25.1,27.5,22.9,29.2,제주
2023-09-25,22.9,27.6,19.6,25.0,창녕(밀양)
2023-09-25,15.2,18.9,11.8,18.7,평창
2023-09-25,19.7,26.3,14.9,22.7,포천(동두천)
2023-09-25,23.3,28.2,19.6,25.2,해남
2023-09-26,21.5,23.7,19.8,22.6,논산(부여)
2023-09-26,24.2,26.4,22.6,26.4,무안(목포)
2023-09-26,19.7,20.2,19.0,21.9,상주
2023-09-26,23.3,26.2,21.4,24.2,신안
2023-09-26,26.0,29.3,23.0,30.6,제주
2023-09-26,22.1,24.7,20.6,23.4,창녕(밀양)
2023-09-26,16.2,17.7,14.8,18.3,평창
2023-09-26,19.4,21.2,17.3,21.5,포천(동두천)
2023-09-26,24.5,28.7,22.0,26.7,해남
2023-09-27,22.3,24.8,19.8,24.7,논산(부여)
2023-09-27,23.2,25.7,22.1,26.1,무안(목포)
2023-09-27,22.0,26.5,20.0,24.4,상주
2023-09-27,22.3,25.5,21.0,24.4,신안
2023-09-27,25.8,28.6,23.5,31.6,제주
2023-09-27,24.3,28.6,21.6,27.8,창녕(밀양)
2023-09-27,17.0,18.1,16.3,19.2,평창
2023-09-27,20.5,23.6,18.7,22.3,포천(동두천)
2023-09-27,23.4,28.2,21.2,25.4,해남
2023-09-28,22.0,27.9,16.8,25.1,논산(부여)
2023-09-28,23.0,25.9,21.1,27.8,무안(목포)
2023-09-28,22.6,27.2,19.1,25.5,상주
2023-09-28,22.0,25.2,19.7,24.6,신안
2023-09-28,25.3,28.5,23.3,30.7,제주
2023-09-28,23.6,29.4,19.0,28.4,창녕(밀양)
2023-09-28,18.1,22.7,15.1,19.1,평창
2023-09-28,21.2,26.5,17.8,24.2,포천(동두천)
2023-09-28,23.0,28.0,19.4,26.4,해남
2023-09-29,19.3,25.1,16.4,23.0,논산(부여)
2023-09-29,21.7,25.5,18.8,24.9,무안(목포)
2023-09-29,20.7,25.8,16.6,23.6,상주
2023-09-29,21.1,24.7,19.1,23.4,신안
2023-09-29,24.0,27.6,21.1,30.1,제주
2023-09-29,22.1,29.7,16.7,27.0,창녕(밀양)
2023-09-29,15.2,21.2,12.0,18.2,평창
2023-09-29,18.9,25.6,14.8,22.6,포천(동두천)
2023-09-29,21.7,28.4,15.8,25.6,해남
2023-09-30,18.4,24.3,14.9,22.0,논산(부여)
2023-09-30,18.9,21.3,15.6,21.3,무안(목포)
2023-09-30,19.3,24.8,14.8,22.2,상주
2023-09-30,18.7,21.1,15.3,21.7,신안
2023-09-30,20.9,23.5,18.2,22.2,제주
2023-09-30,19.4,24.0,16.0,23.9,창녕(밀양)
2023-09-30,14.2,19.2,11.8,16.7,평창
2023-09-30,17.9,22.2,14.3,20.8,포천(동두천)
2023-09-30,18.9,23.2,16.1,22.8,해남
2023-10-01,17.2,24.0,11.6,21.0,논산(부여)
2023-10-01,19.9,22.6,16.8,21.8,무안(목포)
2023-10-01,18.1,24.0,12.6,21.6,상주
2023-10-01,19.7,22.0,18.0,20.8,신안
2023-10-01,22.6,26.0,19.9,25.6,제주
2023-10-01,18.5,25.3,12.8,23.4,창녕(밀양)
2023-10-01,11.7,18.1,5.3,14.4,평창
2023-10-01,15.9,23.6,10.3,20.4,포천(동두천)
2023-10-01,20.4,24.9,15.1,22.4,해남
2023-10-02,15.9,24.7,9.5,20.1,논산(부여)
2023-10-02,19.5,23.8,15.9,21.8,무안(목포)
2023-10-02,16.2,24.3,10.0,20.2,상주
2023-10-02,19.5,22.0,17.8,20.3,신안
2023-10-02,21.8,24.9,19.0,25.6,제주
2023-10-02,17.1,25.2,11.2,21.9,창녕(밀양)
2023-10-02,9.3,18.3,2.0,13.4,평창
2023-10-02,15.4,23.2,8.6,19.5,포천(동두천)
2023-10-02,18.1,25.2,12.1,22.9,해남
2023-10-03,15.4,20.6,11.3,18.2,논산(부여)
2023-10-03,18.1,20.0,16.5,18.4,무안(목포)
2023-10-03,13.6,17.7,9.8,16.6,상주
2023-10-03,19.1,20.4,17.6,20.0,신안
2023-10-03,21.7,23.4,20.4,22.8,제주
2023-10-03,16.6,21.3,12.1,18.9,창녕(밀양)
2023-10-03,9.5,16.5,2.7,11.9,평창
2023-10-03,15.2,22.7,10.6,18.5,포천(동두천)
2023-10-03,17.5,21.4,13.1,19.5,해남
2023-10-04,17.7,24.9,11.1,21.2,논산(부여)
2023-10-04,19.2,23.3,15.0,22.8,무안(목포)
2023-10-04,17.0,24.7,9.6,20.5,상주
2023-10-04,19.7,23.2,17.1,20.9,신안
2023-10-04,22.2,25.5,19.2,26.4,제주
2023-10-04,19.2,25.4,15.0,23.8,창녕(밀양)
2023-10-04,12.7,19.2,5.9,13.9,평창
2023-10-04,14.8,22.1,10.8,16.4,포천(동두천)
2023-10-04,18.4,24.8,11.4,22.4,해남
2023-10-05,15.1,20.5,9.9,18.5,논산(부여)
2023-10-05,17.5,20.3,16.4,21.3,무안(목포)
2023-10-05,15.3,19.7,12.0,18.5,상주
2023-10-05,17.4,19.5,16.3,18.3,신안
2023-10-05,20.1,22.8,17.4,25.6,제주
2023-10-05,16.4,21.9,11.3,22.3,창녕(밀양)
2023-10-05,8.7,15.0,3.0,12.8,평창
2023-10-05,13.2,18.5,8.5,16.4,포천(동두천)
2023-10-05,17.5,20.9,14.0,21.9,해남
2023-10-06,14.7,22.1,8.6,19.1,논산(부여)
2023-10-06,17.1,19.7,14.9,19.6,무안(목포)
2023-10-06,15.2,22.0,9.1,19.3,상주
2023-10-06,17.7,20.0,16.4,18.8,신안
2023-10-06,19.1,21.8,16.9,22.4,제주
2023-10-06,16.2,23.2,9.4,22.3,창녕(밀양)
2023-10-06,7.4,17.3,-0.7,12.9,평창
2023-10-06,12.6,19.5,5.9,16.1,포천(동두천)
2023-10-06,16.8,20.7,12.1,19.9,해남
2023-10-07,15.6,20.5,9.9,18.2,논산(부여)
2023-10-07,17.9,20.7,15.7,19.4,무안(목포)
2023-10-07,15.5,20.3,9.6,18.6,상주
2023-10-07,18.0,21.3,14.9,19.1,신안
2023-10-07,18.9,21.0,17.7,20.4,제주
2023-10-07,17.7,23.2,12.8,20.4,창녕(밀양)
2023-10-07,8.8,15.2,1.7,11.8,평창
2023-10-07,14.3,21.5,8.0,16.3,포천(동두천)
2023-10-07,16.2,20.3,13.3,19.0,해남
2023-10-08,17.5,21.1,15.3,18.9,논산(부여)
2023-10-08,18.1,21.9,15.3,20.6,무안(목포)
2023-10-08,16.8,21.7,13.6,20.2,상주
2023-10-08,17.7,19.5,14.9,19.1,신안
2023-10-08,20.1,22.9,17.9,20.4,제주
2023-10-08,18.2,22.7,15.4,21.1,창녕(밀양)
2023-10-08,10.1,12.8,6.6,11.9,평창
2023-10-08,15.4,20.8,11.6,15.9,포천(동두천)
2023-10-08,18.2,22.7,15.0,20.2,해남
2023-10-09,17.5,23.5,13.3,20.4,논산(부여)
2023-10-09,19.0,22.5,16.2,23.6,무안(목포)
2023-10-09,16.5,22.5,11.0,19.2,상주
2023-10-09,18.8,21.8,17.5,20.1,신안
2023-10-09,20.9,23.6,18.6,21.4,제주
2023-10-09,18.9,22.1,16.3,19.6,창녕(밀양)
2023-10-09,10.3,16.4,5.0,13.9,평창
2023-10-09,15.6,21.9,11.5,19.1,포천(동두천)
2023-10-09,18.2,24.1,12.8,20.4,해남
2023-10-10,15.6,22.8,11.0,19.2,논산(부여)
2023-10-10,17.9,20.7,15.7,21.1,무안(목포)
2023-10-10,17.1,23.5,13.1,20.8,상주
2023-10-10,18.1,21.2,16.1,19.1,신안
2023-10-10,20.5,23.4,18.8,21.1,제주
2023-10-10,17.8,23.9,12.5,23.1,창녕(밀양)
2023-10-10,9.3,15.8,5.3,12.0,평창
2023-10-10,14.4,22.6,9.6,18.9,포천(동두천)
2023-10-10,17.9,23.1,13.4,20.4,해남
2023-10-11,16.0,24.4,10.6,19.6,논산(부여)
2023-10-11,18.7,24.1,14.3,23.1,무안(목포)
2023-10-11,14.9,22.6,9.5,18.8,상주
2023-10-11,18.3,22.0,16.0,19.1,신안
2023-10-11,20.5,23.3,17.9,22.1,제주
2023-10-11,16.8,24.1,10.8,22.9,창녕(밀양)
2023-10-11,8.5,16.8,2.0,11.6,평창
2023-10-11,15.0,23.3,9.1,18.1,포천(동두천)
2023-10-11,16.7,24.9,9.7,20.1,해남
2023-10-12,16.0,24.1,9.7,19.3,논산(부여)
2023-10-12,18.8,24.1,14.1,23.3,무안(목포)
2023-10-12,14.7,23.3,8.1,18.7,상주
2023-10-12,18.5,21.6,16.5,19.3,신안
2023-10-12,20.1,23.8,16.9,21.9,제주
2023-10-12,16.2,24.0,8.1,21.6,창녕(밀양)
2023-10-12,9.2,17.7,1.5,12.4,평창
2023-10-12,15.3,23.5,8.9,18.4,포천(동두천)
2023-10-12,16.7,24.6,10.0,20.8,해남
2023-10-13,15.8,23.0,11.6,18.7,논산(부여)
2023-10-13,18.5,22.1,15.0,21.4,무안(목포)
2023-10-13,16.0,23.3,10.6,19.5,상주
2023-10-13,18.3,20.9,16.9,19.6,신안
2023-10-13,20.3,23.0,18.2,22.7,제주
2023-10-13,17.6,24.1,12.0,21.5,창녕(밀양)
2023-10-13,10.7,18.9,5.6,13.7,평창
2023-10-13,15.5,21.7,11.1,18.2,포천(동두천)
2023-10-13,17.3,23.7,12.3,20.8,해남
2023-10-14,14.7,22.3,10.7,18.4,논산(부여)
2023-10-14,17.9,21.8,14.7,21.1,무안(목포)
2023-10-14,14.5,21.7,9.8,19.0,상주
2023-10-14,18.4,22.2,15.1,18.9,신안
2023-10-14,20.7,24.4,17.5,22.7,제주
2023-10-14,16.6,24.4,12.0,21.8,창녕(밀양)
2023-10-14,9.4,15.6,4.9,11.7,평창
2023-10-14,12.3,16.1,9.6,14.5,포천(동두천)
2023-10-14,16.9,23.6,11.3,21.4,해남
2023-10-15,14.6,22.7,10.7,18.4,논산(부여)
2023-10-15,18.4,21.6,16.3,18.6,무안(목포)
2023-10-15,16.3,21.5,11.8,17.4,상주
2023-10-15,18.4,21.2,16.8,18.4,신안
2023-10-15,20.1,23.4,17.6,19.2,제주
2023-10-15,16.0,24.0,11.5,21.4,창녕(밀양)
2023-10-15,10.5,15.3,5.3,12.7,평창
2023-10-15,13.5,20.4,8.6,15.4,포천(동두천)
2023-10-15,15.9,22.7,9.9,18.5,해남
2023-10-16,13.0,21.3,7.0,17.8,논산(부여)
2023-10-16,17.0,19.2,14.2,19.7,무안(목포)
2023-10-16,15.7,21.0,11.3,18.0,상주
2023-10-16,16.8,19.0,15.3,17.5,신안
2023-10-16,18.9,22.9,16.5,19.2,제주
2023-10-16,15.1,22.8,8.7,20.9,창녕(밀양)
2023-10-16,9.4,15.1,2.5,11.5,평창
2023-10-16,12.7,19.7,7.0,15.9,포천(동두천)
2023-10-16,15.2,21.2,9.1,19.2,해남
2023-10-17,11.9,21.6,4.2,16.8,논산(부여)
2023-10-17,16.2,19.7,13.8,18.8,무안(목포)
2023-10-17,13.6,21.2,6.6,16.0,상주
2023-10-17,16.7,19.9,14.5,17.3,신안
2023-10-17,18.3,22.7,15.1,20.7,제주
2023-10-17,13.8,23.0,6.6,20.6,창녕(밀양)
2023-10-17,6.7,16.6,-1.7,9.9,평창
2023-10-17,10.9,20.3,3.4,14.0,포천(동두천)
2023-10-17,14.5,21.8,7.8,18.7,해남
2023-10-18,13.1,23.1,6.5,17.3,논산(부여)
2023-10-18,16.6,22.1,10.5,18.4,무안(목포)
2023-10-18,14.0,24.2,5.0,17.4,상주
2023-10-18,17.6,22.2,13.9,17.2,신안
2023-10-18,18.3,22.4,13.7,20.6,제주
2023-10-18,14.7,24.2,5.9,20.5,창녕(밀양)
2023-10-18,10.2,19.5,-0.9,10.8,평창
2023-10-18,13.9,20.9,5.3,15.3,포천(동두천)
2023-10-18,13.8,24.0,5.0,18.1,해남
2023-10-19,14.7,19.4,10.3,16.5,논산(부여)
2023-10-19,18.2,23.0,14.8,19.5,무안(목포)
2023-10-19,15.1,20.4,9.8,17.8,상주
2023-10-19,18.9,23.7,14.8,19.7,신안
2023-10-19,21.4,26.1,16.4,23.7,제주
2023-10-19,16.3,23.5,9.6,20.7,창녕(밀양)
2023-10-19,11.0,12.8,9.5,11.2,평창
2023-10-19,16.1,20.1,13.6,17.6,포천(동두천)
2023-10-19,17.8,24.8,10.3,20.9,해남
2023-10-20,12.4,17.3,5.5,15.9,논산(부여)
2023-10-20,14.3,17.1,12.3,16.4,무안(목포)
2023-10-20,12.8,17.1,8.5,16.3,상주
2023-10-20,14.4,17.6,12.4,15.8,신안
2023-10-20,16.8,20.8,15.1,17.3,제주
2023-10-20,13.6,19.1,9.2,17.5,창녕(밀양)
2023-10-20,6.9,10.6,1.7,8.8,평창
2023-10-20,10.8,15.5,5.4,12.9,포천(동두천)
2023-10-20,14.7,18.7,12.7,19.3,해남
2023-10-21,9.2,19.6,2.6,13.2,논산(부여)
2023-10-21,14.9,17.9,11.0,14.9,무안(목포)
2023-10-21,11.0,17.5,3.2,13.7,상주
2023-10-21,15.7,18.3,13.5,15.8,신안
2023-10-21,17.4,20.2,15.0,17.4,제주
2023-10-21,12.0,18.9,6.7,16.4,창녕(밀양)
2023-10-21,3.3,9.6,-1.1,5.7,평창
2023-10-21,8.4,16.5,2.4,9.8,포천(동두천)
2023-10-21,13.6,20.1,6.3,15.8,해남
2023-10-22,10.7,19.0,3.1,13.8,논산(부여)
2023-10-22,15.7,19.6,11.3,17.4,무안(목포)
2023-10-22,12.9,19.6,6.5,14.1,상주
2023-10-22,16.4,20.5,13.6,16.9,신안
2023-10-22,17.4,21.8,13.4,18.4,제주
2023-10-22,11.5,19.0,4.3,14.2,창녕(밀양)
2023-10-22,7.2,14.2,-1.3,7.0,평창
2023-10-22,9.9,18.2,1.5,10.0,포천(동두천)
2023-10-22,12.6,20.3,4.9,15.5,해남
2023-10-23,12.6,21.2,7.2,15.7,논산(부여)
2023-10-23,15.9,21.2,11.4,17.9,무안(목포)
2023-10-23,13.2,21.5,7.0,16.9,상주
2023-10-23,16.6,22.3,14.1,16.1,신안
2023-10-23,17.2,21.9,13.7,18.8,제주
2023-10-23,13.0,22.1,6.1,18.1,창녕(밀양)
2023-10-23,8.6,16.5,2.0,9.8,평창
2023-10-23,12.6,20.3,7.3,13.3,포천(동두천)
2023-10-23,12.8,22.1,5.8,17.2,해남
2023-10-24,13.6,21.8,8.0,16.7,논산(부여)
2023-10-24,16.2,21.1,11.0,16.4,무안(목포)
2023-10-24,13.3,22.2,6.5,16.6,상주
2023-10-24,16.8,21.6,14.3,17.2,신안
2023-10-24,17.7,22.1,13.3,19.8,제주
2023-10-24,13.3,22.2,7.3,15.7,창녕(밀양)
2023-10-24,9.5,17.2,2.9,9.9,평창
2023-10-24,13.8,20.6,7.8,15.2,포천(동두천)
2023-10-24,13.9,22.9,5.7,17.7,해남
2023-10-25,14.7,22.6,9.5,16.8,논산(부여)
2023-10-25,17.6,22.7,12.6,18.4,무안(목포)
2023-10-25,14.8,23.5,8.0,17.2,상주
2023-10-25,18.4,22.1,16.2,18.9,신안
2023-10-25,19.8,25.1,16.1,23.4,제주
2023-10-25,14.6,24.1,7.3,19.3,창녕(밀양)
2023-10-25,10.8,19.3,2.7,10.9,평창
2023-10-25,14.9,21.6,11.0,16.1,포천(동두천)
2023-10-25,15.4,24.5,7.9,19.0,해남
2023-10-26,16.5,22.4,11.6,18.4,논산(부여)
2023-10-26,18.4,22.8,15.3,21.4,무안(목포)
2023-10-26,16.0,23.2,9.1,17.4,상주
2023-10-26,18.9,23.0,16.6,20.3,신안
2023-10-26,20.4,24.8,16.5,22.1,제주
2023-10-26,14.9,24.0,7.8,18.9,창녕(밀양)
2023-10-26,11.4,16.7,7.0,12.0,평창
2023-10-26,14.7,19.4,11.5,15.6,포천(동두천)
2023-10-26,16.6,23.9,10.5,20.3,해남
2023-10-27,13.7,20.9,8.3,16.2,논산(부여)
2023-10-27,15.5,17.3,13.4,17.4,무안(목포)
2023-10-27,15.2,20.2,9.6,16.8,상주
2023-10-27,16.1,17.8,15.0,16.7,신안
2023-10-27,18.3,21.1,14.8,21.3,제주
2023-10-27,14.4,20.8,9.3,17.4,창녕(밀양)
2023-10-27,6.4,8.5,3.2,8.1,평창
2023-10-27,13.5,19.3,8.8,15.5,포천(동두천)
2023-10-27,14.9,19.3,8.1,19.1,해남
2023-10-28,12.8,22.0,7.6,16.0,논산(부여)
2023-10-28,15.5,19.5,11.7,16.1,무안(목포)
2023-10-28,11.6,20.9,6.8,15.3,상주
2023-10-28,17.1,20.3,14.2,18.0,신안
2023-10-28,17.2,21.7,13.8,20.3,제주
2023-10-28,13.8,21.7,8.1,17.3,창녕(밀양)
2023-10-28,6.0,12.7,1.2,9.2,평창
2023-10-28,11.4,20.0,5.7,12.7,포천(동두천)
2023-10-28,13.4,21.2,5.2,17.5,해남
2023-10-29,13.2,21.6,6.6,15.4,논산(부여)
2023-10-29,16.4,21.5,11.5,18.0,무안(목포)
2023-10-29,11.2,19.9,4.9,14.5,상주
2023-10-29,16.6,21.8,13.9,17.7,신안
2023-10-29,17.9,22.5,14.2,20.1,제주
2023-10-29,13.1,21.1,7.3,15.9,창녕(밀양)
2023-10-29,6.1,16.1,-0.5,9.8,평창
2023-10-29,11.9,20.5,5.0,12.4,포천(동두천)
2023-10-29,13.6,22.1,6.7,15.3,해남
2023-10-30,13.4,22.0,7.5,16.0,논산(부여)
2023-10-30,16.2,21.1,11.9,17.0,무안(목포)
2023-10-30,12.5,22.3,5.1,14.8,상주
2023-10-30,16.9,21.6,14.2,17.4,신안
2023-10-30,18.2,22.7,14.6,19.8,제주
2023-10-30,14.1,22.8,8.8,19.2,창녕(밀양)
2023-10-30,8.1,19.0,-0.8,8.5,평창
2023-10-30,12.7,21.3,6.1,12.9,포천(동두천)
2023-10-30,13.8,23.1,6.6,17.7,해남
2023-10-31,14.5,22.0,10.5,16.9,논산(부여)
2023-10-31,16.1,21.3,11.0,16.3,무안(목포)
2023-10-31,13.5,23.6,6.1,14.7,상주
2023-10-31,17.0,21.4,13.8,17.7,신안
2023-10-31,17.7,23.5,13.4,19.1,제주
2023-10-31,13.4,24.3,5.8,18.1,창녕(밀양)
2023-10-31,10.1,18.2,0.2,8.1,평창
2023-10-31,14.8,20.7,8.8,14.8,포천(동두천)
2023-10-31,12.9,23.1,5.2,16.8,해남
2023-11-01,18.5,23.5,12.7,18.9,논산(부여)
2023-11-01,18.9,22.9,15.0,19.9,무안(목포)
2023-11-01,14.4,23.2,6.5,16.0,상주
2023-11-01,20.0,23.4,16.2,19.2,신안
2023-11-01,20.0,28.4,14.2,19.4,제주
2023-11-01,15.0,24.3,6.1,18.0,창녕(밀양)
2023-11-01,13.5,15.3,9.6,11.3,평창
2023-11-01,18.2,20.2,15.6,16.6,포천(동두천)
2023-11-01,18.1,24.1,9.1,19.3,해남
2023-11-02,17.8,25.7,12.5,18.3,논산(부여)
2023-11-02,19.9,25.3,17.2,20.6,무안(목포)
2023-11-02,15.7,27.5,9.1,16.8,상주
2023-11-02,19.7,24.0,17.0,19.4,신안
2023-11-02,19.8,24.4,15.5,19.9,제주
2023-11-02,16.7,27.4,11.2,20.1,창녕(밀양)
2023-11-02,16.6,21.6,13.6,14.0,평창
2023-11-02,19.9,25.7,17.0,17.9,포천(동두천)
2023-11-02,19.9,25.4,14.5,22.5,해남
2023-11-03,18.3,24.2,11.8,18.0,논산(부여)
2023-11-03,20.3,25.0,16.6,20.8,무안(목포)
2023-11-03,16.6,25.7,7.5,16.7,상주
2023-11-03,19.3,23.9,16.9,20.0,신안
2023-11-03,21.2,26.4,16.6,21.1,제주
2023-11-03,17.3,26.5,9.8,20.5,창녕(밀양)
2023-11-03,14.8,19.6,12.3,12.4,평창
2023-11-03,18.0,20.8,14.3,17.1,포천(동두천)
2023-11-03,18.6,25.6,11.5,20.4,해남
2023-11-04,18.7,21.1,16.0,18.6,논산(부여)
2023-11-04,21.1,24.8,17.9,21.8,무안(목포)
2023-11-04,16.9,20.3,14.8,17.2,상주
2023-11-04,19.0,22.6,17.5,22.2,신안
2023-11-04,22.3,25.4,19.1,23.7,제주
2023-11-04,18.2,24.7,12.8,19.4,창녕(밀양)
2023-11-04,10.5,12.3,9.6,11.6,평창
2023-11-04,15.7,22.0,10.8,15.9,포천(동두천)
2023-11-04,20.0,25.6,15.5,20.0,해남
2023-11-05,19.4,25.3,16.2,18.4,논산(부여)
2023-11-05,21.1,23.0,19.8,20.3,무안(목포)
2023-11-05,18.2,23.2,15.5,18.9,상주
2023-11-05,19.3,21.1,18.1,19.0,신안
2023-11-05,23.6,26.0,21.9,22.1,제주
2023-11-05,19.9,25.0,15.3,19.5,창녕(밀양)
2023-11-05,13.8,17.6,10.8,13.9,평창
2023-11-05,16.5,20.3,13.8,16.2,포천(동두천)
2023-11-05,21.5,23.5,19.8,19.8,해남
2023-11-06,16.1,20.9,11.1,17.4,논산(부여)
2023-11-06,16.5,22.5,12.6,17.3,무안(목포)
2023-11-06,16.2,19.6,10.8,17.2,상주
2023-11-06,15.9,20.5,12.1,16.8,신안
2023-11-06,19.0,25.8,15.7,17.8,제주
2023-11-06,18.7,23.1,13.0,18.8,창녕(밀양)
2023-11-06,10.5,17.2,1.7,11.2,평창
2023-11-06,12.5,18.8,6.5,14.7,포천(동두천)
2023-11-06,16.9,23.6,12.8,17.5,해남
2023-11-07,8.9,13.5,2.6,12.9,논산(부여)
2023-11-07,11.5,13.6,8.0,13.2,무안(목포)
2023-11-07,9.3,13.3,5.0,10.7,상주
2023-11-07,12.7,14.9,11.0,13.7,신안
2023-11-07,14.9,17.7,13.7,14.0,제주
2023-11-07,11.7,17.4,5.2,14.5,창녕(밀양)
2023-11-07,1.8,7.0,-2.3,3.5,평창
2023-11-07,4.2,9.4,0.6,9.0,포천(동두천)
2023-11-07,12.0,15.5,7.6,14.0,해남
2023-11-08,7.4,17.1,0.6,11.0,논산(부여)
2023-11-08,11.7,17.6,5.6,12.5,무안(목포)
2023-11-08,6.8,15.2,-0.5,8.4,상주
2023-11-08,12.9,16.6,10.6,14.6,신안
2023-11-08,15.6,21.0,10.4,15.5,제주
2023-11-08,10.0,19.9,2.1,12.8,창녕(밀양)
2023-11-08,2.9,12.6,-4.6,4.1,평창
2023-11-08,6.4,16.0,-1.2,7.9,포천(동두천)
2023-11-08,10.7,19.4,1.2,13.3,해남
2023-11-09,10.9,17.6,3.0,12.4,논산(부여)
2023-11-09,16.1,21.2,10.6,15.6,무안(목포)
2023-11-09,10.1,16.8,1.3,10.6,상주
2023-11-09,15.9,19.4,12.9,15.6,신안
2023-11-09,18.5,21.8,14.0,17.3,제주
2023-11-09,14.2,21.7,6.5,15.2,창녕(밀양)
2023-11-09,9.1,14.9,-0.3,7.6,평창
2023-11-09,9.4,17.4,2.2,9.2,포천(동두천)
2023-11-09,16.4,21.7,8.8,16.0,해남
2023-11-10,6.1,11.5,0.1,10.4,논산(부여)
2023-11-10,9.0,14.1,5.2,10.7,무안(목포)
2023-11-10,7.8,12.6,2.4,9.9,상주
2023-11-10,9.5,13.2,8.2,10.9,신안
2023-11-10,12.9,17.7,10.3,14.0,제주
2023-11-10,11.7,16.9,4.1,13.5,창녕(밀양)
2023-11-10,3.7,10.3,-3.6,5.4,평창
2023-11-10,2.4,8.1,-1.3,6.6,포천(동두천)
2023-11-10,9.5,15.2,5.5,12.7,해남
2023-11-11,2.2,6.7,-1.9,7.0,논산(부여)
2023-11-11,6.6,9.0,2.4,9.1,무안(목포)
2023-11-11,3.5,7.9,0.0,4.9,상주
2023-11-11,8.8,10.3,7.9,9.7,신안
2023-11-11,11.0,13.4,9.3,10.0,제주
2023-11-11,7.2,13.6,1.8,10.2,창녕(밀양)
2023-11-11,-1.4,5.2,-6.1,0.8,평창
2023-11-11,0.5,6.5,-3.7,3.9,포천(동두천)
2023-11-11,7.0,10.4,3.1,10.6,해남
2023-11-12,1.9,6.8,-1.7,5.7,논산(부여)
2023-11-12,7.1,9.1,5.0,8.9,무안(목포)
2023-11-12,2.8,6.9,-1.0,3.8,상주
2023-11-12,7.5,9.0,5.0,8.7,신안
2023-11-12,10.2,11.4,8.6,9.5,제주
2023-11-12,5.4,10.6,1.6,8.1,창녕(밀양)
2023-11-12,-3.3,2.2,-8.2,-0.3,평창
2023-11-12,-0.1,5.8,-4.5,3.0,포천(동두천)
2023-11-12,7.3,9.6,5.1,9.3,해남
2023-11-13,2.1,10.0,-3.8,5.8,논산(부여)
2023-11-13,6.4,8.4,2.3,7.4,무안(목포)
2023-11-13,3.5,8.6,-1.0,3.3,상주
2023-11-13,7.8,9.0,4.9,7.9,신안
2023-11-13,9.5,10.7,7.1,9.3,제주
2023-11-13,4.8,11.8,-0.4,7.5,창녕(밀양)
2023-11-13,-2.5,4.0,-9.2,-0.9,평창
2023-11-13,0.3,7.6,-5.5,2.7,포천(동두천)
2023-11-13,6.6,10.2,2.3,9.2,해남
2023-11-14,6.2,12.5,-1.4,8.3,논산(부여)
2023-11-14,9.1,11.3,7.6,11.3,무안(목포)
2023-11-14,5.8,12.3,2.2,5.5,상주
2023-11-14,10.5,13.3,8.6,9.7,신안
2023-11-14,11.6,12.8,9.8,10.0,제주
2023-11-14,5.3,13.8,-2.0,8.1,창녕(밀양)
2023-11-14,0.1,6.5,-5.4,0.1,평창
2023-11-14,2.7,11.0,-4.1,3.5,포천(동두천)
2023-11-14,8.2,12.6,4.2,11.5,해남
2023-11-15,7.8,14.6,2.6,10.0,논산(부여)
2023-11-15,9.7,13.9,6.3,10.9,무안(목포)
2023-11-15,5.6,14.4,-0.5,6.0,상주
2023-11-15,11.5,14.4,9.7,11.9,신안
2023-11-15,12.9,16.6,9.7,12.6,제주
2023-11-15,6.8,15.4,0.0,9.1,창녕(밀양)
2023-11-15,0.8,10.0,-5.7,1.3,평창
2023-11-15,4.6,12.4,-1.7,4.7,포천(동두천)
2023-11-15,7.2,15.2,0.1,9.6,해남
2023-11-16,5.3,7.5,2.5,7.5,논산(부여)
2023-11-16,8.6,10.3,6.8,8.3,무안(목포)
2023-11-16,3.8,6.3,1.3,5.7,상주
2023-11-16,10.5,12.3,9.0,10.1,신안
2023-11-16,12.0,17.2,9.3,10.6,제주
2023-11-16,6.2,10.7,1.7,6.7,창녕(밀양)
2023-11-16,1.3,4.1,-3.8,1.3,평창
2023-11-16,5.0,6.7,2.5,6.0,포천(동두천)
2023-11-16,7.6,11.4,2.9,8.9,해남
2023-11-17,2.4,6.8,-0.2,6.6,논산(부여)
2023-11-17,5.9,9.4,2.4,7.7,무안(목포)
2023-11-17,3.9,8.5,-0.3,5.2,상주
2023-11-17,6.9,11.5,3.6,7.6,신안
2023-11-17,10.0,13.4,7.6,8.3,제주
2023-11-17,6.0,11.3,1.6,7.8,창녕(밀양)
2023-11-17,-1.8,2.4,-7.5,0.1,평창
2023-11-17,0.6,5.3,-3.2,4.1,포천(동두천)
2023-11-17,6.0,9.7,2.3,8.1,해남
2023-11-18,2.7,9.2,-3.5,7.0,논산(부여)
2023-11-18,6.3,8.5,1.2,5.9,무안(목포)
2023-11-18,2.1,6.1,-2.8,3.0,상주
2023-11-18,7.1,8.7,2.9,6.6,신안
2023-11-18,8.8,10.7,5.8,7.5,제주
2023-11-18,4.0,9.9,-0.6,6.5,창녕(밀양)
2023-11-18,-5.3,-0.7,-10.0,-3.0,평창
2023-11-18,-0.5,5.8,-5.1,1.5,포천(동두천)
2023-11-18,6.0,9.0,1.3,6.4,해남
2023-11-19,7.5,14.9,-0.1,7.7,논산(부여)
2023-11-19,11.4,14.9,8.0,12.3,무안(목포)
2023-11-19,8.8,13.3,3.0,6.2,상주
2023-11-19,12.4,15.8,7.9,10.6,신안
2023-11-19,13.6,17.0,9.9,11.2,제주
2023-11-19,6.9,15.0,-1.2,7.9,창녕(밀양)
2023-11-19,1.9,5.5,-4.7,-0.2,평창
2023-11-19,5.1,13.4,-2.8,3.5,포천(동두천)
2023-11-19,10.3,15.6,2.2,10.2,해남
2023-11-20,5.1,14.0,-0.7,7.0,논산(부여)
2023-11-20,8.9,12.4,6.0,12.1,무안(목포)
2023-11-20,7.2,14.2,1.2,6.2,상주
2023-11-20,10.5,13.4,8.6,10.7,신안
2023-11-20,12.3,15.7,8.8,11.4,제주
2023-11-20,6.4,15.6,0.7,8.3,창녕(밀양)
2023-11-20,1.8,9.6,-5.4,1.1,평창
2023-11-20,4.0,12.7,-1.7,3.4,포천(동두천)
2023-11-20,8.0,14.7,1.0,9.9,해남
2023-11-21,4.4,14.8,-2.4,6.2,논산(부여)
2023-11-21,9.0,14.4,3.6,9.4,무안(목포)
2023-11-21,5.4,16.7,-2.8,4.9,상주
2023-11-21,11.1,15.5,8.7,10.0,신안
2023-11-21,12.5,18.1,8.0,10.7,제주
2023-11-21,6.3,17.0,-0.6,7.8,창녕(밀양)
2023-11-21,4.6,13.1,-2.9,1.1,평창
2023-11-21,5.3,15.4,-2.0,3.8,포천(동두천)
2023-11-21,6.5,16.3,-0.4,8.6,해남
2023-11-22,6.9,14.9,-1.8,7.2,논산(부여)
2023-11-22,12.8,18.6,6.4,12.5,무안(목포)
2023-11-22,7.2,17.5,-1.6,5.9,상주
2023-11-22,14.4,18.3,9.7,13.5,신안
2023-11-22,14.7,20.2,9.6,12.2,제주
2023-11-22,9.0,19.0,0.7,9.6,창녕(밀양)
2023-11-22,6.7,13.8,-0.4,2.3,평창
2023-11-22,8.0,15.3,-0.6,6.1,포천(동두천)
2023-11-22,11.3,18.9,1.6,10.5,해남
2023-11-23,11.5,18.1,6.4,10.4,논산(부여)
2023-11-23,13.4,17.8,7.6,13.7,무안(목포)
2023-11-23,11.7,19.3,6.0,10.3,상주
2023-11-23,13.4,17.5,7.8,13.7,신안
2023-11-23,17.3,22.2,12.1,15.6,제주
2023-11-23,14.1,21.6,7.3,12.1,창녕(밀양)
2023-11-23,7.5,12.0,-0.7,6.0,평창
2023-11-23,8.7,15.4,-0.5,8.8,포천(동두천)
2023-11-23,14.1,19.0,8.6,13.9,해남
2023-11-24,2.3,6.4,-1.4,5.1,논산(부여)
2023-11-24,4.9,8.2,3.1,6.5,무안(목포)
2023-11-24,1.5,6.0,-2.2,3.7,상주
2023-11-24,6.0,9.2,4.3,7.1,신안
2023-11-24,8.6,12.1,6.2,9.0,제주
2023-11-24,5.1,11.6,0.3,7.0,창녕(밀양)
2023-11-24,-5.3,-0.7,-8.9,-2.5,평창
2023-11-24,-2.1,2.9,-5.7,1.6,포천(동두천)
2023-11-24,5.3,8.5,3.0,8.0,해남
2023-11-25,-0.6,5.5,-5.2,2.7,논산(부여)
2023-11-25,1.9,4.1,-0.3,5.7,무안(목포)
2023-11-25,-0.4,6.0,-4.8,2.0,상주
2023-11-25,4.6,5.5,2.9,5.9,신안
2023-11-25,6.3,9.7,4.9,8.9,제주
2023-11-25,1.9,8.9,-2.9,4.0,창녕(밀양)
2023-11-25,-5.5,1.5,-11.6,-3.0,평창
2023-11-25,-2.9,3.6,-8.4,-0.1,포천(동두천)
2023-11-25,2.2,7.0,-2.8,6.8,해남
2023-11-26,4.2,9.5,-2.4,5.0,논산(부여)
2023-11-26,4.9,10.0,-0.5,6.4,무안(목포)
2023-11-26,4.0,10.5,-3.6,4.3,상주
2023-11-26,8.0,10.2,4.5,8.4,신안
2023-11-26,8.9,13.8,4.6,10.3,제주
2023-11-26,5.5,12.0,-2.2,5.3,창녕(밀양)
2023-11-26,-0.8,5.6,-5.4,0.0,평창
2023-11-26,2.5,7.9,-1.8,3.3,포천(동두천)
2023-11-26,3.4,11.7,-3.8,6.6,해남
2023-11-27,6.6,12.8,4.3,8.2,논산(부여)
2023-11-27,9.8,13.1,6.6,8.3,무안(목포)
2023-11-27,5.1,8.6,2.9,6.2,상주
2023-11-27,11.5,14.1,9.9,10.3,신안
2023-11-27,13.1,16.3,8.2,11.7,제주
2023-11-27,8.2,15.1,3.8,8.5,창녕(밀양)
2023-11-27,1.1,2.5,-3.8,0.1,평창
2023-11-27,5.1,7.9,2.7,5.5,포천(동두천)
2023-11-27,9.7,15.5,4.0,9.4,해남
2023-11-28,3.4,8.2,-0.7,4.6,논산(부여)
2023-11-28,7.0,9.6,4.4,7.8,무안(목포)
2023-11-28,4.2,7.4,1.1,5.0,상주
2023-11-28,8.5,10.5,6.7,8.9,신안
2023-11-28,10.7,13.4,7.3,10.4,제주
2023-11-28,6.5,11.2,-0.2,6.6,창녕(밀양)
2023-11-28,-2.8,1.0,-5.4,-1.7,평창
2023-11-28,0.0,4.0,-3.3,1.9,포천(동두천)
2023-11-28,6.2,10.4,0.2,8.3,해남
2023-11-29,3.2,7.4,-0.5,4.7,논산(부여)
2023-11-29,6.0,9.1,2.5,7.1,무안(목포)
2023-11-29,2.7,7.4,-1.8,4.2,상주
2023-11-29,8.4,11.3,5.7,8.3,신안
2023-11-29,11.2,13.9,8.0,11.1,제주
2023-11-29,4.4,8.7,-1.7,4.2,창녕(밀양)
2023-11-29,-4.9,-0.3,-8.4,-2.3,평창
2023-11-29,-3.6,-0.6,-6.0,-1.0,포천(동두천)
2023-11-29,5.6,10.8,-0.7,7.3,해남
2023-11-30,-0.8,3.3,-3.9,2.8,논산(부여)
2023-11-30,1.5,4.9,-0.2,4.3,무안(목포)
2023-11-30,-2.1,1.1,-5.1,1.3,상주
2023-11-30,4.2,5.8,2.3,5.5,신안
2023-11-30,6.6,9.1,5.5,7.5,제주
2023-11-30,1.4,5.8,-1.6,3.3,창녕(밀양)
2023-11-30,-9.6,-5.0,-13.2,-1.3,평창
2023-11-30,-5.3,-0.4,-8.4,-2.3,포천(동두천)
2023-11-30,2.6,5.7,1.1,6.5,해남
2023-12-01,-0.7,4.5,-4.0,2.8,논산(부여)
2023-12-01,1.8,3.8,-0.1,5.1,무안(목포)
2023-12-01,-0.7,4.0,-4.1,1.1,상주
2023-12-01,4.8,6.7,2.9,5.5,신안
2023-12-01,7.1,8.5,5.3,6.1,제주
2023-12-01,1.6,7.1,-4.3,2.7,창녕(밀양)
2023-12-01,-7.6,-1.9,-12.0,-2.0,평창
2023-12-01,-4.9,1.7,-10.2,-2.3,포천(동두천)
2023-12-01,2.1,6.1,-0.4,6.7,해남
2023-12-02,2.6,9.4,-2.4,4.5,논산(부여)
2023-12-02,5.3,9.0,0.3,5.1,무안(목포)
2023-12-02,2.8,7.8,-2.8,2.3,상주
2023-12-02,8.0,9.7,5.9,7.2,신안
2023-12-02,9.1,10.8,7.0,7.4,제주
2023-12-02,2.9,10.1,-5.0,3.9,창녕(밀양)
2023-12-02,-3.4,1.1,-11.2,-2.0,평창
2023-12-02,0.3,7.5,-8.0,-0.2,포천(동두천)
2023-12-02,3.8,8.7,-2.6,5.1,해남
2023-12-03,1.9,8.6,-3.6,4.1,논산(부여)
2023-12-03,6.2,8.9,2.8,6.8,무안(목포)
2023-12-03,3.2,8.3,-2.2,3.1,상주
2023-12-03,7.8,10.0,5.0,8.7,신안
2023-12-03,10.1,12.9,6.3,9.2,제주
2023-12-03,3.4,11.9,-2.0,4.1,창녕(밀양)
2023-12-03,-2.8,3.8,-8.9,-2.5,평창
2023-12-03,-0.7,5.9,-5.0,0.4,포천(동두천)
2023-12-03,5.8,10.5,-2.3,7.6,해남
2023-12-04,1.2,9.5,-5.4,3.6,논산(부여)
2023-12-04,5.1,8.6,-0.3,4.9,무안(목포)
2023-12-04,2.0,10.3,-5.5,2.4,상주
2023-12-04,7.8,10.8,4.9,6.6,신안
2023-12-04,8.5,13.1,4.5,7.3,제주
2023-12-04,3.0,12.2,-4.2,2.8,창녕(밀양)
2023-12-04,-1.6,5.0,-6.6,-2.8,평창
2023-12-04,1.3,8.9,-6.5,0.4,포천(동두천)
2023-12-04,2.7,10.9,-4.7,5.1,해남
2023-12-05,3.4,12.9,-2.6,3.8,논산(부여)
2023-12-05,8.7,14.5,3.9,8.1,무안(목포)
2023-12-05,2.8,11.0,-2.8,2.8,상주
2023-12-05,10.6,15.2,7.7,9.3,신안
2023-12-05,11.7,18.6,7.6,10.2,제주
2023-12-05,4.9,14.4,-1.0,5.2,창녕(밀양)
2023-12-05,-2.0,8.8,-8.9,-2.4,평창
2023-12-05,6.2,12.6,2.4,4.3,포천(동두천)
2023-12-05,5.4,15.6,-2.0,7.0,해남
2023-12-06,5.6,13.0,-1.2,4.8,논산(부여)
2023-12-06,10.0,15.3,6.1,9.0,무안(목포)
2023-12-06,3.5,9.1,-2.8,3.5,상주
2023-12-06,11.9,15.0,9.4,9.8,신안
2023-12-06,13.6,21.0,8.9,10.5,제주
2023-12-06,6.4,13.3,-2.9,4.3,창녕(밀양)
2023-12-06,1.8,6.0,-5.4,-0.2,평창
2023-12-06,5.4,8.8,2.0,3.4,포천(동두천)
2023-12-06,8.8,15.8,-0.4,7.8,해남
2023-12-07,5.6,12.4,-1.4,4.6,논산(부여)
2023-12-07,9.4,13.3,6.0,8.7,무안(목포)
2023-12-07,6.1,12.2,0.6,4.8,상주
2023-12-07,11.0,14.6,7.7,8.9,신안
2023-12-07,12.0,17.1,8.5,10.4,제주
2023-12-07,7.2,13.0,0.8,6.2,창녕(밀양)
2023-12-07,0.8,3.2,-3.3,-0.6,평창
2023-12-07,5.4,11.7,-1.9,2.9,포천(동두천)
2023-12-07,8.0,13.8,2.6,8.0,해남
2023-12-08,9.7,19.5,-1.1,7.3,논산(부여)
2023-12-08,14.4,19.0,8.0,11.7,무안(목포)
2023-12-08,4.4,12.8,-2.5,4.1,상주
2023-12-08,15.2,17.5,12.5,12.8,신안
2023-12-08,13.9,22.2,8.2,10.8,제주
2023-12-08,9.5,18.7,-0.6,7.6,창녕(밀양)
2023-12-08,7.1,11.6,0.2,1.5,평창
2023-12-08,11.7,16.1,5.5,6.4,포천(동두천)
2023-12-08,14.7,19.7,3.2,11.0,해남
2023-12-09,14.0,19.8,7.5,11.2,논산(부여)
2023-12-09,16.0,19.2,13.2,13.6,무안(목포)
2023-12-09,7.9,17.6,0.6,5.7,상주
2023-12-09,15.0,19.0,13.4,13.8,신안
2023-12-09,15.8,21.4,11.4,13.4,제주
2023-12-09,11.1,19.3,5.6,8.9,창녕(밀양)
2023-12-09,8.8,12.8,4.3,5.4,평창
2023-12-09,13.0,16.3,9.0,11.1,포천(동두천)
2023-12-09,15.3,21.0,9.7,13.5,해남
2023-12-10,14.1,19.6,11.2,13.4,논산(부여)
2023-12-10,13.6,18.6,10.3,13.2,무안(목포)
2023-12-10,10.1,16.3,3.4,7.8,상주
2023-12-10,12.1,13.4,11.1,13.0,신안
2023-12-10,17.0,23.1,13.3,15.1,제주
2023-12-10,11.6,19.3,3.9,10.5,창녕(밀양)
2023-12-10,5.2,7.8,0.8,4.3,평창
2023-12-10,8.2,13.8,1.5,6.3,포천(동두천)
2023-12-10,14.8,20.3,8.8,13.6,해남
2023-12-11,12.2,14.3,10.3,11.6,논산(부여)
2023-12-11,13.5,14.6,11.1,13.1,무안(목포)
2023-12-11,10.9,12.1,9.5,9.7,상주
2023-12-11,12.6,15.5,9.5,12.5,신안
2023-12-11,17.0,21.2,14.8,16.4,제주
2023-12-11,11.9,14.0,9.7,10.1,창녕(밀양)
2023-12-11,3.4,5.8,-0.7,4.0,평창
2023-12-11,6.1,10.3,2.4,6.4,포천(동두천)
2023-12-11,14.4,15.5,12.5,13.7,해남
2023-12-12,8.4,11.2,6.6,9.9,논산(부여)
2023-12-12,8.5,11.5,7.7,10.3,무안(목포)
2023-12-12,8.2,10.3,6.7,9.2,상주
2023-12-12,8.5,9.6,7.7,9.5,신안
2023-12-12,11.3,14.8,10.6,12.0,제주
2023-12-12,10.1,13.9,9.1,9.1,창녕(밀양)
2023-12-12,-0.9,0.9,-2.3,0.6,평창
2023-12-12,3.4,8.8,-0.5,5.1,포천(동두천)
2023-12-12,9.0,12.5,8.2,11.1,해남
2023-12-13,9.9,13.8,6.7,10.1,논산(부여)
2023-12-13,10.9,14.5,6.9,11.4,무안(목포)
2023-12-13,7.4,11.8,4.3,8.5,상주
2023-12-13,11.2,12.9,8.8,11.5,신안
2023-12-13,14.0,18.7,10.9,13.9,제주
2023-12-13,8.5,14.6,2.3,6.9,창녕(밀양)
2023-12-13,0.9,5.7,-3.8,0.7,평창
2023-12-13,5.0,11.1,-1.7,4.5,포천(동두천)
2023-12-13,11.1,15.8,6.1,11.8,해남
2023-12-14,10.1,11.7,9.2,10.0,논산(부여)
2023-12-14,12.3,13.2,11.2,11.6,무안(목포)
2023-12-14,7.6,8.6,6.3,8.1,상주
2023-12-14,13.0,15.3,11.4,12.0,신안
2023-12-14,16.5,17.6,14.3,15.0,제주
2023-12-14,8.8,10.2,6.6,8.2,창녕(밀양)
2023-12-14,2.0,3.5,0.6,1.9,평창
2023-12-14,5.6,7.0,4.6,5.8,포천(동두천)
2023-12-14,12.8,17.2,11.0,11.8,해남
2023-12-15,9.7,12.9,6.3,10.3,논산(부여)
2023-12-15,10.9,17.0,6.0,11.9,무안(목포)
2023-12-15,8.7,10.1,6.6,9.1,상주
2023-12-15,10.3,16.7,5.0,11.8,신안
2023-12-15,15.3,20.8,10.1,14.9,제주
2023-12-15,11.7,17.7,8.5,10.6,창녕(밀양)
2023-12-15,-1.4,0.6,-1.9,0.4,평창
2023-12-15,3.1,5.0,2.4,4.8,포천(동두천)
2023-12-15,12.3,18.4,7.1,13.3,해남
2023-12-16,-1.0,6.3,-5.3,3.5,논산(부여)
2023-12-16,0.8,6.0,-2.3,3.9,무안(목포)
2023-12-16,-0.6,6.6,-6.7,4.5,상주
2023-12-16,1.7,5.2,-1.2,4.4,신안
2023-12-16,5.8,10.0,2.4,6.5,제주
2023-12-16,3.7,9.1,-2.2,5.7,창녕(밀양)
2023-12-16,-8.1,-0.5,-15.4,0.2,평창
2023-12-16,-5.0,2.7,-11.7,0.2,포천(동두천)
2023-12-16,1.7,7.1,-1.7,5.4,해남
2023-12-17,-7.3,-3.9,-10.4,2.0,논산(부여)
2023-12-17,-3.5,-1.2,-5.2,2.4,무안(목포)
2023-12-17,-7.3,-4.0,-9.7,0.1,상주
2023-12-17,0.4,1.8,-0.8,2.5,신안
2023-12-17,2.7,3.9,1.6,3.1,제주
2023-12-17,-3.5,0.2,-6.0,0.3,창녕(밀양)
2023-12-17,-15.0,-11.7,-17.8,-1.0,평창
2023-12-17,-11.0,-6.1,-14.2,-5.3,포천(동두천)
2023-12-17,-2.8,-1.1,-5.5,3.8,해남
2023-12-18,-5.4,-2.2,-10.0,-0.1,논산(부여)
2023-12-18,-2.4,-0.1,-6.2,2.6,무안(목포)
2023-12-18,-4.9,0.2,-9.7,-0.5,상주
2023-12-18,0.1,1.4,-0.8,3.1,신안
2023-12-18,3.7,5.0,2.3,4.7,제주
2023-12-18,-1.5,2.1,-6.2,-0.7,창녕(밀양)
2023-12-18,-12.5,-7.7,-17.3,-3.1,평창
2023-12-18,-9.8,-4.6,-14.7,-4.6,포천(동두천)
2023-12-18,-1.6,1.8,-6.5,4.4,해남
2023-12-19,-2.1,1.0,-6.2,1.0,논산(부여)
2023-12-19,1.8,4.5,-1.8,4.5,무안(목포)
2023-12-19,-1.8,2.3,-6.2,0.1,상주
2023-12-19,3.3,5.5,0.4,3.8,신안
2023-12-19,5.9,7.5,3.0,6.0,제주
2023-12-19,1.4,6.3,-2.0,2.6,창녕(밀양)
2023-12-19,-7.7,-1.4,-13.7,-3.3,평창
2023-12-19,-5.3,-0.7,-10.2,-2.4,포천(동두천)
2023-12-19,1.4,5.3,-1.3,5.1,해남
2023-12-20,-3.8,-0.4,-8.2,0.4,논산(부여)
2023-12-20,-0.4,4.6,-3.6,2.2,무안(목포)
2023-12-20,-4.4,-0.3,-8.9,-0.2,상주
2023-12-20,0.4,4.9,-2.8,2.2,신안
2023-12-20,4.7,7.6,2.0,4.4,제주
2023-12-20,-1.2,2.5,-5.5,-0.2,창녕(밀양)
2023-12-20,-11.3,-7.4,-16.3,-2.6,평창
2023-12-20,-8.6,-4.0,-13.4,-4.2,포천(동두천)
2023-12-20,0.4,4.6,-3.0,3.6,해남
2023-12-21,-8.2,-4.0,-10.4,-2.0,논산(부여)
2023-12-21,-5.2,-1.6,-7.0,1.3,무안(목포)
2023-12-21,-8.8,-5.1,-11.4,-1.8,상주
2023-12-21,-1.8,-0.7,-3.6,1.7,신안
2023-12-21,1.3,3.4,-0.4,2.0,제주
2023-12-21,-5.3,-0.9,-8.4,-2.7,창녕(밀양)
2023-12-21,-16.3,-11.9,-19.4,-6.7,평창
2023-12-21,-12.8,-7.9,-15.9,-7.4,포천(동두천)
2023-12-21,-4.4,-2.5,-6.3,3.3,해남
2023-12-22,-8.6,-4.1,-13.0,-2.4,논산(부여)
2023-12-22,-5.6,-2.7,-8.4,1.7,무안(목포)
2023-12-22,-8.6,-5.3,-11.9,-2.8,상주
2023-12-22,-0.1,1.4,-2.7,2.5,신안
2023-12-22,1.6,2.5,-0.6,1.5,제주
2023-12-22,-5.5,-0.9,-9.8,-3.3,창녕(밀양)
2023-12-22,-16.4,-11.4,-20.4,-8.7,평창
2023-12-22,-12.8,-7.8,-16.3,-7.8,포천(동두천)
2023-12-22,-5.4,-1.8,-9.3,3.4,해남
2023-12-23,-5.3,0.7,-11.8,-1.0,논산(부여)
2023-12-23,-1.9,1.8,-5.8,2.6,무안(목포)
2023-12-23,-4.6,1.6,-9.4,-2.3,상주
2023-12-23,2.0,3.8,-0.7,2.5,신안
2023-12-23,3.6,4.8,2.4,3.0,제주
2023-12-23,-3.1,3.0,-8.7,-2.6,창녕(밀양)
2023-12-23,-12.2,-6.0,-17.7,-8.5,평창
2023-12-23,-9.5,-2.1,-16.0,-6.3,포천(동두천)
2023-12-23,-1.0,4.2,-7.0,4.5,해남
2023-12-24,-2.3,1.5,-5.1,-0.2,논산(부여)
2023-12-24,1.1,2.7,-0.7,3.2,무안(목포)
2023-12-24,-2.7,2.9,-5.6,-1.1,상주
2023-12-24,3.4,4.7,1.8,2.9,신안
2023-12-24,5.4,7.1,3.3,3.8,제주
2023-12-24,-0.6,6.4,-4.4,0.4,창녕(밀양)
2023-12-24,-9.3,-3.9,-16.7,-7.1,평창
2023-12-24,-4.4,1.6,-9.9,-2.9,포천(동두천)
2023-12-24,1.3,4.6,0.0,5.3,해남
2023-12-25,-0.9,3.3,-2.9,0.4,논산(부여)
2023-12-25,2.7,4.1,0.9,3.3,무안(목포)
2023-12-25,-0.2,3.4,-3.5,-0.7,상주
2023-12-25,4.0,6.1,2.8,3.9,신안
2023-12-25,6.5,7.5,5.3,4.9,제주
2023-12-25,-0.9,6.4,-5.8,0.1,창녕(밀양)
2023-12-25,-5.9,-2.8,-7.7,-4.0,평창
2023-12-25,-2.5,2.0,-6.0,-1.6,포천(동두천)
2023-12-25,1.9,6.2,-2.7,4.2,해남
2023-12-26,0.8,8.0,-2.6,3.0,논산(부여)
2023-12-26,3.7,8.0,-0.5,3.9,무안(목포)
2023-12-26,2.7,6.8,-1.7,-0.1,상주
2023-12-26,7.4,10.9,3.9,5.7,신안
2023-12-26,8.3,10.8,5.2,6.2,제주
2023-12-26,0.3,9.1,-6.3,0.4,창녕(밀양)
2023-12-26,-3.9,-0.9,-7.1,-3.1,평창
2023-12-26,-0.2,6.5,-5.5,-1.0,포천(동두천)
2023-12-26,2.8,9.3,-3.8,4.1,해남
2023-12-27,1.5,8.2,-2.1,3.1,논산(부여)
2023-12-27,5.1,9.1,2.2,5.8,무안(목포)
2023-12-27,1.4,7.6,-2.3,-0.2,상주
2023-12-27,7.6,11.1,5.7,6.5,신안
2023-12-27,9.6,13.5,7.1,8.4,제주
2023-12-27,3.4,11.9,-1.3,2.8,창녕(밀양)
2023-12-27,-6.4,2.3,-13.2,-5.2,평창
2023-12-27,-1.4,7.3,-6.9,-1.6,포천(동두천)
2023-12-27,4.3,10.8,-1.3,5.4,해남
2023-12-28,0.1,5.6,-3.0,2.0,논산(부여)
2023-12-28,4.0,7.1,1.5,5.3,무안(목포)
2023-12-28,0.8,6.7,-4.7,-0.2,상주
2023-12-28,7.2,9.9,5.2,6.9,신안
2023-12-28,9.7,13.9,7.0,8.6,제주
2023-12-28,2.7,11.9,-3.7,2.1,창녕(밀양)
2023-12-28,-3.6,1.0,-8.5,-5.0,평창
2023-12-28,-1.2,4.2,-5.6,-1.5,포천(동두천)
2023-12-28,4.1,11.1,-1.5,5.3,해남
2023-12-29,1.5,6.5,-1.9,2.6,논산(부여)
2023-12-29,3.9,7.2,1.0,4.6,무안(목포)
2023-12-29,1.3,7.3,-4.2,-0.1,상주
2023-12-29,6.9,9.4,5.3,6.9,신안
2023-12-29,8.5,10.9,7.2,8.5,제주
2023-12-29,2.3,10.3,-3.8,1.6,창녕(밀양)
2023-12-29,-4.1,2.7,-10.2,-5.2,평창
2023-12-29,0.1,4.6,-3.3,-0.2,포천(동두천)
2023-12-29,1.8,8.6,-3.4,3.9,해남
2023-12-30,0.8,3.5,-3.6,1.5,논산(부여)
2023-12-30,5.2,8.9,0.7,5.1,무안(목포)
2023-12-30,0.4,3.2,-3.2,-0.1,상주
2023-12-30,8.1,11.2,5.0,6.7,신안
2023-12-30,11.2,16.5,5.5,9.0,제주
2023-12-30,3.5,11.0,-3.7,2.6,창녕(밀양)
2023-12-30,-3.3,-0.9,-7.9,-4.1,평창
2023-12-30,-0.6,1.0,-3.1,-0.9,포천(동두천)
2023-12-30,4.8,11.4,-3.5,4.7,해남
2023-12-31,4.8,6.9,2.6,4.7,논산(부여)
2023-12-31,6.7,9.4,5.1,6.1,무안(목포)
2023-12-31,2.5,6.0,0.0,1.0,상주
2023-12-31,7.1,10.3,6.2,6.5,신안
2023-12-31,10.1,14.4,8.4,8.4,제주
2023-12-31,5.6,10.8,0.8,5.1,창녕(밀양)
2023-12-31,-1.1,0.5,-2.5,-1.9,평창
2023-12-31,1.3,5.6,-1.5,-0.2,포천(동두천)
2023-12-31,7.2,10.6,5.6,6.7,해남
2024-01-01,3.8,8.3,-0.7,4.6,논산(부여)
2024-01-01,5.6,9.5,2.9,6.9,무안(목포)
2024-01-01,2.7,8.3,-1.7,1.9,상주
2024-01-01,6.9,7.9,6.0,6.8,신안
2024-01-01,8.5,11.3,6.4,7.5,제주
2024-01-01,4.2,11.3,-2.0,2.6,창녕(밀양)
2024-01-01,-1.2,0.2,-2.8,-1.4,평창
2024-01-01,1.5,6.0,-2.8,-0.3,포천(동두천)
2024-01-01,4.6,9.5,-1.6,6.0,해남
2024-01-02,4.3,7.2,2.0,5.2,논산(부여)
2024-01-02,5.4,7.4,3.6,5.5,무안(목포)
2024-01-02,4.8,7.9,2.5,3.6,상주
2024-01-02,7.0,8.9,5.2,7.1,신안
2024-01-02,9.9,13.9,6.9,8.8,제주
2024-01-02,6.1,11.5,2.9,6.3,창녕(밀양)
2024-01-02,-1.6,-0.4,-3.5,-1.2,평창
2024-01-02,1.9,5.6,0.4,0.0,포천(동두천)
2024-01-02,4.3,8.8,-1.0,5.8,해남
2024-01-03,2.3,6.5,-2.2,4.3,논산(부여)
2024-01-03,4.9,7.5,3.2,6.1,무안(목포)
2024-01-03,2.9,5.9,1.1,3.5,상주
2024-01-03,5.8,8.3,3.8,6.1,신안
2024-01-03,8.4,9.9,7.2,7.3,제주
2024-01-03,4.8,8.0,0.3,4.4,창녕(밀양)
2024-01-03,-3.5,-0.5,-9.2,-1.2,평창
2024-01-03,0.7,3.5,-2.6,0.4,포천(동두천)
2024-01-03,5.1,8.2,2.9,6.2,해남
2024-01-04,0.4,7.1,-5.0,1.6,논산(부여)
2024-01-04,4.6,8.7,0.4,4.9,무안(목포)
2024-01-04,1.2,6.5,-2.3,1.9,상주
2024-01-04,7.0,10.0,4.3,6.1,신안
2024-01-04,8.2,11.7,5.6,7.3,제주
2024-01-04,1.6,9.5,-3.6,1.7,창녕(밀양)
2024-01-04,-4.5,-0.5,-10.9,-1.6,평창
2024-01-04,-0.2,4.0,-5.7,-0.5,포천(동두천)
2024-01-04,2.0,9.4,-3.9,4.3,해남
2024-01-05,4.3,10.7,0.4,5.0,논산(부여)
2024-01-05,7.8,12.2,4.0,7.2,무안(목포)
2024-01-05,4.2,9.6,-3.0,2.4,상주
2024-01-05,9.4,12.2,7.5,8.4,신안
2024-01-05,10.5,15.5,4.1,7.6,제주
2024-01-05,2.6,12.5,-4.6,0.9,창녕(밀양)
2024-01-05,0.4,2.2,-1.9,-1.1,평창
2024-01-05,3.9,9.4,-1.3,1.4,포천(동두천)
2024-01-05,5.1,13.7,-2.0,5.9,해남
2024-01-06,0.8,7.2,-5.0,2.7,논산(부여)
2024-01-06,4.0,6.2,2.3,5.2,무안(목포)
2024-01-06,2.7,6.6,0.1,2.2,상주
2024-01-06,6.4,8.8,5.3,6.8,신안
2024-01-06,9.4,11.9,7.5,9.6,제주
2024-01-06,1.9,10.4,-2.9,0.7,창녕(밀양)
2024-01-06,-3.6,-0.4,-6.2,-1.5,평창
2024-01-06,-0.8,4.8,-5.5,0.0,포천(동두천)
2024-01-06,4.0,8.5,-2.4,5.0,해남
2024-01-07,-1.3,2.7,-6.3,-0.4,논산(부여)
2024-01-07,1.6,4.1,-0.4,3.7,무안(목포)
2024-01-07,-1.7,0.8,-5.1,0.4,상주
2024-01-07,3.2,5.4,1.5,3.7,신안
2024-01-07,6.1,8.1,4.5,6.0,제주
2024-01-07,-0.6,4.3,-5.3,-0.3,창녕(밀양)
2024-01-07,-9.2,-5.9,-15.9,-2.2,평창
2024-01-07,-5.0,-1.5,-9.2,-1.3,포천(동두천)
2024-01-07,2.2,4.6,-2.6,3.9,해남
2024-01-08,-3.7,2.4,-9.4,-1.2,논산(부여)
2024-01-08,-0.4,2.3,-3.6,3.0,무안(목포)
2024-01-08,-2.9,2.7,-7.9,-0.6,상주
2024-01-08,2.6,5.4,0.9,4.1,신안
2024-01-08,4.6,7.4,2.8,6.4,제주
2024-01-08,-2.7,5.5,-8.3,-1.9,창녕(밀양)
2024-01-08,-10.1,-2.8,-18.7,-3.6,평창
2024-01-08,-6.0,-0.3,-12.4,-2.6,포천(동두천)
2024-01-08,-1.3,4.5,-6.1,2.9,해남
2024-01-09,1.2,6.7,-3.9,2.8,논산(부여)
2024-01-09,2.8,5.9,-1.3,3.4,무안(목포)
2024-01-09,-0.7,1.4,-3.3,-0.2,상주
2024-01-09,6.7,9.5,2.7,5.8,신안
2024-01-09,8.8,11.7,3.2,6.9,제주
2024-01-09,-1.1,4.1,-6.6,-1.4,창녕(밀양)
2024-01-09,-3.8,-0.9,-8.4,-2.6,평창
2024-01-09,-2.2,-0.5,-3.8,-0.9,포천(동두천)
2024-01-09,2.4,7.7,-4.8,3.8,해남
2024-01-10,-0.2,2.8,-3.6,2.7,논산(부여)
2024-01-10,2.3,4.3,-0.3,4.2,무안(목포)
2024-01-10,0.5,6.5,-3.0,0.7,상주
2024-01-10,4.5,5.9,3.1,4.9,신안
2024-01-10,6.9,10.6,5.1,7.3,제주
2024-01-10,2.2,7.5,-1.4,1.2,창녕(밀양)
2024-01-10,-6.3,-0.9,-11.7,-2.3,평창
2024-01-10,-3.1,2.9,-6.4,-1.3,포천(동두천)
2024-01-10,2.7,6.0,-2.0,4.9,해남
2024-01-11,0.8,5.2,-5.2,1.8,논산(부여)
2024-01-11,3.4,7.2,-1.9,4.2,무안(목포)
2024-01-11,1.2,3.9,-2.8,0.5,상주
2024-01-11,6.1,8.7,2.7,5.7,신안
2024-01-11,7.4,10.3,4.9,6.5,제주
2024-01-11,0.5,8.5,-3.7,1.7,창녕(밀양)
2024-01-11,-4.6,-1.4,-8.0,-2.4,평창
2024-01-11,0.4,4.3,-4.6,-0.6,포천(동두천)
2024-01-11,1.3,8.2,-5.2,3.3,해남
2024-01-12,2.0,9.2,-3.6,3.2,논산(부여)
2024-01-12,5.2,8.0,1.2,6.2,무안(목포)
2024-01-12,4.3,8.2,0.0,2.2,상주
2024-01-12,7.2,9.8,4.6,7.1,신안
2024-01-12,10.3,12.6,7.6,8.3,제주
2024-01-12,1.7,11.0,-4.3,1.8,창녕(밀양)
2024-01-12,-2.5,1.1,-6.4,-2.0,평창
2024-01-12,-0.6,4.5,-4.1,-0.2,포천(동두천)
2024-01-12,5.2,10.3,0.2,5.4,해남
2024-01-13,-0.7,7.7,-6.6,1.5,논산(부여)
2024-01-13,2.7,6.2,0.3,3.8,무안(목포)
2024-01-13,1.1,7.0,-3.7,1.0,상주
2024-01-13,5.5,7.9,3.7,5.8,신안
2024-01-13,6.6,11.0,3.8,5.7,제주
2024-01-13,1.0,9.1,-5.1,1.1,창녕(밀양)
2024-01-13,-5.5,-1.8,-9.7,-3.0,평창
2024-01-13,-2.2,5.2,-7.6,-1.3,포천(동두천)
2024-01-13,1.4,8.5,-4.1,3.2,해남
2024-01-14,1.0,8.8,-5.7,0.5,논산(부여)
2024-01-14,5.5,14.0,0.1,4.8,무안(목포)
2024-01-14,1.0,9.1,-7.1,0.7,상주
2024-01-14,8.6,14.7,3.9,6.8,신안
2024-01-14,10.4,18.4,4.2,7.7,제주
2024-01-14,5.0,14.5,-5.2,3.2,창녕(밀양)
2024-01-14,-2.7,2.0,-7.9,-2.8,평창
2024-01-14,-2.8,0.4,-6.2,-1.7,포천(동두천)
2024-01-14,5.8,15.2,-4.6,4.8,해남
2024-01-15,-1.3,4.7,-5.8,1.0,논산(부여)
2024-01-15,1.3,2.9,-0.7,3.6,무안(목포)
2024-01-15,-0.9,2.9,-4.0,0.7,상주
2024-01-15,3.7,5.2,2.9,4.9,신안
2024-01-15,6.1,8.7,4.5,6.6,제주
2024-01-15,2.7,9.0,-2.1,2.1,창녕(밀양)
2024-01-15,-8.4,-2.1,-14.9,-2.2,평창
2024-01-15,-5.8,0.1,-10.8,-2.1,포천(동두천)
2024-01-15,1.9,5.1,-0.7,3.5,해남
2024-01-16,-2.5,4.7,-8.3,-1.4,논산(부여)
2024-01-16,1.9,4.9,-1.7,2.5,무안(목포)
2024-01-16,-1.1,4.8,-5.4,-0.3,상주
2024-01-16,4.1,5.9,2.4,4.4,신안
2024-01-16,7.5,12.0,2.2,6.2,제주
2024-01-16,1.6,10.4,-5.2,1.0,창녕(밀양)
2024-01-16,-8.2,2.2,-19.3,-2.8,평창
2024-01-16,-5.4,2.3,-11.9,-2.6,포천(동두천)
2024-01-16,3.0,8.8,-4.7,3.7,해남
2024-01-17,1.1,3.0,-4.2,1.0,논산(부여)
2024-01-17,7.9,11.3,3.1,6.1,무안(목포)
2024-01-17,-0.6,2.7,-4.2,0.3,상주
2024-01-17,10.4,13.3,5.4,8.4,신안
2024-01-17,14.0,18.7,8.1,10.9,제주
2024-01-17,4.1,7.9,-2.0,2.2,창녕(밀양)
2024-01-17,-0.2,2.7,-7.3,-2.4,평창
2024-01-17,-2.1,0.7,-7.4,-1.3,포천(동두천)
2024-01-17,8.8,13.7,3.9,6.7,해남
2024-01-18,5.5,7.5,2.8,5.9,논산(부여)
2024-01-18,7.2,13.2,5.2,7.7,무안(목포)
2024-01-18,3.9,6.5,0.4,3.2,상주
2024-01-18,7.2,13.1,5.5,7.8,신안
2024-01-18,13.2,17.2,10.5,12.1,제주
2024-01-18,7.8,10.6,5.3,6.0,창녕(밀양)
2024-01-18,0.0,3.0,-1.8,-0.8,평창
2024-01-18,2.9,8.9,-0.5,-0.2,포천(동두천)
2024-01-18,8.2,13.8,5.6,8.6,해남
2024-01-19,6.9,10.8,5.3,6.4,논산(부여)
2024-01-19,6.8,7.4,5.3,7.1,무안(목포)
2024-01-19,4.5,5.6,3.5,3.9,상주
2024-01-19,6.8,7.6,5.6,7.2,신안
2024-01-19,10.9,11.8,10.4,10.9,제주
2024-01-19,7.4,8.9,6.6,6.1,창녕(밀양)
2024-01-19,-2.9,-1.8,-3.3,-0.6,평창
2024-01-19,3.9,7.9,1.5,0.1,포천(동두천)
2024-01-19,7.5,8.0,5.6,7.5,해남
2024-01-20,5.0,7.2,2.8,4.9,논산(부여)
2024-01-20,6.5,7.6,5.3,6.9,무안(목포)
2024-01-20,3.5,5.3,2.2,3.6,상주
2024-01-20,6.2,7.3,5.9,6.7,신안
2024-01-20,11.1,11.9,9.0,11.1,제주
2024-01-20,7.3,9.1,5.8,5.4,창녕(밀양)
2024-01-20,-3.1,-2.3,-3.8,-0.7,평창
2024-01-20,1.6,3.9,0.2,0.1,포천(동두천)
2024-01-20,7.1,8.5,5.9,6.8,해남
2024-01-21,3.5,7.6,0.5,4.4,논산(부여)
2024-01-21,4.6,6.8,2.0,6.0,무안(목포)
2024-01-21,3.8,7.4,1.2,4.5,상주
2024-01-21,4.9,6.5,1.4,5.6,신안
2024-01-21,8.2,10.1,5.9,8.8,제주
2024-01-21,7.5,9.8,5.7,6.9,창녕(밀양)
2024-01-21,-3.1,-1.3,-4.6,-0.8,평창
2024-01-21,0.9,3.7,-3.3,0.4,포천(동두천)
2024-01-21,5.3,7.0,2.8,6.9,해남
2024-01-22,-4.4,0.5,-7.0,-0.3,논산(부여)
2024-01-22,-2.1,2.0,-4.4,1.1,무안(목포)
2024-01-22,-4.6,2.2,-8.9,0.6,상주
2024-01-22,-1.3,1.5,-2.8,0.7,신안
2024-01-22,2.0,6.1,-0.1,2.6,제주
2024-01-22,0.5,5.8,-5.2,4.2,창녕(밀양)
2024-01-22,-11.8,-2.5,-17.0,-1.0,평창
2024-01-22,-9.5,-3.3,-13.2,-1.9,포천(동두천)
2024-01-22,-1.4,2.8,-3.8,1.7,해남
2024-01-23,-7.0,-4.5,-8.9,-1.8,논산(부여)
2024-01-23,-3.9,-2.3,-4.9,0.4,무안(목포)
2024-01-23,-9.3,-5.6,-11.7,-2.6,상주
2024-01-23,-2.1,-0.6,-3.8,0.4,신안
2024-01-23,0.6,2.0,-1.0,1.1,제주
2024-01-23,-5.1,-0.2,-7.7,-3.4,창녕(밀양)
2024-01-23,-17.5,-14.3,-20.2,-2.1,평창
2024-01-23,-12.7,-8.1,-15.7,-5.9,포천(동두천)
2024-01-23,-3.2,-1.3,-4.0,1.3,해남
2024-01-24,-4.9,-1.5,-9.0,-0.9,논산(부여)
2024-01-24,-1.5,-0.3,-3.9,1.0,무안(목포)
2024-01-24,-7.1,-3.1,-11.0,-3.1,상주
2024-01-24,0.8,2.3,-1.8,1.5,신안
2024-01-24,2.9,4.2,-0.1,1.7,제주
2024-01-24,-3.4,1.7,-7.9,-0.7,창녕(밀양)
2024-01-24,-16.2,-10.9,-20.1,-2.9,평창
2024-01-24,-8.8,-3.3,-13.2,-5.3,포천(동두천)
2024-01-24,-1.1,0.8,-3.4,1.0,해남
2024-01-25,-4.4,2.7,-10.4,-0.3,논산(부여)
2024-01-25,-0.5,1.3,-3.0,2.4,무안(목포)
2024-01-25,-4.1,0.8,-8.7,-2.5,상주
2024-01-25,2.6,3.8,1.3,1.9,신안
2024-01-25,4.0,4.8,2.9,3.1,제주
2024-01-25,-2.4,4.3,-8.2,-0.2,창녕(밀양)
2024-01-25,-12.5,-4.5,-21.9,-3.3,평창
2024-01-25,-6.6,0.2,-12.5,-3.8,포천(동두천)
2024-01-25,0.0,2.8,-3.3,3.8,해남
2024-01-26,-2.2,4.2,-7.7,-0.1,논산(부여)
2024-01-26,1.8,5.3,-0.4,3.7,무안(목포)
2024-01-26,-0.2,4.8,-4.1,-1.1,상주
2024-01-26,4.3,7.3,2.5,3.7,신안
2024-01-26,5.8,6.7,4.2,4.3,제주
2024-01-26,0.4,8.6,-6.7,1.6,창녕(밀양)
2024-01-26,-7.2,-0.7,-13.9,-3.0,평창
2024-01-26,-3.7,4.4,-10.4,-2.5,포천(동두천)
2024-01-26,2.2,7.0,-1.4,3.9,해남
2024-01-27,-0.3,6.6,-6.0,1.5,논산(부여)
2024-01-27,2.3,5.8,0.1,3.7,무안(목포)
2024-01-27,1.0,6.6,-2.8,0.0,상주
2024-01-27,5.0,7.9,3.0,5.0,신안
2024-01-27,7.1,9.6,5.6,6.0,제주
2024-01-27,1.3,10.1,-5.5,2.5,창녕(밀양)
2024-01-27,-6.8,0.4,-14.0,-2.8,평창
2024-01-27,-2.6,4.8,-8.2,-1.6,포천(동두천)
2024-01-27,1.6,7.9,-4.7,3.8,해남
2024-01-28,-1.3,5.8,-5.7,1.6,논산(부여)
2024-01-28,2.4,5.8,0.2,4.3,무안(목포)
2024-01-28,0.1,4.4,-3.5,0.0,상주
2024-01-28,3.8,6.1,1.8,4.4,신안
2024-01-28,6.1,7.9,4.2,5.7,제주
2024-01-28,1.4,7.8,-3.0,2.7,창녕(밀양)
2024-01-28,-7.0,-1.7,-11.7,-2.7,평창
2024-01-28,-2.6,2.9,-7.0,-0.6,포천(동두천)
2024-01-28,2.3,6.9,-3.1,4.1,해남
2024-01-29,-1.4,6.1,-7.0,1.3,논산(부여)
2024-01-29,1.5,4.9,-1.4,3.3,무안(목포)
2024-01-29,-0.9,5.5,-6.5,-0.3,상주
2024-01-29,3.4,7.4,1.4,3.3,신안
2024-01-29,5.7,9.9,3.2,6.0,제주
2024-01-29,0.7,9.1,-5.8,2.1,창녕(밀양)
2024-01-29,-7.5,1.0,-15.2,-2.9,평창
2024-01-29,-2.6,4.1,-8.9,-1.4,포천(동두천)
2024-01-29,-0.1,6.8,-5.7,2.8,해남
2024-01-30,0.4,9.8,-6.0,2.2,논산(부여)
2024-01-30,4.2,9.5,-1.8,3.7,무안(목포)
2024-01-30,-0.8,6.9,-7.4,-0.2,상주
2024-01-30,4.5,6.6,1.7,4.6,신안
2024-01-30,7.7,10.6,3.0,6.2,제주
2024-01-30,2.8,11.6,-5.5,3.6,창녕(밀양)
2024-01-30,-7.3,1.7,-17.0,-3.1,평창
2024-01-30,-1.1,7.2,-7.7,-0.7,포천(동두천)
2024-01-30,3.1,10.2,-5.8,3.1,해남
2024-01-31,5.8,13.7,-0.6,6.0,논산(부여)
2024-01-31,6.9,12.5,4.9,8.8,무안(목포)
2024-01-31,5.7,13.6,-2.5,1.9,상주
2024-01-31,6.4,9.7,4.9,6.9,신안
2024-01-31,12.2,15.8,9.5,12.2,제주
2024-01-31,7.8,14.7,3.6,8.1,창녕(밀양)
2024-01-31,0.4,6.5,-6.2,-2.4,평창
2024-01-31,2.6,10.3,-3.0,1.4,포천(동두천)
2024-01-31,8.4,14.0,5.3,8.5,해남
2024-02-01,4.2,7.3,1.2,4.9,논산(부여)
2024-02-01,4.5,5.7,3.2,5.8,무안(목포)
2024-02-01,5.2,8.0,2.7,3.2,상주
2024-02-01,4.7,6.1,3.7,5.6,신안
2024-02-01,9.7,11.9,8.4,10.1,제주
2024-02-01,7.0,10.0,5.2,6.1,창녕(밀양)
2024-02-01,-5.8,-2.5,-8.9,-2.4,평창
2024-02-01,1.4,7.9,-2.8,1.3,포천(동두천)
2024-02-01,5.2,7.2,3.7,6.8,해남
2024-02-02,1.2,8.3,-3.1,4.2,논산(부여)
2024-02-02,3.2,6.4,1.9,5.9,무안(목포)
2024-02-02,3.5,8.1,0.5,3.9,상주
2024-02-02,3.9,6.2,2.9,5.9,신안
2024-02-02,8.8,9.3,8.3,9.2,제주
2024-02-02,6.7,10.3,3.7,7.2,창녕(밀양)
2024-02-02,-4.3,-1.0,-6.1,-1.8,평창
2024-02-02,2.0,8.1,-1.8,2.2,포천(동두천)
2024-02-02,4.3,8.7,2.5,6.8,해남
2024-02-03,4.0,8.1,-3.1,4.4,논산(부여)
2024-02-03,4.1,7.3,1.6,5.6,무안(목포)
2024-02-03,3.9,7.6,1.0,4.4,상주
2024-02-03,4.1,5.0,3.0,5.0,신안
2024-02-03,9.7,10.3,9.1,9.5,제주
2024-02-03,6.5,9.9,3.1,5.9,창녕(밀양)
2024-02-03,-3.5,-0.7,-6.4,-1.6,평창
2024-02-03,2.6,8.4,-3.5,0.8,포천(동두천)
2024-02-03,6.1,9.5,2.5,6.9,해남
2024-02-04,6.5,11.7,0.7,7.8,논산(부여)
2024-02-04,6.9,10.0,4.6,7.4,무안(목포)
2024-02-04,4.6,8.0,1.7,5.3,상주
2024-02-04,5.8,6.7,4.8,6.2,신안
2024-02-04,10.9,12.3,9.3,10.4,제주
2024-02-04,6.8,11.0,2.9,6.6,창녕(밀양)
2024-02-04,-2.5,-1.5,-3.3,-1.3,평창
2024-02-04,3.9,10.7,-2.3,2.4,포천(동두천)
2024-02-04,7.8,11.3,5.0,7.6,해남
2024-02-05,4.2,6.2,1.6,5.5,논산(부여)
2024-02-05,5.8,7.0,4.9,7.4,무안(목포)
2024-02-05,3.4,6.8,1.2,4.7,상주
2024-02-05,6.1,7.9,5.4,6.8,신안
2024-02-05,9.9,13.2,8.1,9.9,제주
2024-02-05,6.1,8.5,4.5,5.4,창녕(밀양)
2024-02-05,-4.1,-0.9,-6.5,-1.2,평창
2024-02-05,1.6,4.5,-1.3,0.9,포천(동두천)
2024-02-05,6.7,7.9,5.0,7.8,해남
2024-02-06,2.6,5.9,-1.4,4.6,논산(부여)
2024-02-06,4.2,6.0,2.8,6.5,무안(목포)
2024-02-06,1.4,3.0,-0.3,3.4,상주
2024-02-06,4.8,8.2,3.1,6.0,신안
2024-02-06,7.3,8.1,6.8,7.2,제주
2024-02-06,4.8,7.2,2.8,5.8,창녕(밀양)
2024-02-06,-4.4,-0.9,-7.2,-1.1,평창
2024-02-06,0.0,2.2,-2.0,-0.1,포천(동두천)
2024-02-06,4.9,7.9,2.7,7.5,해남
2024-02-07,1.2,6.1,-2.4,5.0,논산(부여)
2024-02-07,2.0,4.5,0.2,3.7,무안(목포)
2024-02-07,1.3,5.1,-1.6,2.0,상주
2024-02-07,3.6,6.3,2.7,4.5,신안
2024-02-07,5.7,7.4,4.4,6.0,제주
2024-02-07,3.7,8.8,-0.8,5.5,창녕(밀양)
2024-02-07,-5.3,-2.3,-11.2,-1.0,평창
2024-02-07,-0.3,2.9,-3.8,1.1,포천(동두천)
2024-02-07,2.1,5.3,-2.2,4.3,해남
2024-02-08,0.2,6.6,-4.5,3.9,논산(부여)
2024-02-08,1.3,4.3,-1.3,3.4,무안(목포)
2024-02-08,1.1,7.3,-4.0,2.3,상주
2024-02-08,4.1,7.0,2.8,5.1,신안
2024-02-08,5.4,6.9,4.3,5.8,제주
2024-02-08,3.3,10.3,-2.9,4.2,창녕(밀양)
2024-02-08,-6.6,1.3,-13.7,-1.0,평창
2024-02-08,-1.0,5.9,-6.0,0.8,포천(동두천)
2024-02-08,1.3,6.3,-3.6,3.7,해남
2024-02-09,0.0,7.5,-5.4,2.4,논산(부여)
2024-02-09,2.5,5.9,-0.7,2.8,무안(목포)
2024-02-09,2.1,7.2,-2.8,2.4,상주
2024-02-09,4.8,7.7,3.3,5.8,신안
2024-02-09,6.4,8.0,5.6,6.6,제주
2024-02-09,3.8,10.8,-1.3,4.5,창녕(밀양)
2024-02-09,-7.0,0.4,-15.9,-1.1,평창
2024-02-09,-0.6,6.3,-6.0,0.8,포천(동두천)
2024-02-09,1.5,8.0,-3.3,3.7,해남
2024-02-10,0.1,8.2,-5.4,2.0,논산(부여)
2024-02-10,3.9,8.5,-0.1,4.1,무안(목포)
2024-02-10,2.1,7.6,-3.2,2.4,상주
2024-02-10,6.3,9.6,4.3,5.9,신안
2024-02-10,7.9,10.3,6.4,7.1,제주
2024-02-10,2.8,9.9,-3.9,3.8,창녕(밀양)
2024-02-10,-5.2,-0.7,-10.8,-1.1,평창
2024-02-10,0.0,7.2,-4.7,1.4,포천(동두천)
2024-02-10,2.0,9.6,-4.3,3.7,해남
2024-02-11,0.2,8.8,-5.7,2.9,논산(부여)
2024-02-11,3.8,7.6,-0.1,4.6,무안(목포)
2024-02-11,1.8,5.6,-2.6,1.6,상주
2024-02-11,6.3,9.0,3.7,5.9,신안
2024-02-11,8.7,11.8,6.1,6.9,제주
2024-02-11,2.5,10.0,-3.8,3.2,창녕(밀양)
2024-02-11,-5.8,-1.3,-14.9,-1.1,평창
2024-02-11,-1.1,4.9,-7.0,-0.4,포천(동두천)
2024-02-11,2.6,10.0,-4.3,4.4,해남
2024-02-12,1.6,11.1,-5.8,4.2,논산(부여)
2024-02-12,6.4,11.8,0.6,6.1,무안(목포)
2024-02-12,3.4,12.3,-3.5,2.8,상주
2024-02-12,8.2,13.5,3.8,7.5,신안
2024-02-12,8.9,14.6,4.3,8.2,제주
2024-02-12,3.2,12.6,-4.3,4.5,창녕(밀양)
2024-02-12,-3.6,4.1,-15.2,-1.1,평창
2024-02-12,1.4,10.1,-6.1,1.5,포천(동두천)
2024-02-12,4.1,12.5,-3.5,6.0,해남
2024-02-13,7.8,16.6,-2.0,8.6,논산(부여)
2024-02-13,11.3,17.0,5.5,8.6,무안(목포)
2024-02-13,6.8,16.9,-3.1,4.4,상주
2024-02-13,11.1,15.7,7.2,10.1,신안
2024-02-13,12.8,19.7,6.2,10.0,제주
2024-02-13,7.0,18.2,-2.4,7.9,창녕(밀양)
2024-02-13,4.3,7.6,-0.9,-0.9,평창
2024-02-13,7.8,14.3,0.6,4.4,포천(동두천)
2024-02-13,10.3,17.3,1.1,9.9,해남
2024-02-14,11.6,18.0,7.3,11.8,논산(부여)
2024-02-14,13.9,16.6,11.8,11.3,무안(목포)
2024-02-14,9.2,15.5,5.0,7.8,상주
2024-02-14,12.9,16.9,11.0,12.9,신안
2024-02-14,15.7,18.2,12.9,13.0,제주
2024-02-14,9.4,15.5,2.8,8.9,창녕(밀양)
2024-02-14,8.1,11.3,4.8,-0.3,평창
2024-02-14,12.8,18.9,8.8,9.2,포천(동두천)
2024-02-14,14.6,18.7,9.7,11.8,해남
2024-02-15,5.5,12.6,-2.5,6.3,논산(부여)
2024-02-15,6.1,12.6,2.0,6.6,무안(목포)
2024-02-15,5.4,11.3,1.6,6.1,상주
2024-02-15,6.5,13.3,3.2,7.9,신안
2024-02-15,9.4,15.9,5.2,8.8,제주
2024-02-15,10.5,18.7,4.8,10.2,창녕(밀양)
2024-02-15,-0.7,7.9,-5.6,-0.4,평창
2024-02-15,3.6,11.8,-0.9,4.4,포천(동두천)
2024-02-15,6.5,12.9,2.1,7.4,해남
2024-02-16,1.6,9.1,-4.4,5.2,논산(부여)
2024-02-16,3.5,9.0,-0.1,5.6,무안(목포)
2024-02-16,2.9,8.9,-1.2,5.3,상주
2024-02-16,3.8,6.9,1.5,6.4,신안
2024-02-16,6.7,9.8,3.4,6.2,제주
2024-02-16,5.2,11.3,0.5,9.4,창녕(밀양)
2024-02-16,-3.7,-0.5,-7.6,-0.4,평창
2024-02-16,0.3,7.6,-3.3,2.6,포천(동두천)
2024-02-16,3.2,11.2,-3.5,6.2,해남
2024-02-17,3.9,13.2,-3.9,6.4,논산(부여)
2024-02-17,7.5,13.8,0.1,7.5,무안(목포)
2024-02-17,3.7,13.6,-4.6,4.6,상주
2024-02-17,8.5,14.5,1.4,8.3,신안
2024-02-17,9.7,16.8,4.1,9.1,제주
2024-02-17,5.0,15.2,-2.3,7.4,창녕(밀양)
2024-02-17,0.9,7.1,-6.0,-0.3,평창
2024-02-17,2.0,10.8,-4.4,3.8,포천(동두천)
2024-02-17,6.8,15.4,-2.5,7.7,해남
2024-02-18,4.5,9.1,-2.7,4.2,논산(부여)
2024-02-18,12.6,17.7,7.2,9.9,무안(목포)
2024-02-18,5.3,12.5,-3.3,4.9,상주
2024-02-18,11.7,14.6,9.2,10.1,신안
2024-02-18,15.3,20.6,8.2,11.8,제주
2024-02-18,7.5,14.0,-2.3,5.4,창녕(밀양)
2024-02-18,4.1,12.3,-4.0,-0.3,평창
2024-02-18,4.2,9.5,-2.1,2.9,포천(동두천)
2024-02-18,13.2,18.3,6.0,10.2,해남
2024-02-19,9.3,13.6,5.5,10.0,논산(부여)
2024-02-19,10.4,18.1,4.6,11.6,무안(목포)
2024-02-19,11.2,16.2,8.8,10.1,상주
2024-02-19,9.5,14.8,5.3,10.8,신안
2024-02-19,15.1,20.7,10.4,14.9,제주
2024-02-19,15.9,21.4,12.5,15.4,창녕(밀양)
2024-02-19,5.8,9.3,1.0,-0.3,평창
2024-02-19,8.6,11.1,4.4,7.3,포천(동두천)
2024-02-19,11.7,18.6,5.5,12.7,해남
2024-02-20,5.6,7.4,3.9,6.7,논산(부여)
2024-02-20,5.9,8.1,4.2,6.9,무안(목포)
2024-02-20,5.6,9.1,3.8,7.2,상주
2024-02-20,5.2,6.9,4.1,6.6,신안
2024-02-20,11.0,13.9,8.7,11.4,제주
2024-02-20,9.2,14.1,6.6,8.3,창녕(밀양)
2024-02-20,-1.8,1.2,-3.0,-0.4,평창
2024-02-20,3.5,7.0,1.5,4.8,포천(동두천)
2024-02-20,7.2,9.7,4.9,8.3,해남
2024-02-21,4.9,5.9,3.3,6.1,논산(부여)
2024-02-21,7.6,8.8,6.3,8.4,무안(목포)
2024-02-21,3.0,4.0,1.6,5.1,상주
2024-02-21,7.1,7.4,6.7,7.7,신안
2024-02-21,12.4,14.4,11.8,12.6,제주
2024-02-21,6.7,7.8,5.0,6.1,창녕(밀양)
2024-02-21,-3.7,-2.8,-5.2,-0.4,평창
2024-02-21,0.5,2.5,-0.9,1.7,포천(동두천)
2024-02-21,8.0,9.9,6.5,8.7,해남
2024-02-22,2.1,3.4,1.2,4.3,논산(부여)
2024-02-22,5.4,6.3,4.7,7.4,무안(목포)
2024-02-22,1.1,3.1,0.0,3.5,상주
2024-02-22,5.8,6.7,5.0,7.6,신안
2024-02-22,9.0,11.8,8.0,10.3,제주
2024-02-22,4.4,5.4,3.5,4.3,창녕(밀양)
2024-02-22,-6.4,-5.1,-7.0,-0.5,평창
2024-02-22,-0.5,1.7,-1.9,0.9,포천(동두천)
2024-02-22,5.4,6.5,4.7,7.5,해남
2024-02-23,3.7,7.7,0.6,6.6,논산(부여)
2024-02-23,4.5,5.3,3.5,6.7,무안(목포)
2024-02-23,1.7,5.2,-0.5,4.3,상주
2024-02-23,4.4,5.2,3.8,6.2,신안
2024-02-23,7.6,8.1,7.2,8.7,제주
2024-02-23,4.1,6.3,2.9,4.6,창녕(밀양)
2024-02-23,-6.4,-5.4,-7.5,-0.5,평창
2024-02-23,0.8,5.6,-3.6,2.8,포천(동두천)
2024-02-23,4.9,6.0,3.7,7.1,해남
2024-02-24,3.2,7.6,0.7,5.2,논산(부여)
2024-02-24,4.0,7.4,2.1,6.2,무안(목포)
2024-02-24,1.9,5.3,0.0,3.9,상주
2024-02-24,4.3,5.7,3.5,5.9,신안
2024-02-24,7.7,9.1,6.6,8.3,제주
2024-02-24,4.7,7.5,2.8,6.1,창녕(밀양)
2024-02-24,-5.3,-3.8,-7.0,-0.4,평창
2024-02-24,1.0,6.4,-3.6,2.5,포천(동두천)
2024-02-24,4.5,7.3,2.4,6.3,해남
2024-02-25,2.5,6.2,-0.6,4.8,논산(부여)
2024-02-25,4.0,6.6,2.7,6.1,무안(목포)
2024-02-25,2.6,6.4,-0.1,4.7,상주
2024-02-25,5.0,7.8,3.8,6.1,신안
2024-02-25,7.9,8.9,6.5,8.5,제주
2024-02-25,5.7,8.7,2.1,7.6,창녕(밀양)
2024-02-25,-4.3,-0.3,-9.8,-0.4,평창
2024-02-25,1.7,6.5,-1.3,3.5,포천(동두천)
2024-02-25,5.0,8.1,3.1,7.2,해남
2024-02-26,3.4,9.4,-2.9,6.1,논산(부여)
2024-02-26,4.2,7.4,2.0,6.5,무안(목포)
2024-02-26,4.4,9.4,0.3,5.8,상주
2024-02-26,5.1,7.9,3.6,6.7,신안
2024-02-26,7.5,10.5,6.0,10.1,제주
2024-02-26,5.7,10.9,0.9,7.2,창녕(밀양)
2024-02-26,-7.3,-1.9,-13.7,-0.4,평창
2024-02-26,2.3,10.2,-3.1,2.8,포천(동두천)
2024-02-26,4.6,10.3,0.2,8.1,해남
2024-02-27,5.9,10.8,1.7,8.0,논산(부여)
2024-02-27,7.1,12.5,2.8,9.6,무안(목포)
2024-02-27,2.5,7.8,-2.1,4.8,상주
2024-02-27,7.5,11.4,4.4,7.7,신안
2024-02-27,9.4,12.8,6.3,10.7,제주
2024-02-27,4.2,8.7,0.1,6.5,창녕(밀양)
2024-02-27,-5.1,-1.9,-11.2,-0.4,평창
2024-02-27,3.7,9.8,-1.7,4.5,포천(동두천)
2024-02-27,7.1,11.7,1.0,9.3,해남
2024-02-28,7.0,12.0,2.5,7.9,논산(부여)
2024-02-28,8.1,14.6,4.4,11.4,무안(목포)
2024-02-28,3.5,10.1,-3.0,4.6,상주
2024-02-28,7.8,10.7,6.2,9.7,신안
2024-02-28,10.2,13.0,7.3,9.8,제주
2024-02-28,5.8,13.1,-2.4,8.6,창녕(밀양)
2024-02-28,-4.4,4.0,-14.0,-0.4,평창
2024-02-28,4.7,10.1,-0.5,4.5,포천(동두천)
2024-02-28,8.7,13.3,4.1,10.5,해남
2024-02-29,5.9,7.6,2.7,6.4,논산(부여)
2024-02-29,6.0,7.8,3.8,6.8,무안(목포)
2024-02-29,3.1,4.8,0.8,4.3,상주
2024-02-29,5.6,7.0,4.1,6.5,신안
2024-02-29,8.2,10.9,7.4,8.6,제주
2024-02-29,5.1,7.6,2.0,5.1,창녕(밀양)
2024-02-29,-1.7,2.2,-7.2,-0.4,평창
2024-02-29,3.6,9.5,-0.4,4.3,포천(동두천)
2024-02-29,6.7,8.7,4.6,7.9,해남
2024-03-01,-1.6,2.7,-4.9,2.6,논산(부여)
2024-03-01,-0.5,3.8,-3.3,1.9,무안(목포)
2024-03-01,-1.9,3.7,-5.6,1.8,상주
2024-03-01,0.8,4.1,-1.1,2.9,신안
2024-03-01,3.3,7.6,1.3,4.3,제주
2024-03-01,1.4,5.9,-2.8,4.7,창녕(밀양)
2024-03-01,-8.7,-0.5,-13.9,-0.5,평창
2024-03-01,-4.6,-0.3,-8.2,1.4,포천(동두천)
2024-03-01,0.1,4.7,-2.7,5.0,해남
2024-03-02,-0.6,5.0,-8.5,4.2,논산(부여)
2024-03-02,1.8,5.8,-4.5,4.6,무안(목포)
2024-03-02,-0.9,5.7,-7.7,1.9,상주
2024-03-02,3.6,7.0,-0.6,4.7,신안
2024-03-02,4.7,8.6,1.3,7.3,제주
2024-03-02,-0.1,6.5,-5.6,4.6,창녕(밀양)
2024-03-02,-8.1,-3.4,-15.6,-0.5,평창
2024-03-02,-1.3,3.9,-10.2,-0.2,포천(동두천)
2024-03-02,0.9,6.7,-4.5,5.2,해남
2024-03-03,5.3,11.6,0.2,7.9,논산(부여)
2024-03-03,7.3,10.6,4.6,7.4,무안(목포)
2024-03-03,5.6,10.7,0.0,5.1,상주
2024-03-03,8.2,12.3,5.0,7.5,신안
2024-03-03,8.6,12.5,5.1,7.7,제주
2024-03-03,4.1,11.7,-2.7,3.9,창녕(밀양)
2024-03-03,-1.1,1.4,-4.5,-0.4,평창
2024-03-03,3.1,9.1,-1.5,3.5,포천(동두천)
2024-03-03,4.5,11.1,-2.3,5.0,해남
2024-03-04,6.8,12.6,0.1,8.3,논산(부여)
2024-03-04,8.6,12.3,4.0,7.8,무안(목포)
2024-03-04,8.1,13.5,4.0,7.5,상주
2024-03-04,8.3,11.4,6.6,7.4,신안
2024-03-04,10.2,14.9,6.1,8.3,제주
2024-03-04,7.0,14.4,-1.8,8.1,창녕(밀양)
2024-03-04,-0.1,6.4,-6.6,-0.4,평창
2024-03-04,3.2,12.2,-5.2,4.5,포천(동두천)
2024-03-04,7.1,13.9,-0.3,7.0,해남
2024-03-05,6.7,8.9,5.2,6.8,논산(부여)
2024-03-05,6.8,8.6,6.1,7.4,무안(목포)
2024-03-05,5.2,7.9,4.1,6.4,상주
2024-03-05,6.1,7.6,5.6,6.8,신안
2024-03-05,10.9,11.5,9.7,10.7,제주
2024-03-05,7.7,8.7,5.6,6.2,창녕(밀양)
2024-03-05,-0.9,2.2,-2.6,-0.4,평창
2024-03-05,5.6,11.8,1.7,4.3,포천(동두천)
2024-03-05,8.0,8.8,7.0,7.8,해남
2024-03-06,7.5,12.9,3.4,8.2,논산(부여)
2024-03-06,7.4,11.4,4.9,8.5,무안(목포)
2024-03-06,5.6,11.7,0.8,7.5,상주
2024-03-06,7.1,10.7,4.9,8.8,신안
2024-03-06,10.4,12.1,8.5,9.9,제주
2024-03-06,8.2,11.5,5.8,8.0,창녕(밀양)
2024-03-06,-3.1,-0.5,-4.1,-0.4,평창
2024-03-06,4.7,10.9,0.6,4.7,포천(동두천)
2024-03-06,8.4,14.3,4.0,10.6,해남
2024-03-07,3.0,8.3,-2.0,7.4,논산(부여)
2024-03-07,4.3,7.1,2.3,6.2,무안(목포)
2024-03-07,3.9,8.3,1.8,6.2,상주
2024-03-07,5.5,8.8,4.0,7.1,신안
2024-03-07,8.0,10.9,6.0,9.4,제주
2024-03-07,6.8,12.0,1.6,7.4,창녕(밀양)
2024-03-07,-2.3,1.1,-3.8,-0.3,평창
2024-03-07,2.7,7.3,-0.1,4.2,포천(동두천)
2024-03-07,4.6,8.6,0.7,6.7,해남
2024-03-08,2.4,9.4,-3.1,6.5,논산(부여)
2024-03-08,4.9,7.6,2.7,5.6,무안(목포)
2024-03-08,3.1,8.5,0.0,4.4,상주
2024-03-08,5.9,8.9,3.5,7.1,신안
2024-03-08,7.9,11.1,6.0,9.4,제주
2024-03-08,4.8,10.6,-0.7,7.5,창녕(밀양)
2024-03-08,-4.3,1.1,-12.6,-0.3,평창
2024-03-08,1.1,7.5,-4.2,3.4,포천(동두천)
2024-03-08,5.1,9.4,1.6,6.1,해남
2024-03-09,1.3,9.0,-5.5,7.1,논산(부여)
2024-03-09,3.3,6.1,1.2,7.7,무안(목포)
2024-03-09,2.8,9.0,-2.0,4.4,상주
2024-03-09,4.9,7.9,3.1,7.8,신안
2024-03-09,6.9,9.9,5.3,10.7,제주
2024-03-09,4.1,10.8,-2.4,8.9,창녕(밀양)
2024-03-09,-6.0,-0.3,-15.2,-0.4,평창
2024-03-09,0.8,8.9,-5.7,3.7,포천(동두천)
2024-03-09,4.2,8.7,-0.2,7.4,해남
2024-03-10,2.7,12.7,-5.3,8.3,논산(부여)
2024-03-10,5.0,10.1,0.0,9.2,무안(목포)
2024-03-10,4.9,13.0,-2.3,5.9,상주
2024-03-10,6.2,10.0,3.9,8.4,신안
2024-03-10,7.7,12.0,2.9,10.1,제주
2024-03-10,5.2,13.7,-3.3,9.7,창녕(밀양)
2024-03-10,-2.1,5.5,-13.9,-0.3,평창
2024-03-10,2.7,11.3,-5.0,4.2,포천(동두천)
2024-03-10,4.7,13.0,-3.7,7.5,해남
2024-03-11,5.4,12.5,-2.9,6.8,논산(부여)
2024-03-11,7.1,12.0,1.8,6.9,무안(목포)
2024-03-11,5.7,12.3,-1.8,6.0,상주
2024-03-11,7.9,12.9,4.1,7.6,신안
2024-03-11,9.4,13.7,5.3,8.4,제주
2024-03-11,7.2,13.3,-0.3,8.2,창녕(밀양)
2024-03-11,1.9,4.8,-2.1,-0.3,평창
2024-03-11,4.5,10.7,-0.7,3.8,포천(동두천)
2024-03-11,6.2,13.1,-2.4,6.4,해남
2024-03-12,5.4,11.7,0.9,7.6,논산(부여)
2024-03-12,5.6,7.7,3.9,4.8,무안(목포)
2024-03-12,5.1,11.2,0.1,5.1,상주
2024-03-12,7.2,10.0,5.9,7.6,신안
2024-03-12,9.7,13.6,6.9,9.8,제주
2024-03-12,7.4,13.5,2.8,9.7,창녕(밀양)
2024-03-12,-2.3,1.7,-8.3,-0.4,평창
2024-03-12,5.9,12.6,2.2,6.5,포천(동두천)
2024-03-12,4.8,9.6,0.6,6.1,해남
2024-03-13,4.7,13.7,-2.4,9.5,논산(부여)
2024-03-13,6.6,10.5,2.9,10.0,무안(목포)
2024-03-13,7.6,14.0,1.7,8.1,상주
2024-03-13,8.3,11.6,5.5,13.1,신안
2024-03-13,9.6,13.2,6.1,10.6,제주
2024-03-13,7.4,15.6,0.5,12.4,창녕(밀양)
2024-03-13,0.5,6.4,-10.2,-0.3,평창
2024-03-13,5.6,13.3,-1.5,5.5,포천(동두천)
2024-03-13,5.3,12.7,-1.9,8.0,해남
2024-03-14,5.5,15.7,-1.8,10.0,논산(부여)
2024-03-14,7.1,12.6,2.3,10.4,무안(목포)
2024-03-14,9.4,17.0,1.2,9.1,상주
2024-03-14,9.0,13.5,6.7,10.9,신안
2024-03-14,10.6,14.7,6.7,11.7,제주
2024-03-14,8.5,17.8,1.5,12.0,창녕(밀양)
2024-03-14,3.0,9.3,-3.1,-0.3,평창
2024-03-14,7.0,16.3,-0.7,6.8,포천(동두천)
2024-03-14,5.7,15.3,-2.1,7.7,해남
2024-03-15,7.6,17.7,0.7,12.1,논산(부여)
2024-03-15,8.5,15.2,2.3,8.9,무안(목포)
2024-03-15,11.7,18.8,4.0,10.1,상주
2024-03-15,9.0,13.1,5.5,12.0,신안
2024-03-15,11.5,16.3,6.6,12.9,제주
2024-03-15,10.6,21.1,-0.4,13.1,창녕(밀양)
2024-03-15,6.2,11.8,2.0,-0.2,평창
2024-03-15,8.0,16.2,1.0,7.8,포천(동두천)
2024-03-15,7.2,17.8,-2.3,9.1,해남
2024-03-16,9.9,20.3,-0.9,13.9,논산(부여)
2024-03-16,10.4,19.0,3.8,10.0,무안(목포)
2024-03-16,12.6,20.5,2.2,11.7,상주
2024-03-16,10.0,16.2,5.9,11.0,신안
2024-03-16,13.4,17.9,8.4,12.6,제주
2024-03-16,13.2,21.4,2.6,14.2,창녕(밀양)
2024-03-16,5.6,14.0,-4.4,-0.2,평창
2024-03-16,9.5,18.1,1.3,8.4,포천(동두천)
2024-03-16,9.3,20.9,-1.4,9.3,해남
2024-03-17,9.5,14.3,5.1,14.3,논산(부여)
2024-03-17,8.0,10.3,5.2,10.3,무안(목포)
2024-03-17,10.9,16.0,5.5,11.8,상주
2024-03-17,8.0,11.2,5.4,9.7,신안
2024-03-17,11.5,14.2,7.6,13.0,제주
2024-03-17,14.3,21.7,8.1,17.1,창녕(밀양)
2024-03-17,3.7,10.2,-1.5,-0.3,평창
2024-03-17,8.6,13.8,3.5,10.3,포천(동두천)
2024-03-17,8.8,13.4,5.4,11.2,해남
2024-03-18,6.7,15.7,-2.2,12.3,논산(부여)
2024-03-18,7.4,13.4,3.0,9.9,무안(목포)
2024-03-18,8.9,16.0,1.7,11.2,상주
2024-03-18,7.1,10.5,4.9,11.4,신안
2024-03-18,11.0,14.6,5.7,12.9,제주
2024-03-18,9.6,16.6,2.2,14.4,창녕(밀양)
2024-03-18,1.7,7.5,-7.0,-0.2,평창
2024-03-18,6.2,14.1,-1.3,7.2,포천(동두천)
2024-03-18,8.7,15.8,1.2,10.4,해남
2024-03-19,7.2,12.7,4.5,10.3,논산(부여)
2024-03-19,8.2,13.2,5.0,10.0,무안(목포)
2024-03-19,7.8,14.1,2.7,8.5,상주
2024-03-19,9.2,13.6,5.9,12.4,신안
2024-03-19,11.8,15.7,8.3,15.3,제주
2024-03-19,10.0,16.9,6.4,10.7,창녕(밀양)
2024-03-19,0.8,4.1,-2.3,-0.3,평창
2024-03-19,5.9,11.1,2.7,7.1,포천(동두천)
2024-03-19,8.7,15.2,5.2,9.8,해남
2024-03-20,4.7,10.1,-1.4,8.6,논산(부여)
2024-03-20,5.4,7.9,3.6,7.4,무안(목포)
2024-03-20,5.0,9.6,2.1,7.9,상주
2024-03-20,6.5,9.6,4.3,9.4,신안
2024-03-20,8.2,10.8,6.6,11.3,제주
2024-03-20,7.2,11.7,4.0,11.2,창녕(밀양)
2024-03-20,-4.0,-0.3,-8.1,-0.4,평창
2024-03-20,3.7,10.6,-0.7,4.6,포천(동두천)
2024-03-20,6.0,9.9,2.8,8.4,해남
2024-03-21,3.5,11.1,-4.2,9.1,논산(부여)
2024-03-21,5.8,9.7,2.0,8.9,무안(목포)
2024-03-21,5.2,13.1,-0.7,9.1,상주
2024-03-21,6.9,11.0,3.9,10.9,신안
2024-03-21,8.4,12.2,5.8,13.1,제주
2024-03-21,6.5,13.3,-0.3,11.9,창녕(밀양)
2024-03-21,-4.4,2.9,-12.4,-0.4,평창
2024-03-21,3.9,12.9,-3.3,6.3,포천(동두천)
2024-03-21,5.5,11.8,-1.3,9.3,해남
2024-03-22,10.0,17.6,-0.6,10.4,논산(부여)
2024-03-22,12.0,16.7,4.8,9.9,무안(목포)
2024-03-22,8.9,17.4,0.6,11.3,상주
2024-03-22,11.3,14.5,6.8,12.1,신안
2024-03-22,15.2,21.3,6.5,15.7,제주
2024-03-22,9.8,15.6,1.8,13.2,창녕(밀양)
2024-03-22,2.5,10.6,-7.3,-0.3,평창
2024-03-22,8.6,15.4,0.8,7.1,포천(동두천)
2024-03-22,12.0,18.9,0.2,10.4,해남
2024-03-23,14.5,21.9,7.8,15.9,논산(부여)
2024-03-23,13.7,19.3,10.3,15.2,무안(목포)
2024-03-23,14.7,22.7,9.0,16.3,상주
2024-03-23,10.4,13.5,8.1,15.0,신안
2024-03-23,16.9,18.8,14.9,20.4,제주
2024-03-23,17.1,24.5,11.2,20.7,창녕(밀양)
2024-03-23,7.4,15.3,1.5,2.4,평창
2024-03-23,11.5,18.7,7.9,12.3,포천(동두천)
2024-03-23,15.8,23.0,11.8,15.1,해남
2024-03-24,15.1,20.2,10.5,15.5,논산(부여)
2024-03-24,12.3,13.6,10.5,12.2,무안(목포)
2024-03-24,12.1,18.9,9.0,13.7,상주
2024-03-24,10.1,12.8,8.3,10.8,신안
2024-03-24,14.4,15.9,12.8,15.6,제주
2024-03-24,12.0,13.9,10.9,12.2,창녕(밀양)
2024-03-24,3.5,10.9,-1.3,3.8,평창
2024-03-24,14.1,23.6,5.1,13.0,포천(동두천)
2024-03-24,12.8,14.8,10.6,12.1,해남
2024-03-25,10.1,14.3,7.6,10.7,논산(부여)
2024-03-25,11.3,13.3,9.6,12.6,무안(목포)
2024-03-25,8.7,13.2,5.4,9.7,상주
2024-03-25,9.6,10.9,8.7,10.5,신안
2024-03-25,14.3,15.7,13.0,15.4,제주
2024-03-25,10.6,12.2,8.9,10.7,창녕(밀양)
2024-03-25,1.5,3.2,-1.5,0.3,평창
2024-03-25,9.1,13.6,5.1,9.6,포천(동두천)
2024-03-25,11.5,13.5,10.0,11.8,해남
2024-03-26,7.7,13.0,3.0,11.2,논산(부여)
2024-03-26,7.8,9.6,6.2,8.8,무안(목포)
2024-03-26,6.5,10.2,4.1,9.7,상주
2024-03-26,7.3,9.4,5.3,10.0,신안
2024-03-26,10.6,14.2,9.3,12.2,제주
2024-03-26,8.7,11.7,4.9,11.0,창녕(밀양)
2024-03-26,-1.4,1.7,-6.1,-0.4,평창
2024-03-26,5.6,11.9,0.6,9.4,포천(동두천)
2024-03-26,8.3,10.4,6.9,10.3,해남
2024-03-27,9.2,16.6,2.8,11.4,논산(부여)
2024-03-27,10.0,14.9,4.9,11.7,무안(목포)
2024-03-27,8.4,16.0,1.3,10.9,상주
2024-03-27,8.7,14.1,4.7,10.5,신안
2024-03-27,13.4,19.5,8.0,13.9,제주
2024-03-27,9.4,17.1,2.0,13.2,창녕(밀양)
2024-03-27,3.1,12.1,-7.1,-0.2,평창
2024-03-27,9.0,16.5,1.8,10.4,포천(동두천)
2024-03-27,10.3,17.2,4.9,12.4,해남
2024-03-28,9.3,10.4,7.8,10.9,논산(부여)
2024-03-28,10.3,11.3,8.7,10.7,무안(목포)
2024-03-28,8.4,9.8,7.6,9.7,상주
2024-03-28,9.3,11.1,8.2,10.2,신안
2024-03-28,13.2,15.2,11.7,13.5,제주
2024-03-28,10.2,12.4,8.2,9.6,창녕(밀양)
2024-03-28,4.9,7.0,2.5,-0.3,평창
2024-03-28,9.4,12.8,7.3,10.9,포천(동두천)
2024-03-28,11.4,15.0,9.9,11.7,해남
2024-03-29,8.1,12.8,3.3,9.0,논산(부여)
2024-03-29,10.9,15.8,7.5,11.8,무안(목포)
2024-03-29,11.2,17.2,4.4,11.2,상주
2024-03-29,10.7,16.0,6.6,12.2,신안
2024-03-29,15.2,22.3,8.9,16.2,제주
2024-03-29,12.8,20.0,5.3,16.5,창녕(밀양)
2024-03-29,3.8,7.8,0.6,1.4,평창
2024-03-29,6.9,13.1,3.0,7.8,포천(동두천)
2024-03-29,11.1,15.4,5.9,11.7,해남
2024-03-30,8.9,17.7,1.7,10.7,논산(부여)
2024-03-30,12.3,20.3,5.4,13.7,무안(목포)
2024-03-30,10.4,15.7,1.6,10.7,상주
2024-03-30,11.4,20.7,7.3,14.3,신안
2024-03-30,17.4,26.7,11.8,18.8,제주
2024-03-30,11.7,19.0,3.4,13.3,창녕(밀양)
2024-03-30,5.1,12.5,-0.5,3.6,평창
2024-03-30,6.7,16.7,0.2,7.7,포천(동두천)
2024-03-30,12.8,19.8,3.3,13.6,해남
2024-03-31,10.0,19.1,0.0,11.2,논산(부여)
2024-03-31,10.8,17.3,6.0,12.0,무안(목포)
2024-03-31,12.0,19.6,4.0,13.1,상주
2024-03-31,9.2,12.7,7.0,11.7,신안
2024-03-31,14.3,16.9,11.5,15.8,제주
2024-03-31,12.3,20.5,5.1,16.7,창녕(밀양)
2024-03-31,5.7,14.7,-2.5,4.6,평창
2024-03-31,8.6,16.6,-0.7,9.8,포천(동두천)
2024-03-31,11.7,18.6,5.8,12.2,해남
2024-04-01,11.1,22.0,1.6,13.5,논산(부여)
2024-04-01,12.8,19.8,6.2,13.6,무안(목포)
2024-04-01,14.4,21.7,6.0,14.4,상주
2024-04-01,11.4,16.0,7.1,14.5,신안
2024-04-01,15.2,19.9,10.3,18.1,제주
2024-04-01,14.1,24.3,4.7,19.8,창녕(밀양)
2024-04-01,7.7,15.2,-1.2,4.7,평창
2024-04-01,10.8,20.0,2.2,11.4,포천(동두천)
2024-04-01,12.0,22.6,2.6,12.9,해남
2024-04-02,14.5,22.8,3.7,15.2,논산(부여)
2024-04-02,15.0,21.1,10.5,14.8,무안(목포)
2024-04-02,14.5,23.7,4.8,15.3,상주
2024-04-02,12.1,15.6,10.5,12.6,신안
2024-04-02,16.4,19.2,13.1,15.4,제주
2024-04-02,15.5,24.0,6.8,17.1,창녕(밀양)
2024-04-02,6.5,14.3,-0.7,7.2,평창
2024-04-02,14.0,25.6,3.2,13.3,포천(동두천)
2024-04-02,13.5,20.2,6.0,13.2,해남
2024-04-03,13.8,14.8,12.5,14.7,논산(부여)
2024-04-03,13.6,14.8,11.6,14.0,무안(목포)
2024-04-03,12.3,13.8,10.8,13.5,상주
2024-04-03,10.8,12.4,9.1,11.9,신안
2024-04-03,16.1,18.4,14.2,16.8,제주
2024-04-03,13.1,14.1,11.8,12.7,창녕(밀양)
2024-04-03,3.8,7.3,1.7,4.2,평창
2024-04-03,14.6,21.5,9.6,12.9,포천(동두천)
2024-04-03,14.6,15.5,12.6,14.3,해남
2024-04-04,13.0,16.4,10.5,14.1,논산(부여)
2024-04-04,11.6,14.2,9.6,12.8,무안(목포)
2024-04-04,12.4,14.8,9.6,13.2,상주
2024-04-04,10.5,14.4,8.4,15.2,신안
2024-04-04,14.4,15.5,12.7,15.8,제주
2024-04-04,13.6,17.6,10.1,15.2,창녕(밀양)
2024-04-04,4.0,8.1,0.3,6.4,평창
2024-04-04,15.0,21.6,10.6,14.5,포천(동두천)
2024-04-04,13.0,15.0,10.6,13.8,해남
2024-04-05,12.4,18.6,8.4,15.2,논산(부여)
2024-04-05,12.4,17.4,8.9,14.8,무안(목포)
2024-04-05,13.4,19.1,8.7,14.6,상주
2024-04-05,11.0,15.4,8.2,15.6,신안
2024-04-05,14.7,17.1,12.6,17.3,제주
2024-04-05,14.6,20.4,10.1,20.4,창녕(밀양)
2024-04-05,7.6,15.0,-0.7,8.4,평창
2024-04-05,13.3,19.6,8.8,13.6,포천(동두천)
2024-04-05,12.9,19.9,7.9,15.5,해남
2024-04-06,11.8,19.9,5.8,13.9,논산(부여)
2024-04-06,11.3,15.9,8.1,12.2,무안(목포)
2024-04-06,14.6,21.8,7.9,15.5,상주
2024-04-06,10.5,14.2,7.2,13.7,신안
2024-04-06,14.0,17.2,11.4,15.6,제주
2024-04-06,13.8,21.1,7.5,14.8,창녕(밀양)
2024-04-06,9.7,17.0,1.7,8.8,평창
2024-04-06,11.7,20.8,4.9,13.1,포천(동두천)
2024-04-06,11.1,17.8,5.9,12.5,해남
2024-04-07,14.6,24.8,4.8,16.8,논산(부여)
2024-04-07,13.5,20.1,7.6,14.6,무안(목포)
2024-04-07,16.5,25.0,7.3,16.5,상주
2024-04-07,12.7,17.7,8.5,17.2,신안
2024-04-07,15.5,19.3,10.3,17.3,제주
2024-04-07,16.0,25.4,7.5,21.1,창녕(밀양)
2024-04-07,11.6,20.7,1.1,11.5,평창
2024-04-07,13.6,24.5,4.5,14.5,포천(동두천)
2024-04-07,13.7,23.0,4.5,14.2,해남
2024-04-08,15.1,23.5,6.1,15.5,논산(부여)
2024-04-08,13.1,18.3,9.7,12.7,무안(목포)
2024-04-08,17.8,24.8,9.3,17.0,상주
2024-04-08,12.6,16.5,10.1,13.0,신안
2024-04-08,16.3,19.1,14.6,16.2,제주
2024-04-08,17.2,24.2,10.4,19.7,창녕(밀양)
2024-04-08,10.8,20.2,2.9,12.0,평창
2024-04-08,15.2,24.2,7.0,14.8,포천(동두천)
2024-04-08,14.0,20.3,8.3,14.1,해남
2024-04-09,14.3,22.6,6.7,17.4,논산(부여)
2024-04-09,12.8,17.4,9.3,15.1,무안(목포)
2024-04-09,13.6,19.9,7.5,16.8,상주
2024-04-09,11.2,14.8,8.0,15.3,신안
2024-04-09,15.4,20.3,12.2,18.1,제주
2024-04-09,13.6,18.2,7.5,19.2,창녕(밀양)
2024-04-09,2.1,5.8,-2.6,9.0,평창
2024-04-09,14.1,21.3,8.8,16.0,포천(동두천)
2024-04-09,13.2,20.9,5.6,14.3,해남
2024-04-10,14.0,20.1,8.7,18.1,논산(부여)
2024-04-10,13.8,19.1,9.7,15.9,무안(목포)
2024-04-10,12.4,19.3,5.4,16.0,상주
2024-04-10,13.1,18.6,10.2,16.9,신안
2024-04-10,14.8,19.1,11.8,18.7,제주
2024-04-10,12.1,20.8,4.5,19.4,창녕(밀양)
2024-04-10,7.6,16.5,-3.8,9.5,평창
2024-04-10,13.1,18.6,8.5,14.3,포천(동두천)
2024-04-10,13.6,19.2,9.8,16.1,해남
2024-04-11,14.9,22.5,10.3,18.6,논산(부여)
2024-04-11,15.5,19.8,11.9,16.6,무안(목포)
2024-04-11,15.2,23.0,9.1,17.5,상주
2024-04-11,14.4,20.5,10.2,18.2,신안
2024-04-11,16.2,21.0,13.4,16.4,제주
2024-04-11,14.4,20.5,9.1,17.0,창녕(밀양)
2024-04-11,9.7,15.5,5.1,9.6,평창
2024-04-11,13.5,20.6,10.1,13.9,포천(동두천)
2024-04-11,14.7,19.8,10.4,14.5,해남
2024-04-12,16.9,25.4,8.9,21.9,논산(부여)
2024-04-12,16.1,22.0,11.5,16.9,무안(목포)
2024-04-12,16.9,26.2,7.9,19.1,상주
2024-04-12,15.5,22.0,11.7,17.3,신안
2024-04-12,16.9,20.0,13.3,18.4,제주
2024-04-12,16.8,26.3,7.9,23.0,창녕(밀양)
2024-04-12,12.1,22.4,2.0,13.8,평창
2024-04-12,15.9,25.2,8.5,17.5,포천(동두천)
2024-04-12,15.8,24.1,7.6,17.4,해남
2024-04-13,17.9,28.0,8.7,22.4,논산(부여)
2024-04-13,16.6,22.9,11.4,18.4,무안(목포)
2024-04-13,19.2,28.5,10.1,21.2,상주
2024-04-13,15.4,20.1,11.9,20.9,신안
2024-04-13,18.0,22.1,15.2,22.9,제주
2024-04-13,18.1,28.3,9.9,24.1,창녕(밀양)
2024-04-13,13.7,23.4,3.0,15.4,평창
2024-04-13,17.8,28.7,7.9,18.8,포천(동두천)
2024-04-13,16.0,26.0,7.9,17.8,해남
2024-04-14,18.6,27.7,8.5,22.4,논산(부여)
2024-04-14,19.0,24.0,13.0,17.7,무안(목포)
2024-04-14,19.3,27.3,10.1,20.7,상주
2024-04-14,15.7,19.1,11.8,17.3,신안
2024-04-14,19.5,22.8,14.5,20.9,제주
2024-04-14,18.0,27.3,8.1,22.8,창녕(밀양)
2024-04-14,14.7,23.4,3.5,16.0,평창
2024-04-14,19.5,30.4,9.7,20.2,포천(동두천)
2024-04-14,17.4,22.9,8.3,16.5,해남
2024-04-15,15.0,18.6,12.0,16.0,논산(부여)
2024-04-15,15.6,19.7,11.7,16.7,무안(목포)
2024-04-15,14.9,17.0,13.3,15.8,상주
2024-04-15,13.6,16.6,11.1,15.6,신안
2024-04-15,18.0,23.6,14.2,19.3,제주
2024-04-15,15.8,19.3,13.7,16.2,창녕(밀양)
2024-04-15,12.9,17.7,9.6,11.9,평창
2024-04-15,15.4,20.7,10.8,15.2,포천(동두천)
2024-04-15,16.0,18.9,12.1,16.7,해남
2024-04-16,13.4,18.6,9.3,17.8,논산(부여)
2024-04-16,12.7,17.0,10.0,17.1,무안(목포)
2024-04-16,15.7,21.4,11.8,17.7,상주
2024-04-16,12.6,17.7,9.2,17.9,신안
2024-04-16,16.0,20.3,13.3,20.8,제주
2024-04-16,18.0,25.0,12.2,20.4,창녕(밀양)
2024-04-16,10.6,14.0,7.9,10.8,평창
2024-04-16,12.4,17.0,9.6,14.9,포천(동두천)
2024-04-16,13.7,19.6,9.0,17.5,해남
2024-04-17,15.2,23.4,8.9,19.1,논산(부여)
2024-04-17,13.3,19.2,8.4,16.5,무안(목포)
2024-04-17,16.7,24.1,10.0,18.8,상주
2024-04-17,11.7,15.0,8.6,16.0,신안
2024-04-17,14.7,17.2,11.6,18.0,제주
2024-04-17,16.3,24.2,7.5,19.7,창녕(밀양)
2024-04-17,9.0,17.6,1.3,12.5,평창
2024-04-17,14.1,22.6,7.9,17.6,포천(동두천)
2024-04-17,13.8,21.1,8.1,16.0,해남
2024-04-18,16.0,26.1,7.0,19.3,논산(부여)
2024-04-18,14.6,19.2,9.9,17.8,무안(목포)
2024-04-18,18.3,26.0,9.0,19.9,상주
2024-04-18,13.3,16.9,10.0,17.7,신안
2024-04-18,16.3,21.1,11.9,22.4,제주
2024-04-18,17.6,26.1,10.1,22.1,창녕(밀양)
2024-04-18,10.6,19.8,1.0,11.8,평창
2024-04-18,16.7,27.0,8.1,19.0,포천(동두천)
2024-04-18,14.2,22.2,6.6,16.7,해남
2024-04-19,16.0,25.2,6.6,20.3,논산(부여)
2024-04-19,17.5,23.5,10.8,17.6,무안(목포)
2024-04-19,20.3,27.5,10.2,21.4,상주
2024-04-19,15.9,21.7,11.0,18.1,신안
2024-04-19,17.7,21.8,13.4,21.8,제주
2024-04-19,18.7,28.4,9.8,23.2,창녕(밀양)
2024-04-19,13.5,22.6,5.2,15.6,평창
2024-04-19,16.8,25.3,9.3,19.1,포천(동두천)
2024-04-19,16.2,25.5,6.0,18.1,해남
2024-04-20,13.7,14.5,12.8,15.3,논산(부여)
2024-04-20,15.4,17.8,13.6,15.8,무안(목포)
2024-04-20,13.8,19.2,12.8,15.9,상주
2024-04-20,13.8,16.6,12.2,14.7,신안
2024-04-20,18.0,21.9,14.7,20.3,제주
2024-04-20,15.2,17.5,13.6,15.6,창녕(밀양)
2024-04-20,8.5,9.6,7.6,10.1,평창
2024-04-20,13.6,17.9,12.0,14.7,포천(동두천)
2024-04-20,15.9,18.3,13.2,15.5,해남
2024-04-21,16.0,18.6,13.8,16.8,논산(부여)
2024-04-21,14.5,15.6,13.1,16.0,무안(목포)
2024-04-21,14.7,17.2,12.8,16.3,상주
2024-04-21,13.8,16.2,12.2,16.5,신안
2024-04-21,15.5,16.1,14.4,16.7,제주
2024-04-21,16.5,19.2,13.7,16.2,창녕(밀양)
2024-04-21,8.9,10.6,7.9,10.4,평창
2024-04-21,16.5,22.3,12.1,17.1,포천(동두천)
2024-04-21,15.3,16.9,13.2,16.0,해남
2024-04-22,17.4,22.0,12.4,18.7,논산(부여)
2024-04-22,15.9,18.3,14.8,17.4,무안(목포)
2024-04-22,15.8,21.2,11.7,18.8,상주
2024-04-22,15.1,19.6,13.1,18.6,신안
2024-04-22,16.4,18.3,15.6,17.5,제주
2024-04-22,15.8,18.2,14.6,15.0,창녕(밀양)
2024-04-22,8.6,12.3,6.3,12.6,평창
2024-04-22,17.1,23.1,13.6,18.8,포천(동두천)
2024-04-22,16.7,19.6,15.0,17.5,해남
2024-04-23,15.8,21.8,9.9,18.0,논산(부여)
2024-04-23,14.8,18.7,12.4,15.9,무안(목포)
2024-04-23,14.6,22.1,8.5,19.0,상주
2024-04-23,13.7,16.6,12.3,15.3,신안
2024-04-23,15.3,16.5,14.7,16.4,제주
2024-04-23,15.1,20.6,12.3,18.3,창녕(밀양)
2024-04-23,7.4,10.5,5.3,11.2,평창
2024-04-23,15.9,24.0,10.9,19.0,포천(동두천)
2024-04-23,14.4,18.2,11.5,16.2,해남
2024-04-24,13.0,16.9,8.3,16.3,논산(부여)
2024-04-24,13.4,15.6,10.9,16.2,무안(목포)
2024-04-24,13.1,16.5,10.5,15.8,상주
2024-04-24,13.2,16.6,10.1,18.2,신안
2024-04-24,15.9,19.1,12.7,20.0,제주
2024-04-24,14.7,21.4,11.3,18.0,창녕(밀양)
2024-04-24,7.0,9.1,4.8,8.5,평창
2024-04-24,12.7,18.6,9.3,16.0,포천(동두천)
2024-04-24,13.8,18.5,9.6,17.0,해남
2024-04-25,14.2,23.5,7.1,18.6,논산(부여)
2024-04-25,14.4,19.9,10.5,17.8,무안(목포)
2024-04-25,16.5,25.0,10.6,20.1,상주
2024-04-25,13.0,18.2,9.4,18.6,신안
2024-04-25,16.0,20.6,11.8,22.5,제주
2024-04-25,17.6,27.8,7.6,21.4,창녕(밀양)
2024-04-25,13.5,21.1,7.9,13.8,평창
2024-04-25,13.8,21.4,10.1,18.6,포천(동두천)
2024-04-25,15.4,23.6,8.8,18.8,해남
2024-04-26,16.2,26.3,9.5,20.6,논산(부여)
2024-04-26,15.4,20.7,11.9,18.4,무안(목포)
2024-04-26,18.2,26.5,9.1,19.8,상주
2024-04-26,14.6,19.8,11.1,18.1,신안
2024-04-26,16.7,19.4,15.1,19.5,제주
2024-04-26,16.9,24.7,12.1,18.1,창녕(밀양)
2024-04-26,15.1,24.8,5.6,16.0,평창
2024-04-26,16.7,26.5,8.3,20.2,포천(동두천)
2024-04-26,15.3,22.5,10.3,17.5,해남
2024-04-27,17.5,27.4,7.9,22.3,논산(부여)
2024-04-27,16.4,23.5,11.8,19.6,무안(목포)
2024-04-27,20.9,29.4,12.3,22.8,상주
2024-04-27,14.7,19.8,11.8,19.7,신안
2024-04-27,18.6,22.5,15.5,27.2,제주
2024-04-27,19.4,29.8,10.3,23.9,창녕(밀양)
2024-04-27,15.9,26.1,5.8,17.1,평창
2024-04-27,17.3,27.8,7.6,21.6,포천(동두천)
2024-04-27,16.9,27.1,8.2,20.8,해남
2024-04-28,18.3,28.9,7.9,22.1,논산(부여)
2024-04-28,18.4,25.2,11.8,20.3,무안(목포)
2024-04-28,19.5,28.4,9.6,22.1,상주
2024-04-28,16.6,23.2,11.6,20.6,신안
2024-04-28,19.2,22.6,15.0,22.6,제주
2024-04-28,20.0,30.0,11.7,24.1,창녕(밀양)
2024-04-28,10.9,18.2,4.3,15.8,평창
2024-04-28,19.3,28.8,10.1,22.3,포천(동두천)
2024-04-28,18.3,26.5,8.1,22.0,해남
2024-04-29,17.4,19.8,15.2,19.0,논산(부여)
2024-04-29,16.2,17.9,14.8,17.7,무안(목포)
2024-04-29,15.0,17.7,13.6,18.4,상주
2024-04-29,14.3,17.5,13.2,15.1,신안
2024-04-29,18.0,20.6,15.5,19.6,제주
2024-04-29,15.5,17.1,14.6,15.8,창녕(밀양)
2024-04-29,7.0,9.2,4.0,10.5,평창
2024-04-29,19.5,27.3,13.8,23.7,포천(동두천)
2024-04-29,16.6,18.6,15.2,17.4,해남
2024-04-30,15.6,20.6,11.1,20.5,논산(부여)
2024-04-30,14.0,16.9,12.1,17.6,무안(목포)
2024-04-30,17.0,21.7,12.5,21.1,상주
2024-04-30,12.6,15.3,11.4,14.9,신안
2024-04-30,16.5,20.1,14.3,20.0,제주
2024-04-30,17.4,23.5,14.2,21.0,창녕(밀양)
2024-04-30,6.9,16.5,2.0,10.3,평창
2024-04-30,17.2,23.9,12.8,22.2,포천(동두천)
2024-04-30,15.2,19.3,12.4,18.1,해남
2024-05-01,16.0,22.4,9.9,22.0,논산(부여)
2024-05-01,13.9,16.1,11.5,16.0,무안(목포)
2024-05-01,13.7,20.8,8.6,19.2,상주
2024-05-01,13.7,18.2,11.3,17.7,신안
2024-05-01,15.4,18.1,14.0,17.2,제주
2024-05-01,14.3,19.1,10.0,16.7,창녕(밀양)
2024-05-01,7.2,13.0,1.2,14.4,평창
2024-05-01,16.6,23.9,10.8,21.6,포천(동두천)
2024-05-01,14.1,17.2,11.6,16.1,해남
2024-05-02,15.8,24.7,8.7,21.3,논산(부여)
2024-05-02,15.3,19.6,12.3,18.7,무안(목포)
2024-05-02,15.7,25.0,5.8,20.6,상주
2024-05-02,14.9,18.4,11.9,20.4,신안
2024-05-02,16.1,19.3,12.8,19.8,제주
2024-05-02,15.1,24.3,6.5,21.4,창녕(밀양)
2024-05-02,11.5,21.7,-1.0,15.5,평창
2024-05-02,17.1,25.6,9.8,23.3,포천(동두천)
2024-05-02,15.0,22.4,9.6,16.8,해남
2024-05-03,16.8,27.3,6.8,23.6,논산(부여)
2024-05-03,16.7,23.6,11.6,19.4,무안(목포)
2024-05-03,19.0,27.5,10.0,23.1,상주
2024-05-03,15.1,19.4,12.2,19.6,신안
2024-05-03,17.0,20.3,13.3,22.0,제주
2024-05-03,17.6,28.4,8.9,23.2,창녕(밀양)
2024-05-03,13.8,24.7,2.2,17.7,평창
2024-05-03,18.6,28.2,7.9,24.1,포천(동두천)
2024-05-03,16.2,26.2,8.0,20.4,해남
2024-05-04,19.5,27.8,8.7,26.1,논산(부여)
2024-05-04,19.2,24.5,12.2,19.3,무안(목포)
2024-05-04,19.2,28.5,9.1,24.2,상주
2024-05-04,16.6,20.2,11.6,19.4,신안
2024-05-04,20.8,24.6,13.9,21.4,제주
2024-05-04,19.0,27.7,8.3,24.1,창녕(밀양)
2024-05-04,16.6,27.4,3.1,19.2,평창
2024-05-04,19.6,28.8,10.8,23.9,포천(동두천)
2024-05-04,17.7,24.1,8.5,19.2,해남
2024-05-05,18.4,20.4,15.9,19.8,논산(부여)
2024-05-05,18.7,20.2,16.0,19.0,무안(목포)
2024-05-05,17.4,17.8,15.8,19.0,상주
2024-05-05,16.9,18.9,14.4,17.3,신안
2024-05-05,21.9,25.9,17.7,20.9,제주
2024-05-05,18.2,20.9,17.3,18.1,창녕(밀양)
2024-05-05,15.7,17.0,12.3,15.4,평창
2024-05-05,16.9,18.2,15.1,18.8,포천(동두천)
2024-05-05,19.3,21.5,16.8,19.2,해남
2024-05-06,14.7,15.9,14.0,17.4,논산(부여)
2024-05-06,15.2,17.5,14.5,16.8,무안(목포)
2024-05-06,16.6,20.7,14.6,20.3,상주
2024-05-06,15.0,18.9,13.6,16.3,신안
2024-05-06,18.1,21.4,15.8,21.0,제주
2024-05-06,19.6,24.1,17.1,20.8,창녕(밀양)
2024-05-06,11.9,15.8,10.0,14.1,평창
2024-05-06,13.3,15.1,12.5,16.0,포천(동두천)
2024-05-06,16.0,19.4,14.8,16.5,해남
2024-05-07,13.5,16.1,11.8,16.5,논산(부여)
2024-05-07,15.1,17.7,13.3,16.9,무안(목포)
2024-05-07,12.7,15.1,10.5,16.6,상주
2024-05-07,15.3,18.5,12.7,18.9,신안
2024-05-07,17.7,21.2,15.5,22.1,제주
2024-05-07,15.1,21.2,11.9,16.2,창녕(밀양)
2024-05-07,6.9,10.0,4.8,11.2,평창
2024-05-07,12.9,17.3,9.5,16.3,포천(동두천)
2024-05-07,16.2,19.9,14.1,19.6,해남
2024-05-08,14.8,21.2,10.1,20.1,논산(부여)
2024-05-08,14.2,17.9,11.9,18.2,무안(목포)
2024-05-08,13.4,20.0,8.8,19.5,상주
2024-05-08,13.5,17.3,11.6,17.2,신안
2024-05-08,14.9,17.0,13.8,17.0,제주
2024-05-08,14.1,18.9,9.5,18.0,창녕(밀양)
2024-05-08,6.8,13.2,-0.1,13.5,평창
2024-05-08,14.1,22.1,6.1,18.0,포천(동두천)
2024-05-08,14.1,18.9,9.7,17.9,해남
2024-05-09,14.6,22.0,7.2,19.6,논산(부여)
2024-05-09,15.6,20.3,11.0,17.6,무안(목포)
2024-05-09,16.0,23.8,7.3,20.5,상주
2024-05-09,15.6,20.5,11.4,19.4,신안
2024-05-09,16.7,21.1,12.4,22.0,제주
2024-05-09,16.0,25.0,6.8,21.2,창녕(밀양)
2024-05-09,10.5,18.0,-1.3,13.3,평창
2024-05-09,15.2,21.7,8.3,18.5,포천(동두천)
2024-05-09,14.5,22.7,7.4,20.6,해남
2024-05-10,16.1,24.8,8.1,21.1,논산(부여)
2024-05-10,17.2,22.8,12.0,19.4,무안(목포)
2024-05-10,19.3,28.0,10.3,22.9,상주
2024-05-10,16.3,22.5,12.0,20.4,신안
2024-05-10,17.3,20.6,12.7,23.3,제주
2024-05-10,18.6,28.0,10.2,23.5,창녕(밀양)
2024-05-10,15.6,22.1,8.1,16.6,평창
2024-05-10,16.7,23.7,11.1,20.8,포천(동두천)
2024-05-10,16.2,24.5,8.3,22.2,해남
2024-05-11,17.6,23.9,10.1,19.8,논산(부여)
2024-05-11,18.9,23.6,15.6,19.1,무안(목포)
2024-05-11,18.8,26.6,10.8,23.2,상주
2024-05-11,15.7,18.5,13.7,17.1,신안
2024-05-11,20.1,25.9,15.4,21.1,제주
2024-05-11,19.3,24.2,11.8,22.0,창녕(밀양)
2024-05-11,15.1,21.0,10.8,16.4,평창
2024-05-11,16.3,20.7,10.6,16.5,포천(동두천)
2024-05-11,19.3,25.6,14.0,20.1,해남
2024-05-12,16.1,23.0,10.3,20.9,논산(부여)
2024-05-12,16.2,20.1,13.1,18.4,무안(목포)
2024-05-12,17.8,23.5,13.1,22.8,상주
2024-05-12,14.7,18.2,12.3,18.0,신안
2024-05-12,17.5,19.9,14.6,18.9,제주
2024-05-12,19.0,24.4,15.0,20.9,창녕(밀양)
2024-05-12,11.8,17.8,5.6,16.8,평창
2024-05-12,16.3,22.8,11.1,20.0,포천(동두천)
2024-05-12,17.3,22.5,12.8,19.5,해남
2024-05-13,16.4,25.6,7.8,21.5,논산(부여)
2024-05-13,16.8,21.8,12.4,18.7,무안(목포)
2024-05-13,18.5,26.5,10.8,23.0,상주
2024-05-13,15.9,19.5,12.2,19.7,신안
2024-05-13,17.8,22.0,13.3,22.7,제주
2024-05-13,18.1,26.4,10.2,23.2,창녕(밀양)
2024-05-13,12.6,20.6,1.5,17.6,평창
2024-05-13,16.9,25.1,8.3,20.6,포천(동두천)
2024-05-13,16.7,24.3,9.5,21.5,해남
2024-05-14,16.6,25.3,8.2,22.4,논산(부여)
2024-05-14,17.6,23.1,12.4,19.4,무안(목포)
2024-05-14,19.2,26.8,9.1,24.1,상주
2024-05-14,17.0,21.8,12.7,20.1,신안
2024-05-14,18.0,22.8,13.7,24.6,제주
2024-05-14,19.1,28.2,9.6,23.9,창녕(밀양)
2024-05-14,15.0,22.3,4.7,18.5,평창
2024-05-14,17.3,25.2,9.3,21.4,포천(동두천)
2024-05-14,16.8,25.5,8.8,22.7,해남
2024-05-15,12.5,22.3,7.5,17.9,논산(부여)
2024-05-15,14.6,20.0,11.5,15.5,무안(목포)
2024-05-15,16.3,26.0,8.8,24.1,상주
2024-05-15,14.3,20.1,12.0,14.9,신안
2024-05-15,17.5,23.5,14.2,23.7,제주
2024-05-15,18.4,27.7,11.5,24.7,창녕(밀양)
2024-05-15,8.6,17.8,2.7,12.8,평창
2024-05-15,10.1,15.7,6.0,13.1,포천(동두천)
2024-05-15,14.3,22.7,8.0,17.3,해남
2024-05-16,14.4,20.6,6.7,20.3,논산(부여)
2024-05-16,16.2,19.7,11.4,18.1,무안(목포)
2024-05-16,14.1,20.9,7.5,19.6,상주
2024-05-16,17.3,20.3,12.3,20.0,신안
2024-05-16,19.0,22.7,15.1,23.5,제주
2024-05-16,15.7,22.9,9.6,20.7,창녕(밀양)
2024-05-16,7.3,14.1,2.2,9.7,평창
2024-05-16,12.5,20.2,5.5,17.4,포천(동두천)
2024-05-16,16.3,22.1,11.1,22.4,해남
2024-05-17,18.0,25.5,11.3,23.0,논산(부여)
2024-05-17,19.1,24.0,14.5,20.7,무안(목포)
2024-05-17,19.1,27.7,12.1,22.1,상주
2024-05-17,17.4,23.0,13.6,21.1,신안
2024-05-17,19.9,27.0,15.6,25.8,제주
2024-05-17,17.9,27.9,9.1,22.6,창녕(밀양)
2024-05-17,13.5,19.8,4.1,12.4,평창
2024-05-17,16.3,24.3,7.3,19.0,포천(동두천)
2024-05-17,17.6,23.5,9.8,22.2,해남
2024-05-18,19.0,26.9,11.6,24.7,논산(부여)
2024-05-18,20.4,25.4,16.1,22.4,무안(목포)
2024-05-18,20.4,29.0,10.6,24.9,상주
2024-05-18,18.6,24.5,14.9,24.5,신안
2024-05-18,20.3,26.7,16.2,27.3,제주
2024-05-18,19.9,29.5,10.9,24.8,창녕(밀양)
2024-05-18,17.2,24.2,10.0,17.5,평창
2024-05-18,19.5,26.1,12.3,23.4,포천(동두천)
2024-05-18,19.9,26.1,13.8,26.8,해남
2024-05-19,20.0,28.9,12.7,25.7,논산(부여)
2024-05-19,20.2,26.5,14.6,22.8,무안(목포)
2024-05-19,22.7,30.5,14.3,27.2,상주
2024-05-19,18.8,24.0,13.9,24.5,신안
2024-05-19,20.1,23.5,15.8,27.7,제주
2024-05-19,21.9,31.5,12.3,26.4,창녕(밀양)
2024-05-19,17.4,22.8,9.2,20.4,평창
2024-05-19,20.1,28.1,13.1,24.4,포천(동두천)
2024-05-19,19.4,28.8,10.0,25.7,해남
2024-05-20,18.4,26.5,11.2,24.3,논산(부여)
2024-05-20,19.6,25.3,14.7,23.1,무안(목포)
2024-05-20,20.4,26.1,15.3,24.3,상주
2024-05-20,19.2,24.1,15.2,25.7,신안
2024-05-20,21.6,25.5,17.6,26.6,제주
2024-05-20,22.6,31.0,13.6,27.3,창녕(밀양)
2024-05-20,14.2,19.2,8.3,16.4,평창
2024-05-20,18.3,21.5,16.1,19.6,포천(동두천)
2024-05-20,19.7,28.2,11.7,27.4,해남
2024-05-21,20.5,27.4,14.1,25.5,논산(부여)
2024-05-21,19.0,23.2,16.0,23.9,무안(목포)
2024-05-21,17.7,23.2,14.6,21.6,상주
2024-05-21,16.7,21.9,14.8,21.7,신안
2024-05-21,19.9,23.5,16.8,26.9,제주
2024-05-21,19.8,25.7,15.6,24.7,창녕(밀양)
2024-05-21,12.2,19.0,6.6,19.6,평창
2024-05-21,20.7,27.6,14.6,25.2,포천(동두천)
2024-05-21,18.7,24.7,13.0,25.9,해남
2024-05-22,21.0,28.5,16.3,27.6,논산(부여)
2024-05-22,19.6,24.9,16.0,23.8,무안(목포)
2024-05-22,20.6,29.6,12.3,25.4,상주
2024-05-22,16.8,23.6,15.1,22.1,신안
2024-05-22,19.9,23.0,17.8,25.1,제주
2024-05-22,20.8,29.4,13.2,27.2,창녕(밀양)
2024-05-22,16.2,25.3,4.5,20.1,평창
2024-05-22,19.4,25.8,14.8,24.3,포천(동두천)
2024-05-22,19.8,27.5,13.9,26.7,해남
2024-05-23,20.5,28.8,15.4,27.2,논산(부여)
2024-05-23,19.7,24.5,16.5,25.2,무안(목포)
2024-05-23,23.2,29.9,17.2,28.2,상주
2024-05-23,16.0,19.1,12.7,23.2,신안
2024-05-23,20.4,24.6,17.3,28.3,제주
2024-05-23,24.5,33.4,16.8,30.1,창녕(밀양)
2024-05-23,19.5,26.5,12.8,22.3,평창
2024-05-23,19.0,26.2,12.6,25.4,포천(동두천)
2024-05-23,21.1,28.2,15.3,28.6,해남
2024-05-24,19.2,28.1,14.0,26.4,논산(부여)
2024-05-24,18.4,23.4,15.7,24.5,무안(목포)
2024-05-24,22.1,30.1,16.2,27.7,상주
2024-05-24,17.0,20.5,15.2,21.9,신안
2024-05-24,20.0,23.6,17.7,29.2,제주
2024-05-24,23.0,32.0,16.4,28.7,창녕(밀양)
2024-05-24,11.5,16.3,8.8,15.2,평창
2024-05-24,18.1,22.6,15.1,23.1,포천(동두천)
2024-05-24,20.6,28.3,14.0,28.8,해남
2024-05-25,20.1,25.0,16.5,25.6,논산(부여)
2024-05-25,20.9,26.2,16.1,25.3,무안(목포)
2024-05-25,19.0,23.6,16.2,25.3,상주
2024-05-25,18.2,23.5,14.6,24.0,신안
2024-05-25,21.2,25.7,18.3,31.3,제주
2024-05-25,20.8,25.5,16.2,26.2,창녕(밀양)
2024-05-25,12.8,19.2,7.5,17.7,평창
2024-05-25,19.4,24.4,15.3,23.1,포천(동두천)
2024-05-25,20.5,24.7,16.4,28.2,해남
2024-05-26,19.6,25.8,13.7,22.5,논산(부여)
2024-05-26,20.4,24.4,16.9,23.0,무안(목포)
2024-05-26,19.2,27.0,13.1,25.6,상주
2024-05-26,18.2,20.4,15.1,19.4,신안
2024-05-26,22.2,26.6,17.7,25.7,제주
2024-05-26,20.5,26.6,13.2,25.2,창녕(밀양)
2024-05-26,16.7,23.2,10.3,19.5,평창
2024-05-26,19.0,24.0,16.5,22.4,포천(동두천)
2024-05-26,20.3,22.8,16.9,21.8,해남
2024-05-27,17.5,23.4,12.6,21.4,논산(부여)
2024-05-27,18.4,21.8,15.8,21.1,무안(목포)
2024-05-27,19.3,23.3,15.3,23.1,상주
2024-05-27,17.4,21.7,15.0,21.7,신안
2024-05-27,20.5,23.9,18.4,24.6,제주
2024-05-27,22.1,25.8,19.3,24.8,창녕(밀양)
2024-05-27,13.4,18.6,9.1,17.4,평창
2024-05-27,17.5,22.5,12.8,21.0,포천(동두천)
2024-05-27,19.6,24.1,17.0,24.0,해남
2024-05-28,18.5,26.1,11.0,22.6,논산(부여)
2024-05-28,18.7,22.2,15.0,23.0,무안(목포)
2024-05-28,17.8,24.8,12.4,20.9,상주
2024-05-28,16.9,19.6,14.9,22.1,신안
2024-05-28,19.9,23.7,16.8,-99.0,제주
2024-05-28,19.8,26.2,14.1,22.3,창녕(밀양)
2024-05-28,10.1,15.2,4.1,18.6,평창
2024-05-28,18.5,25.6,10.6,23.2,포천(동두천)
2024-05-28,19.8,24.9,14.7,26.5,해남
2024-05-29,19.7,27.7,11.8,23.7,논산(부여)
2024-05-29,20.2,25.5,15.9,24.3,무안(목포)
2024-05-29,20.0,28.3,10.3,25.1,상주
2024-05-29,19.2,24.7,14.9,24.6,신안
2024-05-29,19.8,24.0,16.3,21.5,제주
2024-05-29,20.3,29.8,10.6,25.2,창녕(밀양)
2024-05-29,15.1,23.6,3.0,20.3,평창
2024-05-29,19.6,27.2,12.1,26.8,포천(동두천)
2024-05-29,19.6,26.1,13.5,27.2,해남
2024-05-30,20.1,25.5,14.8,22.3,논산(부여)
2024-05-30,20.1,25.2,17.0,23.8,무안(목포)
2024-05-30,20.6,25.4,16.0,23.2,상주
2024-05-30,18.2,24.2,15.6,19.0,신안
2024-05-30,20.0,23.6,16.3,25.6,제주
2024-05-30,20.7,26.6,15.5,22.9,창녕(밀양)
2024-05-30,15.0,22.4,9.1,17.5,평창
2024-05-30,18.5,23.7,13.0,22.3,포천(동두천)
2024-05-30,19.6,25.7,14.2,23.8,해남
2024-05-31,20.5,26.8,14.0,26.2,논산(부여)
2024-05-31,19.1,23.0,16.1,22.6,무안(목포)
2024-05-31,22.4,27.7,18.7,27.8,상주
2024-05-31,18.3,22.1,15.5,23.4,신안
2024-05-31,19.4,22.8,16.8,24.1,제주
2024-05-31,23.1,29.9,17.6,30.0,창녕(밀양)
2024-05-31,16.5,24.0,9.5,24.3,평창
2024-05-31,19.2,25.7,13.1,27.5,포천(동두천)
2024-05-31,19.6,25.3,16.0,23.7,해남
2024-06-01,19.8,25.8,14.6,25.7,논산(부여)
2024-06-01,18.7,21.5,16.8,23.3,무안(목포)
2024-06-01,20.8,26.2,16.5,26.8,상주
2024-06-01,18.1,20.3,16.1,23.3,신안
2024-06-01,19.8,22.8,17.7,24.2,제주
2024-06-01,21.8,27.8,16.9,28.0,창녕(밀양)
2024-06-01,12.2,16.2,9.4,16.4,평창
2024-06-01,20.1,26.0,16.7,28.8,포천(동두천)
2024-06-01,19.2,23.6,15.9,24.4,해남
2024-06-02,19.0,26.7,11.7,24.7,논산(부여)
2024-06-02,19.0,23.9,15.1,23.2,무안(목포)
2024-06-02,20.2,26.3,15.3,26.5,상주
2024-06-02,19.4,23.5,15.9,23.9,신안
2024-06-02,20.2,23.7,17.4,25.2,제주
2024-06-02,20.6,27.4,15.0,27.0,창녕(밀양)
2024-06-02,10.9,14.1,6.9,15.8,평창
2024-06-02,18.8,25.5,12.1,25.0,포천(동두천)
2024-06-02,19.7,26.1,15.3,24.7,해남
2024-06-03,20.1,28.2,11.3,27.1,논산(부여)
2024-06-03,20.6,25.4,15.8,24.7,무안(목포)
2024-06-03,19.6,26.2,12.6,28.0,상주
2024-06-03,19.8,25.9,16.3,24.7,신안
2024-06-03,21.5,24.4,17.8,28.5,제주
2024-06-03,20.3,26.6,15.4,27.4,창녕(밀양)
2024-06-03,10.9,16.9,4.4,18.9,평창
2024-06-03,20.0,27.8,12.0,29.5,포천(동두천)
2024-06-03,19.7,25.8,12.9,24.0,해남
2024-06-04,20.5,28.4,14.4,28.2,논산(부여)
2024-06-04,20.0,23.9,16.6,25.7,무안(목포)
2024-06-04,19.7,26.4,12.8,28.6,상주
2024-06-04,19.0,25.3,15.3,25.0,신안
2024-06-04,20.2,23.8,17.3,29.6,제주
2024-06-04,20.5,27.3,13.7,29.8,창녕(밀양)
2024-06-04,13.1,21.3,2.0,21.6,평창
2024-06-04,20.6,28.9,11.6,30.1,포천(동두천)
2024-06-04,20.1,25.3,15.0,28.2,해남
2024-06-05,21.4,28.7,15.4,26.9,논산(부여)
2024-06-05,20.0,24.1,16.7,23.5,무안(목포)
2024-06-05,21.4,29.5,12.1,28.5,상주
2024-06-05,18.8,22.5,15.8,22.3,신안
2024-06-05,19.9,22.5,16.8,24.1,제주
2024-06-05,21.4,29.8,12.5,27.9,창녕(밀양)
2024-06-05,16.3,24.4,5.8,24.3,평창
2024-06-05,22.0,29.7,14.0,30.8,포천(동두천)
2024-06-05,19.7,25.9,14.3,24.4,해남
2024-06-06,21.2,29.1,16.3,28.2,논산(부여)
2024-06-06,21.0,24.7,17.6,24.1,무안(목포)
2024-06-06,21.5,28.0,15.1,27.4,상주
2024-06-06,20.5,26.0,16.9,24.8,신안
2024-06-06,20.2,22.5,19.2,22.2,제주
2024-06-06,21.6,27.9,16.5,26.5,창녕(밀양)
2024-06-06,16.8,24.1,9.6,25.7,평창
2024-06-06,22.8,30.7,16.3,30.5,포천(동두천)
2024-06-06,19.9,23.7,15.6,23.8,해남
2024-06-07,21.5,28.0,14.3,26.8,논산(부여)
2024-06-07,21.7,25.9,18.6,24.5,무안(목포)
2024-06-07,22.9,29.2,15.1,29.1,상주
2024-06-07,20.0,23.8,17.1,23.6,신안
2024-06-07,22.6,25.4,19.0,26.6,제주
2024-06-07,23.2,29.9,15.7,30.2,창녕(밀양)
2024-06-07,16.5,23.6,6.9,21.3,평창
2024-06-07,21.6,26.8,15.8,28.7,포천(동두천)
2024-06-07,21.4,26.4,16.3,27.5,해남
2024-06-08,20.8,26.3,17.5,25.4,논산(부여)
2024-06-08,20.9,22.3,19.6,22.4,무안(목포)
2024-06-08,20.0,22.8,18.7,24.3,상주
2024-06-08,20.5,25.0,18.1,25.0,신안
2024-06-08,21.3,23.4,19.7,23.9,제주
2024-06-08,19.1,21.8,17.6,21.1,창녕(밀양)
2024-06-08,16.2,17.7,15.0,18.0,평창
2024-06-08,18.3,22.2,15.8,21.7,포천(동두천)
2024-06-08,20.8,22.4,19.6,22.4,해남
2024-06-09,22.5,29.4,18.1,29.4,논산(부여)
2024-06-09,21.9,25.5,19.2,23.8,무안(목포)
2024-06-09,23.0,29.3,18.1,26.2,상주
2024-06-09,20.8,24.6,18.4,26.9,신안
2024-06-09,21.5,26.1,19.1,25.3,제주
2024-06-09,23.0,28.2,18.8,26.2,창녕(밀양)
2024-06-09,19.6,26.7,14.0,23.9,평창
2024-06-09,21.0,28.7,14.3,27.1,포천(동두천)
2024-06-09,22.6,27.5,17.7,25.8,해남
2024-06-10,23.2,30.4,17.4,30.0,논산(부여)
2024-06-10,23.2,28.5,18.3,25.9,무안(목포)
2024-06-10,25.6,32.0,18.7,29.4,상주
2024-06-10,21.2,26.5,17.3,26.6,신안
2024-06-10,23.6,29.2,18.9,28.3,제주
2024-06-10,25.1,32.8,19.8,28.5,창녕(밀양)
2024-06-10,20.9,26.3,14.2,25.8,평창
2024-06-10,23.2,29.8,16.3,29.8,포천(동두천)
2024-06-10,22.1,28.9,16.5,27.3,해남
2024-06-11,23.6,30.8,18.5,30.9,논산(부여)
2024-06-11,22.4,26.9,19.3,26.3,무안(목포)
2024-06-11,26.4,32.6,19.6,31.3,상주
2024-06-11,20.5,24.6,17.8,24.1,신안
2024-06-11,21.7,24.8,19.2,28.1,제주
2024-06-11,25.9,34.0,19.3,28.4,창녕(밀양)
2024-06-11,22.3,29.5,15.6,28.5,평창
2024-06-11,24.6,31.2,20.3,33.4,포천(동두천)
2024-06-11,22.0,28.6,16.2,28.6,해남
2024-06-12,24.1,32.6,15.8,31.8,논산(부여)
2024-06-12,23.1,28.3,19.0,27.6,무안(목포)
2024-06-12,26.6,33.1,21.0,32.3,상주
2024-06-12,20.0,25.9,17.3,24.2,신안
2024-06-12,22.1,26.1,19.0,26.7,제주
2024-06-12,26.1,33.4,19.6,30.7,창녕(밀양)
2024-06-12,21.4,30.0,14.8,28.1,평창
2024-06-12,23.1,31.2,16.2,31.7,포천(동두천)
2024-06-12,22.8,30.1,16.2,28.3,해남
2024-06-13,25.1,33.8,16.0,32.7,논산(부여)
2024-06-13,23.9,29.7,19.7,28.3,무안(목포)
2024-06-13,27.3,35.0,19.7,33.6,상주
2024-06-13,22.4,27.0,18.8,29.1,신안
2024-06-13,23.7,28.8,20.2,31.5,제주
2024-06-13,26.7,34.6,20.3,29.7,창녕(밀양)
2024-06-13,20.1,28.1,12.3,27.8,평창
2024-06-13,24.4,32.7,16.3,33.7,포천(동두천)
2024-06-13,24.2,32.3,17.8,31.1,해남
2024-06-14,25.0,32.3,17.7,32.2,논산(부여)
2024-06-14,24.7,28.9,20.5,28.2,무안(목포)
2024-06-14,26.8,33.5,18.9,28.8,상주
2024-06-14,22.1,27.9,19.0,25.7,신안
2024-06-14,25.4,31.4,21.5,33.0,제주
2024-06-14,26.0,34.0,18.0,30.4,창녕(밀양)
2024-06-14,21.6,28.9,12.5,26.3,평창
2024-06-14,24.5,31.9,16.7,33.4,포천(동두천)
2024-06-14,24.5,31.2,18.0,32.3,해남
2024-06-15,24.1,28.6,20.1,29.3,논산(부여)
2024-06-15,24.6,28.9,21.8,29.8,무안(목포)
2024-06-15,24.5,31.5,20.3,31.3,상주
2024-06-15,24.0,28.8,20.6,31.1,신안
2024-06-15,24.9,27.5,22.0,34.2,제주
2024-06-15,25.9,33.9,20.5,31.1,창녕(밀양)
2024-06-15,19.4,23.3,16.7,21.6,평창
2024-06-15,22.7,28.3,19.7,30.5,포천(동두천)
2024-06-15,24.8,29.8,20.2,32.9,해남
2024-06-16,23.4,30.1,18.0,32.0,논산(부여)
2024-06-16,23.3,26.4,20.8,27.9,무안(목포)
2024-06-16,24.6,30.2,19.3,29.7,상주
2024-06-16,23.4,27.6,19.5,29.9,신안
2024-06-16,25.0,28.8,22.3,39.2,제주
2024-06-16,25.8,31.6,21.5,30.0,창녕(밀양)
2024-06-16,19.3,25.1,14.3,22.6,평창
2024-06-16,22.8,29.9,16.6,30.4,포천(동두천)
2024-06-16,23.7,29.2,19.2,33.1,해남
2024-06-17,21.8,28.4,15.2,27.9,논산(부여)
2024-06-17,22.1,26.2,20.1,24.7,무안(목포)
2024-06-17,23.9,29.2,18.1,21.9,상주
2024-06-17,21.2,25.2,18.9,25.0,신안
2024-06-17,22.5,24.6,20.4,23.8,제주
2024-06-17,22.8,29.2,18.2,25.2,창녕(밀양)
2024-06-17,19.8,26.5,12.3,23.8,평창
2024-06-17,22.9,29.6,15.1,32.3,포천(동두천)
2024-06-17,21.2,26.1,16.9,24.6,해남
2024-06-18,23.2,33.7,13.8,31.9,논산(부여)
2024-06-18,23.6,29.7,18.8,28.5,무안(목포)
2024-06-18,27.4,35.2,20.1,31.7,상주
2024-06-18,23.9,29.0,18.8,29.9,신안
2024-06-18,25.0,31.2,19.2,32.4,제주
2024-06-18,26.3,35.2,17.6,31.1,창녕(밀양)
2024-06-18,22.0,30.0,11.5,28.1,평창
2024-06-18,24.3,32.9,16.2,34.6,포천(동두천)
2024-06-18,23.3,32.0,15.0,32.0,해남
2024-06-19,25.3,35.8,16.9,32.2,논산(부여)
2024-06-19,25.3,32.6,20.7,29.9,무안(목포)
2024-06-19,28.0,35.5,20.2,32.8,상주
2024-06-19,23.7,29.4,19.1,29.2,신안
2024-06-19,24.9,29.0,22.1,31.2,제주
2024-06-19,27.5,35.8,19.5,31.9,창녕(밀양)
2024-06-19,22.5,30.6,14.1,30.4,평창
2024-06-19,26.3,35.1,17.2,36.0,포천(동두천)
2024-06-19,24.3,33.5,17.5,31.8,해남
2024-06-20,24.2,31.2,17.2,31.1,논산(부여)
2024-06-20,22.6,23.5,21.6,23.7,무안(목포)
2024-06-20,24.1,30.4,19.2,30.8,상주
2024-06-20,20.0,21.1,18.9,20.0,신안
2024-06-20,22.6,24.5,21.7,23.0,제주
2024-06-20,23.5,27.0,19.1,25.4,창녕(밀양)
2024-06-20,21.2,29.8,13.1,25.6,평창
2024-06-20,27.3,35.2,19.7,35.8,포천(동두천)
2024-06-20,21.8,22.9,20.4,22.8,해남
2024-06-21,25.2,31.6,17.4,32.5,논산(부여)
2024-06-21,24.8,31.0,20.8,29.3,무안(목포)
2024-06-21,25.2,32.0,16.8,32.1,상주
2024-06-21,21.8,25.5,19.5,25.2,신안
2024-06-21,24.9,28.5,21.7,26.4,제주
2024-06-21,25.9,31.0,21.1,30.8,창녕(밀양)
2024-06-21,20.8,27.3,11.3,29.5,평창
2024-06-21,25.8,33.7,19.2,33.4,포천(동두천)
2024-06-21,23.8,29.0,19.2,26.6,해남
2024-06-22,23.1,24.5,21.7,25.3,논산(부여)
2024-06-22,23.4,24.3,22.5,24.2,무안(목포)
2024-06-22,22.9,24.6,21.8,25.5,상주
2024-06-22,22.1,25.3,20.2,22.6,신안
2024-06-22,25.9,29.4,23.3,26.4,제주
2024-06-22,23.7,25.3,22.1,24.5,창녕(밀양)
2024-06-22,18.7,22.6,17.3,21.7,평창
2024-06-22,22.7,24.7,21.2,25.3,포천(동두천)
2024-06-22,23.8,25.5,22.8,24.1,해남
2024-06-23,24.4,29.2,21.9,27.6,논산(부여)
2024-06-23,23.3,26.1,21.6,24.9,무안(목포)
2024-06-23,24.6,28.4,22.2,26.2,상주
2024-06-23,23.5,27.5,20.0,27.4,신안
2024-06-23,24.6,27.4,21.8,25.4,제주
2024-06-23,26.1,30.3,22.6,26.2,창녕(밀양)
2024-06-23,19.7,24.6,17.5,21.5,평창
2024-06-23,24.1,30.2,20.0,29.2,포천(동두천)
2024-06-23,23.8,27.9,22.0,25.3,해남
2024-06-24,24.4,29.1,18.8,28.4,논산(부여)
2024-06-24,23.7,27.5,21.7,25.7,무안(목포)
2024-06-24,26.3,32.0,21.8,28.4,상주
2024-06-24,23.7,27.4,20.2,28.5,신안
2024-06-24,25.6,29.8,23.8,27.4,제주
2024-06-24,25.7,30.5,21.6,27.1,창녕(밀양)
2024-06-24,20.4,25.6,16.2,21.7,평창
2024-06-24,23.3,29.1,19.3,28.2,포천(동두천)
2024-06-24,24.3,28.0,22.1,26.0,해남
2024-06-25,21.6,28.7,15.9,26.4,논산(부여)
2024-06-25,22.8,26.7,20.1,25.0,무안(목포)
2024-06-25,23.6,28.2,18.7,27.7,상주
2024-06-25,22.3,26.0,19.3,26.7,신안
2024-06-25,22.6,23.8,21.5,24.5,제주
2024-06-25,24.5,29.5,20.6,26.7,창녕(밀양)
2024-06-25,17.2,22.0,14.0,18.2,평창
2024-06-25,21.6,27.5,16.0,28.2,포천(동두천)
2024-06-25,23.2,28.5,19.4,25.6,해남
2024-06-26,23.4,30.6,16.8,30.0,논산(부여)
2024-06-26,23.4,28.6,19.6,26.5,무안(목포)
2024-06-26,24.2,30.7,18.5,29.7,상주
2024-06-26,22.5,26.3,19.6,27.5,신안
2024-06-26,23.1,26.4,21.0,26.2,제주
2024-06-26,23.8,30.5,17.7,28.8,창녕(밀양)
2024-06-26,18.2,24.6,11.6,23.4,평창
2024-06-26,23.7,31.0,16.3,30.3,포천(동두천)
2024-06-26,22.5,30.4,17.1,27.9,해남
2024-06-27,23.2,28.6,17.9,27.3,논산(부여)
2024-06-27,20.9,22.5,19.6,22.2,무안(목포)
2024-06-27,21.8,26.8,16.8,26.1,상주
2024-06-27,19.6,20.8,17.9,19.8,신안
2024-06-27,22.0,23.7,20.4,23.3,제주
2024-06-27,21.0,24.7,17.4,23.1,창녕(밀양)
2024-06-27,19.2,25.4,11.5,22.2,평창
2024-06-27,24.5,31.4,17.1,30.9,포천(동두천)
2024-06-27,19.8,22.6,17.1,21.7,해남
2024-06-28,24.8,31.8,18.5,32.1,논산(부여)
2024-06-28,24.1,29.6,19.6,26.0,무안(목포)
2024-06-28,25.1,33.5,16.0,31.7,상주
2024-06-28,22.6,28.0,18.9,27.5,신안
2024-06-28,24.1,27.7,20.3,26.7,제주
2024-06-28,25.0,33.4,17.6,33.7,창녕(밀양)
2024-06-28,19.0,26.6,10.8,25.4,평창
2024-06-28,25.0,32.9,17.7,33.8,포천(동두천)
2024-06-28,23.8,29.2,17.9,28.0,해남
2024-06-29,24.3,29.0,20.4,27.6,논산(부여)
2024-06-29,23.8,25.2,22.8,24.0,무안(목포)
2024-06-29,24.7,31.5,20.5,31.0,상주
2024-06-29,21.9,23.5,20.1,21.7,신안
2024-06-29,25.5,28.5,22.4,24.5,제주
2024-06-29,24.0,27.5,20.5,26.0,창녕(밀양)
2024-06-29,21.8,29.2,13.6,26.4,평창
2024-06-29,25.2,32.8,18.2,34.0,포천(동두천)
2024-06-29,24.1,25.8,22.5,24.1,해남
2024-06-30,24.4,28.0,21.8,26.6,논산(부여)
2024-06-30,23.6,25.1,22.8,24.1,무안(목포)
2024-06-30,24.6,27.4,22.7,25.5,상주
2024-06-30,23.8,26.3,21.6,24.7,신안
2024-06-30,26.8,28.0,25.1,26.2,제주
2024-06-30,25.6,27.5,24.3,25.2,창녕(밀양)
2024-06-30,20.8,22.6,18.7,20.5,평창
2024-06-30,23.2,26.8,21.7,24.6,포천(동두천)
2024-06-30,24.1,25.3,23.1,24.6,해남
2024-07-01,25.3,31.3,20.5,28.8,논산(부여)
2024-07-01,24.3,27.5,22.0,26.4,무안(목포)
2024-07-01,26.4,31.8,21.6,28.8,상주
2024-07-01,23.3,26.8,20.5,26.4,신안
2024-07-01,25.6,28.0,24.5,27.1,제주
2024-07-01,27.5,32.6,23.1,29.7,창녕(밀양)
2024-07-01,21.5,26.9,17.7,22.8,평창
2024-07-01,24.6,29.6,21.5,27.5,포천(동두천)
2024-07-01,25.1,29.3,22.3,26.8,해남
2024-07-02,25.0,29.3,21.7,25.6,논산(부여)
2024-07-02,26.2,29.1,23.7,26.6,무안(목포)
2024-07-02,22.2,23.7,21.3,23.8,상주
2024-07-02,23.1,25.9,20.9,24.0,신안
2024-07-02,29.7,33.2,24.0,29.6,제주
2024-07-02,26.1,29.5,23.1,26.9,창녕(밀양)
2024-07-02,18.0,19.1,17.3,19.2,평창
2024-07-02,22.5,24.2,20.8,23.0,포천(동두천)
2024-07-02,26.9,30.4,24.1,26.2,해남
2024-07-03,25.5,29.1,22.4,28.0,논산(부여)
2024-07-03,25.9,29.5,23.3,28.5,무안(목포)
2024-07-03,26.1,30.7,22.3,26.8,상주
2024-07-03,24.8,28.9,22.5,27.7,신안
2024-07-03,29.1,31.8,25.9,33.4,제주
2024-07-03,27.9,32.0,25.5,28.8,창녕(밀양)
2024-07-03,21.1,23.3,18.0,20.9,평창
2024-07-03,23.6,25.4,21.8,24.4,포천(동두천)
2024-07-03,26.4,30.4,23.5,28.8,해남
2024-07-04,27.3,32.0,22.8,29.0,논산(부여)
2024-07-04,26.0,29.6,23.1,29.4,무안(목포)
2024-07-04,27.3,33.7,21.4,28.3,상주
2024-07-04,23.6,25.3,21.8,25.5,신안
2024-07-04,27.2,30.0,24.5,35.0,제주
2024-07-04,28.3,34.4,22.9,31.0,창녕(밀양)
2024-07-04,22.8,25.7,19.7,22.2,평창
2024-07-04,24.9,29.2,22.1,27.8,포천(동두천)
2024-07-04,26.2,30.2,23.0,29.3,해남
2024-07-05,25.4,29.6,22.6,29.1,논산(부여)
2024-07-05,26.1,29.1,23.5,29.0,무안(목포)
2024-07-05,26.3,30.5,23.1,29.4,상주
2024-07-05,25.0,28.7,22.8,27.2,신안
2024-07-05,28.7,34.0,25.4,31.6,제주
2024-07-05,28.9,33.6,25.2,31.3,창녕(밀양)
2024-07-05,21.2,25.3,18.7,22.5,평창
2024-07-05,23.2,26.3,20.7,26.5,포천(동두천)
2024-07-05,26.5,30.1,24.1,28.2,해남
2024-07-06,27.3,31.7,22.5,28.4,논산(부여)
2024-07-06,26.7,29.1,24.8,28.3,무안(목포)
2024-07-06,27.7,32.0,22.7,28.3,상주
2024-07-06,24.7,27.9,22.2,26.1,신안
2024-07-06,30.6,34.8,25.3,32.5,제주
2024-07-06,27.8,31.9,24.3,29.5,창녕(밀양)
2024-07-06,22.8,29.1,18.3,22.8,평창
2024-07-06,23.7,28.5,20.6,24.7,포천(동두천)
2024-07-06,26.7,27.9,24.9,27.3,해남
2024-07-07,25.7,27.7,24.2,26.8,논산(부여)
2024-07-07,26.3,28.2,25.1,27.9,무안(목포)
2024-07-07,26.0,29.6,23.5,27.2,상주
2024-07-07,24.9,27.8,22.6,25.8,신안
2024-07-07,30.7,34.5,27.7,32.4,제주
2024-07-07,28.6,32.2,26.5,30.1,창녕(밀양)
2024-07-07,20.9,24.5,19.2,20.6,평창
2024-07-07,24.0,27.3,21.1,26.5,포천(동두천)
2024-07-07,26.0,26.8,25.2,26.4,해남
2024-07-08,24.7,26.7,22.7,26.1,논산(부여)
2024-07-08,26.0,27.1,25.0,26.3,무안(목포)
2024-07-08,23.8,25.0,23.0,24.8,상주
2024-07-08,24.0,28.2,22.2,24.2,신안
2024-07-08,31.3,35.1,27.7,35.0,제주
2024-07-08,27.6,30.1,26.8,28.0,창녕(밀양)
2024-07-08,20.6,21.5,19.1,21.1,평창
2024-07-08,23.3,25.0,22.2,24.9,포천(동두천)
2024-07-08,25.9,26.9,25.3,26.1,해남
2024-07-09,23.8,24.6,22.4,25.4,논산(부여)
2024-07-09,25.5,26.8,24.3,26.0,무안(목포)
2024-07-09,23.6,25.5,22.2,24.8,상주
2024-07-09,23.8,25.3,22.3,24.0,신안
2024-07-09,31.0,34.1,28.7,35.4,제주
2024-07-09,25.2,27.7,24.0,26.0,창녕(밀양)
2024-07-09,20.7,24.8,19.0,22.0,평창
2024-07-09,24.0,28.2,22.1,26.8,포천(동두천)
2024-07-09,26.3,27.9,24.7,26.6,해남
2024-07-10,23.9,27.4,21.7,27.0,논산(부여)
2024-07-10,24.0,26.4,22.6,25.9,무안(목포)
2024-07-10,23.1,26.6,20.6,25.5,상주
2024-07-10,23.8,26.7,22.1,24.0,신안
2024-07-10,26.2,29.7,23.5,27.1,제주
2024-07-10,26.2,30.1,23.0,26.9,창녕(밀양)
2024-07-10,19.5,22.6,16.4,23.2,평창
2024-07-10,25.2,30.7,21.5,27.7,포천(동두천)
2024-07-10,24.4,27.1,22.5,26.4,해남
2024-07-11,23.9,27.2,21.0,26.4,논산(부여)
2024-07-11,23.3,25.5,21.8,25.4,무안(목포)
2024-07-11,25.7,29.8,22.6,27.5,상주
2024-07-11,22.7,25.1,21.7,23.9,신안
2024-07-11,24.0,25.5,22.9,26.2,제주
2024-07-11,24.7,28.7,22.6,27.3,창녕(밀양)
2024-07-11,20.5,27.4,14.5,24.4,평창
2024-07-11,25.0,30.5,21.6,28.2,포천(동두천)
2024-07-11,23.4,26.0,22.0,25.1,해남
2024-07-12,25.5,31.0,21.6,28.7,논산(부여)
2024-07-12,24.0,27.3,21.8,27.8,무안(목포)
2024-07-12,26.7,31.8,21.7,28.7,상주
2024-07-12,23.7,27.6,21.7,24.7,신안
2024-07-12,24.7,27.1,22.6,27.9,제주
2024-07-12,26.3,33.1,21.7,30.3,창녕(밀양)
2024-07-12,21.2,26.3,17.3,25.4,평창
2024-07-12,25.5,30.4,21.8,29.7,포천(동두천)
2024-07-12,24.2,28.9,21.7,26.8,해남
2024-07-13,25.9,30.8,21.3,29.2,논산(부여)
2024-07-13,25.0,28.4,22.2,26.7,무안(목포)
2024-07-13,26.6,31.3,22.6,27.9,상주
2024-07-13,22.7,25.5,21.0,24.7,신안
2024-07-13,25.2,27.5,23.2,26.5,제주
2024-07-13,25.9,30.7,21.8,28.7,창녕(밀양)
2024-07-13,20.1,25.7,15.4,24.4,평창
2024-07-13,26.7,32.4,22.1,29.7,포천(동두천)
2024-07-13,24.5,28.2,21.0,26.6,해남
2024-07-14,26.1,31.7,23.1,30.1,논산(부여)
2024-07-14,24.8,27.3,23.5,27.3,무안(목포)
2024-07-14,24.2,26.6,23.1,26.2,상주
2024-07-14,22.3,24.3,21.7,22.7,신안
2024-07-14,26.2,29.7,24.6,26.8,제주
2024-07-14,24.3,27.2,23.0,26.2,창녕(밀양)
2024-07-14,17.8,20.3,13.6,21.3,평창
2024-07-14,26.9,31.5,22.8,29.5,포천(동두천)
2024-07-14,24.7,26.7,23.6,26.7,해남
2024-07-15,26.8,31.9,23.5,29.4,논산(부여)
2024-07-15,25.6,29.2,23.6,27.4,무안(목포)
2024-07-15,25.5,29.0,22.5,27.5,상주
2024-07-15,22.8,25.6,21.4,23.5,신안
2024-07-15,25.7,28.1,24.2,27.7,제주
2024-07-15,25.4,28.6,23.0,28.1,창녕(밀양)
2024-07-15,19.2,22.1,17.7,21.9,평창
2024-07-15,26.8,31.3,22.1,29.1,포천(동두천)
2024-07-15,24.6,27.1,23.3,27.6,해남
2024-07-16,24.5,26.5,22.5,26.9,논산(부여)
2024-07-16,25.6,27.6,22.9,25.8,무안(목포)
2024-07-16,24.1,28.0,22.2,25.8,상주
2024-07-16,23.5,25.1,22.0,24.2,신안
2024-07-16,29.8,33.3,25.7,29.9,제주
2024-07-16,24.5,27.4,23.1,26.3,창녕(밀양)
2024-07-16,21.2,25.8,18.0,23.9,평창
2024-07-16,26.0,30.5,23.6,29.9,포천(동두천)
2024-07-16,25.6,27.7,21.3,25.6,해남
2024-07-17,27.2,31.2,22.6,28.0,논산(부여)
2024-07-17,27.3,29.7,25.3,28.0,무안(목포)
2024-07-17,25.6,29.7,22.2,27.2,상주
2024-07-17,24.0,25.2,22.8,24.8,신안
2024-07-17,30.1,35.2,26.6,32.5,제주
2024-07-17,26.6,31.3,23.0,28.1,창녕(밀양)
2024-07-17,21.7,25.2,19.7,21.4,평창
2024-07-17,-99.0,26.0,21.7,24.6,포천(동두천)
2024-07-17,28.1,30.4,26.2,28.0,해남
2024-07-18,25.9,27.6,23.9,26.3,논산(부여)
2024-07-18,26.6,28.1,23.8,26.9,무안(목포)
2024-07-18,26.1,28.7,24.2,27.2,상주
2024-07-18,25.3,27.5,22.9,25.2,신안
2024-07-18,30.1,34.2,27.6,30.9,제주
2024-07-18,27.8,29.6,26.0,27.2,창녕(밀양)
2024-07-18,22.0,23.7,20.2,21.7,평창
2024-07-18,-99.0,24.6,22.6,24.2,포천(동두천)
2024-07-18,26.9,28.8,23.6,28.0,해남
2024-07-19,25.1,28.6,23.2,27.4,논산(부여)
2024-07-19,24.8,28.0,23.3,27.6,무안(목포)
2024-07-19,26.4,30.7,24.2,27.9,상주
2024-07-19,23.6,28.2,21.8,23.7,신안
2024-07-19,28.0,34.2,23.9,29.8,제주
2024-07-19,26.1,28.9,23.9,27.1,창녕(밀양)
2024-07-19,22.6,26.5,20.0,23.9,평창
2024-07-19,26.0,30.5,22.7,28.5,포천(동두천)
2024-07-19,24.7,28.8,23.1,28.0,해남
2024-07-20,26.3,31.4,22.6,28.2,논산(부여)
2024-07-20,27.5,30.2,24.0,28.1,무안(목포)
2024-07-20,25.7,29.3,22.5,29.0,상주
2024-07-20,25.6,28.3,22.0,25.5,신안
2024-07-20,31.1,35.5,26.7,32.7,제주
2024-07-20,26.8,31.7,23.2,29.4,창녕(밀양)
2024-07-20,22.9,25.3,19.0,22.6,평창
2024-07-20,26.0,30.1,24.0,28.8,포천(동두천)
2024-07-20,28.2,31.5,22.7,29.0,해남
2024-07-21,27.5,31.5,23.9,28.9,논산(부여)
2024-07-21,27.3,30.9,23.8,28.9,무안(목포)
2024-07-21,28.3,32.9,24.6,30.0,상주
2024-07-21,25.7,29.9,22.5,27.1,신안
2024-07-21,30.4,35.1,26.2,30.5,제주
2024-07-21,29.3,34.0,25.2,31.4,창녕(밀양)
2024-07-21,22.7,26.2,19.5,22.6,평창
2024-07-21,25.1,28.3,21.2,26.6,포천(동두천)
2024-07-21,27.5,31.0,23.8,29.5,해남
2024-07-22,28.8,31.6,25.1,29.9,논산(부여)
2024-07-22,28.1,30.9,26.2,29.2,무안(목포)
2024-07-22,29.1,33.4,24.7,31.4,상주
2024-07-22,25.1,26.4,23.7,25.8,신안
2024-07-22,29.7,33.0,26.9,35.0,제주
2024-07-22,29.8,34.2,25.5,32.1,창녕(밀양)
2024-07-22,24.1,25.2,22.2,22.9,평창
2024-07-22,25.4,27.0,23.0,25.7,포천(동두천)
2024-07-22,28.8,31.6,26.9,29.6,해남
2024-07-23,26.9,28.6,25.3,28.2,논산(부여)
2024-07-23,28.7,32.2,26.5,31.7,무안(목포)
2024-07-23,27.8,30.0,25.3,29.1,상주
2024-07-23,25.4,28.1,23.8,26.2,신안
2024-07-23,29.9,32.7,27.8,35.8,제주
2024-07-23,30.0,33.2,26.9,30.7,창녕(밀양)
2024-07-23,22.6,25.1,21.5,23.7,평창
2024-07-23,25.2,26.7,24.1,26.1,포천(동두천)
2024-07-23,29.2,32.4,26.9,31.2,해남
2024-07-24,28.3,33.2,25.3,30.9,논산(부여)
2024-07-24,29.2,32.1,27.0,32.9,무안(목포)
2024-07-24,27.4,31.6,24.5,30.2,상주
2024-07-24,27.2,31.4,24.7,28.6,신안
2024-07-24,30.3,33.0,28.3,36.6,제주
2024-07-24,27.6,31.6,24.8,28.9,창녕(밀양)
2024-07-24,23.3,27.2,19.3,22.9,평창
2024-07-24,27.1,30.6,24.0,29.0,포천(동두천)
2024-07-24,29.4,32.8,26.4,32.6,해남
2024-07-25,27.9,34.2,24.2,31.7,논산(부여)
2024-07-25,29.6,33.0,27.3,33.8,무안(목포)
2024-07-25,27.6,33.9,24.2,31.0,상주
2024-07-25,26.1,29.6,24.2,27.5,신안
2024-07-25,30.6,34.5,28.1,32.2,제주
2024-07-25,29.9,35.4,24.8,33.0,창녕(밀양)
2024-07-25,24.7,29.3,22.2,25.9,평창
2024-07-25,27.6,31.9,24.1,30.3,포천(동두천)
2024-07-25,29.1,32.2,26.8,33.6,해남
2024-07-26,27.8,33.6,24.6,29.9,논산(부여)
2024-07-26,27.6,30.2,26.4,30.0,무안(목포)
2024-07-26,28.2,33.2,24.8,30.3,상주
2024-07-26,25.2,28.7,23.4,26.5,신안
2024-07-26,28.2,29.6,26.9,28.7,제주
2024-07-26,29.6,34.2,25.8,31.9,창녕(밀양)
2024-07-26,25.8,30.8,21.6,28.2,평창
2024-07-26,27.4,32.8,24.0,31.2,포천(동두천)
2024-07-26,27.0,28.8,25.9,28.5,해남
2024-07-27,28.6,33.0,25.4,30.6,논산(부여)
2024-07-27,28.9,32.4,26.4,32.2,무안(목포)
2024-07-27,28.1,33.4,25.5,30.8,상주
2024-07-27,27.0,30.7,23.6,27.7,신안
2024-07-27,30.5,34.6,27.1,30.9,제주
2024-07-27,30.3,33.5,28.1,37.9,창녕(밀양)
2024-07-27,24.9,29.1,23.0,25.6,평창
2024-07-27,27.8,31.5,26.1,30.1,포천(동두천)
2024-07-27,28.8,32.5,25.9,29.9,해남
2024-07-28,29.2,33.9,25.6,31.4,논산(부여)
2024-07-28,29.3,32.3,26.9,32.5,무안(목포)
2024-07-28,29.6,34.7,25.7,32.6,상주
2024-07-28,27.2,30.1,24.4,29.0,신안
2024-07-28,30.1,32.7,27.7,31.9,제주
2024-07-28,29.9,34.6,26.0,36.6,창녕(밀양)
2024-07-28,25.0,28.5,23.1,25.4,평창
2024-07-28,28.4,31.6,26.3,30.4,포천(동두천)
2024-07-28,29.2,33.0,25.8,32.0,해남
2024-07-29,28.1,31.6,25.9,30.5,논산(부여)
2024-07-29,28.6,31.2,26.5,33.2,무안(목포)
2024-07-29,29.1,33.2,26.2,31.2,상주
2024-07-29,27.7,32.2,24.9,32.0,신안
2024-07-29,30.0,33.3,26.6,33.5,제주
2024-07-29,30.3,35.4,25.4,39.6,창녕(밀양)
2024-07-29,23.8,25.2,22.2,23.8,평창
2024-07-29,26.0,27.5,25.3,26.5,포천(동두천)
2024-07-29,28.5,31.7,26.1,31.3,해남
2024-07-30,28.5,31.9,25.8,31.4,논산(부여)
2024-07-30,28.4,31.5,26.6,33.2,무안(목포)
2024-07-30,29.2,32.7,26.6,31.2,상주
2024-07-30,28.4,32.3,25.6,34.4,신안
2024-07-30,30.6,33.9,27.5,35.6,제주
2024-07-30,30.3,36.0,24.3,40.6,창녕(밀양)
2024-07-30,23.3,25.1,22.1,23.0,평창
2024-07-30,27.1,30.5,25.2,28.4,포천(동두천)
2024-07-30,28.2,32.2,25.3,31.7,해남
2024-07-31,28.6,33.3,25.2,31.8,논산(부여)
2024-07-31,29.4,32.7,27.3,35.0,무안(목포)
2024-07-31,29.5,34.0,25.7,32.1,상주
2024-07-31,28.5,33.3,26.0,33.9,신안
2024-07-31,30.2,32.7,27.0,36.7,제주
2024-07-31,30.6,36.4,24.8,40.1,창녕(밀양)
2024-07-31,24.6,29.2,21.0,27.0,평창
2024-07-31,27.8,32.2,25.2,29.9,포천(동두천)
2024-07-31,28.8,32.4,25.5,32.3,해남
2024-08-01,29.4,33.5,25.8,33.5,논산(부여)
2024-08-01,29.4,32.6,27.2,32.9,무안(목포)
2024-08-01,29.9,34.3,26.0,33.2,상주
2024-08-01,29.1,33.3,26.2,35.7,신안
2024-08-01,30.8,33.5,28.3,37.7,제주
2024-08-01,30.3,35.6,25.5,41.4,창녕(밀양)
2024-08-01,25.5,29.1,22.2,27.4,평창
2024-08-01,28.3,31.5,25.8,30.1,포천(동두천)
2024-08-01,29.2,32.6,26.5,32.4,해남
2024-08-02,29.5,33.5,26.3,33.1,논산(부여)
2024-08-02,29.5,33.4,27.4,34.1,무안(목포)
2024-08-02,30.4,35.1,26.2,34.1,상주
2024-08-02,28.9,33.4,26.7,32.4,신안
2024-08-02,31.0,34.7,28.0,37.7,제주
2024-08-02,31.3,36.6,26.1,42.2,창녕(밀양)
2024-08-02,25.9,30.0,23.7,28.1,평창
2024-08-02,28.3,31.7,26.3,29.5,포천(동두천)
2024-08-02,29.2,33.4,25.6,32.3,해남
2024-08-03,29.9,34.7,26.7,33.8,논산(부여)
2024-08-03,30.0,33.5,27.2,35.5,무안(목포)
2024-08-03,30.8,35.5,27.6,34.0,상주
2024-08-03,30.1,34.0,27.0,36.1,신안
2024-08-03,31.2,33.6,28.8,37.0,제주
2024-08-03,31.5,37.7,27.2,39.8,창녕(밀양)
2024-08-03,25.3,31.3,20.7,29.4,평창
2024-08-03,28.7,33.5,26.2,31.1,포천(동두천)
2024-08-03,29.8,34.7,26.0,32.2,해남
2024-08-04,29.7,35.5,25.1,35.0,논산(부여)
2024-08-04,30.2,33.9,26.9,36.5,무안(목포)
2024-08-04,29.9,35.7,25.3,35.5,상주
2024-08-04,29.4,33.1,27.0,34.1,신안
2024-08-04,31.1,34.5,29.1,38.3,제주
2024-08-04,29.7,35.8,26.7,38.2,창녕(밀양)
2024-08-04,23.6,28.2,18.7,30.0,평창
2024-08-04,29.7,35.2,25.1,33.2,포천(동두천)
2024-08-04,30.0,35.0,26.6,31.9,해남
2024-08-05,27.7,34.1,24.4,31.5,논산(부여)
2024-08-05,28.1,33.8,23.8,31.9,무안(목포)
2024-08-05,28.1,34.9,23.2,33.5,상주
2024-08-05,28.5,33.5,25.2,33.8,신안
2024-08-05,30.4,33.1,28.8,34.6,제주
2024-08-05,28.9,36.1,25.5,32.4,창녕(밀양)
2024-08-05,23.5,30.7,20.2,26.1,평창
2024-08-05,28.5,33.1,25.7,31.5,포천(동두천)
2024-08-05,28.3,33.5,24.4,33.3,해남
2024-08-06,27.8,33.6,23.7,30.8,논산(부여)
2024-08-06,28.7,32.6,24.7,30.3,무안(목포)
2024-08-06,27.6,33.9,23.3,30.6,상주
2024-08-06,28.2,33.1,24.5,33.6,신안
2024-08-06,30.3,32.3,28.3,35.9,제주
2024-08-06,28.9,35.9,24.6,34.0,창녕(밀양)
2024-08-06,23.9,30.1,19.8,26.7,평창
2024-08-06,27.7,32.5,24.6,30.8,포천(동두천)
2024-08-06,29.0,34.3,23.9,32.6,해남
2024-08-07,28.9,34.6,25.1,32.5,논산(부여)
2024-08-07,29.2,32.9,26.3,32.2,무안(목포)
2024-08-07,28.6,34.6,23.7,31.7,상주
2024-08-07,29.1,33.0,25.6,35.0,신안
2024-08-07,30.3,33.2,27.7,37.9,제주
2024-08-07,30.3,36.5,25.1,36.8,창녕(밀양)
2024-08-07,24.1,29.2,18.5,26.8,평창
2024-08-07,27.8,32.4,24.7,31.0,포천(동두천)
2024-08-07,29.3,34.6,25.0,33.7,해남
2024-08-08,26.3,29.0,24.2,29.8,논산(부여)
2024-08-08,28.2,32.2,26.2,29.9,무안(목포)
2024-08-08,28.0,32.1,25.2,31.0,상주
2024-08-08,27.8,33.2,25.1,32.9,신안
2024-08-08,30.6,33.5,28.0,38.6,제주
2024-08-08,30.3,35.5,26.5,37.8,창녕(밀양)
2024-08-08,23.3,27.5,19.5,24.1,평창
2024-08-08,27.5,31.2,25.6,30.6,포천(동두천)
2024-08-08,28.3,34.2,24.2,31.9,해남
2024-08-09,28.1,33.9,24.3,32.9,논산(부여)
2024-08-09,28.9,32.5,25.8,34.2,무안(목포)
2024-08-09,28.2,34.0,23.7,32.2,상주
2024-08-09,28.9,33.4,25.7,34.8,신안
2024-08-09,30.7,32.9,28.5,38.9,제주
2024-08-09,29.0,36.0,24.5,37.9,창녕(밀양)
2024-08-09,23.1,29.0,19.0,27.0,평창
2024-08-09,28.0,32.4,24.2,31.8,포천(동두천)
2024-08-09,28.9,34.5,24.9,34.1,해남
2024-08-10,28.8,34.5,24.9,32.9,논산(부여)
2024-08-10,29.4,33.3,26.1,34.7,무안(목포)
2024-08-10,28.2,33.7,23.2,32.4,상주
2024-08-10,28.5,33.9,25.2,34.3,신안
2024-08-10,30.9,34.4,28.0,37.8,제주
2024-08-10,29.3,36.2,25.1,35.4,창녕(밀양)
2024-08-10,23.4,28.8,18.3,29.6,평창
2024-08-10,28.0,33.3,23.6,31.4,포천(동두천)
2024-08-10,28.7,34.1,24.3,34.6,해남
2024-08-11,29.3,34.6,24.4,34.7,논산(부여)
2024-08-11,29.5,33.5,26.3,35.8,무안(목포)
2024-08-11,28.9,33.9,25.2,33.0,상주
2024-08-11,27.2,31.8,25.1,30.3,신안
2024-08-11,30.9,34.9,27.9,38.9,제주
2024-08-11,29.3,35.9,23.7,38.4,창녕(밀양)
2024-08-11,23.8,29.9,19.5,27.8,평창
2024-08-11,28.8,32.7,25.3,34.2,포천(동두천)
2024-08-11,28.9,33.0,25.1,34.4,해남
2024-08-12,29.4,35.5,24.9,32.8,논산(부여)
2024-08-12,29.5,33.3,26.1,34.6,무안(목포)
2024-08-12,29.2,34.9,23.8,34.7,상주
2024-08-12,28.0,33.5,25.0,33.1,신안
2024-08-12,30.1,33.3,27.6,38.3,제주
2024-08-12,29.3,36.4,22.8,38.0,창녕(밀양)
2024-08-12,22.9,28.7,17.8,29.4,평창
2024-08-12,28.7,33.0,25.2,32.3,포천(동두천)
2024-08-12,28.4,34.4,24.5,34.8,해남
2024-08-13,29.5,35.3,25.5,34.3,논산(부여)
2024-08-13,28.0,31.5,26.7,30.9,무안(목포)
2024-08-13,28.7,34.6,23.4,35.8,상주
2024-08-13,28.6,34.4,24.5,34.2,신안
2024-08-13,29.8,32.8,27.7,37.7,제주
2024-08-13,29.0,35.9,22.8,38.0,창녕(밀양)
2024-08-13,22.4,28.9,15.1,29.0,평창
2024-08-13,29.5,34.9,25.2,35.4,포천(동두천)
2024-08-13,27.6,33.2,24.1,32.3,해남
2024-08-14,29.2,35.0,24.5,34.4,논산(부여)
2024-08-14,28.6,32.3,25.5,34.6,무안(목포)
2024-08-14,28.2,34.5,23.0,35.9,상주
2024-08-14,28.8,34.0,25.6,33.5,신안
2024-08-14,28.7,31.1,25.9,30.8,제주
2024-08-14,29.0,35.4,23.4,37.2,창녕(밀양)
2024-08-14,22.0,27.5,16.8,29.5,평창
2024-08-14,27.9,35.2,24.7,33.7,포천(동두천)
2024-08-14,28.2,34.4,22.8,34.4,해남
2024-08-15,28.5,34.7,24.5,34.1,논산(부여)
2024-08-15,27.7,32.4,24.4,29.8,무안(목포)
2024-08-15,28.6,33.9,22.8,36.0,상주
2024-08-15,29.3,34.4,25.7,34.2,신안
2024-08-15,27.6,32.0,25.6,28.1,제주
2024-08-15,28.3,36.1,24.5,35.3,창녕(밀양)
2024-08-15,21.4,27.3,16.6,28.8,평창
2024-08-15,26.8,33.2,24.1,30.5,포천(동두천)
2024-08-15,27.6,34.8,24.1,31.8,해남
2024-08-16,28.6,34.8,23.8,34.6,논산(부여)
2024-08-16,26.4,30.3,24.7,28.9,무안(목포)
2024-08-16,28.1,33.1,23.2,35.2,상주
2024-08-16,28.6,33.8,25.5,32.9,신안
2024-08-16,28.3,32.1,25.4,30.0,제주
2024-08-16,28.4,35.9,23.5,35.1,창녕(밀양)
2024-08-16,21.1,26.5,16.0,26.5,평창
2024-08-16,28.0,33.4,24.2,30.5,포천(동두천)
2024-08-16,27.0,33.7,24.1,32.1,해남
2024-08-17,28.7,34.5,24.4,33.7,논산(부여)
2024-08-17,26.8,31.6,24.3,28.2,무안(목포)
2024-08-17,28.3,35.3,23.2,36.1,상주
2024-08-17,29.2,35.1,25.4,34.1,신안
2024-08-17,29.4,33.0,26.6,31.5,제주
2024-08-17,28.0,36.4,23.9,35.4,창녕(밀양)
2024-08-17,22.0,27.5,16.6,28.8,평창
2024-08-17,27.8,33.5,24.0,30.6,포천(동두천)
2024-08-17,26.7,33.5,23.4,29.4,해남
2024-08-18,27.6,34.0,24.2,32.5,논산(부여)
2024-08-18,27.4,31.2,24.1,29.0,무안(목포)
2024-08-18,28.2,34.5,23.2,34.7,상주
2024-08-18,29.4,35.2,25.3,33.8,신안
2024-08-18,29.5,32.9,27.6,32.6,제주
2024-08-18,28.8,35.8,23.1,36.2,창녕(밀양)
2024-08-18,22.8,29.3,16.7,30.4,평창
2024-08-18,28.4,33.9,24.7,32.1,포천(동두천)
2024-08-18,27.8,33.4,23.5,31.2,해남
2024-08-19,29.0,34.6,23.6,34.6,논산(부여)
2024-08-19,29.3,33.4,25.3,33.7,무안(목포)
2024-08-19,29.1,34.6,24.3,36.0,상주
2024-08-19,28.6,32.7,25.7,32.7,신안
2024-08-19,30.6,35.0,27.2,35.0,제주
2024-08-19,29.4,35.1,23.6,36.9,창녕(밀양)
2024-08-19,23.7,29.4,18.7,31.8,평창
2024-08-19,28.6,34.1,24.2,33.3,포천(동두천)
2024-08-19,28.8,33.7,24.1,33.0,해남
2024-08-20,29.9,35.7,26.0,34.6,논산(부여)
2024-08-20,28.9,32.7,26.6,31.7,무안(목포)
2024-08-20,28.5,34.4,26.1,35.7,상주
2024-08-20,28.5,31.9,25.8,31.6,신안
2024-08-20,30.4,32.8,28.0,30.9,제주
2024-08-20,28.9,35.0,26.0,32.9,창녕(밀양)
2024-08-20,22.8,27.2,18.6,26.2,평창
2024-08-20,29.8,34.6,24.2,32.9,포천(동두천)
2024-08-20,28.5,33.0,25.5,31.1,해남
2024-08-21,28.9,32.4,27.0,29.8,논산(부여)
2024-08-21,29.6,32.1,27.2,32.3,무안(목포)
2024-08-21,27.5,30.8,25.6,30.1,상주
2024-08-21,28.4,32.1,26.0,31.2,신안
2024-08-21,31.3,34.3,28.4,31.8,제주
2024-08-21,28.0,32.4,26.2,28.5,창녕(밀양)
2024-08-21,23.8,25.3,22.2,23.9,평창
2024-08-21,26.8,29.9,25.4,28.0,포천(동두천)
2024-08-21,30.2,34.2,27.8,31.2,해남
2024-08-22,27.3,31.2,24.3,29.6,논산(부여)
2024-08-22,28.3,31.4,26.4,29.6,무안(목포)
2024-08-22,27.8,32.7,25.3,30.9,상주
2024-08-22,28.0,31.7,25.5,31.0,신안
2024-08-22,30.7,34.3,29.1,32.0,제주
2024-08-22,28.7,34.1,26.0,30.0,창녕(밀양)
2024-08-22,25.4,30.4,22.8,25.4,평창
2024-08-22,27.1,30.0,25.3,28.5,포천(동두천)
2024-08-22,28.2,31.7,24.9,30.1,해남
2024-08-23,27.5,32.6,23.2,30.3,논산(부여)
2024-08-23,28.3,31.8,25.4,32.6,무안(목포)
2024-08-23,28.0,33.5,24.2,30.8,상주
2024-08-23,27.9,32.2,24.9,30.6,신안
2024-08-23,30.1,33.0,28.1,34.1,제주
2024-08-23,28.8,34.4,23.9,32.4,창녕(밀양)
2024-08-23,23.8,28.6,21.3,27.0,평창
2024-08-23,27.1,31.2,24.7,29.3,포천(동두천)
2024-08-23,27.7,32.7,23.8,30.0,해남
2024-08-24,27.3,32.8,23.2,30.8,논산(부여)
2024-08-24,28.4,32.3,25.5,32.7,무안(목포)
2024-08-24,28.4,34.2,23.5,31.0,상주
2024-08-24,27.7,32.0,25.0,31.0,신안
2024-08-24,29.7,32.3,26.7,34.3,제주
2024-08-24,29.2,35.1,24.4,33.6,창녕(밀양)
2024-08-24,23.6,30.2,19.0,28.6,평창
2024-08-24,26.9,30.9,23.1,29.3,포천(동두천)
2024-08-24,28.0,33.5,23.4,31.3,해남
2024-08-25,27.2,32.5,23.8,30.4,논산(부여)
2024-08-25,28.2,31.8,25.7,33.2,무안(목포)
2024-08-25,28.4,33.5,23.7,31.6,상주
2024-08-25,28.5,32.4,24.9,31.2,신안
2024-08-25,29.7,32.8,27.0,35.5,제주
2024-08-25,28.9,35.1,24.6,33.8,창녕(밀양)
2024-08-25,22.3,27.4,19.7,27.4,평창
2024-08-25,27.1,32.5,23.5,30.3,포천(동두천)
2024-08-25,28.0,33.7,23.9,31.2,해남
2024-08-26,27.5,32.4,24.3,30.5,논산(부여)
2024-08-26,28.4,32.4,25.5,33.6,무안(목포)
2024-08-26,27.4,32.0,23.5,30.8,상주
2024-08-26,28.3,32.6,25.4,31.4,신안
2024-08-26,29.3,32.1,26.2,34.5,제주
2024-08-26,28.8,35.1,24.5,34.1,창녕(밀양)
2024-08-26,21.6,26.0,18.9,25.8,평창
2024-08-26,26.4,30.7,23.5,29.1,포천(동두천)
2024-08-26,27.5,32.8,23.3,30.3,해남
2024-08-27,26.3,28.4,24.4,28.5,논산(부여)
2024-08-27,27.7,31.4,23.5,30.9,무안(목포)
2024-08-27,24.9,29.0,22.7,27.6,상주
2024-08-27,27.5,31.3,25.3,-99.0,신안
2024-08-27,29.5,31.9,27.1,35.0,제주
2024-08-27,26.5,33.4,24.0,28.8,창녕(밀양)
2024-08-27,19.2,21.5,15.0,21.6,평창
2024-08-27,24.5,29.2,21.6,27.0,포천(동두천)
2024-08-27,28.1,34.0,23.6,32.5,해남
2024-08-28,27.2,32.4,22.4,30.2,논산(부여)
2024-08-28,27.7,33.2,23.7,31.3,무안(목포)
2024-08-28,25.2,29.7,20.1,27.9,상주
2024-08-28,28.0,31.0,23.9,33.2,신안
2024-08-28,28.1,29.6,27.3,30.4,제주
2024-08-28,27.0,30.5,24.4,28.6,창녕(밀양)
2024-08-28,19.4,24.1,14.6,22.2,평창
2024-08-28,25.0,31.2,24.2,-99.0,포천(동두천)
2024-08-28,28.7,33.5,24.2,31.6,해남
2024-08-29,28.3,33.9,23.3,31.4,논산(부여)
2024-08-29,28.0,31.7,24.6,31.7,무안(목포)
2024-08-29,26.0,32.1,22.3,30.1,상주
2024-08-29,27.8,31.4,25.2,31.7,신안
2024-08-29,29.4,33.3,26.9,34.5,제주
2024-08-29,28.3,32.3,25.1,30.2,창녕(밀양)
2024-08-29,20.1,21.2,18.5,21.8,평창
2024-08-29,25.9,31.8,20.2,29.3,포천(동두천)
2024-08-29,28.4,34.4,22.6,31.6,해남
2024-08-30,27.7,34.1,22.1,31.8,논산(부여)
2024-08-30,27.4,30.5,24.7,31.7,무안(목포)
2024-08-30,27.6,34.4,21.7,29.9,상주
2024-08-30,26.8,30.3,24.0,31.1,신안
2024-08-30,29.5,33.0,27.0,35.6,제주
2024-08-30,29.5,34.4,24.8,30.8,창녕(밀양)
2024-08-30,20.9,24.4,18.2,24.7,평창
2024-08-30,26.0,32.5,20.6,31.5,포천(동두천)
2024-08-30,27.7,33.3,22.7,32.1,해남
2024-08-31,26.3,32.4,20.6,31.0,논산(부여)
2024-08-31,26.2,29.3,23.0,31.9,무안(목포)
2024-08-31,27.2,32.5,23.0,29.8,상주
2024-08-31,26.7,30.7,23.3,31.0,신안
2024-08-31,28.2,32.0,25.2,34.9,제주
2024-08-31,27.8,34.3,21.7,32.5,창녕(밀양)
2024-08-31,19.6,25.2,15.6,24.4,평창
2024-08-31,25.0,32.1,19.7,31.1,포천(동두천)
2024-08-31,25.9,31.4,20.6,31.2,해남
2024-09-01,26.3,32.0,22.3,31.8,논산(부여)
2024-09-01,26.8,29.9,23.5,33.0,무안(목포)
2024-09-01,26.5,33.2,22.5,30.9,상주
2024-09-01,26.4,30.8,23.6,30.3,신안
2024-09-01,28.0,31.9,23.9,34.6,제주
2024-09-01,27.4,33.7,22.0,30.8,창녕(밀양)
2024-09-01,21.1,27.1,15.9,23.4,평창
2024-09-01,24.5,30.5,20.1,30.3,포천(동두천)
2024-09-01,26.3,32.5,21.0,31.3,해남
2024-09-02,23.9,26.5,21.6,27.4,논산(부여)
2024-09-02,25.5,27.7,23.0,26.4,무안(목포)
2024-09-02,25.1,28.3,21.2,28.0,상주
2024-09-02,25.5,31.0,23.2,27.5,신안
2024-09-02,28.2,31.5,23.9,34.4,제주
2024-09-02,27.2,32.2,22.8,31.5,창녕(밀양)
2024-09-02,18.5,22.8,16.2,21.4,평창
2024-09-02,21.6,24.8,17.5,24.2,포천(동두천)
2024-09-02,25.2,30.4,20.8,29.2,해남
2024-09-03,26.9,31.6,22.1,30.0,논산(부여)
2024-09-03,26.9,30.9,23.4,30.1,무안(목포)
2024-09-03,25.7,30.1,22.2,29.4,상주
2024-09-03,25.7,31.3,22.8,28.2,신안
2024-09-03,27.8,33.0,26.0,31.1,제주
2024-09-03,25.4,29.4,21.1,29.6,창녕(밀양)
2024-09-03,17.6,21.7,13.5,22.5,평창
2024-09-03,24.2,30.5,19.8,27.6,포천(동두천)
2024-09-03,26.4,30.9,21.9,29.3,해남
2024-09-04,26.6,33.0,21.0,31.3,논산(부여)
2024-09-04,26.9,31.3,23.0,31.9,무안(목포)
2024-09-04,24.7,31.8,19.0,29.5,상주
2024-09-04,25.6,29.8,22.9,28.5,신안
2024-09-04,27.8,30.4,25.5,34.6,제주
2024-09-04,25.4,33.0,18.9,30.8,창녕(밀양)
2024-09-04,18.2,25.6,10.5,22.1,평창
2024-09-04,25.5,31.4,19.2,30.5,포천(동두천)
2024-09-04,26.3,31.0,22.4,31.2,해남
2024-09-05,25.8,31.6,21.6,31.3,논산(부여)
2024-09-05,27.6,31.5,23.7,34.7,무안(목포)
2024-09-05,26.8,34.2,19.2,32.3,상주
2024-09-05,27.5,34.1,23.5,31.3,신안
2024-09-05,28.6,31.9,25.4,31.1,제주
2024-09-05,26.9,34.3,19.8,33.5,창녕(밀양)
2024-09-05,20.4,25.8,14.3,21.2,평창
2024-09-05,24.9,27.6,23.2,27.2,포천(동두천)
2024-09-05,26.8,32.8,21.5,31.7,해남
2024-09-06,25.2,27.8,24.0,28.2,논산(부여)
2024-09-06,27.4,30.6,26.1,32.3,무안(목포)
2024-09-06,25.3,27.0,22.7,27.9,상주
2024-09-06,27.0,30.7,24.1,29.2,신안
2024-09-06,29.3,33.0,25.4,31.4,제주
2024-09-06,26.0,32.1,24.1,27.5,창녕(밀양)
2024-09-06,17.6,19.2,16.5,19.9,평창
2024-09-06,22.9,25.3,21.1,24.6,포천(동두천)
2024-09-06,27.5,33.0,23.4,29.0,해남
2024-09-07,26.1,32.2,22.3,29.8,논산(부여)
2024-09-07,26.3,29.4,24.2,28.5,무안(목포)
2024-09-07,23.7,28.0,20.8,26.2,상주
2024-09-07,26.2,30.2,23.0,29.9,신안
2024-09-07,28.9,33.2,25.9,33.6,제주
2024-09-07,26.7,32.1,23.6,29.6,창녕(밀양)
2024-09-07,19.0,26.7,16.2,21.8,평창
2024-09-07,24.4,30.4,20.5,28.9,포천(동두천)
2024-09-07,26.1,32.0,23.0,27.4,해남
2024-09-08,25.5,32.6,20.8,29.7,논산(부여)
2024-09-08,26.5,31.1,23.3,32.1,무안(목포)
2024-09-08,27.6,33.2,23.3,30.6,상주
2024-09-08,25.4,30.3,22.2,29.6,신안
2024-09-08,28.4,32.1,26.4,29.4,제주
2024-09-08,27.9,34.2,24.9,30.7,창녕(밀양)
2024-09-08,19.4,25.3,14.0,22.9,평창
2024-09-08,25.1,31.9,19.8,30.1,포천(동두천)
2024-09-08,26.6,32.8,22.4,30.1,해남
2024-09-09,27.8,34.4,22.4,31.4,논산(부여)
2024-09-09,27.7,32.7,23.6,32.3,무안(목포)
2024-09-09,28.2,33.7,24.2,32.4,상주
2024-09-09,26.9,33.2,22.6,30.1,신안
2024-09-09,28.7,31.4,25.8,33.4,제주
2024-09-09,28.6,33.6,24.7,31.6,창녕(밀양)
2024-09-09,21.0,26.5,17.7,23.3,평창
2024-09-09,26.0,31.8,20.9,29.8,포천(동두천)
2024-09-09,27.3,33.5,21.8,32.0,해남
2024-09-10,29.1,35.5,23.7,32.4,논산(부여)
2024-09-10,29.3,34.2,24.8,34.2,무안(목포)
2024-09-10,27.7,34.8,22.1,33.2,상주
2024-09-10,27.6,32.2,24.7,31.9,신안
2024-09-10,28.8,30.5,27.3,31.5,제주
2024-09-10,28.5,36.5,22.1,33.3,창녕(밀양)
2024-09-10,23.1,30.5,18.7,24.1,평창
2024-09-10,27.0,33.4,22.7,31.4,포천(동두천)
2024-09-10,28.3,34.0,22.3,32.8,해남
2024-09-11,26.9,34.1,24.2,31.4,논산(부여)
2024-09-11,28.2,32.0,26.9,28.5,무안(목포)
2024-09-11,26.7,32.4,23.2,30.1,상주
2024-09-11,27.6,33.8,25.5,30.6,신안
2024-09-11,29.5,33.1,27.2,30.4,제주
2024-09-11,27.6,32.4,25.2,30.3,창녕(밀양)
2024-09-11,21.6,26.7,17.2,23.3,평창
2024-09-11,27.1,35.0,21.8,31.7,포천(동두천)
2024-09-11,27.6,32.1,25.4,29.3,해남
2024-09-12,26.3,30.4,24.7,27.9,논산(부여)
2024-09-12,29.3,33.4,26.8,34.4,무안(목포)
2024-09-12,25.5,28.0,23.9,27.4,상주
2024-09-12,27.4,31.0,25.3,28.7,신안
2024-09-12,30.4,35.1,26.8,31.6,제주
2024-09-12,27.8,34.1,25.2,30.3,창녕(밀양)
2024-09-12,19.5,21.0,18.6,21.9,평창
2024-09-12,23.9,26.2,22.6,26.0,포천(동두천)
2024-09-12,28.3,32.7,25.1,30.2,해남
2024-09-13,27.2,32.9,24.0,30.4,논산(부여)
2024-09-13,28.7,32.6,25.5,34.7,무안(목포)
2024-09-13,28.0,33.5,24.3,30.1,상주
2024-09-13,28.7,35.1,25.9,29.7,신안
2024-09-13,29.1,32.3,26.4,31.1,제주
2024-09-13,29.0,35.3,24.8,33.3,창녕(밀양)
2024-09-13,22.1,26.5,19.3,23.3,평창
2024-09-13,24.6,27.8,23.2,25.9,포천(동두천)
2024-09-13,27.8,33.7,23.3,30.6,해남
2024-09-14,28.6,33.9,24.8,33.8,논산(부여)
2024-09-14,28.5,33.0,25.5,35.1,무안(목포)
2024-09-14,28.9,34.3,23.8,30.6,상주
2024-09-14,28.3,32.6,25.7,31.0,신안
2024-09-14,29.3,32.3,26.3,33.9,제주
2024-09-14,29.5,36.2,24.8,34.2,창녕(밀양)
2024-09-14,20.5,24.7,18.6,22.8,평창
2024-09-14,26.4,30.6,22.8,28.5,포천(동두천)
2024-09-14,28.0,34.5,22.7,30.0,해남
2024-09-15,29.7,35.3,24.1,35.5,논산(부여)
2024-09-15,28.7,34.3,25.4,31.5,무안(목포)
2024-09-15,27.9,33.5,24.5,29.5,상주
2024-09-15,27.9,31.6,26.0,30.4,신안
2024-09-15,29.7,32.5,28.4,30.4,제주
2024-09-15,28.0,31.8,24.5,31.1,창녕(밀양)
2024-09-15,18.4,19.9,16.7,21.1,평창
2024-09-15,24.8,29.0,21.8,27.0,포천(동두천)
2024-09-15,28.9,34.2,23.4,31.0,해남
2024-09-16,28.3,32.5,24.5,32.6,논산(부여)
2024-09-16,28.5,29.7,27.4,29.1,무안(목포)
2024-09-16,26.2,28.7,24.2,27.9,상주
2024-09-16,27.0,29.1,25.8,27.5,신안
2024-09-16,28.8,31.6,27.4,29.5,제주
2024-09-16,27.6,30.2,25.7,31.5,창녕(밀양)
2024-09-16,19.4,22.9,17.0,22.6,평창
2024-09-16,23.5,29.3,19.8,26.0,포천(동두천)
2024-09-16,27.7,28.9,26.2,27.9,해남
2024-09-17,29.5,35.6,24.9,35.6,논산(부여)
2024-09-17,29.0,33.4,26.7,31.2,무안(목포)
2024-09-17,28.9,34.5,24.7,30.7,상주
2024-09-17,28.7,34.0,25.8,29.7,신안
2024-09-17,28.2,30.9,27.1,28.4,제주
2024-09-17,30.1,36.8,24.3,35.2,창녕(밀양)
2024-09-17,23.5,29.0,19.8,24.8,평창
2024-09-17,26.2,31.4,23.2,27.7,포천(동두천)
2024-09-17,27.8,34.1,25.6,28.4,해남
2024-09-18,27.9,34.8,24.1,34.7,논산(부여)
2024-09-18,29.2,33.8,26.0,29.0,무안(목포)
2024-09-18,27.1,33.9,24.2,30.0,상주
2024-09-18,29.2,34.5,26.0,31.0,신안
2024-09-18,30.0,35.0,26.9,29.8,제주
2024-09-18,29.6,36.5,25.3,34.6,창녕(밀양)
2024-09-18,22.7,29.7,20.1,24.5,평창
2024-09-18,27.2,31.8,24.5,29.5,포천(동두천)
2024-09-18,28.5,33.8,24.3,29.8,해남
2024-09-19,28.4,34.8,24.0,32.0,논산(부여)
2024-09-19,29.1,34.9,25.2,31.5,무안(목포)
2024-09-19,26.2,29.6,24.3,28.3,상주
2024-09-19,28.3,33.8,24.7,30.1,신안
2024-09-19,29.1,33.1,26.2,29.3,제주
2024-09-19,30.0,37.4,23.8,34.4,창녕(밀양)
2024-09-19,23.5,27.8,20.2,23.6,평창
2024-09-19,27.4,30.7,24.8,28.9,포천(동두천)
2024-09-19,28.7,34.2,24.6,29.9,해남
2024-09-20,25.9,27.5,24.3,27.4,논산(부여)
2024-09-20,27.4,30.6,24.6,29.6,무안(목포)
2024-09-20,25.4,27.3,24.2,27.2,상주
2024-09-20,27.0,31.1,24.6,27.9,신안
2024-09-20,28.4,32.1,26.5,28.2,제주
2024-09-20,26.3,28.2,24.9,27.0,창녕(밀양)
2024-09-20,19.8,25.7,13.1,21.8,평창
2024-09-20,22.7,27.6,16.2,25.2,포천(동두천)
2024-09-20,28.1,31.3,24.2,28.6,해남
2024-09-21,22.8,26.7,20.4,24.9,논산(부여)
2024-09-21,25.3,27.9,22.3,25.3,무안(목포)
2024-09-21,20.0,24.7,19.0,23.0,상주
2024-09-21,25.2,27.1,23.3,25.3,신안
2024-09-21,27.4,29.5,25.4,27.4,제주
2024-09-21,22.6,25.5,21.1,23.5,창녕(밀양)
2024-09-21,15.2,16.2,13.5,16.5,평창
2024-09-21,18.2,22.9,15.6,20.6,포천(동두천)
2024-09-21,25.7,28.3,23.3,26.5,해남
2024-09-22,22.2,27.0,18.2,25.4,논산(부여)
2024-09-22,22.2,23.7,21.1,24.0,무안(목포)
2024-09-22,21.5,26.7,19.0,24.6,상주
2024-09-22,23.4,26.3,21.9,27.2,신안
2024-09-22,23.7,25.4,23.0,24.9,제주
2024-09-22,22.6,24.9,20.4,23.2,창녕(밀양)
2024-09-22,13.6,15.6,11.5,17.2,평창
2024-09-22,19.1,25.1,15.8,21.1,포천(동두천)
2024-09-22,22.2,23.3,21.2,25.3,해남
2024-09-23,21.0,26.7,16.7,24.5,논산(부여)
2024-09-23,22.9,27.0,19.7,27.5,무안(목포)
2024-09-23,19.5,25.2,14.1,23.4,상주
2024-09-23,23.7,28.3,21.7,28.1,신안
2024-09-23,24.2,26.9,21.6,25.6,제주
2024-09-23,20.9,25.0,16.3,22.6,창녕(밀양)
2024-09-23,12.5,16.6,8.3,16.5,평창
2024-09-23,18.6,24.5,14.0,20.8,포천(동두천)
2024-09-23,22.6,27.3,19.3,25.4,해남
2024-09-24,20.6,27.4,15.5,24.4,논산(부여)
2024-09-24,22.7,27.0,18.4,26.0,무안(목포)
2024-09-24,18.9,26.4,12.3,22.8,상주
2024-09-24,22.7,26.4,20.6,25.2,신안
2024-09-24,23.8,26.2,21.1,24.2,제주
2024-09-24,21.0,27.6,16.1,22.0,창녕(밀양)
2024-09-24,12.5,18.7,6.3,18.1,평창
2024-09-24,18.3,25.6,12.1,20.5,포천(동두천)
2024-09-24,22.2,28.5,18.2,24.2,해남
2024-09-25,22.6,28.4,18.4,25.8,논산(부여)
2024-09-25,24.5,29.8,19.5,27.8,무안(목포)
2024-09-25,21.6,27.8,16.7,24.0,상주
2024-09-25,24.4,30.1,21.5,26.7,신안
2024-09-25,25.0,28.5,22.9,26.0,제주
2024-09-25,22.9,30.8,16.6,24.2,창녕(밀양)
2024-09-25,15.9,22.3,10.6,19.8,평창
2024-09-25,20.8,26.3,14.1,22.3,포천(동두천)
2024-09-25,23.1,29.8,17.0,25.9,해남
2024-09-26,23.2,29.1,19.4,25.9,논산(부여)
2024-09-26,24.7,28.4,21.5,26.9,무안(목포)
2024-09-26,23.0,29.3,18.7,24.7,상주
2024-09-26,24.5,29.3,21.7,26.4,신안
2024-09-26,25.6,28.8,22.7,27.4,제주
2024-09-26,23.4,30.3,17.6,24.7,창녕(밀양)
2024-09-26,17.4,24.3,13.6,20.8,평창
2024-09-26,21.3,27.2,18.2,23.3,포천(동두천)
2024-09-26,24.2,29.8,18.4,26.2,해남
2024-09-27,22.4,28.8,17.5,25.6,논산(부여)
2024-09-27,23.5,26.9,20.9,26.4,무안(목포)
2024-09-27,23.0,29.0,18.7,25.5,상주
2024-09-27,23.6,27.2,21.4,26.6,신안
2024-09-27,25.5,28.5,23.1,28.3,제주
2024-09-27,24.1,30.3,19.3,25.4,창녕(밀양)
2024-09-27,16.5,21.2,13.8,19.7,평창
2024-09-27,20.8,27.1,16.7,23.5,포천(동두천)
2024-09-27,23.3,29.0,18.3,26.5,해남
2024-09-28,23.8,29.5,19.1,26.6,논산(부여)
2024-09-28,24.2,28.7,20.2,24.3,무안(목포)
2024-09-28,22.0,26.5,17.8,25.2,상주
2024-09-28,24.6,30.6,21.7,28.4,신안
2024-09-28,25.3,27.9,23.1,26.7,제주
2024-09-28,23.2,28.2,19.3,24.4,창녕(밀양)
2024-09-28,15.0,18.1,12.6,18.7,평창
2024-09-28,21.4,27.2,16.9,23.2,포천(동두천)
2024-09-28,23.7,29.6,17.5,26.3,해남
2024-09-29,22.7,28.5,17.6,26.3,논산(부여)
2024-09-29,24.3,28.7,20.6,27.6,무안(목포)
2024-09-29,20.9,27.1,16.2,23.7,상주
2024-09-29,24.3,29.2,22.2,26.7,신안
2024-09-29,25.0,28.1,22.8,26.8,제주
2024-09-29,21.9,27.2,18.2,22.7,창녕(밀양)
2024-09-29,14.1,19.2,9.8,17.5,평창
2024-09-29,22.0,28.1,17.1,24.7,포천(동두천)
2024-09-29,23.8,28.8,20.0,25.3,해남
2024-09-30,20.9,28.0,16.1,25.0,논산(부여)
2024-09-30,23.6,28.4,19.2,25.7,무안(목포)
2024-09-30,19.1,26.8,12.7,22.8,상주
2024-09-30,23.7,29.1,21.1,26.1,신안
2024-09-30,24.4,26.9,22.2,26.7,제주
2024-09-30,21.7,29.0,15.4,22.8,창녕(밀양)
2024-09-30,13.9,23.4,5.9,17.2,평창
2024-09-30,21.0,27.5,15.6,24.2,포천(동두천)
2024-09-30,23.0,29.3,16.8,25.7,해남
2024-10-01,17.5,20.7,14.1,20.1,논산(부여)
2024-10-01,20.9,25.1,18.3,21.0,무안(목포)
2024-10-01,17.8,23.6,13.8,20.9,상주
2024-10-01,20.7,24.9,17.7,21.3,신안
2024-10-01,23.3,28.3,18.4,24.6,제주
2024-10-01,22.1,29.2,17.3,23.9,창녕(밀양)
2024-10-01,13.4,17.9,8.6,14.1,평창
2024-10-01,16.4,20.7,10.3,19.6,포천(동두천)
2024-10-01,20.5,27.2,17.4,23.6,해남
2024-10-02,14.1,20.6,9.8,19.6,논산(부여)
2024-10-02,16.9,19.4,14.7,20.6,무안(목포)
2024-10-02,14.8,21.1,10.0,19.2,상주
2024-10-02,18.5,22.0,16.7,20.8,신안
2024-10-02,20.3,22.7,18.8,21.0,제주
2024-10-02,19.0,23.4,13.8,22.1,창녕(밀양)
2024-10-02,8.9,14.1,5.5,11.9,평창
2024-10-02,12.4,19.2,7.5,16.9,포천(동두천)
2024-10-02,16.9,21.1,11.4,22.7,해남
2024-10-03,12.4,15.8,8.9,16.0,논산(부여)
2024-10-03,15.1,17.8,13.8,17.6,무안(목포)
2024-10-03,13.1,18.5,8.6,16.5,상주
2024-10-03,18.4,22.2,16.9,20.1,신안
2024-10-03,19.1,20.6,16.9,19.2,제주
2024-10-03,18.2,22.0,15.0,20.4,창녕(밀양)
2024-10-03,9.9,13.7,5.0,11.4,평창
2024-10-03,13.8,21.7,6.4,16.5,포천(동두천)
2024-10-03,13.4,16.7,10.8,18.2,해남
2024-10-04,14.8,23.1,8.5,19.4,논산(부여)
2024-10-04,17.8,23.5,12.1,20.8,무안(목포)
2024-10-04,14.5,22.3,9.0,17.7,상주
2024-10-04,19.4,23.1,17.0,21.6,신안
2024-10-04,21.1,24.2,16.9,22.8,제주
2024-10-04,18.0,24.8,12.6,19.6,창녕(밀양)
2024-10-04,10.3,17.0,5.5,14.8,평창
2024-10-04,14.7,23.0,8.5,18.0,포천(동두천)
2024-10-04,15.8,24.9,8.7,21.0,해남
2024-10-05,16.0,23.6,9.5,20.1,논산(부여)
2024-10-05,18.8,24.1,14.3,21.7,무안(목포)
2024-10-05,14.6,22.5,8.8,17.9,상주
2024-10-05,19.9,24.4,17.6,22.8,신안
2024-10-05,22.5,24.9,20.0,24.1,제주
2024-10-05,18.2,25.6,10.6,19.2,창녕(밀양)
2024-10-05,10.5,19.1,3.2,14.5,평창
2024-10-05,14.1,22.7,7.6,17.1,포천(동두천)
2024-10-05,17.2,25.7,9.6,21.1,해남
2024-10-06,16.2,18.9,12.7,18.2,논산(부여)
2024-10-06,17.8,21.2,16.5,18.8,무안(목포)
2024-10-06,15.9,19.2,11.3,18.0,상주
2024-10-06,19.4,21.6,16.7,19.7,신안
2024-10-06,21.1,24.5,17.4,23.1,제주
2024-10-06,18.2,23.0,14.4,19.1,창녕(밀양)
2024-10-06,10.4,15.1,4.3,12.6,평창
2024-10-06,12.5,16.3,8.0,15.4,포천(동두천)
2024-10-06,17.0,22.7,13.1,19.4,해남
2024-10-07,16.7,20.1,14.3,19.4,논산(부여)
2024-10-07,17.6,19.9,14.6,19.2,무안(목포)
2024-10-07,16.8,20.1,14.2,18.8,상주
2024-10-07,18.2,20.9,16.3,17.7,신안
2024-10-07,19.0,21.1,17.6,20.7,제주
2024-10-07,17.0,19.5,15.7,19.0,창녕(밀양)
2024-10-07,11.7,16.6,9.0,14.7,평창
2024-10-07,14.6,20.1,11.1,17.4,포천(동두천)
2024-10-07,16.5,20.0,13.9,19.9,해남
2024-10-08,17.1,23.8,13.4,21.2,논산(부여)
2024-10-08,18.9,22.5,16.4,21.5,무안(목포)
2024-10-08,17.2,23.5,11.8,19.5,상주
2024-10-08,19.5,23.0,17.5,21.4,신안
2024-10-08,21.3,24.3,17.7,21.0,제주
2024-10-08,19.2,25.1,13.6,20.0,창녕(밀양)
2024-10-08,10.9,13.0,8.6,13.3,평창
2024-10-08,14.9,22.8,10.3,17.5,포천(동두천)
2024-10-08,17.6,24.2,12.8,21.0,해남
2024-10-09,17.3,23.9,11.0,20.5,논산(부여)
2024-10-09,19.1,24.0,14.9,21.2,무안(목포)
2024-10-09,16.2,22.9,11.6,19.4,상주
2024-10-09,19.2,22.7,16.4,21.5,신안
2024-10-09,19.2,20.6,17.5,20.3,제주
2024-10-09,18.4,24.1,13.6,18.5,창녕(밀양)
2024-10-09,10.8,14.7,8.3,14.2,평창
2024-10-09,15.9,23.3,10.5,18.2,포천(동두천)
2024-10-09,18.1,24.3,11.1,20.3,해남
2024-10-10,16.4,23.3,11.5,19.8,논산(부여)
2024-10-10,18.7,22.9,15.6,22.5,무안(목포)
2024-10-10,15.7,23.5,10.1,18.3,상주
2024-10-10,19.3,23.7,16.8,23.5,신안
2024-10-10,20.3,23.9,18.1,21.3,제주
2024-10-10,17.7,25.9,12.1,20.4,창녕(밀양)
2024-10-10,10.1,18.5,5.8,12.3,평창
2024-10-10,16.3,23.2,12.2,20.2,포천(동두천)
2024-10-10,18.7,24.3,13.8,22.2,해남
2024-10-11,16.6,24.6,11.4,19.7,논산(부여)
2024-10-11,19.2,23.2,15.9,20.8,무안(목포)
2024-10-11,15.9,24.2,10.5,19.4,상주
2024-10-11,19.8,24.3,16.8,22.5,신안
2024-10-11,20.4,24.2,17.0,20.7,제주
2024-10-11,17.8,25.6,11.7,19.3,창녕(밀양)
2024-10-11,10.9,20.1,5.1,13.9,평창
2024-10-11,15.8,24.5,11.0,19.4,포천(동두천)
2024-10-11,17.2,25.2,11.1,20.4,해남
2024-10-12,16.5,25.1,10.5,20.6,논산(부여)
2024-10-12,19.2,24.3,15.1,20.9,무안(목포)
2024-10-12,15.7,24.7,9.6,18.6,상주
2024-10-12,19.9,23.7,17.8,21.5,신안
2024-10-12,21.1,25.4,17.2,20.7,제주
2024-10-12,17.8,26.1,12.3,19.2,창녕(밀양)
2024-10-12,11.1,21.2,4.5,13.6,평창
2024-10-12,15.3,23.8,9.7,18.7,포천(동두천)
2024-10-12,17.1,26.3,10.1,20.8,해남
2024-10-13,16.6,23.5,9.7,19.2,논산(부여)
2024-10-13,19.6,23.5,14.7,20.3,무안(목포)
2024-10-13,15.3,22.3,8.0,18.6,상주
2024-10-13,20.3,24.0,17.5,22.0,신안
2024-10-13,22.6,26.0,18.8,21.6,제주
2024-10-13,18.1,25.6,10.6,18.9,창녕(밀양)
2024-10-13,11.5,18.4,2.2,12.8,평창
2024-10-13,15.8,23.6,9.3,17.6,포천(동두천)
2024-10-13,18.4,24.9,10.3,19.0,해남
2024-10-14,17.1,18.8,15.1,18.4,논산(부여)
2024-10-14,19.3,22.5,17.5,19.8,무안(목포)
2024-10-14,16.7,19.6,15.0,18.6,상주
2024-10-14,19.6,20.4,18.6,19.3,신안
2024-10-14,23.7,28.2,21.2,22.9,제주
2024-10-14,19.2,23.7,15.9,19.8,창녕(밀양)
2024-10-14,13.1,18.6,9.8,13.4,평창
2024-10-14,17.4,21.7,14.1,19.3,포천(동두천)
2024-10-14,20.5,22.6,19.3,20.6,해남
2024-10-15,18.6,20.9,16.9,20.5,논산(부여)
2024-10-15,20.9,22.7,18.9,20.7,무안(목포)
2024-10-15,17.6,20.1,15.8,18.8,상주
2024-10-15,20.8,22.0,19.7,20.9,신안
2024-10-15,23.3,26.1,21.8,23.6,제주
2024-10-15,20.7,24.7,18.8,21.7,창녕(밀양)
2024-10-15,14.3,17.6,10.0,14.4,평창
2024-10-15,17.4,20.8,14.8,18.5,포천(동두천)
2024-10-15,21.3,24.4,18.5,21.9,해남
2024-10-16,18.2,22.9,14.5,21.5,논산(부여)
2024-10-16,19.9,23.8,18.0,20.0,무안(목포)
2024-10-16,17.5,23.1,14.2,19.8,상주
2024-10-16,20.1,23.1,18.0,22.6,신안
2024-10-16,22.9,25.4,21.1,23.6,제주
2024-10-16,19.9,26.0,15.4,20.4,창녕(밀양)
2024-10-16,12.2,17.6,8.0,14.3,평창
2024-10-16,16.2,24.1,11.4,19.5,포천(동두천)
2024-10-16,20.0,26.8,16.0,21.6,해남
2024-10-17,18.5,25.3,14.0,21.4,논산(부여)
2024-10-17,20.6,25.2,17.8,22.3,무안(목포)
2024-10-17,17.0,22.9,13.8,18.7,상주
2024-10-17,20.8,24.0,18.3,23.7,신안
2024-10-17,23.1,24.2,21.9,22.6,제주
2024-10-17,18.9,23.9,14.1,19.6,창녕(밀양)
2024-10-17,12.6,21.0,6.5,14.8,평창
2024-10-17,16.1,24.9,9.8,18.2,포천(동두천)
2024-10-17,19.8,24.4,15.9,20.9,해남
2024-10-18,19.6,23.2,15.4,19.6,논산(부여)
2024-10-18,23.3,26.1,19.0,23.0,무안(목포)
2024-10-18,17.4,19.2,15.3,18.8,상주
2024-10-18,22.8,24.8,19.5,23.4,신안
2024-10-18,26.5,31.3,22.5,25.3,제주
2024-10-18,20.9,25.1,16.7,20.6,창녕(밀양)
2024-10-18,12.1,16.6,5.4,12.5,평창
2024-10-18,15.1,16.5,14.0,16.3,포천(동두천)
2024-10-18,23.5,27.6,19.7,22.6,해남
2024-10-19,17.7,23.0,14.4,19.5,논산(부여)
2024-10-19,19.3,24.1,17.2,20.4,무안(목포)
2024-10-19,16.8,22.8,12.1,18.9,상주
2024-10-19,18.5,23.7,16.5,19.3,신안
2024-10-19,21.7,26.2,18.1,22.5,제주
2024-10-19,18.8,28.5,14.4,19.8,창녕(밀양)
2024-10-19,8.7,13.3,4.8,11.5,평창
2024-10-19,15.2,19.5,10.0,17.2,포천(동두천)
2024-10-19,19.9,24.5,17.1,21.8,해남
2024-10-20,13.2,17.9,9.0,16.7,논산(부여)
2024-10-20,15.9,20.1,12.3,22.1,무안(목포)
2024-10-20,12.5,15.1,9.5,15.3,상주
2024-10-20,17.0,20.6,15.5,19.2,신안
2024-10-20,19.0,20.2,17.4,18.9,제주
2024-10-20,14.7,16.9,11.6,16.2,창녕(밀양)
2024-10-20,6.0,7.5,4.5,7.9,평창
2024-10-20,11.5,17.2,6.5,13.0,포천(동두천)
2024-10-20,15.6,19.5,13.3,18.3,해남
2024-10-21,14.1,20.0,7.2,17.3,논산(부여)
2024-10-21,17.2,21.9,11.2,18.8,무안(목포)
2024-10-21,14.6,18.8,9.8,17.1,상주
2024-10-21,17.7,20.7,15.3,19.1,신안
2024-10-21,21.1,22.9,19.1,21.1,제주
2024-10-21,16.2,20.7,10.2,17.9,창녕(밀양)
2024-10-21,11.2,16.1,7.1,12.0,평창
2024-10-21,12.8,18.1,6.1,14.1,포천(동두천)
2024-10-21,18.4,23.9,12.2,18.7,해남
2024-10-22,16.9,18.6,15.2,18.2,논산(부여)
2024-10-22,18.5,20.9,16.5,18.8,무안(목포)
2024-10-22,16.4,18.3,14.1,17.6,상주
2024-10-22,19.1,22.2,17.3,19.5,신안
2024-10-22,21.7,24.4,19.4,22.9,제주
2024-10-22,18.6,20.9,16.3,18.9,창녕(밀양)
2024-10-22,12.5,14.6,10.5,12.9,평창
2024-10-22,13.9,15.3,12.8,15.4,포천(동두천)
2024-10-22,19.6,22.5,17.1,20.3,해남
2024-10-23,13.8,18.5,7.3,16.6,논산(부여)
2024-10-23,15.7,17.4,13.6,18.0,무안(목포)
2024-10-23,14.3,18.6,9.9,16.1,상주
2024-10-23,15.5,17.3,14.5,16.7,신안
2024-10-23,17.7,20.9,14.7,18.0,제주
2024-10-23,16.9,21.4,10.0,18.4,창녕(밀양)
2024-10-23,8.7,14.0,5.3,9.8,평창
2024-10-23,11.4,16.3,7.3,14.7,포천(동두천)
2024-10-23,15.6,18.5,11.5,18.8,해남
2024-10-24,11.4,19.7,5.4,16.6,논산(부여)
2024-10-24,14.3,18.5,10.9,15.9,무안(목포)
2024-10-24,12.4,20.6,7.1,14.2,상주
2024-10-24,16.4,18.4,14.4,19.0,신안
2024-10-24,17.3,20.3,14.5,16.5,제주
2024-10-24,13.5,21.8,6.8,15.6,창녕(밀양)
2024-10-24,6.6,16.0,1.3,8.8,평창
2024-10-24,10.1,17.9,3.8,12.5,포천(동두천)
2024-10-24,13.8,20.9,7.4,16.6,해남
2024-10-25,14.8,21.7,9.2,16.7,논산(부여)
2024-10-25,16.2,20.4,10.5,16.1,무안(목포)
2024-10-25,12.4,20.5,4.7,14.4,상주
2024-10-25,17.6,19.9,15.6,20.3,신안
2024-10-25,21.5,25.0,16.4,20.6,제주
2024-10-25,16.0,23.6,8.8,16.1,창녕(밀양)
2024-10-25,7.4,16.2,-1.2,9.1,평창
2024-10-25,12.5,22.3,5.5,13.7,포천(동두천)
2024-10-25,15.6,21.6,6.6,16.0,해남
2024-10-26,16.0,24.5,9.3,19.7,논산(부여)
2024-10-26,18.8,24.8,13.9,21.3,무안(목포)
2024-10-26,16.3,22.1,11.5,17.6,상주
2024-10-26,19.1,23.9,17.1,21.3,신안
2024-10-26,21.5,23.0,20.9,21.1,제주
2024-10-26,16.5,24.0,11.0,17.8,창녕(밀양)
2024-10-26,8.3,15.4,1.2,9.4,평창
2024-10-26,14.9,24.2,7.6,15.1,포천(동두천)
2024-10-26,17.8,24.1,11.4,19.0,해남
2024-10-27,14.9,18.7,11.4,16.7,논산(부여)
2024-10-27,16.8,19.0,15.6,16.9,무안(목포)
2024-10-27,13.9,16.7,10.3,15.6,상주
2024-10-27,17.5,19.2,16.0,16.6,신안
2024-10-27,19.3,21.4,18.0,20.4,제주
2024-10-27,15.3,19.2,10.3,16.5,창녕(밀양)
2024-10-27,9.1,15.3,3.5,9.8,평창
2024-10-27,14.4,17.2,11.8,15.2,포천(동두천)
2024-10-27,17.2,20.2,14.5,18.7,해남
2024-10-28,15.1,18.9,11.2,16.7,논산(부여)
2024-10-28,16.5,18.7,14.7,17.5,무안(목포)
2024-10-28,13.6,16.2,11.1,15.2,상주
2024-10-28,16.3,19.4,15.1,17.6,신안
2024-10-28,17.8,19.0,15.6,17.5,제주
2024-10-28,16.3,20.2,11.7,16.3,창녕(밀양)
2024-10-28,7.9,10.3,5.3,9.3,평창
2024-10-28,14.1,19.5,10.7,15.1,포천(동두천)
2024-10-28,16.0,20.2,12.8,18.6,해남
2024-10-29,14.8,19.8,10.9,16.9,논산(부여)
2024-10-29,16.9,20.5,14.8,19.5,무안(목포)
2024-10-29,13.2,19.7,8.3,15.0,상주
2024-10-29,17.0,20.1,15.1,18.6,신안
2024-10-29,19.3,22.7,15.9,20.1,제주
2024-10-29,16.7,21.8,12.3,17.2,창녕(밀양)
2024-10-29,7.1,13.7,0.3,10.3,평창
2024-10-29,13.5,18.9,11.0,14.7,포천(동두천)
2024-10-29,16.3,22.1,11.1,18.2,해남
2024-10-30,14.2,22.1,8.7,17.3,논산(부여)
2024-10-30,16.4,20.1,13.5,17.4,무안(목포)
2024-10-30,13.3,22.6,8.1,14.7,상주
2024-10-30,17.8,20.7,15.6,20.4,신안
2024-10-30,19.7,23.1,17.6,19.0,제주
2024-10-30,14.8,22.9,9.0,16.3,창녕(밀양)
2024-10-30,9.1,17.2,2.2,9.6,평창
2024-10-30,13.5,20.7,8.5,14.0,포천(동두천)
2024-10-30,15.0,23.0,8.3,17.7,해남
2024-10-31,14.2,22.9,7.3,17.8,논산(부여)
2024-10-31,17.3,22.7,13.6,17.7,무안(목포)
2024-10-31,12.8,21.1,6.7,14.3,상주
2024-10-31,18.3,21.6,16.3,20.3,신안
2024-10-31,20.3,23.2,18.1,19.2,제주
2024-10-31,15.8,22.7,9.6,16.1,창녕(밀양)
2024-10-31,7.4,18.7,-1.2,8.5,평창
2024-10-31,13.8,22.1,7.5,13.7,포천(동두천)
2024-10-31,17.1,22.8,10.4,17.8,해남
2024-11-01,14.0,15.5,11.0,14.4,논산(부여)
2024-11-01,14.8,17.1,13.8,15.9,무안(목포)
2024-11-01,11.9,13.1,10.0,13.8,상주
2024-11-01,15.5,18.1,14.4,15.3,신안
2024-11-01,18.5,19.8,16.3,18.5,제주
2024-11-01,14.4,15.3,13.7,14.5,창녕(밀양)
2024-11-01,8.2,13.8,2.3,8.2,평창
2024-11-01,13.6,18.8,10.1,14.2,포천(동두천)
2024-11-01,15.5,18.2,13.8,16.8,해남
2024-11-02,17.1,24.0,12.3,19.0,논산(부여)
2024-11-02,17.1,20.6,15.0,17.5,무안(목포)
2024-11-02,16.3,23.6,12.1,16.9,상주
2024-11-02,17.7,20.1,15.4,19.4,신안
2024-11-02,19.3,20.9,17.8,19.5,제주
2024-11-02,17.2,21.2,13.2,16.5,창녕(밀양)
2024-11-02,10.2,12.8,5.6,10.4,평창
2024-11-02,16.5,24.3,11.3,14.5,포천(동두천)
2024-11-02,17.5,22.0,14.3,18.8,해남
2024-11-03,14.8,23.4,9.1,18.4,논산(부여)
2024-11-03,17.8,23.3,13.4,17.9,무안(목포)
2024-11-03,13.3,20.4,9.7,15.1,상주
2024-11-03,18.6,23.2,16.2,19.7,신안
2024-11-03,18.9,22.9,16.1,17.5,제주
2024-11-03,15.1,22.2,10.4,16.2,창녕(밀양)
2024-11-03,10.3,17.4,3.7,10.8,평창
2024-11-03,15.5,23.2,8.6,14.0,포천(동두천)
2024-11-03,16.3,22.7,11.0,17.4,해남
2024-11-04,14.5,22.3,8.4,16.9,논산(부여)
2024-11-04,15.5,19.7,13.0,15.8,무안(목포)
2024-11-04,13.6,21.6,8.1,14.1,상주
2024-11-04,16.4,19.6,12.8,16.9,신안
2024-11-04,18.3,23.6,14.8,16.5,제주
2024-11-04,14.3,21.7,10.3,15.3,창녕(밀양)
2024-11-04,11.4,15.8,6.3,10.4,평창
2024-11-04,13.5,18.8,7.5,14.7,포천(동두천)
2024-11-04,14.9,21.2,9.5,16.1,해남
2024-11-05,9.0,16.0,3.6,13.3,논산(부여)
2024-11-05,12.6,14.6,10.8,12.3,무안(목포)
2024-11-05,11.1,16.2,7.5,12.2,상주
2024-11-05,13.4,14.5,12.4,14.8,신안
2024-11-05,15.1,17.7,14.0,13.7,제주
2024-11-05,13.2,19.3,9.5,13.5,창녕(밀양)
2024-11-05,5.5,8.7,2.0,8.3,평창
2024-11-05,8.3,15.4,4.0,9.1,포천(동두천)
2024-11-05,12.8,15.9,10.5,14.4,해남
2024-11-06,6.5,14.7,0.6,11.8,논산(부여)
2024-11-06,10.4,13.8,8.3,10.4,무안(목포)
2024-11-06,8.3,14.7,3.2,8.3,상주
2024-11-06,13.1,15.2,11.0,14.2,신안
2024-11-06,14.2,17.0,12.2,12.5,제주
2024-11-06,9.4,15.4,3.8,10.1,창녕(밀양)
2024-11-06,1.2,9.5,-3.6,4.1,평창
2024-11-06,5.5,12.5,-0.4,6.2,포천(동두천)
2024-11-06,10.6,15.0,5.6,12.2,해남
2024-11-07,6.5,16.7,-1.2,11.7,논산(부여)
2024-11-07,10.3,14.6,5.6,10.6,무안(목포)
2024-11-07,6.8,16.1,-1.2,8.1,상주
2024-11-07,12.7,15.6,10.6,14.5,신안
2024-11-07,13.8,18.2,8.9,9.0,제주
2024-11-07,9.7,19.2,1.5,10.9,창녕(밀양)
2024-11-07,2.4,12.4,-4.7,4.4,평창
2024-11-07,5.2,14.7,-2.0,5.9,포천(동두천)
2024-11-07,8.8,18.0,0.7,11.7,해남
2024-11-08,8.8,18.6,1.3,12.9,논산(부여)
2024-11-08,12.9,16.7,9.8,12.8,무안(목포)
2024-11-08,10.4,18.5,2.2,10.3,상주
2024-11-08,14.3,17.7,12.1,15.8,신안
2024-11-08,17.7,21.6,13.9,-99.0,제주
2024-11-08,12.6,19.7,6.0,12.7,창녕(밀양)
2024-11-08,4.1,10.8,-1.4,7.3,평창
2024-11-08,7.1,17.5,-1.5,6.7,포천(동두천)
2024-11-08,12.3,19.9,6.2,14.0,해남
2024-11-09,11.2,19.5,3.9,13.6,논산(부여)
2024-11-09,13.9,18.4,9.8,12.9,무안(목포)
2024-11-09,12.2,19.2,6.8,12.7,상주
2024-11-09,15.1,18.6,12.5,16.4,신안
2024-11-09,18.1,20.3,15.7,-99.0,제주
2024-11-09,13.1,21.0,7.4,13.1,창녕(밀양)
2024-11-09,5.1,13.1,-0.2,6.8,평창
2024-11-09,9.8,20.0,1.5,8.9,포천(동두천)
2024-11-09,12.2,20.1,6.2,13.6,해남
2024-11-10,12.7,21.3,7.8,15.1,논산(부여)
2024-11-10,14.8,17.2,13.0,14.2,무안(목포)
2024-11-10,11.7,18.1,7.9,12.6,상주
2024-11-10,16.1,18.3,14.9,16.5,신안
2024-11-10,18.2,19.8,17.1,-99.0,제주
2024-11-10,13.0,18.2,9.2,13.1,창녕(밀양)
2024-11-10,6.4,15.7,0.3,7.8,평창
2024-11-10,11.9,21.2,6.3,11.3,포천(동두천)
2024-11-10,14.7,18.2,9.5,15.0,해남
2024-11-11,11.9,21.7,4.8,15.1,논산(부여)
2024-11-11,14.6,19.1,11.0,14.3,무안(목포)
2024-11-11,10.9,19.5,5.1,11.9,상주
2024-11-11,16.3,20.0,14.2,18.6,신안
2024-11-11,17.3,21.1,14.2,-99.0,제주
2024-11-11,14.3,22.0,9.6,15.2,창녕(밀양)
2024-11-11,7.4,15.5,0.0,7.8,평창
2024-11-11,12.4,21.4,5.1,11.0,포천(동두천)
2024-11-11,12.7,21.8,6.6,14.3,해남
2024-11-12,13.0,20.6,7.3,15.8,논산(부여)
2024-11-12,14.4,18.3,12.1,14.1,무안(목포)
2024-11-12,14.2,20.7,8.4,12.7,상주
2024-11-12,16.1,19.7,14.6,16.7,신안
2024-11-12,17.5,20.9,14.2,-99.0,제주
2024-11-12,13.1,21.7,8.1,13.7,창녕(밀양)
2024-11-12,9.7,17.0,3.7,8.5,평창
2024-11-12,12.2,19.4,7.1,11.7,포천(동두천)
2024-11-12,13.2,19.9,6.7,14.1,해남
2024-11-13,11.5,21.0,4.1,14.1,논산(부여)
2024-11-13,15.5,22.6,9.9,15.0,무안(목포)
2024-11-13,11.6,19.7,4.4,11.8,상주
2024-11-13,16.0,19.2,13.3,18.5,신안
2024-11-13,17.5,22.9,12.9,-99.0,제주
2024-11-13,12.7,21.5,6.0,12.2,창녕(밀양)
2024-11-13,8.0,13.0,2.5,8.8,평창
2024-11-13,11.7,21.3,3.9,10.5,포천(동두천)
2024-11-13,14.0,22.0,5.0,14.0,해남
2024-11-14,13.0,19.1,8.0,13.6,논산(부여)
2024-11-14,16.6,20.9,12.8,15.5,무안(목포)
2024-11-14,12.0,18.3,7.0,13.3,상주
2024-11-14,17.6,21.4,16.3,20.6,신안
2024-11-14,18.7,23.5,15.6,-99.0,제주
2024-11-14,13.4,19.5,6.9,13.4,창녕(밀양)
2024-11-14,8.0,13.9,1.7,7.9,평창
2024-11-14,13.3,16.7,10.5,12.7,포천(동두천)
2024-11-14,16.6,21.4,11.5,16.2,해남
2024-11-15,14.7,20.7,10.4,16.7,논산(부여)
2024-11-15,17.3,20.6,15.3,17.0,무안(목포)
2024-11-15,12.9,17.7,10.6,14.0,상주
2024-11-15,17.3,20.1,16.5,18.1,신안
2024-11-15,18.2,20.2,16.8,-99.0,제주
2024-11-15,14.7,19.8,12.0,14.7,창녕(밀양)
2024-11-15,9.9,14.6,7.4,10.7,평창
2024-11-15,15.5,21.4,11.7,15.1,포천(동두천)
2024-11-15,17.1,20.4,15.3,16.9,해남
2024-11-16,16.2,23.0,9.9,18.1,논산(부여)
2024-11-16,17.5,22.6,15.8,16.9,무안(목포)
2024-11-16,15.2,21.6,9.0,14.7,상주
2024-11-16,17.7,23.4,16.2,19.0,신안
2024-11-16,20.4,23.6,18.9,-99.0,제주
2024-11-16,16.1,23.5,10.9,16.3,창녕(밀양)
2024-11-16,12.8,18.0,7.1,11.8,평창
2024-11-16,15.7,22.5,13.1,15.0,포천(동두천)
2024-11-16,18.6,23.4,15.4,17.7,해남
2024-11-17,9.9,15.4,4.1,11.2,논산(부여)
2024-11-17,12.4,16.9,9.3,12.2,무안(목포)
2024-11-17,10.3,17.2,4.5,11.3,상주
2024-11-17,12.2,16.5,9.6,12.9,신안
2024-11-17,15.8,19.3,11.9,-99.0,제주
2024-11-17,12.8,17.5,8.6,11.5,창녕(밀양)
2024-11-17,5.7,12.1,-0.4,8.1,평창
2024-11-17,6.6,13.1,1.7,8.5,포천(동두천)
2024-11-17,12.7,17.4,8.7,14.6,해남
2024-11-18,3.8,9.0,-1.5,8.1,논산(부여)
2024-11-18,6.0,9.4,3.7,7.6,무안(목포)
2024-11-18,3.2,9.2,-1.7,4.7,상주
2024-11-18,8.5,9.9,7.5,10.3,신안
2024-11-18,9.9,12.4,7.7,-99.0,제주
2024-11-18,6.4,10.8,3.4,7.1,창녕(밀양)
2024-11-18,-2.3,1.6,-6.1,2.0,평창
2024-11-18,1.9,7.5,-1.8,2.4,포천(동두천)
2024-11-18,5.5,10.6,-1.2,10.2,해남
2024-11-19,4.0,12.3,-3.1,6.8,논산(부여)
2024-11-19,7.7,12.2,2.1,8.9,무안(목포)
2024-11-19,3.5,11.4,-3.8,1.3,상주
2024-11-19,9.8,12.9,7.4,10.5,신안
2024-11-19,12.8,16.0,7.5,14.2,제주
2024-11-19,7.9,13.8,2.1,8.2,창녕(밀양)
2024-11-19,0.1,5.6,-7.0,1.0,평창
2024-11-19,3.0,12.0,-4.1,3.4,포천(동두천)
2024-11-19,7.5,15.4,-1.6,10.8,해남
2024-11-20,5.6,12.6,-1.3,7.7,논산(부여)
2024-11-20,9.8,12.8,7.6,10.3,무안(목포)
2024-11-20,7.5,13.4,0.8,-6.4,상주
2024-11-20,11.3,14.0,9.2,11.3,신안
2024-11-20,12.7,14.1,11.6,13.6,제주
2024-11-20,7.8,15.5,2.6,8.4,창녕(밀양)
2024-11-20,2.9,8.4,-2.5,2.4,평창
2024-11-20,4.1,9.8,-0.7,4.6,포천(동두천)
2024-11-20,10.6,14.6,6.2,12.9,해남
2024-11-21,8.4,16.0,3.8,10.1,논산(부여)
2024-11-21,11.2,15.1,7.0,10.4,무안(목포)
2024-11-21,9.3,14.2,3.4,-99.0,상주
2024-11-21,12.9,16.5,11.2,13.1,신안
2024-11-21,14.6,18.2,12.1,13.8,제주
2024-11-21,8.0,16.7,2.0,7.9,창녕(밀양)
2024-11-21,3.4,7.5,-2.1,2.9,평창
2024-11-21,8.5,14.5,3.2,8.2,포천(동두천)
2024-11-21,8.5,15.4,1.9,10.4,해남
2024-11-22,6.3,13.5,-0.4,9.7,논산(부여)
2024-11-22,10.4,12.5,6.3,10.5,무안(목포)
2024-11-22,7.7,12.5,1.5,7.1,상주
2024-11-22,11.5,13.6,9.5,13.8,신안
2024-11-22,13.4,16.4,11.0,12.5,제주
2024-11-22,7.2,15.5,1.8,7.5,창녕(밀양)
2024-11-22,1.6,5.9,-2.1,2.6,평창
2024-11-22,5.3,11.2,0.2,4.2,포천(동두천)
2024-11-22,9.5,14.0,2.8,11.2,해남
2024-11-23,4.2,12.7,-2.2,7.7,논산(부여)
2024-11-23,7.4,11.0,4.4,7.9,무안(목포)
2024-11-23,4.1,12.3,-2.1,5.4,상주
2024-11-23,9.9,12.3,8.5,10.7,신안
2024-11-23,11.3,12.6,9.9,11.7,제주
2024-11-23,7.5,15.0,0.5,6.8,창녕(밀양)
2024-11-23,-0.6,3.0,-4.5,1.8,평창
2024-11-23,4.0,12.9,-2.5,3.1,포천(동두천)
2024-11-23,5.6,12.5,-0.5,9.9,해남
2024-11-24,4.8,14.1,-1.4,8.3,논산(부여)
2024-11-24,9.5,14.0,4.8,10.1,무안(목포)
2024-11-24,5.2,13.0,-0.5,5.9,상주
2024-11-24,11.8,13.9,9.1,14.1,신안
2024-11-24,11.8,14.8,8.9,12.1,제주
2024-11-24,8.4,15.9,3.5,9.1,창녕(밀양)
2024-11-24,-0.4,8.6,-6.5,2.0,평창
2024-11-24,4.4,13.3,-2.3,3.5,포천(동두천)
2024-11-24,8.3,16.4,0.5,10.7,해남
2024-11-25,9.4,17.5,0.1,10.6,논산(부여)
2024-11-25,12.9,16.7,8.8,11.6,무안(목포)
2024-11-25,7.6,14.0,-0.9,6.9,상주
2024-11-25,14.2,17.2,11.7,14.1,신안
2024-11-25,15.7,17.9,13.0,13.1,제주
2024-11-25,9.2,16.4,2.2,8.6,창녕(밀양)
2024-11-25,2.9,11.5,-6.0,2.2,평창
2024-11-25,8.3,16.0,-1.3,5.8,포천(동두천)
2024-11-25,13.6,17.0,6.1,12.2,해남
2024-11-26,8.4,12.1,5.0,9.3,논산(부여)
2024-11-26,9.8,15.5,7.3,10.1,무안(목포)
2024-11-26,7.7,10.6,4.9,8.2,상주
2024-11-26,9.2,14.8,6.9,9.9,신안
2024-11-26,12.4,17.9,9.9,12.1,제주
2024-11-26,10.1,14.2,5.4,9.6,창녕(밀양)
2024-11-26,2.2,7.0,-1.8,3.2,평창
2024-11-26,5.1,12.4,0.6,7.4,포천(동두천)
2024-11-26,10.3,16.0,7.1,12.1,해남
2024-11-27,4.9,7.8,1.6,5.3,논산(부여)
2024-11-27,6.1,8.3,3.3,5.3,무안(목포)
2024-11-27,2.0,5.4,0.3,4.7,상주
2024-11-27,6.1,8.6,4.3,5.6,신안
2024-11-27,9.3,11.1,7.3,8.9,제주
2024-11-27,5.8,8.4,3.5,5.5,창녕(밀양)
2024-11-27,-4.8,-1.8,-6.2,0.5,평창
2024-11-27,-1.3,0.8,-3.7,2.5,포천(동두천)
2024-11-27,5.8,8.0,3.9,8.2,해남
2024-11-28,4.8,10.2,2.0,5.5,논산(부여)
2024-11-28,7.7,10.6,4.7,6.1,무안(목포)
2024-11-28,3.2,8.6,0.5,4.6,상주
2024-11-28,7.7,11.8,4.6,7.4,신안
2024-11-28,9.7,10.8,7.3,8.6,제주
2024-11-28,5.4,10.3,-0.4,5.2,창녕(밀양)
2024-11-28,-4.2,-2.6,-5.8,0.6,평창
2024-11-28,-0.4,3.9,-2.1,2.6,포천(동두천)
2024-11-28,7.1,11.2,4.6,7.7,해남
2024-11-29,2.5,4.4,-0.2,6.2,논산(부여)
2024-11-29,8.6,11.1,5.1,5.9,무안(목포)
2024-11-29,2.7,6.5,-0.3,4.4,상주
2024-11-29,9.0,11.4,5.3,8.7,신안
2024-11-29,10.4,12.5,8.4,8.2,제주
2024-11-29,5.3,8.9,1.7,5.9,창녕(밀양)
2024-11-29,-5.1,-1.7,-11.0,0.3,평창
2024-11-29,-1.7,2.4,-5.5,0.2,포천(동두천)
2024-11-29,8.2,10.7,5.2,7.5,해남
2024-11-30,2.6,10.3,-1.9,5.5,논산(부여)
2024-11-30,9.4,12.7,5.4,8.2,무안(목포)
2024-11-30,5.6,9.8,2.0,4.4,상주
2024-11-30,11.1,14.9,8.4,13.3,신안
2024-11-30,12.1,15.3,9.0,10.3,제주
2024-11-30,6.0,14.1,-0.1,5.8,창녕(밀양)
2024-11-30,-0.4,3.1,-5.5,0.5,평창
2024-11-30,1.3,7.9,-4.3,1.8,포천(동두천)
2024-11-30,8.0,13.4,1.6,9.2,해남
2024-12-01,5.2,11.5,-0.5,7.0,논산(부여)
2024-12-01,9.8,14.4,5.6,8.4,무안(목포)
2024-12-01,7.5,14.3,1.5,6.8,상주
2024-12-01,11.7,15.9,9.6,11.5,신안
2024-12-01,12.7,17.8,8.3,10.1,제주
2024-12-01,6.9,15.3,-0.3,6.5,창녕(밀양)
2024-12-01,2.6,7.0,-1.8,1.9,평창
2024-12-01,4.8,10.0,-0.3,5.0,포천(동두천)
2024-12-01,7.5,15.9,0.9,8.2,해남
2024-12-02,6.9,16.6,1.9,8.5,논산(부여)
2024-12-02,10.9,17.1,7.2,9.8,무안(목포)
2024-12-02,7.9,16.7,1.6,7.6,상주
2024-12-02,12.7,17.6,8.3,13.4,신안
2024-12-02,15.3,19.8,12.0,12.1,제주
2024-12-02,8.8,18.3,1.8,7.6,창녕(밀양)
2024-12-02,5.0,7.9,0.8,3.2,평창
2024-12-02,6.3,13.5,0.0,5.9,포천(동두천)
2024-12-02,10.1,18.1,2.3,9.9,해남
2024-12-03,1.5,7.3,-2.0,4.8,논산(부여)
2024-12-03,5.6,8.0,2.4,6.0,무안(목포)
2024-12-03,3.3,7.5,-0.1,4.3,상주
2024-12-03,7.2,9.6,5.6,7.8,신안
2024-12-03,9.8,12.6,7.2,10.5,제주
2024-12-03,7.1,12.3,3.1,6.0,창녕(밀양)
2024-12-03,-2.3,1.7,-4.6,-0.6,평창
2024-12-03,-0.1,5.3,-4.0,0.5,포천(동두천)
2024-12-03,6.0,9.9,2.2,8.3,해남
2024-12-04,3.1,9.0,0.1,7.1,논산(부여)
2024-12-04,5.4,8.9,1.8,6.1,무안(목포)
2024-12-04,3.9,8.2,-0.7,3.7,상주
2024-12-04,8.6,11.2,5.7,10.9,신안
2024-12-04,9.3,12.5,5.7,8.4,제주
2024-12-04,4.0,10.7,-1.7,3.8,창녕(밀양)
2024-12-04,-2.9,0.4,-6.5,-2.0,평창
2024-12-04,0.0,6.7,-5.1,0.7,포천(동두천)
2024-12-04,4.0,10.6,-2.8,6.8,해남
2024-12-05,4.0,11.3,-1.2,6.2,논산(부여)
2024-12-05,9.0,10.2,5.9,7.7,무안(목포)
2024-12-05,5.3,9.6,0.1,4.3,상주
2024-12-05,9.5,11.5,8.2,10.8,신안
2024-12-05,11.3,13.2,10.3,9.9,제주
2024-12-05,4.9,11.1,-0.5,4.0,창녕(밀양)
2024-12-05,-2.0,1.2,-5.4,-2.1,평창
2024-12-05,1.3,8.7,-4.1,0.7,포천(동두천)
2024-12-05,6.8,11.8,1.1,7.2,해남
2024-12-06,3.4,9.4,-1.5,5.2,논산(부여)
2024-12-06,7.6,10.5,4.4,7.7,무안(목포)
2024-12-06,4.3,8.6,1.5,3.9,상주
2024-12-06,8.9,12.2,7.2,9.0,신안
2024-12-06,11.2,13.2,8.7,10.4,제주
2024-12-06,4.3,10.5,0.4,3.5,창녕(밀양)
2024-12-06,-2.8,0.8,-6.1,-2.2,평창
2024-12-06,0.8,5.4,-2.7,-0.3,포천(동두천)
2024-12-06,7.3,11.5,1.5,7.4,해남
2024-12-07,1.0,6.1,-3.5,2.2,논산(부여)
2024-12-07,4.1,8.0,2.1,5.2,무안(목포)
2024-12-07,1.9,6.4,-1.3,1.7,상주
2024-12-07,6.1,10.1,2.0,6.7,신안
2024-12-07,9.2,12.9,6.9,9.5,제주
2024-12-07,2.8,8.3,-2.0,1.6,창녕(밀양)
2024-12-07,-5.3,-1.0,-8.9,-3.3,평창
2024-12-07,-2.2,4.1,-6.8,-2.0,포천(동두천)
2024-12-07,3.1,9.9,-2.2,5.5,해남
2024-12-08,-0.3,5.8,-4.4,2.7,논산(부여)
2024-12-08,3.9,5.6,2.3,5.1,무안(목포)
2024-12-08,0.5,4.5,-2.8,1.1,상주
2024-12-08,6.6,7.7,2.7,5.9,신안
2024-12-08,7.7,8.5,5.7,6.8,제주
2024-12-08,2.6,7.8,-1.7,1.5,창녕(밀양)
2024-12-08,-6.4,-0.9,-10.4,-3.6,평창
2024-12-08,-2.4,4.4,-7.5,-2.3,포천(동두천)
2024-12-08,3.2,7.5,-0.9,6.2,해남
2024-12-09,0.9,5.2,-5.3,3.3,논산(부여)
2024-12-09,4.9,8.6,1.4,6.0,무안(목포)
2024-12-09,2.2,8.0,-4.0,1.2,상주
2024-12-09,7.4,9.6,6.5,8.2,신안
2024-12-09,9.1,10.8,6.7,8.4,제주
2024-12-09,2.6,9.4,-4.2,1.8,창녕(밀양)
2024-12-09,-5.3,2.5,-12.9,-3.6,평창
2024-12-09,-1.9,6.4,-8.2,-1.8,포천(동두천)
2024-12-09,3.1,9.2,-2.4,6.6,해남
2024-12-10,3.1,9.2,-1.6,5.2,논산(부여)
2024-12-10,6.1,8.4,4.2,5.7,무안(목포)
2024-12-10,3.7,9.6,-1.5,1.9,상주
2024-12-10,8.1,11.4,6.4,8.2,신안
2024-12-10,9.8,13.1,8.3,9.6,제주
2024-12-10,2.7,10.7,-2.9,2.0,창녕(밀양)
2024-12-10,-3.2,3.4,-9.4,-3.1,평창
2024-12-10,-0.6,7.1,-6.7,-1.3,포천(동두천)
2024-12-10,4.3,10.1,-1.0,6.6,해남
2024-12-11,1.9,9.2,-2.6,4.3,논산(부여)
2024-12-11,5.8,8.2,4.1,6.1,무안(목포)
2024-12-11,4.1,9.6,1.0,2.8,상주
2024-12-11,8.2,10.6,6.0,9.0,신안
2024-12-11,9.4,12.0,8.5,9.3,제주
2024-12-11,3.7,12.2,-2.1,2.7,창녕(밀양)
2024-12-11,-2.4,2.0,-6.0,-1.3,평창
2024-12-11,0.8,6.7,-2.6,0.2,포천(동두천)
2024-12-11,6.0,10.3,0.4,7.0,해남
2024-12-12,0.0,7.2,-5.8,2.0,논산(부여)
2024-12-12,4.2,6.8,1.8,4.0,무안(목포)
2024-12-12,2.2,6.8,-1.1,1.5,상주
2024-12-12,6.5,8.6,5.6,6.5,신안
2024-12-12,8.6,11.5,7.0,9.9,제주
2024-12-12,2.7,10.3,-3.4,1.7,창녕(밀양)
2024-12-12,-2.7,2.8,-7.0,-1.2,평창
2024-12-12,-1.4,4.9,-6.6,-1.6,포천(동두천)
2024-12-12,4.5,8.8,-0.2,5.7,해남
2024-12-13,-0.8,3.9,-3.9,1.2,논산(부여)
2024-12-13,3.0,7.7,0.8,3.9,무안(목포)
2024-12-13,1.9,7.3,-0.5,1.5,상주
2024-12-13,5.9,8.6,2.8,5.6,신안
2024-12-13,7.7,10.3,5.1,7.5,제주
2024-12-13,2.6,8.6,-1.7,1.5,창녕(밀양)
2024-12-13,-4.0,1.5,-7.0,-3.1,평창
2024-12-13,-0.8,5.1,-3.8,-0.8,포천(동두천)
2024-12-13,2.9,9.3,-1.3,5.5,해남
2024-12-14,-1.0,5.3,-6.4,0.7,논산(부여)
2024-12-14,3.5,5.7,0.9,3.5,무안(목포)
2024-12-14,0.4,4.3,-2.5,0.2,상주
2024-12-14,5.2,6.4,4.2,4.9,신안
2024-12-14,6.9,8.3,5.8,6.5,제주
2024-12-14,1.8,7.3,-2.4,0.8,창녕(밀양)
2024-12-14,-6.9,-2.1,-11.9,-4.9,평창
2024-12-14,-3.1,2.5,-7.7,-2.6,포천(동두천)
2024-12-14,2.3,6.8,-2.1,4.5,해남
2024-12-15,1.4,4.3,-1.2,2.4,논산(부여)
2024-12-15,5.7,7.4,2.7,4.1,무안(목포)
2024-12-15,1.7,4.0,-0.9,1.7,상주
2024-12-15,6.5,8.3,4.9,6.4,신안
2024-12-15,8.6,9.6,5.9,7.4,제주
2024-12-15,2.4,8.7,-5.1,1.2,창녕(밀양)
2024-12-15,-4.6,-1.3,-7.1,-3.9,평창
2024-12-15,-1.2,6.2,-6.0,-1.4,포천(동두천)
2024-12-15,5.3,8.3,-0.9,4.8,해남
2024-12-16,2.1,6.8,-1.8,4.1,논산(부여)
2024-12-16,5.8,8.6,3.2,6.3,무안(목포)
2024-12-16,2.4,6.8,-2.0,1.4,상주
2024-12-16,7.3,10.2,6.0,7.9,신안
2024-12-16,9.3,10.7,7.7,8.2,제주
2024-12-16,2.5,9.1,-3.2,1.4,창녕(밀양)
2024-12-16,-5.3,-1.9,-9.2,-3.9,평창
2024-12-16,-3.0,2.6,-7.9,-2.7,포천(동두천)
2024-12-16,4.0,9.3,-1.7,6.6,해남
2024-12-17,1.2,6.7,-2.5,3.3,논산(부여)
2024-12-17,5.2,7.9,3.2,5.8,무안(목포)
2024-12-17,1.6,6.8,-3.2,1.5,상주
2024-12-17,6.7,9.3,4.5,8.4,신안
2024-12-17,9.6,13.0,8.0,8.5,제주
2024-12-17,2.9,8.9,-2.0,2.3,창녕(밀양)
2024-12-17,-5.8,-1.8,-10.2,-4.5,평창
2024-12-17,-3.1,3.2,-8.0,-3.3,포천(동두천)
2024-12-17,2.6,9.9,-3.0,5.1,해남
2024-12-18,-1.6,2.6,-6.3,2.4,논산(부여)
2024-12-18,1.6,3.5,0.0,3.8,무안(목포)
2024-12-18,-1.5,2.1,-4.1,-0.7,상주
2024-12-18,4.1,5.7,2.9,3.5,신안
2024-12-18,6.4,8.9,4.9,5.4,제주
2024-12-18,0.1,5.7,-4.7,0.1,창녕(밀양)
2024-12-18,-7.9,-1.5,-15.0,-4.6,평창
2024-12-18,-5.9,0.2,-10.5,-4.5,포천(동두천)
2024-12-18,2.2,4.9,-0.3,4.9,해남
2024-12-19,-3.0,5.0,-8.9,1.2,논산(부여)
2024-12-19,0.1,3.5,-2.7,1.3,무안(목포)
2024-12-19,-1.4,5.5,-6.4,-1.2,상주
2024-12-19,4.5,7.4,2.6,6.0,신안
2024-12-19,5.6,9.0,3.5,6.6,제주
2024-12-19,0.1,8.2,-6.2,-0.1,창녕(밀양)
2024-12-19,-6.2,3.0,-14.1,-4.3,평창
2024-12-19,-4.4,3.7,-11.2,-4.1,포천(동두천)
2024-12-19,0.0,5.7,-5.3,3.3,해남
2024-12-20,-1.1,2.7,-5.0,0.0,논산(부여)
2024-12-20,2.9,7.3,-1.9,2.9,무안(목포)
2024-12-20,0.1,6.4,-5.6,-0.1,상주
2024-12-20,7.0,9.5,3.7,6.2,신안
2024-12-20,7.1,9.6,3.9,6.0,제주
2024-12-20,1.3,9.5,-3.7,0.6,창녕(밀양)
2024-12-20,-3.8,0.2,-8.9,-3.8,평창
2024-12-20,-1.2,3.2,-5.9,-1.7,포천(동두천)
2024-12-20,0.9,8.8,-5.2,2.5,해남
2024-12-21,0.4,2.9,-1.7,1.3,논산(부여)
2024-12-21,4.2,7.2,2.0,3.9,무안(목포)
2024-12-21,0.0,3.5,-2.8,1.2,상주
2024-12-21,4.7,7.7,3.1,4.6,신안
2024-12-21,7.3,9.9,5.1,5.8,제주
2024-12-21,1.3,6.8,-2.9,0.7,창녕(밀양)
2024-12-21,-5.3,-2.6,-8.9,-1.6,평창
2024-12-21,-2.6,-0.3,-7.3,-0.5,포천(동두천)
2024-12-21,4.2,6.7,-0.6,4.1,해남
2024-12-22,-2.1,3.3,-6.3,1.7,논산(부여)
2024-12-22,1.7,3.2,-0.4,2.6,무안(목포)
2024-12-22,-2.6,1.2,-6.2,-1.7,상주
2024-12-22,4.5,5.4,3.5,4.3,신안
2024-12-22,5.4,5.9,4.8,4.8,제주
2024-12-22,-0.2,5.4,-4.6,-0.8,창녕(밀양)
2024-12-22,-10.0,-6.5,-13.9,-2.3,평창
2024-12-22,-5.7,0.0,-11.3,-1.0,포천(동두천)
2024-12-22,1.7,5.2,-2.5,4.5,해남
2024-12-23,-1.9,6.6,-7.4,0.0,논산(부여)
2024-12-23,3.7,7.9,-1.1,3.4,무안(목포)
2024-12-23,1.3,7.1,-3.3,-0.9,상주
2024-12-23,6.8,10.0,4.8,8.9,신안
2024-12-23,7.6,9.8,4.9,6.8,제주
2024-12-23,1.4,9.0,-6.1,-0.5,창녕(밀양)
2024-12-23,-6.2,-1.2,-13.4,-2.7,평창
2024-12-23,-3.7,4.7,-11.2,-1.3,포천(동두천)
2024-12-23,1.5,9.6,-6.2,3.2,해남
2024-12-24,-0.7,6.4,-5.8,2.0,논산(부여)
2024-12-24,4.4,6.9,1.2,4.7,무안(목포)
2024-12-24,0.7,5.9,-3.5,-0.6,상주
2024-12-24,6.2,8.6,3.5,6.6,신안
2024-12-24,8.1,11.3,4.7,8.4,제주
2024-12-24,0.5,9.5,-5.8,0.1,창녕(밀양)
2024-12-24,-6.2,0.7,-13.4,-2.8,평창
2024-12-24,-3.6,3.0,-9.2,-1.5,포천(동두천)
2024-12-24,3.7,8.7,-2.6,5.3,해남
2024-12-25,2.0,8.7,-3.5,3.2,논산(부여)
2024-12-25,4.1,8.7,-0.2,3.9,무안(목포)
2024-12-25,1.4,6.7,-5.0,0.3,상주
2024-12-25,7.2,10.4,4.2,7.4,신안
2024-12-25,8.9,12.5,4.6,9.1,제주
2024-12-25,2.3,10.0,-3.6,1.4,창녕(밀양)
2024-12-25,-4.1,-1.8,-8.4,-2.2,평창
2024-12-25,-0.6,5.4,-5.9,-0.9,포천(동두천)
2024-12-25,1.8,9.1,-5.4,2.9,해남
2024-12-26,1.5,6.1,-1.7,3.1,논산(부여)
2024-12-26,4.8,7.4,2.8,4.6,무안(목포)
2024-12-26,2.8,5.8,-1.8,1.6,상주
2024-12-26,5.9,9.1,3.5,6.5,신안
2024-12-26,8.7,11.3,6.1,9.5,제주
2024-12-26,2.9,10.1,-2.7,0.4,창녕(밀양)
2024-12-26,-4.0,-0.9,-9.2,-1.9,평창
2024-12-26,-1.7,2.2,-6.5,-0.9,포천(동두천)
2024-12-26,4.6,8.7,-1.9,4.6,해남
2024-12-27,-0.3,3.3,-3.4,2.6,논산(부여)
2024-12-27,3.2,4.8,1.6,5.2,무안(목포)
2024-12-27,-1.5,2.2,-4.4,-1.2,상주
2024-12-27,4.9,7.1,3.2,6.2,신안
2024-12-27,6.8,8.2,5.8,8.0,제주
2024-12-27,0.1,5.8,-4.0,-0.6,창녕(밀양)
2024-12-27,-8.7,-4.5,-13.0,-4.0,평창
2024-12-27,-4.8,1.6,-10.4,-2.3,포천(동두천)
2024-12-27,3.9,6.1,1.9,4.6,해남
2024-12-28,-1.1,1.4,-5.8,1.4,논산(부여)
2024-12-28,1.0,3.7,-0.4,2.3,무안(목포)
2024-12-28,-2.1,1.5,-5.0,-0.9,상주
2024-12-28,2.7,4.7,-0.2,1.8,신안
2024-12-28,5.7,6.9,3.8,5.6,제주
2024-12-28,0.3,4.5,-2.6,-0.2,창녕(밀양)
2024-12-28,-9.3,-5.9,-12.9,-4.7,평창
2024-12-28,-4.7,0.6,-9.2,-2.7,포천(동두천)
2024-12-28,1.9,5.3,0.1,3.7,해남
2024-12-29,1.7,7.4,-2.3,3.4,논산(부여)
2024-12-29,5.1,8.5,2.2,4.8,무안(목포)
2024-12-29,0.8,6.1,-2.5,-0.3,상주
2024-12-29,6.4,10.3,3.5,6.4,신안
2024-12-29,8.2,11.5,6.4,10.1,제주
2024-12-29,0.4,8.7,-5.9,-0.2,창녕(밀양)
2024-12-29,-4.9,-1.5,-10.2,-3.9,평창
2024-12-29,-2.4,4.6,-9.7,-2.2,포천(동두천)
2024-12-29,3.4,9.3,-1.3,4.9,해남
2024-12-30,4.6,11.2,-0.7,4.1,논산(부여)
2024-12-30,7.3,12.0,3.5,6.4,무안(목포)
2024-12-30,3.0,8.9,-2.5,1.2,상주
2024-12-30,9.4,12.9,6.7,9.9,신안
2024-12-30,10.1,14.5,6.1,9.8,제주
2024-12-30,3.8,12.0,-2.6,2.4,창녕(밀양)
2024-12-30,0.3,2.2,-2.5,-1.3,평창
2024-12-30,3.7,10.4,-0.7,0.3,포천(동두천)
2024-12-30,5.3,12.9,-1.9,5.9,해남
2024-12-31,1.8,6.6,-4.7,3.3,논산(부여)
2024-12-31,4.1,7.5,0.9,3.9,무안(목포)
2024-12-31,2.8,6.8,-0.7,1.0,상주
2024-12-31,5.9,8.7,4.3,6.8,신안
2024-12-31,8.2,11.0,5.6,10.1,제주
2024-12-31,3.4,8.6,-4.4,1.5,창녕(밀양)
2024-12-31,-3.6,-0.5,-8.0,-3.1,평창
2024-12-31,-0.8,4.2,-5.0,-0.9,포천(동두천)
2024-12-31,4.2,7.4,-2.5,5.9,해남
2025-01-01,0.1,10.2,-6.3,2.6,논산(부여)
2025-01-01,4.1,9.1,-1.2,3.8,무안(목포)
2025-01-01,3.0,8.8,-3.9,0.6,상주
2025-01-01,7.4,10.8,4.6,8.4,신안
2025-01-01,7.3,11.3,4.7,8.2,제주
2025-01-01,0.1,9.8,-7.4,-0.3,창녕(밀양)
2025-01-01,-2.8,0.9,-9.6,-3.2,평창
2025-01-01,0.0,7.9,-6.1,-0.6,포천(동두천)
2025-01-01,1.4,10.1,-5.7,3.7,해남
2025-01-02,-0.4,8.4,-5.8,2.0,논산(부여)
2025-01-02,3.5,7.3,0.8,3.6,무안(목포)
2025-01-02,1.8,8.4,-3.6,0.6,상주
2025-01-02,6.9,9.5,4.7,7.8,신안
2025-01-02,8.6,12.2,5.2,8.9,제주
2025-01-02,1.6,10.9,-5.7,0.5,창녕(밀양)
2025-01-02,-5.1,1.7,-12.4,-4.3,평창
2025-01-02,-1.5,5.8,-6.7,-1.8,포천(동두천)
2025-01-02,2.3,9.5,-4.7,4.3,해남
2025-01-03,-0.7,5.3,-5.6,2.3,논산(부여)
2025-01-03,3.0,4.5,1.2,3.1,무안(목포)
2025-01-03,0.1,4.1,-3.3,-0.7,상주
2025-01-03,4.6,6.8,3.3,6.7,신안
2025-01-03,6.3,8.6,5.2,7.3,제주
2025-01-03,0.9,5.1,-2.7,0.2,창녕(밀양)
2025-01-03,-7.0,-3.0,-11.4,-5.6,평창
2025-01-03,-3.8,2.1,-9.4,-3.2,포천(동두천)
2025-01-03,1.8,5.8,-2.8,3.8,해남
2025-01-04,-1.4,5.6,-5.9,1.4,논산(부여)
2025-01-04,3.9,6.9,0.5,4.3,무안(목포)
2025-01-04,0.1,5.8,-4.4,0.1,상주
2025-01-04,5.4,9.4,3.5,6.6,신안
2025-01-04,6.7,10.3,3.7,8.3,제주
2025-01-04,-0.5,7.8,-6.5,-0.3,창녕(밀양)
2025-01-04,-5.9,-0.7,-10.7,-4.9,평창
2025-01-04,-2.6,5.0,-9.4,-2.7,포천(동두천)
2025-01-04,2.0,7.6,-4.4,4.5,해남
2025-01-05,0.6,5.2,-5.0,1.0,논산(부여)
2025-01-05,4.5,8.2,0.8,4.1,무안(목포)
2025-01-05,-3.1,-1.4,-6.2,-0.9,상주
2025-01-05,8.3,11.2,4.4,7.7,신안
2025-01-05,8.1,12.1,3.9,7.2,제주
2025-01-05,0.9,6.2,-5.5,0.0,창녕(밀양)
2025-01-05,-3.4,-1.1,-9.3,-3.4,평창
2025-01-05,-0.1,1.8,-3.1,-1.0,포천(동두천)
2025-01-05,3.1,9.0,-4.5,4.1,해남
2025-01-06,1.6,5.6,-1.4,3.1,논산(부여)
2025-01-06,4.1,6.5,1.6,3.3,무안(목포)
2025-01-06,0.4,5.0,-2.6,-0.1,상주
2025-01-06,5.7,9.6,2.5,6.3,신안
2025-01-06,8.2,11.1,5.3,6.9,제주
2025-01-06,2.0,10.1,-3.1,0.0,창녕(밀양)
2025-01-06,-3.8,-1.0,-8.2,-1.6,평창
2025-01-06,-1.0,2.7,-5.9,-0.2,포천(동두천)
2025-01-06,3.1,7.5,-0.8,3.6,해남
2025-01-07,-2.2,2.0,-6.5,0.6,논산(부여)
2025-01-07,1.8,5.1,-1.4,2.1,무안(목포)
2025-01-07,-1.6,2.5,-4.3,-0.9,상주
2025-01-07,4.6,7.0,0.6,4.3,신안
2025-01-07,6.5,7.7,4.3,5.8,제주
2025-01-07,0.4,5.4,-3.5,-0.9,창녕(밀양)
2025-01-07,-9.4,-6.5,-12.7,-1.9,평창
2025-01-07,-5.2,0.0,-9.7,-0.5,포천(동두천)
2025-01-07,2.7,6.3,-1.4,3.2,해남
2025-01-08,-2.4,0.8,-5.0,0.8,논산(부여)
2025-01-08,3.4,8.2,-0.3,4.1,무안(목포)
2025-01-08,-1.7,1.2,-3.5,-1.0,상주
2025-01-08,5.3,9.9,0.3,7.0,신안
2025-01-08,6.8,7.9,4.7,6.1,제주
2025-01-08,0.5,7.5,-5.5,-0.6,창녕(밀양)
2025-01-08,-9.3,-6.0,-11.9,-3.3,평창
2025-01-08,-6.4,0.4,-10.8,-1.5,포천(동두천)
2025-01-08,3.3,9.0,-1.9,4.3,해남
2025-01-09,-8.3,-3.4,-13.2,0.2,논산(부여)
2025-01-09,-3.7,-0.2,-5.4,0.5,무안(목포)
2025-01-09,-8.3,-3.3,-12.2,-3.5,상주
2025-01-09,-0.7,1.7,-3.6,0.1,신안
2025-01-09,2.2,5.0,-0.6,2.4,제주
2025-01-09,-4.4,-0.5,-9.3,-2.6,창녕(밀양)
2025-01-09,-16.2,-11.9,-19.8,-6.8,평창
2025-01-09,-11.3,-7.9,-14.0,-2.5,포천(동두천)
2025-01-09,-3.0,0.8,-5.2,2.5,해남
2025-01-10,-7.4,-0.5,-15.0,-0.5,논산(부여)
2025-01-10,-4.2,-1.0,-8.2,1.9,무안(목포)
2025-01-10,-7.7,-2.4,-12.7,-4.6,상주
2025-01-10,1.4,2.7,-1.3,1.4,신안
2025-01-10,2.6,4.3,0.2,2.2,제주
2025-01-10,-5.4,0.9,-12.0,-4.5,창녕(밀양)
2025-01-10,-15.9,-7.6,-23.2,-7.8,평창
2025-01-10,-10.9,-4.1,-16.5,-3.4,포천(동두천)
2025-01-10,-3.4,1.4,-8.0,2.6,해남
2025-01-11,-3.2,0.3,-5.7,0.2,논산(부여)
2025-01-11,-0.7,1.0,-3.5,2.0,무안(목포)
2025-01-11,-4.4,0.6,-10.2,-3.2,상주
2025-01-11,2.4,3.5,1.1,2.0,신안
2025-01-11,4.7,5.8,2.7,3.6,제주
2025-01-11,-2.4,4.0,-8.4,-2.5,창녕(밀양)
2025-01-11,-12.5,-3.5,-20.5,-6.7,평창
2025-01-11,-8.7,-1.2,-14.9,-3.4,포천(동두천)
2025-01-11,-1.3,3.5,-6.9,2.2,해남
2025-01-12,-2.7,3.8,-8.7,1.2,논산(부여)
2025-01-12,0.5,3.1,-3.0,2.2,무안(목포)
2025-01-12,-1.4,3.5,-6.2,-2.4,상주
2025-01-12,3.4,6.4,1.3,4.0,신안
2025-01-12,5.4,7.3,4.3,4.7,제주
2025-01-12,-1.8,4.9,-8.7,-2.4,창녕(밀양)
2025-01-12,-9.3,-2.0,-16.8,-6.0,평창
2025-01-12,-6.7,1.2,-13.4,-3.2,포천(동두천)
2025-01-12,-0.2,4.7,-5.5,2.2,해남
2025-01-13,-0.6,5.7,-7.2,1.9,논산(부여)
2025-01-13,2.9,7.7,-0.5,3.7,무안(목포)
2025-01-13,0.7,5.0,-5.9,-1.6,상주
2025-01-13,5.3,8.9,2.5,5.1,신안
2025-01-13,6.8,10.0,4.8,7.8,제주
2025-01-13,-1.3,7.5,-7.8,-1.6,창녕(밀양)
2025-01-13,-5.8,-2.8,-11.9,-4.5,평창
2025-01-13,-3.0,3.0,-10.7,-2.3,포천(동두천)
2025-01-13,0.1,7.9,-5.6,3.3,해남
2025-01-14,3.4,9.9,-1.2,3.3,논산(부여)
2025-01-14,4.9,10.0,1.2,4.6,무안(목포)
2025-01-14,3.6,9.9,-0.9,0.3,상주
2025-01-14,8.0,11.9,5.9,8.9,신안
2025-01-14,10.3,14.4,6.3,9.6,제주
2025-01-14,2.4,12.3,-6.3,0.5,창녕(밀양)
2025-01-14,-2.4,0.4,-5.5,-1.8,평창
2025-01-14,-0.3,4.9,-3.5,-0.5,포천(동두천)
2025-01-14,4.2,11.9,-3.5,4.5,해남
2025-01-15,-1.6,2.8,-6.2,2.2,논산(부여)
2025-01-15,1.3,3.3,-1.4,2.4,무안(목포)
2025-01-15,-2.1,1.2,-4.6,-1.3,상주
2025-01-15,2.6,5.9,0.7,3.8,신안
2025-01-15,4.8,8.2,3.4,6.1,제주
2025-01-15,0.3,4.1,-4.1,0.2,창녕(밀양)
2025-01-15,-9.5,-5.4,-12.2,-3.5,평창
2025-01-15,-4.6,-0.6,-7.5,-2.3,포천(동두천)
2025-01-15,1.6,4.2,0.1,2.9,해남
2025-01-16,0.6,6.4,-6.0,3.2,논산(부여)
2025-01-16,2.3,6.3,-1.6,3.7,무안(목포)
2025-01-16,0.0,3.7,-4.7,-1.0,상주
2025-01-16,4.7,7.8,2.0,4.7,신안
2025-01-16,6.2,8.0,4.0,6.8,제주
2025-01-16,-0.7,7.2,-7.1,-0.9,창녕(밀양)
2025-01-16,-7.4,-4.0,-11.9,-3.9,평창
2025-01-16,-3.2,1.4,-6.5,-1.9,포천(동두천)
2025-01-16,1.8,8.0,-3.4,4.5,해남
2025-01-17,-0.3,6.6,-5.7,2.6,논산(부여)
2025-01-17,2.2,4.8,-0.2,3.9,무안(목포)
2025-01-17,1.1,7.6,-4.5,-0.6,상주
2025-01-17,4.4,6.9,2.6,6.9,신안
2025-01-17,6.0,8.8,3.0,8.6,제주
2025-01-17,0.2,8.6,-5.6,0.0,창녕(밀양)
2025-01-17,-7.6,1.7,-18.3,-5.0,평창
2025-01-17,-3.2,4.9,-9.2,-2.4,포천(동두천)
2025-01-17,1.9,7.3,-4.7,4.2,해남
2025-01-18,-1.3,7.8,-7.9,0.9,논산(부여)
2025-01-18,1.9,7.3,-2.7,3.3,무안(목포)
2025-01-18,2.1,11.0,-5.1,-0.7,상주
2025-01-18,4.7,7.8,2.2,4.7,신안
2025-01-18,5.8,11.0,2.0,5.7,제주
2025-01-18,1.0,11.4,-6.8,0.1,창녕(밀양)
2025-01-18,-3.6,4.4,-13.0,-4.3,평창
2025-01-18,-2.0,6.3,-8.3,-2.1,포천(동두천)
2025-01-18,0.0,9.3,-7.8,2.7,해남
2025-01-19,-0.3,8.9,-6.7,1.0,논산(부여)
2025-01-19,4.3,10.1,-1.3,3.1,무안(목포)
2025-01-19,0.9,8.9,-6.6,-0.6,상주
2025-01-19,7.6,12.0,3.3,8.7,신안
2025-01-19,8.1,13.3,3.6,7.5,제주
2025-01-19,1.2,11.8,-6.6,0.4,창녕(밀양)
2025-01-19,-2.7,2.5,-6.8,-3.2,평창
2025-01-19,1.6,8.2,-4.7,-0.8,포천(동두천)
2025-01-19,1.7,11.2,-6.6,3.1,해남
2025-01-20,0.4,8.9,-3.9,2.0,논산(부여)
2025-01-20,4.3,8.1,1.4,5.6,무안(목포)
2025-01-20,1.2,7.8,-4.4,-0.2,상주
2025-01-20,6.5,8.8,5.0,7.7,신안
2025-01-20,9.1,11.8,7.2,9.1,제주
2025-01-20,1.4,10.7,-5.7,-0.1,창녕(밀양)
2025-01-20,-4.1,4.0,-11.7,-3.1,평창
2025-01-20,2.0,7.5,-1.7,0.7,포천(동두천)
2025-01-20,2.3,9.0,-3.5,3.8,해남
2025-01-21,-0.2,8.7,-6.1,2.0,논산(부여)
2025-01-21,3.8,7.9,0.9,4.1,무안(목포)
2025-01-21,2.1,9.0,-2.8,0.2,상주
2025-01-21,6.0,10.2,3.8,7.4,신안
2025-01-21,7.6,11.4,4.7,8.7,제주
2025-01-21,2.0,11.3,-5.0,0.8,창녕(밀양)
2025-01-21,-3.8,3.9,-11.0,-2.9,평창
2025-01-21,-0.5,6.8,-4.5,0.2,포천(동두천)
2025-01-21,1.2,9.3,-5.2,3.8,해남
2025-01-22,1.6,9.3,-4.7,2.0,논산(부여)
2025-01-22,4.3,8.5,0.0,4.5,무안(목포)
2025-01-22,1.9,9.1,-4.5,0.4,상주
2025-01-22,6.9,9.8,4.0,6.3,신안
2025-01-22,8.1,12.9,4.4,7.7,제주
2025-01-22,2.5,11.7,-5.3,1.4,창녕(밀양)
2025-01-22,-1.6,2.4,-6.4,-2.4,평창
2025-01-22,2.2,8.2,-2.6,1.1,포천(동두천)
2025-01-22,1.6,9.4,-5.9,2.4,해남
2025-01-23,1.4,10.4,-4.9,3.1,논산(부여)
2025-01-23,3.8,8.8,0.8,4.5,무안(목포)
2025-01-23,3.5,11.3,-2.1,1.3,상주
2025-01-23,5.8,8.1,4.5,7.3,신안
2025-01-23,9.0,14.4,5.2,8.8,제주
2025-01-23,3.7,13.5,-2.2,2.2,창녕(밀양)
2025-01-23,-4.3,4.8,-10.9,-3.3,평창
2025-01-23,-0.8,6.9,-6.5,-0.1,포천(동두천)
2025-01-23,2.2,11.7,-4.3,5.3,해남
2025-01-24,1.1,10.6,-6.3,1.8,논산(부여)
2025-01-24,4.1,9.5,0.5,5.0,무안(목포)
2025-01-24,0.7,10.0,-6.6,-0.3,상주
2025-01-24,6.2,8.4,4.4,7.2,신안
2025-01-24,9.7,13.3,6.6,9.8,제주
2025-01-24,3.1,13.3,-4.9,2.2,창녕(밀양)
2025-01-24,-4.6,2.2,-13.7,-2.7,평창
2025-01-24,0.0,9.5,-7.6,-0.5,포천(동두천)
2025-01-24,2.3,13.0,-5.4,5.1,해남
2025-01-25,4.9,11.9,-4.3,3.0,논산(부여)
2025-01-25,4.8,10.6,-0.4,5.5,무안(목포)
2025-01-25,2.5,10.6,-3.6,1.9,상주
2025-01-25,6.8,9.9,5.1,8.7,신안
2025-01-25,9.7,12.0,8.1,8.4,제주
2025-01-25,4.4,9.4,-2.6,1.9,창녕(밀양)
2025-01-25,-2.7,-1.7,-3.5,-1.2,평창
2025-01-25,2.3,10.8,-4.4,0.3,포천(동두천)
2025-01-25,3.9,12.9,-5.6,5.9,해남
2025-01-26,4.3,8.0,0.4,2.8,논산(부여)
2025-01-26,5.2,7.9,2.4,4.2,무안(목포)
2025-01-26,3.3,8.5,-0.9,2.5,상주
2025-01-26,6.2,9.4,4.5,6.1,신안
2025-01-26,8.0,8.7,7.1,7.9,제주
2025-01-26,4.8,8.1,2.2,3.1,창녕(밀양)
2025-01-26,-3.6,-1.5,-5.7,-1.3,평창
2025-01-26,2.3,6.9,-2.9,0.1,포천(동두천)
2025-01-26,4.2,8.8,-3.5,4.2,해남
2025-01-27,0.3,3.4,-2.5,3.3,논산(부여)
2025-01-27,1.3,4.8,-1.9,3.1,무안(목포)
2025-01-27,-0.4,3.0,-2.6,2.2,상주
2025-01-27,1.8,4.8,-1.0,2.7,신안
2025-01-27,4.6,8.3,1.6,5.0,제주
2025-01-27,2.3,6.8,-0.9,3.0,창녕(밀양)
2025-01-27,-5.7,0.2,-8.7,-1.4,평창
2025-01-27,-1.6,3.4,-4.4,-0.2,포천(동두천)
2025-01-27,1.8,6.0,-0.8,3.8,해남
2025-01-28,-1.4,1.1,-2.6,0.8,논산(부여)
2025-01-28,-0.5,2.0,-2.4,1.3,무안(목포)
2025-01-28,-1.8,0.5,-3.5,0.9,상주
2025-01-28,0.5,2.6,-1.2,0.8,신안
2025-01-28,3.1,5.2,1.5,3.3,제주
2025-01-28,1.2,4.5,-2.0,0.3,창녕(밀양)
2025-01-28,-9.6,-8.4,-10.9,-3.0,평창
2025-01-28,-5.7,-4.2,-7.1,-0.2,포천(동두천)
2025-01-28,-0.1,2.0,-1.4,1.5,해남
2025-01-29,-3.9,0.2,-10.0,1.0,논산(부여)
2025-01-29,0.0,1.9,-2.1,0.8,무안(목포)
2025-01-29,-2.9,0.0,-4.9,0.9,상주
2025-01-29,1.1,4.0,-0.2,1.3,신안
2025-01-29,3.7,5.3,2.6,3.5,제주
2025-01-29,0.6,4.8,-2.5,1.2,창녕(밀양)
2025-01-29,-10.6,-8.0,-12.0,-4.9,평창
2025-01-29,-6.4,-2.3,-9.2,-0.3,포천(동두천)
2025-01-29,-0.3,3.2,-4.8,1.9,해남
2025-01-30,-3.8,2.3,-10.8,1.2,논산(부여)
2025-01-30,2.4,7.3,-2.2,3.6,무안(목포)
2025-01-30,-1.8,3.0,-5.4,-0.8,상주
2025-01-30,5.2,10.8,0.7,7.0,신안
2025-01-30,4.5,9.8,0.1,5.4,제주
2025-01-30,-0.7,7.5,-7.3,0.1,창녕(밀양)
2025-01-30,-8.1,-4.0,-12.4,-5.6,평창
2025-01-30,-6.0,-0.3,-12.4,-0.7,포천(동두천)
2025-01-30,0.2,7.8,-6.3,3.1,해남
2025-01-31,-0.1,6.6,-7.2,0.9,논산(부여)
2025-01-31,4.2,8.2,-0.1,5.2,무안(목포)
2025-01-31,1.0,5.1,-4.2,1.5,상주
2025-01-31,7.0,9.7,4.8,7.7,신안
2025-01-31,8.4,14.7,2.8,7.1,제주
2025-01-31,2.6,9.6,-5.3,1.7,창녕(밀양)
2025-01-31,-3.7,-1.3,-7.1,-3.0,평창
2025-01-31,-2.6,-0.7,-4.7,-0.4,포천(동두천)
2025-01-31,3.7,8.9,-4.3,2.9,해남
2025-02-01,2.9,8.1,-0.8,3.0,논산(부여)
2025-02-01,4.8,6.1,3.7,5.4,무안(목포)
2025-02-01,1.9,4.6,-2.2,2.6,상주
2025-02-01,5.9,7.1,5.0,6.7,신안
2025-02-01,8.8,10.1,7.6,8.4,제주
2025-02-01,4.9,6.7,2.7,3.0,창녕(밀양)
2025-02-01,-3.4,-1.7,-6.7,-1.3,평창
2025-02-01,-0.8,6.8,-6.2,-0.4,포천(동두천)
2025-02-01,5.8,6.7,3.2,5.8,해남
2025-02-02,1.8,8.7,-4.0,3.6,논산(부여)
2025-02-02,3.9,5.9,1.8,5.5,무안(목포)
2025-02-02,1.8,9.1,-3.0,2.1,상주
2025-02-02,5.6,7.9,4.6,7.3,신안
2025-02-02,8.7,11.2,6.7,9.5,제주
2025-02-02,4.3,10.8,-0.2,3.6,창녕(밀양)
2025-02-02,-3.9,3.7,-11.9,-0.9,평창
2025-02-02,0.0,7.1,-6.2,-0.8,포천(동두천)
2025-02-02,4.3,8.2,2.1,6.4,해남
2025-02-03,-1.2,1.9,-4.8,2.1,논산(부여)
2025-02-03,0.1,4.2,-3.5,2.4,무안(목포)
2025-02-03,-1.8,1.7,-6.1,0.7,상주
2025-02-03,2.1,5.2,-1.6,3.2,신안
2025-02-03,4.6,7.5,1.0,5.9,제주
2025-02-03,1.2,4.9,-3.1,2.1,창녕(밀양)
2025-02-03,-8.3,-3.0,-13.7,-4.3,평창
2025-02-03,-5.2,0.0,-9.9,-1.4,포천(동두천)
2025-02-03,0.9,4.3,-2.4,4.3,해남
2025-02-04,-5.4,-2.4,-7.8,-1.4,논산(부여)
2025-02-04,-2.6,-1.6,-4.3,0.2,무안(목포)
2025-02-04,-6.9,-3.0,-9.2,-1.7,상주
2025-02-04,-1.2,0.6,-3.2,-1.2,신안
2025-02-04,1.3,2.5,-0.5,1.9,제주
2025-02-04,-3.1,1.3,-6.3,-0.9,창녕(밀양)
2025-02-04,-14.5,-9.8,-17.5,-8.7,평창
2025-02-04,-10.3,-5.1,-13.4,-4.8,포천(동두천)
2025-02-04,-2.1,-0.3,-3.6,1.2,해남
2025-02-05,-6.2,-1.9,-10.8,-0.4,논산(부여)
2025-02-05,-3.2,0.6,-5.8,0.2,무안(목포)
2025-02-05,-6.4,-2.0,-9.7,-2.0,상주
2025-02-05,-0.5,3.8,-2.8,-0.8,신안
2025-02-05,2.6,4.2,0.3,2.8,제주
2025-02-05,-4.0,1.9,-9.8,-2.5,창녕(밀양)
2025-02-05,-14.3,-9.9,-19.3,-9.6,평창
2025-02-05,-10.0,-3.1,-15.4,-5.7,포천(동두천)
2025-02-05,-2.9,1.6,-6.7,1.4,해남
2025-02-06,-4.6,1.3,-11.0,0.4,논산(부여)
2025-02-06,-1.7,1.9,-4.4,0.5,무안(목포)
2025-02-06,-4.6,0.3,-9.7,-2.1,상주
2025-02-06,1.5,5.0,-1.4,3.1,신안
2025-02-06,3.1,4.7,0.2,2.9,제주
2025-02-06,-2.5,2.9,-8.8,-1.8,창녕(밀양)
2025-02-06,-11.7,-7.0,-17.2,-7.8,평창
2025-02-06,-8.2,-0.8,-15.0,-4.6,포천(동두천)
2025-02-06,-1.9,2.5,-8.7,3.8,해남
2025-02-07,-5.8,-0.7,-9.3,0.3,논산(부여)
2025-02-07,-3.1,2.2,-5.7,0.1,무안(목포)
2025-02-07,-6.5,-1.9,-10.2,-1.3,상주
2025-02-07,-0.8,4.3,-4.2,0.3,신안
2025-02-07,2.0,5.9,-1.7,2.6,제주
2025-02-07,-4.0,2.1,-7.3,-2.8,창녕(밀양)
2025-02-07,-14.8,-11.4,-17.7,-7.7,평창
2025-02-07,-9.3,-6.1,-13.1,-2.9,포천(동두천)
2025-02-07,-2.8,1.7,-4.8,0.8,해남
2025-02-08,-6.2,-0.9,-13.2,-0.1,논산(부여)
2025-02-08,-3.5,-2.1,-5.8,0.0,무안(목포)
2025-02-08,-7.2,-2.5,-11.3,-2.5,상주
2025-02-08,-0.4,1.6,-3.5,0.9,신안
2025-02-08,0.9,2.2,-1.5,0.9,제주
2025-02-08,-4.5,2.1,-10.1,-2.4,창녕(밀양)
2025-02-08,-14.5,-7.4,-20.0,-7.9,평창
2025-02-08,-9.3,-2.8,-15.2,-4.6,포천(동두천)
2025-02-08,-2.8,-0.1,-4.7,0.9,해남
2025-02-09,-4.5,1.4,-10.5,0.7,논산(부여)
2025-02-09,-1.8,0.1,-4.3,0.1,무안(목포)
2025-02-09,-3.7,1.6,-8.2,-1.9,상주
2025-02-09,0.8,4.5,-1.1,0.9,신안
2025-02-09,2.8,4.2,1.2,2.1,제주
2025-02-09,-3.1,4.5,-10.1,-1.3,창녕(밀양)
2025-02-09,-11.1,-4.5,-19.2,-7.1,평창
2025-02-09,-6.7,1.1,-13.4,-3.8,포천(동두천)
2025-02-09,-1.0,2.7,-3.7,3.6,해남
2025-02-10,-3.4,3.4,-8.6,-0.2,논산(부여)
2025-02-10,-0.4,2.3,-2.9,2.0,무안(목포)
2025-02-10,-2.4,3.1,-7.2,-1.2,상주
2025-02-10,1.8,5.4,0.1,3.4,신안
2025-02-10,3.6,6.5,0.6,4.1,제주
2025-02-10,-1.6,6.1,-8.6,-0.5,창녕(밀양)
2025-02-10,-8.3,-3.8,-12.4,-6.1,평창
2025-02-10,-5.1,3.5,-11.7,-2.5,포천(동두천)
2025-02-10,-0.6,5.0,-4.3,3.5,해남
2025-02-11,-0.9,8.4,-8.6,2.0,논산(부여)
2025-02-11,3.4,9.9,-3.5,4.7,무안(목포)
2025-02-11,-1.7,7.1,-8.7,-1.2,상주
2025-02-11,4.9,9.3,0.1,5.5,신안
2025-02-11,6.4,11.7,-0.2,6.6,제주
2025-02-11,0.2,10.0,-7.6,0.6,창녕(밀양)
2025-02-11,-5.6,1.7,-15.8,-4.0,평창
2025-02-11,-1.8,6.6,-9.7,-1.8,포천(동두천)
2025-02-11,2.5,9.9,-6.6,3.7,해남
2025-02-12,1.0,4.7,-0.8,0.2,논산(부여)
2025-02-12,4.2,7.9,1.8,4.5,무안(목포)
2025-02-12,-0.3,4.1,-3.5,-0.4,상주
2025-02-12,5.9,10.4,2.9,6.1,신안
2025-02-12,9.4,13.3,5.3,8.9,제주
2025-02-12,1.1,4.7,-2.5,-1.2,창녕(밀양)
2025-02-12,-2.9,0.2,-6.6,-1.9,평창
2025-02-12,-1.2,0.8,-4.7,-0.3,포천(동두천)
2025-02-12,5.4,9.6,2.4,4.8,해남
2025-02-13,-0.3,7.0,-7.1,2.5,논산(부여)
2025-02-13,2.1,5.3,-1.4,4.2,무안(목포)
2025-02-13,0.8,5.7,-4.0,-0.6,상주
2025-02-13,4.2,7.4,2.1,6.1,신안
2025-02-13,4.8,8.0,2.5,7.4,제주
2025-02-13,1.4,7.8,-2.6,-99.0,창녕(밀양)
2025-02-13,-5.5,-1.3,-10.2,-3.7,평창
2025-02-13,-1.4,5.3,-9.1,-1.0,포천(동두천)
2025-02-13,1.9,6.4,-3.0,4.2,해남
2025-02-14,1.2,10.2,-5.8,3.3,논산(부여)
2025-02-14,3.6,8.8,-1.3,4.7,무안(목포)
2025-02-14,3.6,10.1,-4.1,0.0,상주
2025-02-14,6.2,12.5,3.5,6.8,신안
2025-02-14,6.2,10.8,2.0,6.8,제주
2025-02-14,2.0,11.9,-6.2,-99.0,창녕(밀양)
2025-02-14,-1.3,5.1,-6.4,-1.1,평창
2025-02-14,1.6,10.4,-5.0,0.6,포천(동두천)
2025-02-14,2.3,10.5,-4.9,4.5,해남
2025-02-15,0.7,8.1,-5.5,2.1,논산(부여)
2025-02-15,3.6,6.6,0.4,2.9,무안(목포)
2025-02-15,2.6,9.7,-4.5,0.1,상주
2025-02-15,5.7,9.0,3.0,5.1,신안
2025-02-15,7.8,9.9,5.9,7.5,제주
2025-02-15,2.3,8.6,-4.3,-99.0,창녕(밀양)
2025-02-15,-1.5,5.0,-9.7,-0.9,평창
2025-02-15,2.1,7.7,-2.3,0.8,포천(동두천)
2025-02-15,2.4,8.5,-2.8,3.3,해남
2025-02-16,3.5,10.9,-2.5,3.9,논산(부여)
2025-02-16,5.5,11.3,0.6,5.1,무안(목포)
2025-02-16,4.5,12.6,-3.0,2.3,상주
2025-02-16,7.8,13.9,4.6,8.6,신안
2025-02-16,9.2,13.4,5.8,9.8,제주
2025-02-16,5.4,15.1,-3.7,-99.0,창녕(밀양)
2025-02-16,0.2,5.2,-5.9,-0.4,평창
2025-02-16,2.5,8.9,-1.6,1.2,포천(동두천)
2025-02-16,4.9,12.3,-2.0,7.2,해남
2025-02-17,1.3,6.4,-2.9,2.8,논산(부여)
2025-02-17,2.4,5.2,0.0,2.7,무안(목포)
2025-02-17,0.9,6.4,-2.6,1.6,상주
2025-02-17,3.8,6.9,1.2,5.5,신안
2025-02-17,5.6,7.7,4.0,8.0,제주
2025-02-17,3.9,8.3,0.0,-99.0,창녕(밀양)
2025-02-17,-5.1,-0.7,-8.6,-1.9,평창
2025-02-17,-0.9,4.9,-4.7,0.4,포천(동두천)
2025-02-17,2.9,6.8,0.3,4.0,해남
2025-02-18,-1.0,4.7,-7.3,1.1,논산(부여)
2025-02-18,1.1,2.8,0.0,2.1,무안(목포)
2025-02-18,-1.4,3.4,-4.9,0.6,상주
2025-02-18,2.8,4.8,1.4,4.9,신안
2025-02-18,4.1,6.2,3.2,8.0,제주
2025-02-18,0.9,5.6,-3.4,-99.0,창녕(밀양)
2025-02-18,-7.7,-3.2,-11.7,-4.5,평창
2025-02-18,-3.0,3.2,-6.5,-0.5,포천(동두천)
2025-02-18,1.4,4.7,-0.8,4.8,해남
2025-02-19,-2.6,3.4,-8.4,1.6,논산(부여)
2025-02-19,0.4,2.2,-1.3,1.6,무안(목포)
2025-02-19,-2.0,3.5,-6.0,0.1,상주
2025-02-19,2.4,4.1,1.1,3.9,신안
2025-02-19,4.2,6.7,2.3,8.6,제주
2025-02-19,0.4,6.5,-5.0,0.5,창녕(밀양)
2025-02-19,-9.0,-2.7,-16.2,-4.8,평창
2025-02-19,-4.1,2.6,-9.5,-1.0,포천(동두천)
2025-02-19,1.0,3.9,-2.8,4.6,해남
2025-02-20,-2.8,4.0,-8.9,1.5,논산(부여)
2025-02-20,0.1,2.5,-2.4,1.5,무안(목포)
2025-02-20,-2.2,3.8,-6.1,-0.2,상주
2025-02-20,2.4,4.6,1.1,3.8,신안
2025-02-20,3.7,6.8,2.1,7.7,제주
2025-02-20,0.7,6.6,-5.9,0.4,창녕(밀양)
2025-02-20,-9.3,-2.6,-18.3,-5.0,평창
2025-02-20,-4.2,3.1,-10.2,-1.1,포천(동두천)
2025-02-20,0.2,5.1,-5.0,4.0,해남
2025-02-21,-2.2,4.3,-8.5,1.9,논산(부여)
2025-02-21,0.0,2.6,-1.9,2.3,무안(목포)
2025-02-21,-1.8,3.8,-6.0,-0.1,상주
2025-02-21,2.1,4.8,0.7,4.3,신안
2025-02-21,3.7,6.5,2.4,8.1,제주
2025-02-21,0.1,5.7,-3.4,0.9,창녕(밀양)
2025-02-21,-9.0,-2.3,-18.2,-4.8,평창
2025-02-21,-4.1,2.8,-10.4,-1.1,포천(동두천)
2025-02-21,0.7,4.4,-2.0,5.8,해남
2025-02-22,-1.7,4.4,-8.4,3.4,논산(부여)
2025-02-22,0.3,2.4,-1.6,1.8,무안(목포)
2025-02-22,-1.0,4.0,-4.9,0.4,상주
2025-02-22,2.2,5.3,0.9,3.3,신안
2025-02-22,3.5,5.7,2.3,5.7,제주
2025-02-22,0.0,6.4,-5.8,0.7,창녕(밀양)
2025-02-22,-7.5,-1.7,-14.7,-3.7,평창
2025-02-22,-3.7,3.2,-9.4,-0.8,포천(동두천)
2025-02-22,-0.2,4.6,-6.0,5.2,해남
2025-02-23,-3.1,1.9,-8.3,0.6,논산(부여)
2025-02-23,-0.7,1.6,-2.0,0.2,무안(목포)
2025-02-23,-2.8,2.0,-5.9,-0.2,상주
2025-02-23,1.2,3.4,-1.7,2.0,신안
2025-02-23,2.4,4.4,0.7,4.7,제주
2025-02-23,-0.5,4.8,-5.5,-0.2,창녕(밀양)
2025-02-23,-9.1,-4.2,-13.2,-5.0,평창
2025-02-23,-4.6,1.8,-10.2,-1.1,포천(동두천)
2025-02-23,0.1,3.2,-2.2,3.6,해남
2025-02-24,-1.9,6.4,-8.6,2.4,논산(부여)
2025-02-24,0.6,3.2,-2.0,0.5,무안(목포)
2025-02-24,-0.8,5.8,-6.4,0.1,상주
2025-02-24,2.3,5.4,0.4,3.4,신안
2025-02-24,3.4,6.3,0.4,5.5,제주
2025-02-24,0.2,8.2,-5.3,0.4,창녕(밀양)
2025-02-24,-7.2,-1.2,-14.7,-3.8,평창
2025-02-24,-2.8,5.5,-10.4,-0.4,포천(동두천)
2025-02-24,0.7,5.3,-4.7,3.1,해남
2025-02-25,0.1,6.8,-7.9,2.2,논산(부여)
2025-02-25,2.7,6.3,-2.6,2.8,무안(목포)
2025-02-25,2.6,9.1,-3.3,1.3,상주
2025-02-25,4.9,9.0,-0.1,4.6,신안
2025-02-25,4.9,9.2,-0.4,5.1,제주
2025-02-25,3.2,12.0,-7.2,1.4,창녕(밀양)
2025-02-25,-3.3,1.0,-10.5,-2.4,평창
2025-02-25,0.2,5.7,-7.3,-0.5,포천(동두천)
2025-02-25,1.0,7.8,-7.9,3.5,해남
2025-02-26,3.4,11.4,-3.5,4.9,논산(부여)
2025-02-26,4.6,8.9,1.0,6.3,무안(목포)
2025-02-26,5.9,11.1,2.4,3.7,상주
2025-02-26,6.1,10.5,2.1,8.9,신안
2025-02-26,8.5,12.2,5.6,11.0,제주
2025-02-26,4.5,13.8,-3.4,3.8,창녕(밀양)
2025-02-26,-0.4,4.3,-3.0,0.2,평창
2025-02-26,2.8,10.0,-2.0,2.4,포천(동두천)
2025-02-26,2.7,11.5,-4.3,6.5,해남
2025-02-27,4.3,15.3,-6.9,5.0,논산(부여)
2025-02-27,6.6,15.2,-1.7,7.2,무안(목포)
2025-02-27,5.4,15.0,-5.4,3.4,상주
2025-02-27,7.2,13.5,2.7,7.8,신안
2025-02-27,8.0,12.9,3.3,7.7,제주
2025-02-27,5.5,14.5,-5.2,3.6,창녕(밀양)
2025-02-27,2.3,7.9,-4.0,0.9,평창
2025-02-27,3.1,13.9,-5.6,2.0,포천(동두천)
2025-02-27,5.0,14.6,-7.3,6.4,해남
2025-02-28,7.6,15.7,2.3,10.1,논산(부여)
2025-02-28,9.0,14.1,5.9,11.5,무안(목포)
2025-02-28,10.0,16.7,4.0,7.4,상주
2025-02-28,8.3,12.6,5.4,10.2,신안
2025-02-28,11.8,15.0,8.9,12.9,제주
2025-02-28,10.5,19.2,5.1,10.5,창녕(밀양)
2025-02-28,2.8,8.7,-3.0,2.4,평창
2025-02-28,5.0,14.2,0.0,2.8,포천(동두천)
2025-02-28,9.0,15.9,1.8,11.3,해남
2025-03-01,4.9,8.6,-1.5,5.0,논산(부여)
2025-03-01,11.0,14.0,5.1,10.1,무안(목포)
2025-03-01,5.1,8.8,-1.1,4.7,상주
2025-03-01,9.3,12.3,5.3,9.5,신안
2025-03-01,14.8,21.3,9.4,14.9,제주
2025-03-01,9.2,16.0,1.3,6.4,창녕(밀양)
2025-03-01,1.8,12.8,-7.4,1.1,평창
2025-03-01,5.5,14.0,-1.3,2.6,포천(동두천)
2025-03-01,10.9,14.8,0.8,8.9,해남
2025-03-02,9.9,15.2,5.5,9.5,논산(부여)
2025-03-02,13.8,16.7,11.3,13.7,무안(목포)
2025-03-02,7.0,9.8,3.0,6.9,상주
2025-03-02,10.6,13.7,8.5,11.0,신안
2025-03-02,16.0,19.6,13.8,16.5,제주
2025-03-02,10.8,15.8,7.0,8.6,창녕(밀양)
2025-03-02,-0.2,6.6,-4.5,-0.2,평창
2025-03-02,4.8,14.3,0.8,3.2,포천(동두천)
2025-03-02,13.7,16.7,10.8,11.7,해남
2025-03-03,4.6,7.6,1.7,6.5,논산(부여)
2025-03-03,6.7,11.3,4.2,7.7,무안(목포)
2025-03-03,1.4,3.4,-0.2,1.5,상주
2025-03-03,5.6,8.9,4.2,5.9,신안
2025-03-03,9.0,13.8,7.4,10.2,제주
2025-03-03,4.6,7.4,3.3,3.8,창녕(밀양)
2025-03-03,-5.5,-4.5,-6.2,-0.6,평창
2025-03-03,1.7,5.7,-0.6,3.0,포천(동두천)
2025-03-03,6.3,10.9,4.3,7.9,해남
2025-03-04,3.9,6.6,1.7,4.9,논산(부여)
2025-03-04,4.3,6.6,2.6,6.1,무안(목포)
2025-03-04,0.9,2.7,0.1,1.7,상주
2025-03-04,3.8,4.6,2.5,5.2,신안
2025-03-04,7.3,8.6,6.6,8.3,제주
2025-03-04,4.3,6.0,2.9,3.1,창녕(밀양)
2025-03-04,-4.2,-3.3,-6.0,-0.6,평창
2025-03-04,0.8,2.1,-0.7,-0.3,포천(동두천)
2025-03-04,5.4,9.0,3.6,8.3,해남
2025-03-05,5.2,7.7,3.3,6.0,논산(부여)
2025-03-05,5.2,7.3,4.3,6.6,무안(목포)
2025-03-05,3.4,7.9,0.1,4.8,상주
2025-03-05,5.2,7.8,4.3,5.5,신안
2025-03-05,7.8,9.2,6.9,8.2,제주
2025-03-05,6.5,10.0,4.8,5.8,창녕(밀양)
2025-03-05,-3.0,-0.7,-6.1,-0.5,평창
2025-03-05,3.7,9.0,1.0,3.7,포천(동두천)
2025-03-05,5.7,8.3,4.4,7.5,해남
2025-03-06,4.2,11.2,-1.6,6.8,논산(부여)
2025-03-06,4.7,8.0,2.5,6.2,무안(목포)
2025-03-06,4.0,10.0,-0.9,5.0,상주
2025-03-06,5.6,8.5,4.0,8.3,신안
2025-03-06,7.8,10.5,5.8,9.9,제주
2025-03-06,6.3,10.4,2.1,6.0,창녕(밀양)
2025-03-06,-5.8,1.3,-11.5,-0.6,평창
2025-03-06,4.1,11.7,-2.1,4.2,포천(동두천)
2025-03-06,5.4,10.0,1.9,8.9,해남
2025-03-07,3.6,11.7,-3.7,5.9,논산(부여)
2025-03-07,5.2,11.1,0.2,6.3,무안(목포)
2025-03-07,4.0,10.3,-2.7,5.1,상주
2025-03-07,5.5,9.8,2.9,9.4,신안
2025-03-07,8.4,12.6,3.5,11.1,제주
2025-03-07,5.4,12.1,-1.0,4.1,창녕(밀양)
2025-03-07,-4.6,3.3,-15.2,-0.6,평창
2025-03-07,3.6,11.0,-3.3,3.8,포천(동두천)
2025-03-07,4.8,12.1,-3.0,6.6,해남
2025-03-08,4.4,11.0,-0.1,7.6,논산(부여)
2025-03-08,5.4,8.6,3.5,5.3,무안(목포)
2025-03-08,6.1,11.9,2.4,7.0,상주
2025-03-08,5.4,9.8,3.4,7.7,신안
2025-03-08,8.8,12.4,6.4,8.8,제주
2025-03-08,7.3,13.8,2.6,8.2,창녕(밀양)
2025-03-08,-0.4,4.4,-5.0,-0.5,평창
2025-03-08,4.3,11.9,-0.3,5.0,포천(동두천)
2025-03-08,5.7,9.4,0.2,7.0,해남
2025-03-09,5.1,14.0,-2.5,7.0,논산(부여)
2025-03-09,6.1,11.5,1.3,6.4,무안(목포)
2025-03-09,6.2,14.1,-1.0,6.1,상주
2025-03-09,6.4,10.7,3.4,9.3,신안
2025-03-09,9.2,12.8,5.8,11.1,제주
2025-03-09,6.6,15.8,-1.4,6.6,창녕(밀양)
2025-03-09,-1.8,8.2,-11.2,-0.5,평창
2025-03-09,4.9,14.0,-2.3,5.2,포천(동두천)
2025-03-09,5.1,14.1,-2.8,8.0,해남
2025-03-10,5.9,15.4,-1.5,7.9,논산(부여)
2025-03-10,8.2,13.1,2.8,6.5,무안(목포)
2025-03-10,5.9,14.6,-1.8,6.2,상주
2025-03-10,7.2,12.3,3.8,7.6,신안
2025-03-10,10.8,13.2,7.4,10.4,제주
2025-03-10,7.2,14.9,-1.1,5.7,창녕(밀양)
2025-03-10,1.1,8.9,-9.7,-0.3,평창
2025-03-10,5.8,15.8,-1.7,5.5,포천(동두천)
2025-03-10,6.6,13.1,-1.6,7.0,해남
2025-03-11,7.9,17.4,-1.6,10.2,논산(부여)
2025-03-11,9.4,16.0,4.0,8.5,무안(목포)
2025-03-11,9.3,18.6,-1.3,7.4,상주
2025-03-11,8.8,14.2,5.9,12.6,신안
2025-03-11,12.4,15.0,9.9,15.9,제주
2025-03-11,9.3,19.4,-0.3,8.6,창녕(밀양)
2025-03-11,4.9,14.6,-5.0,-0.3,평창
2025-03-11,7.0,16.5,-1.3,6.6,포천(동두천)
2025-03-11,8.3,18.3,-0.5,11.0,해남
2025-03-12,7.5,15.4,1.8,10.6,논산(부여)
2025-03-12,8.6,14.5,4.6,8.7,무안(목포)
2025-03-12,11.0,16.8,2.9,9.3,상주
2025-03-12,9.0,13.7,5.8,12.5,신안
2025-03-12,11.8,14.1,9.4,12.5,제주
2025-03-12,11.2,20.2,1.5,9.7,창녕(밀양)
2025-03-12,5.4,8.8,2.0,-0.3,평창
2025-03-12,6.7,11.7,3.0,6.0,포천(동두천)
2025-03-12,8.7,15.6,0.9,10.5,해남
2025-03-13,9.3,17.5,1.8,10.0,논산(부여)
2025-03-13,9.1,14.9,6.1,9.9,무안(목포)
2025-03-13,10.6,18.0,6.0,9.1,상주
2025-03-13,8.3,12.3,5.2,11.2,신안
2025-03-13,12.0,14.5,9.6,14.4,제주
2025-03-13,11.5,18.1,5.4,10.1,창녕(밀양)
2025-03-13,4.0,12.3,-2.8,-0.2,평창
2025-03-13,7.5,17.1,0.6,7.5,포천(동두천)
2025-03-13,10.2,19.2,4.1,13.5,해남
2025-03-14,12.4,20.8,1.6,12.0,논산(부여)
2025-03-14,12.1,18.8,5.9,11.4,무안(목포)
2025-03-14,10.2,19.7,1.2,9.4,상주
2025-03-14,10.1,14.3,6.7,15.4,신안
2025-03-14,13.0,15.7,10.9,16.2,제주
2025-03-14,11.1,19.6,2.2,11.1,창녕(밀양)
2025-03-14,1.4,6.3,-5.4,-0.3,평창
2025-03-14,10.2,19.7,-0.2,7.8,포천(동두천)
2025-03-14,11.4,20.0,2.8,13.3,해남
2025-03-15,10.1,14.3,5.6,12.2,논산(부여)
2025-03-15,8.8,11.8,6.6,8.6,무안(목포)
2025-03-15,7.6,11.2,6.5,8.3,상주
2025-03-15,8.1,11.4,6.6,9.5,신안
2025-03-15,9.7,12.3,8.7,9.7,제주
2025-03-15,8.6,10.3,6.8,6.5,창녕(밀양)
2025-03-15,1.4,4.3,-1.0,-0.4,평창
2025-03-15,10.2,17.5,5.8,10.0,포천(동두천)
2025-03-15,9.0,12.7,5.7,9.8,해남
2025-03-16,4.6,8.0,1.2,8.4,논산(부여)
2025-03-16,4.6,6.8,0.7,6.4,무안(목포)
2025-03-16,4.2,6.8,-0.5,7.0,상주
2025-03-16,4.7,6.8,0.4,5.5,신안
2025-03-16,6.8,10.0,2.6,6.5,제주
2025-03-16,6.2,10.4,0.9,5.9,창녕(밀양)
2025-03-16,-1.3,2.0,-5.0,-0.4,평창
2025-03-16,3.0,7.7,0.0,6.0,포천(동두천)
2025-03-16,4.9,7.6,1.7,7.8,해남
2025-03-17,3.1,8.6,-2.8,7.6,논산(부여)
2025-03-17,3.9,6.6,2.1,6.1,무안(목포)
2025-03-17,3.1,8.3,-0.6,5.2,상주
2025-03-17,5.4,9.1,2.2,9.6,신안
2025-03-17,5.6,8.6,4.0,6.8,제주
2025-03-17,4.8,11.1,-0.6,4.6,창녕(밀양)
2025-03-17,-3.7,-1.0,-7.6,-0.4,평창
2025-03-17,1.8,7.5,-3.1,3.8,포천(동두천)
2025-03-17,3.1,7.6,-2.1,7.4,해남
2025-03-18,1.6,4.4,-0.6,4.1,논산(부여)
2025-03-18,2.4,4.8,-0.1,2.1,무안(목포)
2025-03-18,1.4,6.4,-1.7,5.2,상주
2025-03-18,3.3,5.5,-0.2,4.3,신안
2025-03-18,5.8,7.8,4.3,7.2,제주
2025-03-18,3.3,6.6,-2.0,3.2,창녕(밀양)
2025-03-18,-5.6,-1.5,-12.5,-0.4,평창
2025-03-18,1.1,6.1,-1.3,4.6,포천(동두천)
2025-03-18,2.9,5.9,-2.5,4.7,해남
2025-03-19,1.5,7.9,-4.9,5.8,논산(부여)
2025-03-19,3.5,6.7,0.7,5.3,무안(목포)
2025-03-19,3.0,8.3,-1.2,5.9,상주
2025-03-19,5.0,8.8,2.2,7.4,신안
2025-03-19,5.8,9.0,3.9,8.7,제주
2025-03-19,4.1,10.1,-2.0,5.3,창녕(밀양)
2025-03-19,-6.8,0.5,-19.3,-0.4,평창
2025-03-19,1.4,8.3,-5.2,3.3,포천(동두천)
2025-03-19,3.0,8.3,-2.5,7.8,해남
2025-03-20,5.4,14.4,-3.7,8.2,논산(부여)
2025-03-20,7.8,12.5,1.2,7.7,무안(목포)
2025-03-20,8.5,16.6,-0.2,8.4,상주
2025-03-20,10.8,13.6,5.0,12.8,신안
2025-03-20,11.1,15.1,4.7,12.7,제주
2025-03-20,8.0,17.6,-2.6,8.3,창녕(밀양)
2025-03-20,1.8,6.4,-6.3,-0.3,평창
2025-03-20,7.0,15.2,-0.7,7.8,포천(동두천)
2025-03-20,6.6,14.5,-3.6,8.9,해남
2025-03-21,9.7,18.9,1.9,11.7,논산(부여)
2025-03-21,12.2,17.7,8.5,11.2,무안(목포)
2025-03-21,14.3,23.0,5.7,11.4,상주
2025-03-21,13.4,18.0,10.0,16.3,신안
2025-03-21,17.0,21.0,11.8,18.7,제주
2025-03-21,13.6,23.0,2.8,12.2,창녕(밀양)
2025-03-21,7.2,12.3,1.6,-0.2,평창
2025-03-21,11.4,20.7,5.9,11.5,포천(동두천)
2025-03-21,11.1,19.5,3.1,12.7,해남
2025-03-22,11.1,21.7,1.2,12.6,논산(부여)
2025-03-22,12.5,18.8,7.4,12.4,무안(목포)
2025-03-22,17.4,24.5,9.3,12.9,상주
2025-03-22,15.8,18.5,10.3,19.5,신안
2025-03-22,18.9,22.4,15.6,20.8,제주
2025-03-22,15.7,26.2,3.4,13.5,창녕(밀양)
2025-03-22,10.3,15.8,3.8,2.4,평창
2025-03-22,12.1,22.2,3.9,11.2,포천(동두천)
2025-03-22,10.7,21.4,1.1,14.3,해남
2025-03-23,12.4,25.2,2.1,14.0,논산(부여)
2025-03-23,14.1,20.3,8.9,12.5,무안(목포)
2025-03-23,18.6,27.5,7.9,14.4,상주
2025-03-23,15.9,22.7,10.2,19.3,신안
2025-03-23,19.6,25.0,15.6,22.9,제주
2025-03-23,15.7,27.2,4.4,15.0,창녕(밀양)
2025-03-23,10.0,19.7,-0.3,4.2,평창
2025-03-23,13.6,24.9,3.2,12.6,포천(동두천)
2025-03-23,12.5,22.3,1.9,13.7,해남
2025-03-24,14.0,19.9,8.1,15.5,논산(부여)
2025-03-24,14.6,19.1,11.9,14.6,무안(목포)
2025-03-24,17.7,25.0,10.6,15.1,상주
2025-03-24,16.1,20.1,10.0,18.5,신안
2025-03-24,20.4,24.5,14.9,21.2,제주
2025-03-24,15.5,23.3,10.5,15.4,창녕(밀양)
2025-03-24,11.7,17.1,5.5,5.9,평창
2025-03-24,14.4,22.4,8.7,14.2,포천(동두천)
2025-03-24,15.6,21.8,9.0,18.0,해남
2025-03-25,13.4,25.0,5.9,15.3,논산(부여)
2025-03-25,14.2,22.9,8.9,14.9,무안(목포)
2025-03-25,16.7,27.4,8.6,15.4,상주
2025-03-25,13.5,25.1,7.6,15.8,신안
2025-03-25,20.7,28.8,14.7,22.1,제주
2025-03-25,16.3,25.9,7.2,16.2,창녕(밀양)
2025-03-25,9.6,18.4,2.3,6.1,평창
2025-03-25,11.5,21.2,7.3,11.1,포천(동두천)
2025-03-25,14.4,24.6,3.9,17.7,해남
2025-03-26,16.3,27.8,1.8,16.2,논산(부여)
2025-03-26,16.6,24.9,7.6,15.6,무안(목포)
2025-03-26,16.7,26.1,6.1,14.6,상주
2025-03-26,13.0,19.1,8.7,15.3,신안
2025-03-26,17.8,22.1,12.7,21.7,제주
2025-03-26,16.1,24.3,5.2,16.9,창녕(밀양)
2025-03-26,7.7,18.0,-0.5,6.3,평창
2025-03-26,13.6,23.6,3.0,13.3,포천(동두천)
2025-03-26,15.6,23.6,3.8,18.3,해남
2025-03-27,14.4,20.5,5.9,15.9,논산(부여)
2025-03-27,12.4,18.9,6.6,12.8,무안(목포)
2025-03-27,15.1,23.6,9.7,14.8,상주
2025-03-27,9.4,14.2,5.0,10.8,신안
2025-03-27,16.3,25.2,9.0,17.8,제주
2025-03-27,18.8,23.9,14.8,17.2,창녕(밀양)
2025-03-27,11.5,16.0,3.2,8.9,평창
2025-03-27,12.6,19.7,5.9,13.6,포천(동두천)
2025-03-27,14.0,21.7,7.0,15.1,해남
2025-03-28,7.0,12.5,2.9,12.7,논산(부여)
2025-03-28,5.8,7.4,4.7,9.0,무안(목포)
2025-03-28,8.0,12.9,5.3,11.3,상주
2025-03-28,5.8,8.0,4.5,7.9,신안
2025-03-28,8.4,10.8,7.3,11.7,제주
2025-03-28,11.0,15.4,8.6,12.6,창녕(밀양)
2025-03-28,-0.2,3.5,-4.7,1.5,평창
2025-03-28,6.1,13.8,2.2,9.0,포천(동두천)
2025-03-28,6.8,9.5,5.2,15.0,해남
2025-03-29,2.6,9.3,-2.7,8.3,논산(부여)
2025-03-29,4.5,8.2,2.9,5.7,무안(목포)
2025-03-29,4.0,10.1,1.1,8.7,상주
2025-03-29,5.1,10.2,3.1,7.0,신안
2025-03-29,7.7,10.9,5.4,11.0,제주
2025-03-29,7.0,12.7,1.0,9.7,창녕(밀양)
2025-03-29,-3.8,3.0,-8.4,-0.6,평창
2025-03-29,1.8,8.5,-2.3,5.0,포천(동두천)
2025-03-29,4.4,8.6,-0.4,6.1,해남
2025-03-30,3.1,9.7,-4.5,9.9,논산(부여)
2025-03-30,4.5,7.4,1.5,7.7,무안(목포)
2025-03-30,4.1,9.7,-1.7,8.7,상주
2025-03-30,6.0,9.6,2.1,9.9,신안
2025-03-30,6.9,10.0,4.4,11.7,제주
2025-03-30,5.1,10.4,0.5,8.8,창녕(밀양)
2025-03-30,-3.2,1.7,-8.0,1.6,평창
2025-03-30,2.2,8.8,-4.4,4.5,포천(동두천)
2025-03-30,3.7,9.0,-2.6,10.9,해남
2025-03-31,6.0,14.0,-1.1,11.7,논산(부여)
2025-03-31,6.9,11.8,2.5,10.2,무안(목포)
2025-03-31,7.6,14.6,-0.9,9.7,상주
2025-03-31,8.5,13.5,5.1,11.6,신안
2025-03-31,9.1,13.1,4.8,14.6,제주
2025-03-31,6.5,14.7,-1.9,11.2,창녕(밀양)
2025-03-31,2.2,9.4,-4.1,3.6,평창
2025-03-31,5.6,14.7,-3.1,7.8,포천(동두천)
2025-03-31,6.1,13.8,-2.9,12.1,해남
2025-04-01,8.3,18.0,1.3,13.5,논산(부여)
2025-04-01,8.5,14.4,3.9,11.1,무안(목포)
2025-04-01,10.0,18.4,0.4,11.8,상주
2025-04-01,8.7,13.6,4.9,13.5,신안
2025-04-01,10.6,14.4,6.5,15.0,제주
2025-04-01,9.1,18.8,0.5,12.3,창녕(밀양)
2025-04-01,3.9,12.9,-3.8,4.5,평창
2025-04-01,8.3,17.8,0.2,10.8,포천(동두천)
2025-04-01,7.2,17.2,-1.2,13.7,해남
2025-04-02,7.5,16.8,-0.5,11.3,논산(부여)
2025-04-02,8.6,15.4,3.7,10.2,무안(목포)
2025-04-02,8.0,19.4,-0.3,11.5,상주
2025-04-02,8.8,14.2,5.6,10.4,신안
2025-04-02,11.7,16.9,7.2,16.6,제주
2025-04-02,9.5,19.3,0.7,14.1,창녕(밀양)
2025-04-02,3.2,10.7,-4.4,4.3,평창
2025-04-02,6.8,15.9,1.3,8.5,포천(동두천)
2025-04-02,8.0,17.6,-1.9,13.1,해남
2025-04-03,9.3,16.2,3.7,14.3,논산(부여)
2025-04-03,8.2,11.8,6.0,12.4,무안(목포)
2025-04-03,8.0,15.8,1.8,11.2,상주
2025-04-03,7.3,11.0,4.7,9.0,신안
2025-04-03,10.1,13.2,7.2,15.3,제주
2025-04-03,9.3,16.6,2.3,12.0,창녕(밀양)
2025-04-03,3.1,8.9,-1.8,6.1,평창
2025-04-03,8.3,17.7,0.2,11.2,포천(동두천)
2025-04-03,8.5,14.0,2.5,13.7,해남
2025-04-04,10.1,17.6,3.7,15.9,논산(부여)
2025-04-04,9.1,13.8,4.0,12.7,무안(목포)
2025-04-04,10.4,19.1,3.4,12.3,상주
2025-04-04,9.1,15.7,4.7,13.1,신안
2025-04-04,10.5,13.9,6.9,14.0,제주
2025-04-04,10.3,18.3,2.7,12.0,창녕(밀양)
2025-04-04,4.4,12.5,-3.8,4.3,평창
2025-04-04,9.6,17.8,2.7,12.0,포천(동두천)
2025-04-04,8.0,16.8,-0.8,13.9,해남
2025-04-05,8.5,11.0,5.8,9.8,논산(부여)
2025-04-05,10.0,12.5,6.9,10.8,무안(목포)
2025-04-05,9.2,14.3,5.8,10.6,상주
2025-04-05,9.6,15.3,6.6,11.5,신안
2025-04-05,13.1,18.7,10.2,14.3,제주
2025-04-05,10.4,15.5,5.4,9.0,창녕(밀양)
2025-04-05,4.0,10.3,0.2,3.8,평창
2025-04-05,6.1,8.1,5.4,8.2,포천(동두천)
2025-04-05,11.0,14.0,6.0,12.1,해남
2025-04-06,9.1,16.9,2.0,13.0,논산(부여)
2025-04-06,9.9,14.8,4.8,12.3,무안(목포)
2025-04-06,11.6,18.5,6.8,13.1,상주
2025-04-06,10.4,16.8,6.5,15.1,신안
2025-04-06,12.1,17.0,7.6,16.3,제주
2025-04-06,12.6,20.8,3.9,15.3,창녕(밀양)
2025-04-06,5.8,10.3,0.3,5.9,평창
2025-04-06,9.8,17.4,5.5,12.2,포천(동두천)
2025-04-06,8.1,17.1,-0.9,14.3,해남
2025-04-07,11.4,20.3,0.0,14.5,논산(부여)
2025-04-07,12.6,18.6,4.9,13.1,무안(목포)
2025-04-07,15.4,23.2,5.9,14.2,상주
2025-04-07,11.2,17.0,6.6,14.5,신안
2025-04-07,14.3,20.2,7.7,17.3,제주
2025-04-07,13.4,24.1,2.1,16.8,창녕(밀양)
2025-04-07,9.8,15.5,2.2,7.0,평창
2025-04-07,12.5,20.8,2.2,12.1,포천(동두천)
2025-04-07,11.7,19.2,-1.0,15.6,해남
2025-04-08,13.8,20.9,5.7,17.0,논산(부여)
2025-04-08,13.1,17.6,8.1,15.1,무안(목포)
2025-04-08,15.9,22.5,9.4,15.4,상주
2025-04-08,12.2,17.2,7.3,17.4,신안
2025-04-08,18.5,23.5,12.6,20.3,제주
2025-04-08,16.5,27.0,7.7,18.9,창녕(밀양)
2025-04-08,7.8,14.1,-0.7,8.8,평창
2025-04-08,13.6,20.6,9.5,14.9,포천(동두천)
2025-04-08,14.3,21.5,4.3,19.9,해남
2025-04-09,10.9,19.9,1.5,13.4,논산(부여)
2025-04-09,12.5,20.4,6.3,14.1,무안(목포)
2025-04-09,13.5,22.2,3.5,15.0,상주
2025-04-09,11.2,16.6,7.2,13.9,신안
2025-04-09,15.5,22.0,10.3,18.7,제주
2025-04-09,13.8,21.8,4.9,15.8,창녕(밀양)
2025-04-09,7.3,15.5,-2.6,6.9,평창
2025-04-09,11.5,18.9,6.1,12.2,포천(동두천)
2025-04-09,13.0,20.9,0.6,15.1,해남
2025-04-10,13.2,19.6,7.2,16.9,논산(부여)
2025-04-10,10.9,13.6,8.0,15.2,무안(목포)
2025-04-10,15.0,20.0,11.5,15.1,상주
2025-04-10,9.6,13.3,6.8,14.7,신안
2025-04-10,13.8,18.3,10.5,19.3,제주
2025-04-10,16.2,24.2,9.2,18.3,창녕(밀양)
2025-04-10,7.2,13.5,0.9,9.0,평창
2025-04-10,12.1,20.4,5.5,13.9,포천(동두천)
2025-04-10,12.0,16.9,5.6,20.4,해남
2025-04-11,13.1,24.9,3.0,17.7,논산(부여)
2025-04-11,13.0,19.5,7.0,16.3,무안(목포)
2025-04-11,16.4,25.8,6.0,17.4,상주
2025-04-11,11.1,17.5,6.7,15.8,신안
2025-04-11,14.1,18.4,9.2,19.1,제주
2025-04-11,15.7,26.1,6.3,20.2,창녕(밀양)
2025-04-11,9.0,19.2,-2.0,10.1,평창
2025-04-11,14.9,25.8,5.0,15.5,포천(동두천)
2025-04-11,12.5,22.1,1.3,17.4,해남
2025-04-12,12.1,22.6,2.3,13.9,논산(부여)
2025-04-12,12.4,17.5,4.3,13.3,무안(목포)
2025-04-12,12.9,22.9,5.5,15.7,상주
2025-04-12,10.4,14.7,4.5,10.7,신안
2025-04-12,15.8,20.3,8.2,16.3,제주
2025-04-12,13.8,21.3,7.1,14.7,창녕(밀양)
2025-04-12,10.5,19.5,0.8,9.0,평창
2025-04-12,11.5,23.3,0.2,12.2,포천(동두천)
2025-04-12,12.9,17.3,5.7,14.4,해남
2025-04-13,6.1,10.4,1.4,9.7,논산(부여)
2025-04-13,8.2,10.8,4.5,9.8,무안(목포)
2025-04-13,4.9,10.9,1.5,11.1,상주
2025-04-13,8.3,12.0,4.5,10.5,신안
2025-04-13,10.7,14.0,7.9,12.2,제주
2025-04-13,8.9,14.1,4.6,11.9,창녕(밀양)
2025-04-13,-0.8,9.8,-1.9,1.3,평창
2025-04-13,4.2,8.1,0.1,7.1,포천(동두천)
2025-04-13,7.7,11.9,2.7,10.6,해남
2025-04-14,5.7,8.9,2.7,8.5,논산(부여)
2025-04-14,8.7,11.7,6.6,8.6,무안(목포)
2025-04-14,3.8,8.5,-0.4,8.5,상주
2025-04-14,9.1,13.0,6.5,12.1,신안
2025-04-14,12.1,15.6,8.9,15.3,제주
2025-04-14,6.7,12.4,2.1,8.9,창녕(밀양)
2025-04-14,0.1,3.0,-2.8,3.9,평창
2025-04-14,3.5,7.2,0.6,7.0,포천(동두천)
2025-04-14,9.2,14.3,3.8,8.9,해남
2025-04-15,7.8,14.6,1.0,12.3,논산(부여)
2025-04-15,9.5,12.8,6.4,12.1,무안(목포)
2025-04-15,9.2,15.4,3.2,11.8,상주
2025-04-15,10.4,14.6,6.2,16.2,신안
2025-04-15,12.2,16.1,8.5,16.5,제주
2025-04-15,10.6,17.0,4.1,13.7,창녕(밀양)
2025-04-15,3.8,9.1,-3.8,5.0,평창
2025-04-15,7.6,15.6,-0.5,10.5,포천(동두천)
2025-04-15,9.4,14.8,4.6,14.7,해남
2025-04-16,14.1,23.6,2.7,14.5,논산(부여)
2025-04-16,15.3,21.6,8.1,14.2,무안(목포)
2025-04-16,15.6,25.6,4.4,14.2,상주
2025-04-16,14.6,22.0,8.8,17.6,신안
2025-04-16,20.5,24.8,11.1,18.9,제주
2025-04-16,14.9,24.0,3.4,14.5,창녕(밀양)
2025-04-16,10.8,19.1,-0.2,9.6,평창
2025-04-16,14.1,22.6,3.9,13.9,포천(동두천)
2025-04-16,15.3,21.0,3.5,17.9,해남
2025-04-17,19.8,26.9,13.6,19.2,논산(부여)
2025-04-17,17.4,20.0,16.0,19.0,무안(목포)
2025-04-17,18.2,26.0,9.3,17.0,상주
2025-04-17,13.0,16.8,10.3,15.7,신안
2025-04-17,20.8,25.0,18.4,22.5,제주
2025-04-17,17.7,22.5,9.9,17.3,창녕(밀양)
2025-04-17,17.6,23.5,9.5,14.8,평창
2025-04-17,18.4,26.3,11.8,16.6,포천(동두천)
2025-04-17,19.4,23.1,17.1,24.2,해남
2025-04-18,18.5,24.7,13.3,20.7,논산(부여)
2025-04-18,17.7,21.1,15.0,19.8,무안(목포)
2025-04-18,21.1,28.7,12.3,19.6,상주
2025-04-18,15.0,21.5,10.4,18.3,신안
2025-04-18,22.0,27.5,17.2,26.9,제주
2025-04-18,21.2,27.6,16.5,22.4,창녕(밀양)
2025-04-18,16.5,22.6,10.8,16.3,평창
2025-04-18,17.6,24.6,14.3,17.7,포천(동두천)
2025-04-18,17.5,20.6,15.4,20.0,해남
2025-04-19,18.7,24.9,13.9,19.6,논산(부여)
2025-04-19,18.4,22.7,15.1,21.0,무안(목포)
2025-04-19,21.3,29.2,15.1,21.1,상주
2025-04-19,13.9,16.6,10.2,15.6,신안
2025-04-19,18.9,23.4,15.7,26.0,제주
2025-04-19,20.1,24.4,16.0,20.5,창녕(밀양)
2025-04-19,16.3,22.4,7.0,16.1,평창
2025-04-19,14.5,18.7,11.0,15.1,포천(동두천)
2025-04-19,19.9,25.0,16.4,22.9,해남
2025-04-20,17.4,24.4,13.1,21.0,논산(부여)
2025-04-20,15.5,19.6,12.9,18.7,무안(목포)
2025-04-20,16.5,19.7,14.8,18.2,상주
2025-04-20,11.0,14.7,8.9,15.6,신안
2025-04-20,18.3,19.8,16.8,26.0,제주
2025-04-20,16.8,19.3,14.3,17.2,창녕(밀양)
2025-04-20,9.2,13.8,4.8,13.5,평창
2025-04-20,16.2,25.3,9.1,18.6,포천(동두천)
2025-04-20,17.4,24.1,15.4,19.1,해남
2025-04-21,20.0,27.5,13.9,22.3,논산(부여)
2025-04-21,18.9,24.2,15.2,20.7,무안(목포)
2025-04-21,18.1,25.7,12.1,19.2,상주
2025-04-21,13.3,16.4,11.0,14.4,신안
2025-04-21,20.9,26.9,16.7,28.3,제주
2025-04-21,18.9,26.2,14.3,22.0,창녕(밀양)
2025-04-21,14.5,23.8,2.5,16.9,평창
2025-04-21,19.1,27.0,10.6,18.7,포천(동두천)
2025-04-21,17.5,22.4,14.7,20.3,해남
2025-04-22,17.7,18.7,15.6,19.1,논산(부여)
2025-04-22,16.0,18.9,12.5,17.2,무안(목포)
2025-04-22,15.2,16.7,13.0,16.5,상주
2025-04-22,12.4,17.1,9.3,14.7,신안
2025-04-22,19.0,24.1,14.5,22.1,제주
2025-04-22,16.5,19.3,13.7,16.5,창녕(밀양)
2025-04-22,11.9,15.6,7.5,12.9,평창
2025-04-22,15.9,18.3,12.5,16.8,포천(동두천)
2025-04-22,16.3,19.2,13.7,17.5,해남
2025-04-23,16.7,24.1,11.0,21.1,논산(부여)
2025-04-23,14.8,19.3,11.7,17.6,무안(목포)
2025-04-23,18.2,23.3,13.6,19.7,상주
2025-04-23,12.3,16.9,9.3,18.4,신안
2025-04-23,15.6,18.7,13.4,21.5,제주
2025-04-23,17.6,23.2,14.1,21.0,창녕(밀양)
2025-04-23,8.3,13.2,4.4,12.6,평창
2025-04-23,16.1,24.0,8.6,18.0,포천(동두천)
2025-04-23,14.5,19.0,10.5,18.4,해남
2025-04-24,13.6,21.0,7.2,18.3,논산(부여)
2025-04-24,13.7,17.7,10.8,18.1,무안(목포)
2025-04-24,16.9,24.8,11.1,20.5,상주
2025-04-24,12.2,19.3,8.9,17.8,신안
2025-04-24,16.1,19.9,12.5,23.1,제주
2025-04-24,19.5,27.6,13.1,25.5,창녕(밀양)
2025-04-24,11.9,18.5,6.2,12.7,평창
2025-04-24,14.2,21.2,9.0,16.7,포천(동두천)
2025-04-24,15.3,20.5,10.3,22.7,해남
2025-04-25,10.6,19.5,2.7,16.4,논산(부여)
2025-04-25,12.5,16.8,9.4,15.6,무안(목포)
2025-04-25,13.5,19.7,7.9,16.9,상주
2025-04-25,11.4,16.2,8.8,16.3,신안
2025-04-25,14.5,19.0,11.8,21.5,제주
2025-04-25,15.7,22.6,9.0,20.7,창녕(밀양)
2025-04-25,8.2,14.0,3.5,9.0,평창
2025-04-25,12.3,19.3,4.8,14.0,포천(동두천)
2025-04-25,12.8,19.3,5.4,18.7,해남
2025-04-26,12.1,22.1,2.0,17.4,논산(부여)
2025-04-26,14.0,20.1,7.8,17.0,무안(목포)
2025-04-26,15.8,24.1,6.6,18.9,상주
2025-04-26,13.0,18.9,9.2,17.6,신안
2025-04-26,15.7,20.2,10.6,22.4,제주
2025-04-26,15.3,25.9,4.8,19.5,창녕(밀양)
2025-04-26,11.0,17.2,2.8,11.2,평창
2025-04-26,13.4,21.7,4.3,16.1,포천(동두천)
2025-04-26,12.4,22.1,2.0,20.8,해남
2025-04-27,14.6,24.2,5.4,18.0,논산(부여)
2025-04-27,16.3,24.3,10.8,18.3,무안(목포)
2025-04-27,17.3,26.3,6.6,17.3,상주
2025-04-27,14.0,20.8,10.1,17.1,신안
2025-04-27,16.6,21.0,12.8,21.4,제주
2025-04-27,17.7,27.6,7.5,22.3,창녕(밀양)
2025-04-27,13.5,17.7,9.2,12.0,평창
2025-04-27,14.1,20.3,8.6,15.6,포천(동두천)
2025-04-27,15.4,25.9,5.9,20.3,해남
2025-04-28,13.0,22.3,6.0,19.7,논산(부여)
2025-04-28,14.1,17.3,10.0,18.7,무안(목포)
2025-04-28,16.5,22.6,11.2,21.3,상주
2025-04-28,12.5,15.9,9.4,18.2,신안
2025-04-28,15.5,19.5,12.2,21.7,제주
2025-04-28,18.4,27.4,12.2,22.5,창녕(밀양)
2025-04-28,9.2,16.5,-0.3,12.5,평창
2025-04-28,14.0,21.8,6.6,18.0,포천(동두천)
2025-04-28,15.1,20.1,8.1,22.4,해남
2025-04-29,12.1,21.1,3.2,19.1,논산(부여)
2025-04-29,13.8,19.2,9.1,18.0,무안(목포)
2025-04-29,14.6,22.8,4.8,20.9,상주
2025-04-29,13.2,19.2,8.7,20.1,신안
2025-04-29,14.5,17.9,9.7,21.7,제주
2025-04-29,15.3,24.5,7.2,20.2,창녕(밀양)
2025-04-29,9.1,17.7,-3.3,13.0,평창
2025-04-29,13.3,22.2,4.0,17.7,포천(동두천)
2025-04-29,12.1,21.2,2.9,20.9,해남
2025-04-30,15.6,27.1,4.6,21.6,논산(부여)
2025-04-30,17.1,23.3,11.4,20.2,무안(목포)
2025-04-30,18.5,29.1,6.3,23.1,상주
2025-04-30,15.0,21.3,10.7,21.4,신안
2025-04-30,16.5,20.5,12.3,23.6,제주
2025-04-30,17.3,28.0,7.8,21.0,창녕(밀양)
2025-04-30,14.7,23.8,7.5,16.6,평창
2025-04-30,16.9,26.6,6.3,20.2,포천(동두천)
2025-04-30,15.7,24.8,4.5,23.3,해남
2025-05-01,13.3,21.7,8.0,15.5,논산(부여)
2025-05-01,15.0,20.3,10.3,16.2,무안(목포)
2025-05-01,14.5,22.4,8.5,17.4,상주
2025-05-01,13.4,18.1,10.2,16.2,신안
2025-05-01,16.9,22.6,13.9,19.7,제주
2025-05-01,16.0,23.6,8.8,16.4,창녕(밀양)
2025-05-01,12.2,19.5,5.9,11.0,평창
2025-05-01,12.4,17.1,9.8,13.2,포천(동두천)
2025-05-01,15.8,20.2,11.7,16.9,해남
2025-05-02,12.2,19.9,4.7,15.4,논산(부여)
2025-05-02,13.2,16.9,9.5,15.5,무안(목포)
2025-05-02,14.1,20.0,8.6,18.2,상주
2025-05-02,13.1,17.6,9.9,20.3,신안
2025-05-02,15.3,18.9,11.4,20.0,제주
2025-05-02,16.4,23.8,8.6,21.0,창녕(밀양)
2025-05-02,9.2,14.4,4.5,11.2,평창
2025-05-02,13.1,20.2,6.6,15.5,포천(동두천)
2025-05-02,12.8,18.5,6.5,19.2,해남
2025-05-03,10.0,15.2,6.3,13.0,논산(부여)
2025-05-03,12.6,16.7,9.8,13.4,무안(목포)
2025-05-03,10.3,13.6,8.3,12.9,상주
2025-05-03,11.9,17.5,9.6,16.0,신안
2025-05-03,16.8,24.9,12.2,18.4,제주
2025-05-03,12.1,15.7,8.4,11.3,창녕(밀양)
2025-05-03,6.2,8.5,4.0,7.6,평창
2025-05-03,10.0,14.3,8.0,12.6,포천(동두천)
2025-05-03,13.5,18.5,8.2,14.4,해남
2025-05-04,12.5,21.0,5.5,16.2,논산(부여)
2025-05-04,14.0,19.2,9.4,17.1,무안(목포)
2025-05-04,14.6,21.9,8.0,16.5,상주
2025-05-04,14.0,19.4,9.8,20.3,신안
2025-05-04,14.9,18.9,10.6,22.6,제주
2025-05-04,14.5,24.1,5.3,17.7,창녕(밀양)
2025-05-04,9.6,15.4,3.3,10.3,평창
2025-05-04,12.9,20.9,5.8,15.7,포천(동두천)
2025-05-04,12.8,20.8,4.8,20.7,해남
2025-05-05,10.8,16.8,4.1,13.3,논산(부여)
2025-05-05,12.5,16.2,9.5,13.6,무안(목포)
2025-05-05,10.6,15.7,4.5,13.4,상주
2025-05-05,11.3,14.8,9.5,10.7,신안
2025-05-05,15.4,21.1,11.5,15.7,제주
2025-05-05,14.2,21.7,5.9,17.4,창녕(밀양)
2025-05-05,6.1,14.2,-1.2,9.5,평창
2025-05-05,10.3,14.0,6.6,12.6,포천(동두천)
2025-05-05,11.6,18.9,3.9,15.1,해남
2025-05-06,13.0,18.5,7.9,14.8,논산(부여)
2025-05-06,12.3,15.2,10.2,13.6,무안(목포)
2025-05-06,11.6,14.6,8.1,13.4,상주
2025-05-06,12.3,17.1,9.7,16.9,신안
2025-05-06,13.8,15.4,11.7,15.4,제주
2025-05-06,12.9,16.6,9.6,14.1,창녕(밀양)
2025-05-06,5.8,11.9,0.5,9.3,평창
2025-05-06,13.2,21.2,4.6,16.2,포천(동두천)
2025-05-06,12.1,15.9,8.1,13.4,해남
2025-05-07,13.0,21.5,4.9,17.8,논산(부여)
2025-05-07,13.7,19.0,8.9,16.5,무안(목포)
2025-05-07,15.0,23.6,5.8,18.9,상주
2025-05-07,12.9,17.7,9.6,20.1,신안
2025-05-07,14.3,18.4,10.2,19.7,제주
2025-05-07,14.7,23.4,8.6,18.6,창녕(밀양)
2025-05-07,7.6,16.8,-1.9,11.5,평창
2025-05-07,14.4,22.7,7.0,18.3,포천(동두천)
2025-05-07,13.0,21.2,4.8,17.6,해남
2025-05-08,16.1,24.9,6.6,20.5,논산(부여)
2025-05-08,16.6,22.6,9.2,18.9,무안(목포)
2025-05-08,17.7,25.1,8.6,21.2,상주
2025-05-08,14.9,21.0,9.9,19.4,신안
2025-05-08,18.1,24.4,11.7,22.5,제주
2025-05-08,17.2,24.6,9.2,21.8,창녕(밀양)
2025-05-08,12.3,21.7,0.1,15.2,평창
2025-05-08,16.2,24.8,7.1,19.8,포천(동두천)
2025-05-08,15.3,21.7,4.8,20.9,해남
2025-05-09,15.0,17.2,13.0,16.5,논산(부여)
2025-05-09,15.3,17.1,12.9,15.5,무안(목포)
2025-05-09,13.6,17.3,11.3,15.6,상주
2025-05-09,13.9,17.8,12.3,14.1,신안
2025-05-09,18.6,23.1,14.9,18.9,제주
2025-05-09,15.4,17.1,13.0,15.8,창녕(밀양)
2025-05-09,10.2,13.0,8.6,11.6,평창
2025-05-09,13.4,15.6,12.8,15.3,포천(동두천)
2025-05-09,16.0,17.8,13.9,15.8,해남
2025-05-10,12.4,15.4,12.0,14.3,논산(부여)
2025-05-10,13.2,14.2,12.2,13.9,무안(목포)
2025-05-10,13.8,16.2,11.8,15.4,상주
2025-05-10,13.3,16.3,11.7,16.1,신안
2025-05-10,14.9,18.0,13.5,17.0,제주
2025-05-10,17.0,20.8,14.9,17.9,창녕(밀양)
2025-05-10,9.4,11.6,8.1,11.4,평창
2025-05-10,12.3,13.2,11.6,14.5,포천(동두천)
2025-05-10,13.5,15.8,11.9,16.1,해남
2025-05-11,14.3,20.2,9.3,18.2,논산(부여)
2025-05-11,14.9,18.7,12.1,17.2,무안(목포)
2025-05-11,15.1,22.0,10.6,17.8,상주
2025-05-11,15.7,22.0,12.1,20.8,신안
2025-05-11,16.6,21.1,13.9,19.8,제주
2025-05-11,15.1,23.0,10.4,19.2,창녕(밀양)
2025-05-11,10.0,14.6,6.8,12.2,평창
2025-05-11,14.1,20.9,10.7,18.0,포천(동두천)
2025-05-11,13.9,20.7,9.4,16.6,해남
2025-05-12,16.4,24.0,8.8,20.4,논산(부여)
2025-05-12,16.9,22.4,11.8,19.1,무안(목포)
2025-05-12,17.7,25.3,10.9,19.9,상주
2025-05-12,14.6,19.4,11.4,19.2,신안
2025-05-12,17.8,22.0,12.3,23.3,제주
2025-05-12,16.6,26.6,8.3,21.5,창녕(밀양)
2025-05-12,13.1,19.9,6.8,14.4,평창
2025-05-12,15.7,23.4,8.0,18.9,포천(동두천)
2025-05-12,15.6,22.8,7.9,22.4,해남
2025-05-13,17.8,26.7,9.1,21.0,논산(부여)
2025-05-13,19.1,24.7,14.2,20.5,무안(목포)
2025-05-13,18.0,28.2,8.4,20.3,상주
2025-05-13,15.3,20.9,12.3,22.1,신안
2025-05-13,17.6,21.5,13.2,24.1,제주
2025-05-13,18.4,28.1,9.0,21.9,창녕(밀양)
2025-05-13,15.2,22.1,7.1,12.1,평창
2025-05-13,18.1,26.1,10.5,18.2,포천(동두천)
2025-05-13,17.4,24.9,8.4,23.5,해남
2025-05-14,19.4,26.9,9.3,22.1,논산(부여)
2025-05-14,19.7,24.0,14.4,21.2,무안(목포)
2025-05-14,20.2,28.6,10.1,23.7,상주
2025-05-14,16.7,20.7,12.8,20.7,신안
2025-05-14,20.0,24.3,15.4,24.5,제주
2025-05-14,19.4,27.2,11.4,24.3,창녕(밀양)
2025-05-14,17.6,24.4,8.8,16.9,평창
2025-05-14,19.3,26.7,9.8,21.3,포천(동두천)
2025-05-14,18.2,23.1,10.5,22.7,해남
2025-05-15,19.1,20.9,17.3,20.8,논산(부여)
2025-05-15,19.7,20.5,18.9,19.7,무안(목포)
2025-05-15,20.2,24.7,15.6,20.8,상주
2025-05-15,16.1,17.4,14.1,18.4,신안
2025-05-15,21.6,25.8,19.1,25.5,제주
2025-05-15,20.2,22.4,16.3,20.9,창녕(밀양)
2025-05-15,16.3,19.3,14.8,15.8,평창
2025-05-15,18.4,23.4,16.0,20.7,포천(동두천)
2025-05-15,19.6,21.1,18.9,20.4,해남
2025-05-16,19.8,24.1,17.2,20.5,논산(부여)
2025-05-16,19.3,22.3,16.3,19.7,무안(목포)
2025-05-16,19.1,22.5,16.8,20.3,상주
2025-05-16,16.4,18.5,14.1,16.9,신안
2025-05-16,21.6,23.2,19.3,20.9,제주
2025-05-16,20.0,23.1,17.4,21.5,창녕(밀양)
2025-05-16,17.3,21.6,13.3,17.5,평창
2025-05-16,18.3,22.0,16.6,19.6,포천(동두천)
2025-05-16,19.3,21.5,16.1,20.1,해남
2025-05-17,18.6,24.7,14.4,23.0,논산(부여)
2025-05-17,17.1,20.9,14.7,20.8,무안(목포)
2025-05-17,20.9,26.8,16.1,24.2,상주
2025-05-17,15.7,18.9,12.7,22.0,신안
2025-05-17,19.0,21.9,16.0,23.6,제주
2025-05-17,22.0,28.5,17.2,29.5,창녕(밀양)
2025-05-17,16.3,22.5,11.3,19.3,평창
2025-05-17,17.3,24.1,12.6,20.4,포천(동두천)
2025-05-17,17.8,22.3,15.1,22.0,해남
2025-05-18,15.7,23.1,10.2,20.0,논산(부여)
2025-05-18,15.6,20.0,12.4,19.3,무안(목포)
2025-05-18,16.4,21.7,11.8,19.8,상주
2025-05-18,13.4,17.2,10.9,20.1,신안
2025-05-18,16.2,19.1,14.6,23.3,제주
2025-05-18,19.5,26.4,14.2,25.7,창녕(밀양)
2025-05-18,12.4,18.1,6.0,15.3,평창
2025-05-18,15.0,21.4,10.1,19.7,포천(동두천)
2025-05-18,16.7,22.4,12.8,22.4,해남
2025-05-19,17.7,22.0,10.2,19.5,논산(부여)
2025-05-19,18.9,23.9,14.0,20.6,무안(목포)
2025-05-19,18.8,26.2,7.8,24.5,상주
2025-05-19,15.0,19.3,11.8,18.3,신안
2025-05-19,19.5,24.6,13.4,26.9,제주
2025-05-19,20.3,27.1,12.1,26.2,창녕(밀양)
2025-05-19,13.4,19.3,1.9,15.8,평창
2025-05-19,14.9,21.1,7.8,16.8,포천(동두천)
2025-05-19,18.9,23.9,13.1,20.8,해남
2025-05-20,23.8,29.3,17.8,24.7,논산(부여)
2025-05-20,21.8,25.4,18.3,22.5,무안(목포)
2025-05-20,25.9,32.9,17.7,32.4,상주
2025-05-20,16.8,19.3,13.8,18.5,신안
2025-05-20,21.2,26.3,18.2,29.3,제주
2025-05-20,24.2,30.3,17.8,28.8,창녕(밀양)
2025-05-20,19.7,24.5,15.8,20.4,평창
2025-05-20,20.1,24.7,16.5,20.8,포천(동두천)
2025-05-20,22.3,26.5,18.9,23.7,해남
2025-05-21,24.4,31.1,19.3,26.2,논산(부여)
2025-05-21,22.4,25.2,19.6,23.0,무안(목포)
2025-05-21,24.8,29.2,19.6,31.2,상주
2025-05-21,17.8,21.9,15.9,20.8,신안
2025-05-21,20.3,24.3,17.4,22.4,제주
2025-05-21,24.8,29.4,20.2,28.7,창녕(밀양)
2025-05-21,17.1,23.7,9.6,20.8,평창
2025-05-21,24.1,29.6,21.1,25.9,포천(동두천)
2025-05-21,22.1,24.2,20.0,23.0,해남
2025-05-22,21.1,23.4,18.2,23.2,논산(부여)
2025-05-22,18.8,21.6,17.2,21.9,무안(목포)
2025-05-22,19.3,25.5,15.0,22.6,상주
2025-05-22,16.5,19.8,14.5,20.8,신안
2025-05-22,20.5,24.4,17.9,23.5,제주
2025-05-22,19.7,24.1,17.1,22.9,창녕(밀양)
2025-05-22,10.5,16.2,5.3,15.6,평창
2025-05-22,21.8,28.1,17.2,26.1,포천(동두천)
2025-05-22,20.2,26.4,16.8,23.0,해남
2025-05-23,19.1,24.3,16.4,21.6,논산(부여)
2025-05-23,18.7,20.6,16.7,19.7,무안(목포)
2025-05-23,17.8,23.4,13.1,22.4,상주
2025-05-23,14.6,15.9,13.7,15.9,신안
2025-05-23,18.0,19.9,17.3,18.9,제주
2025-05-23,19.1,23.5,15.0,23.1,창녕(밀양)
2025-05-23,9.1,13.0,3.2,12.2,평창
2025-05-23,17.3,21.9,14.6,19.4,포천(동두천)
2025-05-23,18.1,19.8,16.5,19.5,해남
2025-05-24,16.0,18.1,14.0,19.5,논산(부여)
2025-05-24,16.8,19.1,14.3,18.4,무안(목포)
2025-05-24,14.4,18.2,12.0,17.9,상주
2025-05-24,14.5,17.1,12.8,17.1,신안
2025-05-24,15.5,18.0,14.1,17.3,제주
2025-05-24,15.3,17.6,13.5,15.7,창녕(밀양)
2025-05-24,7.2,8.1,6.6,9.8,평창
2025-05-24,15.0,18.8,11.1,17.9,포천(동두천)
2025-05-24,17.1,21.8,13.4,20.2,해남
2025-05-25,16.5,24.0,9.6,23.2,논산(부여)
2025-05-25,16.4,20.6,12.7,21.2,무안(목포)
2025-05-25,17.2,24.7,11.1,22.6,상주
2025-05-25,15.9,19.9,12.4,22.2,신안
2025-05-25,17.0,20.7,14.4,22.4,제주
2025-05-25,17.5,26.1,12.9,22.0,창녕(밀양)
2025-05-25,10.7,19.0,2.8,15.0,평창
2025-05-25,15.9,23.4,8.6,20.8,포천(동두천)
2025-05-25,17.0,23.4,10.8,25.8,해남
2025-05-26,17.9,25.8,11.1,25.1,논산(부여)
2025-05-26,18.4,22.8,13.9,22.7,무안(목포)
2025-05-26,19.4,26.7,11.3,24.9,상주
2025-05-26,19.2,24.4,13.3,25.0,신안
2025-05-26,19.0,23.1,15.0,25.5,제주
2025-05-26,19.1,27.1,11.5,24.9,창녕(밀양)
2025-05-26,12.6,21.5,4.4,16.9,평창
2025-05-26,18.1,26.2,9.8,23.4,포천(동두천)
2025-05-26,17.9,24.7,11.5,25.4,해남
2025-05-27,18.4,26.3,11.4,25.0,논산(부여)
2025-05-27,19.0,24.0,14.4,22.9,무안(목포)
2025-05-27,20.1,27.8,11.3,26.6,상주
2025-05-27,19.7,23.7,15.5,25.1,신안
2025-05-27,19.8,24.2,15.4,27.2,제주
2025-05-27,19.7,28.6,11.9,24.8,창녕(밀양)
2025-05-27,13.2,20.2,5.5,16.8,평창
2025-05-27,19.3,26.8,11.8,24.7,포천(동두천)
2025-05-27,18.6,26.3,11.0,25.9,해남
2025-05-28,19.6,27.6,13.4,23.7,논산(부여)
2025-05-28,19.9,26.9,14.4,23.9,무안(목포)
2025-05-28,20.2,28.7,13.5,26.5,상주
2025-05-28,19.2,24.6,15.1,25.6,신안
2025-05-28,20.1,23.7,16.7,26.8,제주
2025-05-28,19.8,28.7,13.6,24.9,창녕(밀양)
2025-05-28,13.0,20.5,7.8,15.7,평창
2025-05-28,19.5,26.7,14.0,25.2,포천(동두천)
2025-05-28,19.4,29.1,11.2,26.1,해남
2025-05-29,20.0,28.0,12.7,25.3,논산(부여)
2025-05-29,19.8,24.4,15.8,24.2,무안(목포)
2025-05-29,18.2,27.1,12.6,23.2,상주
2025-05-29,18.3,23.4,15.6,25.0,신안
2025-05-29,19.3,23.6,16.4,28.3,제주
2025-05-29,19.0,29.0,13.8,24.6,창녕(밀양)
2025-05-29,12.5,19.5,4.6,19.0,평창
2025-05-29,20.2,27.6,12.5,27.1,포천(동두천)
2025-05-29,19.8,27.8,13.1,27.7,해남
2025-05-30,19.6,27.2,12.1,24.7,논산(부여)
2025-05-30,19.0,23.3,15.1,23.3,무안(목포)
2025-05-30,18.0,24.7,13.6,21.6,상주
2025-05-30,18.3,22.4,15.3,23.6,신안
2025-05-30,19.4,23.2,16.4,28.7,제주
2025-05-30,19.8,27.2,13.1,25.7,창녕(밀양)
2025-05-30,9.9,17.5,0.1,15.2,평창
2025-05-30,20.4,27.8,13.4,26.9,포천(동두천)
2025-05-30,19.1,25.8,12.5,26.6,해남
2025-05-31,18.6,25.6,11.5,23.8,논산(부여)
2025-05-31,18.5,23.1,15.3,23.6,무안(목포)
2025-05-31,19.6,27.3,10.5,27.8,상주
2025-05-31,17.3,22.0,13.9,21.7,신안
2025-05-31,18.6,22.2,15.9,25.6,제주
2025-05-31,20.3,28.5,11.9,25.5,창녕(밀양)
2025-05-31,12.1,22.1,0.8,15.8,평창
2025-05-31,19.6,26.5,11.7,25.8,포천(동두천)
2025-05-31,18.4,24.6,13.3,25.4,해남
2025-06-01,20.8,29.1,12.5,27.4,논산(부여)
2025-06-01,19.9,26.0,15.2,25.1,무안(목포)
2025-06-01,22.8,30.6,14.1,29.6,상주
2025-06-01,18.6,23.6,14.7,23.9,신안
2025-06-01,20.1,23.5,16.1,30.0,제주
2025-06-01,22.2,31.0,13.4,28.0,창녕(밀양)
2025-06-01,16.2,25.1,5.0,20.3,평창
2025-06-01,21.3,29.4,13.6,29.5,포천(동두천)
2025-06-01,19.9,28.5,13.0,28.1,해남
2025-06-02,19.6,23.3,16.5,23.8,논산(부여)
2025-06-02,17.6,19.3,16.2,19.9,무안(목포)
2025-06-02,20.3,24.2,17.2,23.1,상주
2025-06-02,15.6,17.7,14.4,16.3,신안
2025-06-02,18.6,20.0,16.7,20.4,제주
2025-06-02,19.7,23.4,17.4,22.1,창녕(밀양)
2025-06-02,15.2,19.0,11.8,16.8,평창
2025-06-02,18.7,21.3,16.6,21.3,포천(동두천)
2025-06-02,17.3,19.3,16.2,19.4,해남
2025-06-03,19.7,26.0,13.5,26.8,논산(부여)
2025-06-03,18.7,21.5,16.2,23.1,무안(목포)
2025-06-03,21.6,27.9,17.6,27.5,상주
2025-06-03,18.1,21.3,14.9,22.7,신안
2025-06-03,19.1,22.4,16.5,25.1,제주
2025-06-03,22.8,29.8,17.0,28.2,창녕(밀양)
2025-06-03,16.2,21.9,12.6,18.5,평창
2025-06-03,19.8,26.1,14.1,28.3,포천(동두천)
2025-06-03,19.3,24.1,15.9,26.4,해남
2025-06-04,19.5,27.3,12.4,26.8,논산(부여)
2025-06-04,19.9,25.1,14.9,24.5,무안(목포)
2025-06-04,21.6,28.1,16.0,29.1,상주
2025-06-04,20.0,24.9,15.6,24.5,신안
2025-06-04,21.8,27.9,16.0,26.1,제주
2025-06-04,22.0,30.4,12.1,26.3,창녕(밀양)
2025-06-04,15.0,20.8,8.1,17.0,평창
2025-06-04,18.8,26.2,11.8,25.2,포천(동두천)
2025-06-04,19.5,26.6,12.1,27.2,해남
2025-06-05,19.2,27.4,10.5,26.9,논산(부여)
2025-06-05,21.1,26.6,15.1,24.5,무안(목포)
2025-06-05,21.9,28.5,14.1,31.4,상주
2025-06-05,19.6,24.0,15.6,25.1,신안
2025-06-05,21.2,25.0,16.9,29.0,제주
2025-06-05,22.7,31.1,13.2,27.9,창녕(밀양)
2025-06-05,17.2,23.3,9.2,20.0,평창
2025-06-05,19.9,27.4,11.6,28.1,포천(동두천)
2025-06-05,19.8,28.1,11.8,26.0,해남
2025-06-06,21.5,29.8,14.9,26.2,논산(부여)
2025-06-06,21.7,24.8,18.6,22.7,무안(목포)
2025-06-06,22.5,31.6,15.5,29.6,상주
2025-06-06,18.5,21.9,16.6,21.4,신안
2025-06-06,22.6,26.5,19.4,26.8,제주
2025-06-06,21.7,29.8,15.8,24.3,창녕(밀양)
2025-06-06,20.0,26.2,13.7,22.2,평창
2025-06-06,22.1,29.7,14.3,30.1,포천(동두천)
2025-06-06,21.0,27.0,15.2,24.3,해남
2025-06-07,22.5,30.0,13.8,30.1,논산(부여)
2025-06-07,23.1,27.9,17.7,27.6,무안(목포)
2025-06-07,24.0,32.2,14.6,30.5,상주
2025-06-07,20.1,24.2,17.0,24.9,신안
2025-06-07,22.4,25.2,20.2,26.6,제주
2025-06-07,23.2,31.5,14.7,29.2,창녕(밀양)
2025-06-07,19.9,25.7,16.0,24.2,평창
2025-06-07,21.3,27.5,16.1,26.7,포천(동두천)
2025-06-07,22.7,29.3,14.7,30.8,해남
2025-06-08,24.7,30.0,20.4,31.8,논산(부여)
2025-06-08,23.5,28.7,20.1,29.3,무안(목포)
2025-06-08,26.0,31.0,20.1,34.5,상주
2025-06-08,20.5,26.6,17.6,25.2,신안
2025-06-08,21.8,24.1,20.4,23.7,제주
2025-06-08,25.0,31.5,19.1,28.9,창녕(밀양)
2025-06-08,18.4,23.8,13.0,24.4,평창
2025-06-08,23.9,30.2,19.4,31.7,포천(동두천)
2025-06-08,23.4,30.0,19.3,29.5,해남
2025-06-09,24.3,30.8,20.0,31.7,논산(부여)
2025-06-09,23.0,27.1,19.4,27.6,무안(목포)
2025-06-09,26.5,32.2,21.5,35.1,상주
2025-06-09,20.7,26.1,17.9,26.5,신안
2025-06-09,21.9,25.0,19.8,25.7,제주
2025-06-09,24.5,30.7,19.6,28.4,창녕(밀양)
2025-06-09,20.5,28.2,12.6,24.9,평창
2025-06-09,23.4,30.2,19.0,33.6,포천(동두천)
2025-06-09,22.4,28.3,18.1,27.0,해남
2025-06-10,21.9,27.5,17.1,30.4,논산(부여)
2025-06-10,21.5,25.8,18.4,27.6,무안(목포)
2025-06-10,24.9,31.4,21.0,31.9,상주
2025-06-10,19.5,24.3,16.9,23.3,신안
2025-06-10,20.5,22.7,18.7,24.9,제주
2025-06-10,25.9,33.6,18.0,30.0,창녕(밀양)
2025-06-10,19.4,24.4,15.8,22.5,평창
2025-06-10,20.9,26.4,17.6,29.4,포천(동두천)
2025-06-10,22.3,28.3,16.7,27.9,해남
2025-06-11,21.7,30.6,13.5,31.0,논산(부여)
2025-06-11,21.6,26.5,17.3,28.0,무안(목포)
2025-06-11,24.2,31.0,17.5,33.8,상주
2025-06-11,20.0,23.7,15.8,27.1,신안
2025-06-11,21.6,24.5,18.9,31.7,제주
2025-06-11,26.0,33.0,20.0,30.7,창녕(밀양)
2025-06-11,17.5,25.0,11.8,24.7,평창
2025-06-11,21.5,29.1,13.0,31.7,포천(동두천)
2025-06-11,22.9,29.2,17.6,34.0,해남
2025-06-12,23.4,31.9,14.7,32.5,논산(부여)
2025-06-12,23.0,28.4,19.4,31.3,무안(목포)
2025-06-12,24.3,31.6,17.5,32.6,상주
2025-06-12,20.7,26.6,17.2,28.0,신안
2025-06-12,20.9,22.7,20.0,22.6,제주
2025-06-12,23.8,30.2,19.0,26.3,창녕(밀양)
2025-06-12,17.4,23.8,8.8,26.6,평창
2025-06-12,24.1,32.4,15.0,34.3,포천(동두천)
2025-06-12,21.8,27.2,17.8,27.5,해남
2025-06-13,20.3,24.4,17.2,23.4,논산(부여)
2025-06-13,20.7,22.9,18.6,22.1,무안(목포)
2025-06-13,19.8,24.7,16.6,24.8,상주
2025-06-13,18.2,20.1,16.2,18.5,신안
2025-06-13,23.5,28.1,19.7,28.1,제주
2025-06-13,20.6,24.0,16.8,22.3,창녕(밀양)
2025-06-13,19.0,27.5,11.3,24.5,평창
2025-06-13,23.0,29.2,17.8,30.2,포천(동두천)
2025-06-13,21.0,22.8,18.4,22.3,해남
2025-06-14,23.5,29.3,19.7,25.2,논산(부여)
2025-06-14,22.5,26.3,19.9,24.1,무안(목포)
2025-06-14,22.3,29.1,16.7,23.9,상주
2025-06-14,20.3,22.4,18.8,25.0,신안
2025-06-14,24.1,28.5,20.7,25.6,제주
2025-06-14,22.7,27.4,19.6,24.2,창녕(밀양)
2025-06-14,18.7,25.4,14.5,22.9,평창
2025-06-14,25.0,32.4,19.2,33.7,포천(동두천)
2025-06-14,23.4,26.7,20.5,23.9,해남
2025-06-15,24.8,31.6,18.6,27.9,논산(부여)
2025-06-15,23.1,27.5,19.3,27.8,무안(목포)
2025-06-15,26.9,32.0,21.2,32.7,상주
2025-06-15,19.5,22.4,16.9,21.5,신안
2025-06-15,22.9,26.7,20.2,26.3,제주
2025-06-15,25.8,31.5,22.2,29.2,창녕(밀양)
2025-06-15,21.5,28.6,13.0,23.8,평창
2025-06-15,24.9,32.1,20.2,32.8,포천(동두천)
2025-06-15,24.0,29.6,19.1,26.0,해남
2025-06-16,23.3,26.0,21.7,25.5,논산(부여)
2025-06-16,22.9,25.8,20.7,25.3,무안(목포)
2025-06-16,24.4,29.7,22.1,26.8,상주
2025-06-16,21.4,26.3,17.3,23.9,신안
2025-06-16,24.4,28.6,21.5,24.5,제주
2025-06-16,24.4,27.5,22.4,23.9,창녕(밀양)
2025-06-16,20.3,23.8,18.2,21.3,평창
2025-06-16,22.2,27.0,20.7,24.2,포천(동두천)
2025-06-16,22.7,26.0,21.3,24.2,해남
2025-06-17,23.8,29.6,20.2,26.3,논산(부여)
2025-06-17,23.4,27.5,20.7,25.8,무안(목포)
2025-06-17,24.6,30.0,20.1,27.0,상주
2025-06-17,20.7,24.6,17.3,26.1,신안
2025-06-17,25.5,33.0,21.0,28.4,제주
2025-06-17,25.0,29.9,21.2,28.1,창녕(밀양)
2025-06-17,19.1,24.4,14.6,20.5,평창
2025-06-17,23.6,29.4,19.6,27.4,포천(동두천)
2025-06-17,23.6,27.3,19.5,25.7,해남
2025-06-18,24.1,31.0,19.8,27.5,논산(부여)
2025-06-18,23.9,29.8,19.2,29.3,무안(목포)
2025-06-18,25.8,31.4,21.0,30.3,상주
2025-06-18,20.2,24.0,18.1,25.4,신안
2025-06-18,22.2,25.6,19.2,30.0,제주
2025-06-18,26.4,33.3,20.7,32.5,창녕(밀양)
2025-06-18,20.8,27.2,14.1,23.2,평창
2025-06-18,23.7,30.1,18.3,27.3,포천(동두천)
2025-06-18,23.2,30.5,16.9,27.7,해남
2025-06-19,25.2,31.5,17.9,26.6,논산(부여)
2025-06-19,25.0,29.7,20.4,29.1,무안(목포)
2025-06-19,25.9,32.5,19.2,31.5,상주
2025-06-19,21.0,23.9,18.9,23.2,신안
2025-06-19,25.9,30.8,18.9,32.9,제주
2025-06-19,26.8,33.6,19.8,30.2,창녕(밀양)
2025-06-19,24.0,31.8,16.5,27.4,평창
2025-06-19,25.8,32.7,18.1,29.6,포천(동두천)
2025-06-19,23.8,28.2,18.6,27.4,해남
2025-06-20,24.5,26.2,23.2,25.2,논산(부여)
2025-06-20,25.0,26.8,23.8,24.8,무안(목포)
2025-06-20,24.2,26.0,23.0,25.7,상주
2025-06-20,20.3,23.0,18.9,20.9,신안
2025-06-20,28.1,30.7,24.6,29.5,제주
2025-06-20,26.7,29.0,25.1,28.4,창녕(밀양)
2025-06-20,21.6,23.2,19.5,21.2,평창
2025-06-20,22.7,26.6,21.2,23.7,포천(동두천)
2025-06-20,25.8,29.6,23.7,25.6,해남
2025-06-21,20.9,24.3,18.1,23.2,논산(부여)
2025-06-21,22.0,25.1,18.3,22.6,무안(목포)
2025-06-21,21.1,24.2,17.3,23.7,상주
2025-06-21,20.0,23.8,15.9,21.0,신안
2025-06-21,28.0,31.9,24.9,30.9,제주
2025-06-21,24.4,26.6,20.0,24.2,창녕(밀양)
2025-06-21,18.8,20.4,16.7,19.8,평창
2025-06-21,21.5,23.7,19.6,23.8,포천(동두천)
2025-06-21,22.8,25.1,19.5,24.0,해남
2025-06-22,21.9,28.8,17.3,26.3,논산(부여)
2025-06-22,21.4,24.5,18.8,24.9,무안(목포)
2025-06-22,22.7,29.3,17.5,26.9,상주
2025-06-22,20.3,23.6,17.8,29.7,신안
2025-06-22,22.6,25.4,21.0,24.5,제주
2025-06-22,22.6,29.0,18.0,25.5,창녕(밀양)
2025-06-22,18.9,25.3,13.6,21.2,평창
2025-06-22,22.3,28.7,16.7,26.7,포천(동두천)
2025-06-22,22.4,27.0,18.9,25.2,해남
2025-06-23,23.9,31.4,16.0,27.3,논산(부여)
2025-06-23,23.7,29.0,18.2,26.0,무안(목포)
2025-06-23,24.8,30.8,18.7,29.6,상주
2025-06-23,20.6,25.2,17.2,26.6,신안
2025-06-23,23.7,27.6,19.5,28.6,제주
2025-06-23,24.7,32.5,17.6,29.7,창녕(밀양)
2025-06-23,18.6,25.8,11.6,23.3,평창
2025-06-23,24.0,31.7,16.7,28.1,포천(동두천)
2025-06-23,23.2,30.8,16.6,26.6,해남
2025-06-24,21.5,26.2,19.3,23.7,논산(부여)
2025-06-24,21.4,23.3,19.5,22.4,무안(목포)
2025-06-24,20.1,25.4,17.1,23.5,상주
2025-06-24,18.9,21.3,16.8,18.8,신안
2025-06-24,23.6,26.1,21.1,27.0,제주
2025-06-24,20.6,22.8,17.3,22.1,창녕(밀양)
2025-06-24,16.9,22.5,9.1,20.5,평창
2025-06-24,22.5,26.8,18.7,24.5,포천(동두천)
2025-06-24,21.8,24.1,19.7,23.3,해남
2025-06-25,20.9,22.7,19.2,22.7,논산(부여)
2025-06-25,21.4,24.8,18.7,25.4,무안(목포)
2025-06-25,21.1,25.4,17.3,24.0,상주
2025-06-25,21.2,25.5,18.5,26.8,신안
2025-06-25,24.2,28.0,20.9,30.8,제주
2025-06-25,23.7,28.4,20.8,26.6,창녕(밀양)
2025-06-25,16.4,18.2,13.8,19.5,평창
2025-06-25,19.5,21.2,18.0,22.9,포천(동두천)
2025-06-25,22.5,26.2,19.2,26.7,해남
2025-06-26,22.7,27.8,20.0,25.5,논산(부여)
2025-06-26,22.9,27.0,19.3,26.4,무안(목포)
2025-06-26,23.1,27.4,19.8,26.7,상주
2025-06-26,21.4,25.0,18.6,27.4,신안
2025-06-26,24.7,27.8,22.3,33.4,제주
2025-06-26,26.1,33.0,19.4,30.5,창녕(밀양)
2025-06-26,18.9,23.3,15.8,21.8,평창
2025-06-26,21.1,24.3,18.7,24.2,포천(동두천)
2025-06-26,23.2,28.7,17.8,29.5,해남
2025-06-27,25.1,30.3,20.1,28.2,논산(부여)
2025-06-27,25.6,30.8,20.4,27.8,무안(목포)
2025-06-27,25.5,31.2,20.2,31.1,상주
2025-06-27,20.8,23.6,18.3,23.5,신안
2025-06-27,26.1,29.8,22.2,35.5,제주
2025-06-27,28.2,34.7,21.2,32.9,창녕(밀양)
2025-06-27,21.4,27.0,16.5,22.7,평창
2025-06-27,23.5,27.8,20.3,25.9,포천(동두천)
2025-06-27,25.7,30.8,18.7,32.0,해남
2025-06-28,26.7,31.8,23.4,29.6,논산(부여)
2025-06-28,26.8,30.1,24.9,28.6,무안(목포)
2025-06-28,26.6,32.8,22.2,32.0,상주
2025-06-28,22.0,24.5,19.7,25.3,신안
2025-06-28,26.7,29.3,23.7,37.4,제주
2025-06-28,29.8,36.9,23.4,35.3,창녕(밀양)
2025-06-28,21.4,27.7,18.3,22.5,평창
2025-06-28,23.6,24.9,22.2,25.0,포천(동두천)
2025-06-28,26.8,30.6,24.9,30.6,해남
2025-06-29,27.3,31.7,24.0,31.6,논산(부여)
2025-06-29,27.3,30.6,24.7,29.4,무안(목포)
2025-06-29,28.3,34.0,22.6,32.8,상주
2025-06-29,22.5,24.4,20.5,25.0,신안
2025-06-29,26.9,30.6,21.8,38.1,제주
2025-06-29,29.9,36.6,25.1,34.1,창녕(밀양)
2025-06-29,24.3,29.3,20.7,25.8,평창
2025-06-29,25.1,27.8,23.1,26.4,포천(동두천)
2025-06-29,27.3,31.3,24.3,33.9,해남
2025-06-30,27.4,32.7,23.0,31.2,논산(부여)
2025-06-30,28.1,31.7,24.9,30.6,무안(목포)
2025-06-30,29.6,34.4,23.8,34.5,상주
2025-06-30,24.4,29.1,21.3,30.1,신안
2025-06-30,27.3,30.4,24.0,38.6,제주
2025-06-30,29.9,35.6,24.5,35.5,창녕(밀양)
2025-06-30,24.3,28.2,20.6,24.2,평창
2025-06-30,26.5,30.7,23.2,28.3,포천(동두천)
2025-06-30,28.1,33.6,23.2,36.1,해남
2025-07-01,27.5,32.6,22.9,31.6,논산(부여)
2025-07-01,28.6,32.0,25.8,30.4,무안(목포)
2025-07-01,29.1,34.0,24.2,33.6,상주
2025-07-01,24.2,27.4,21.9,29.8,신안
2025-07-01,28.4,31.2,25.7,39.0,제주
2025-07-01,30.3,36.2,24.5,34.5,창녕(밀양)
2025-07-01,24.4,27.8,22.2,24.5,평창
2025-07-01,27.3,31.2,25.2,29.7,포천(동두천)
2025-07-01,28.3,32.9,24.5,35.2,해남
2025-07-02,27.9,32.5,23.8,31.9,논산(부여)
2025-07-02,28.1,31.3,25.7,32.1,무안(목포)
2025-07-02,29.4,34.4,24.2,35.7,상주
2025-07-02,24.0,27.6,21.0,30.2,신안
2025-07-02,28.2,31.1,25.6,39.4,제주
2025-07-02,32.0,38.3,26.7,36.5,창녕(밀양)
2025-07-02,24.0,27.3,22.2,22.9,평창
2025-07-02,27.2,30.6,25.2,29.0,포천(동두천)
2025-07-02,28.3,32.6,24.7,37.0,해남
2025-07-03,27.5,32.1,24.0,32.5,논산(부여)
2025-07-03,27.7,31.0,24.8,32.2,무안(목포)
2025-07-03,28.9,32.9,25.8,35.1,상주
2025-07-03,24.9,30.7,21.7,31.6,신안
2025-07-03,28.1,30.4,25.8,36.8,제주
2025-07-03,30.8,37.1,26.5,35.0,창녕(밀양)
2025-07-03,23.8,26.2,22.5,23.9,평창
2025-07-03,26.8,30.6,24.9,29.6,포천(동두천)
2025-07-03,27.9,31.9,24.4,37.2,해남
2025-07-04,26.8,30.4,24.2,30.3,논산(부여)
2025-07-04,27.4,30.5,24.8,31.6,무안(목포)
2025-07-04,27.9,31.3,23.7,34.3,상주
2025-07-04,24.4,28.3,21.7,30.0,신안
2025-07-04,28.2,31.2,25.4,36.1,제주
2025-07-04,30.0,36.2,24.4,35.4,창녕(밀양)
2025-07-04,21.6,23.3,20.1,21.0,평창
2025-07-04,25.2,26.2,23.5,26.6,포천(동두천)
2025-07-04,27.4,30.8,24.6,34.2,해남
2025-07-05,27.5,31.7,24.4,33.0,논산(부여)
2025-07-05,28.0,31.2,25.9,32.5,무안(목포)
2025-07-05,28.6,33.0,25.0,35.8,상주
2025-07-05,25.4,30.5,23.1,29.0,신안
2025-07-05,29.1,34.1,25.4,38.1,제주
2025-07-05,30.3,37.0,24.5,35.1,창녕(밀양)
2025-07-05,23.0,26.6,20.7,24.9,평창
2025-07-05,26.6,30.4,24.8,28.6,포천(동두천)
2025-07-05,28.1,31.3,25.5,35.9,해남
2025-07-06,27.9,31.7,25.2,31.8,논산(부여)
2025-07-06,28.2,31.2,26.2,33.7,무안(목포)
2025-07-06,28.8,33.0,25.5,34.8,상주
2025-07-06,26.9,31.0,24.2,32.1,신안
2025-07-06,30.1,33.7,25.8,37.9,제주
2025-07-06,30.9,37.5,24.7,35.0,창녕(밀양)
2025-07-06,24.4,29.1,21.1,27.1,평창
2025-07-06,27.0,30.9,24.6,29.1,포천(동두천)
2025-07-06,28.2,32.5,25.2,37.3,해남
2025-07-07,28.8,34.6,24.8,34.3,논산(부여)
2025-07-07,27.9,31.9,25.1,34.4,무안(목포)
2025-07-07,30.8,36.0,25.6,39.2,상주
2025-07-07,26.8,30.8,24.4,33.9,신안
2025-07-07,29.0,31.6,26.2,37.5,제주
2025-07-07,31.6,39.2,25.6,35.6,창녕(밀양)
2025-07-07,24.4,29.5,21.2,29.5,평창
2025-07-07,28.2,32.5,25.0,31.9,포천(동두천)
2025-07-07,28.6,34.2,23.7,36.2,해남
2025-07-08,30.1,36.3,25.8,36.3,논산(부여)
2025-07-08,29.6,34.3,25.7,33.0,무안(목포)
2025-07-08,29.7,34.5,25.0,38.0,상주
2025-07-08,26.7,30.2,24.1,32.4,신안
2025-07-08,28.5,32.4,26.4,36.8,제주
2025-07-08,30.2,35.0,25.2,34.1,창녕(밀양)
2025-07-08,22.0,26.1,19.6,28.3,평창
2025-07-08,30.0,35.3,24.0,35.5,포천(동두천)
2025-07-08,28.8,33.7,24.7,37.0,해남
2025-07-09,30.1,35.9,24.5,36.5,논산(부여)
2025-07-09,29.3,34.7,25.0,34.9,무안(목포)
2025-07-09,29.2,34.9,23.3,38.6,상주
2025-07-09,27.2,31.8,23.7,35.5,신안
2025-07-09,27.3,29.6,25.2,31.8,제주
2025-07-09,29.8,36.5,23.7,33.8,창녕(밀양)
2025-07-09,21.6,26.3,17.7,28.4,평창
2025-07-09,29.6,34.8,24.7,37.1,포천(동두천)
2025-07-09,28.1,34.7,23.1,37.2,해남
2025-07-10,29.5,34.9,22.3,35.7,논산(부여)
2025-07-10,29.0,33.8,25.0,32.7,무안(목포)
2025-07-10,27.6,35.2,21.0,36.2,상주
2025-07-10,27.2,31.3,22.5,35.6,신안
2025-07-10,26.5,28.1,25.1,31.3,제주
2025-07-10,28.9,33.1,25.8,33.9,창녕(밀양)
2025-07-10,19.4,24.8,13.5,27.7,평창
2025-07-10,28.8,34.4,24.2,37.3,포천(동두천)
2025-07-10,28.6,34.2,22.8,36.4,해남
2025-07-11,29.2,34.5,23.8,36.1,논산(부여)
2025-07-11,29.0,34.3,25.7,33.4,무안(목포)
2025-07-11,27.7,34.3,22.0,37.7,상주
2025-07-11,26.8,31.1,23.5,36.0,신안
2025-07-11,25.6,26.2,25.1,27.7,제주
2025-07-11,28.2,32.8,25.2,32.5,창녕(밀양)
2025-07-11,19.4,24.2,15.5,28.0,평창
2025-07-11,27.5,33.7,21.6,36.8,포천(동두천)
2025-07-11,28.7,34.4,24.3,36.9,해남
2025-07-12,27.7,34.5,21.9,35.6,논산(부여)
2025-07-12,27.6,31.8,25.0,34.5,무안(목포)
2025-07-12,26.1,33.3,19.5,36.2,상주
2025-07-12,26.4,30.7,22.7,33.8,신안
2025-07-12,24.8,25.3,24.1,26.1,제주
2025-07-12,29.0,34.8,23.1,33.7,창녕(밀양)
2025-07-12,21.1,28.5,12.8,30.3,평창
2025-07-12,27.4,34.6,21.0,38.0,포천(동두천)
2025-07-12,27.1,33.1,23.7,34.4,해남
2025-07-13,24.2,28.5,21.0,28.3,논산(부여)
2025-07-13,23.8,25.8,21.7,26.5,무안(목포)
2025-07-13,24.7,31.8,19.8,30.9,상주
2025-07-13,24.6,26.8,22.4,25.5,신안
2025-07-13,23.4,24.7,22.6,24.2,제주
2025-07-13,26.6,33.7,22.0,30.8,창녕(밀양)
2025-07-13,21.4,29.9,15.1,26.8,평창
2025-07-13,25.3,30.2,21.3,31.2,포천(동두천)
2025-07-13,23.3,25.6,21.1,25.9,해남
2025-07-14,22.7,29.8,19.8,26.1,논산(부여)
2025-07-14,25.0,27.9,21.5,26.6,무안(목포)
2025-07-14,23.0,30.3,20.2,28.3,상주
2025-07-14,25.2,28.8,22.3,31.1,신안
2025-07-14,26.4,30.3,22.6,28.3,제주
2025-07-14,25.1,32.9,20.4,30.3,창녕(밀양)
2025-07-14,16.8,19.1,15.3,21.2,평창
2025-07-14,21.8,24.5,20.3,25.6,포천(동두천)
2025-07-14,25.0,29.5,21.1,27.9,해남
2025-07-15,23.4,27.4,20.5,25.4,논산(부여)
2025-07-15,25.1,28.7,22.1,27.8,무안(목포)
2025-07-15,22.3,24.5,20.2,25.0,상주
2025-07-15,25.9,30.5,21.5,33.9,신안
2025-07-15,27.3,31.2,24.3,31.8,제주
2025-07-15,24.1,29.3,19.7,26.0,창녕(밀양)
2025-07-15,17.9,21.8,16.0,19.9,평창
2025-07-15,21.8,25.8,20.0,25.6,포천(동두천)
2025-07-15,25.2,29.6,22.0,27.4,해남
2025-07-16,22.5,24.5,21.1,24.0,논산(부여)
2025-07-16,25.5,27.1,23.3,25.8,무안(목포)
2025-07-16,21.8,24.0,19.6,23.8,상주
2025-07-16,23.3,24.5,22.0,23.4,신안
2025-07-16,28.1,30.9,24.7,28.7,제주
2025-07-16,24.0,27.0,22.5,24.6,창녕(밀양)
2025-07-16,19.2,22.0,17.2,20.7,평창
2025-07-16,21.8,24.4,20.5,23.6,포천(동두천)
2025-07-16,25.6,27.7,22.8,26.4,해남
2025-07-17,23.1,25.4,21.2,23.2,논산(부여)
2025-07-17,25.7,27.9,21.2,25.8,무안(목포)
2025-07-17,21.8,23.0,21.2,22.7,상주
2025-07-17,25.2,29.3,20.9,26.7,신안
2025-07-17,30.5,34.0,27.9,32.2,제주
2025-07-17,22.9,24.7,22.0,23.4,창녕(밀양)
2025-07-17,18.6,20.3,17.2,19.7,평창
2025-07-17,23.0,25.3,21.5,24.0,포천(동두천)
2025-07-17,27.4,29.5,22.5,27.1,해남
2025-07-18,24.7,28.6,21.1,26.6,논산(부여)
2025-07-18,24.8,29.2,21.2,25.8,무안(목포)
2025-07-18,24.5,30.5,20.9,28.3,상주
2025-07-18,22.5,26.2,20.1,22.8,신안
2025-07-18,27.3,33.4,24.5,28.1,제주
2025-07-18,24.9,29.7,21.9,26.5,창녕(밀양)
2025-07-18,21.6,24.8,17.5,23.8,평창
2025-07-18,23.2,25.7,21.9,25.5,포천(동두천)
2025-07-18,25.6,29.6,21.6,27.9,해남
2025-07-19,25.1,28.0,23.0,25.7,논산(부여)
2025-07-19,26.9,29.9,24.8,28.0,무안(목포)
2025-07-19,22.8,24.8,22.1,24.0,상주
2025-07-19,25.3,29.1,23.7,26.0,신안
2025-07-19,29.2,32.5,26.0,28.6,제주
2025-07-19,22.6,24.0,21.9,23.0,창녕(밀양)
2025-07-19,20.5,25.3,18.1,23.1,평창
2025-07-19,23.3,27.2,21.1,25.4,포천(동두천)
2025-07-19,28.0,31.3,25.5,28.3,해남
2025-07-20,27.3,33.0,22.2,29.3,논산(부여)
2025-07-20,28.0,30.9,25.4,29.2,무안(목포)
2025-07-20,24.9,29.8,22.0,27.1,상주
2025-07-20,26.3,29.2,24.3,32.7,신안
2025-07-20,29.7,33.2,26.9,31.1,제주
2025-07-20,26.8,33.0,21.6,29.6,창녕(밀양)
2025-07-20,22.8,27.3,19.7,24.7,평창
2025-07-20,25.8,31.1,23.2,27.5,포천(동두천)
2025-07-20,27.7,30.7,25.7,29.7,해남
2025-07-21,27.9,32.8,22.8,30.5,논산(부여)
2025-07-21,28.0,31.4,26.0,28.5,무안(목포)
2025-07-21,27.1,33.2,23.8,29.0,상주
2025-07-21,27.6,32.3,24.5,32.5,신안
2025-07-21,29.5,32.1,26.8,34.6,제주
2025-07-21,26.8,30.7,24.3,29.3,창녕(밀양)
2025-07-21,24.1,28.1,21.5,25.9,평창
2025-07-21,26.8,31.2,23.7,29.8,포천(동두천)
2025-07-21,28.2,32.3,25.6,30.5,해남
2025-07-22,27.8,33.1,23.4,31.9,논산(부여)
2025-07-22,28.5,32.2,25.0,30.4,무안(목포)
2025-07-22,28.4,33.8,23.7,31.1,상주
2025-07-22,27.3,31.1,24.4,32.9,신안
2025-07-22,29.8,34.7,26.7,34.4,제주
2025-07-22,29.5,35.5,24.9,33.1,창녕(밀양)
2025-07-22,24.0,28.8,20.9,26.4,평창
2025-07-22,26.6,31.6,23.2,30.8,포천(동두천)
2025-07-22,27.7,32.0,24.0,30.6,해남
2025-07-23,28.3,34.5,23.2,33.3,논산(부여)
2025-07-23,28.1,32.0,24.3,29.7,무안(목포)
2025-07-23,28.4,34.0,23.3,30.8,상주
2025-07-23,27.6,32.2,24.2,33.6,신안
2025-07-23,29.0,31.5,25.8,36.0,제주
2025-07-23,29.9,36.3,24.6,34.3,창녕(밀양)
2025-07-23,24.0,30.0,19.1,28.3,평창
2025-07-23,26.9,32.7,22.2,31.3,포천(동두천)
2025-07-23,27.4,33.8,22.0,32.5,해남
2025-07-24,28.9,34.8,23.1,34.5,논산(부여)
2025-07-24,28.3,32.8,24.3,30.9,무안(목포)
2025-07-24,28.8,34.5,23.6,33.3,상주
2025-07-24,27.5,31.4,24.5,34.2,신안
2025-07-24,29.0,31.9,26.0,36.5,제주
2025-07-24,29.5,36.8,24.6,33.1,창녕(밀양)
2025-07-24,24.2,30.8,18.8,28.5,평창
2025-07-24,27.2,33.0,22.5,31.0,포천(동두천)
2025-07-24,27.9,34.3,22.2,33.0,해남
2025-07-25,29.5,35.7,23.4,35.6,논산(부여)
2025-07-25,29.1,33.8,25.1,29.4,무안(목포)
2025-07-25,28.5,34.6,22.2,33.1,상주
2025-07-25,27.9,32.2,24.6,34.0,신안
2025-07-25,28.8,31.9,26.9,35.0,제주
2025-07-25,29.3,35.2,23.5,33.2,창녕(밀양)
2025-07-25,24.7,32.0,18.0,29.8,평창
2025-07-25,28.2,34.0,22.2,33.0,포천(동두천)
2025-07-25,28.6,34.0,22.7,33.5,해남
2025-07-26,29.4,35.5,24.1,34.7,논산(부여)
2025-07-26,29.9,34.8,26.0,30.9,무안(목포)
2025-07-26,28.7,34.4,23.1,35.5,상주
2025-07-26,28.2,32.3,25.1,35.0,신안
2025-07-26,28.8,30.8,27.0,35.9,제주
2025-07-26,29.6,35.5,24.0,31.9,창녕(밀양)
2025-07-26,24.8,33.1,18.1,30.8,평창
2025-07-26,28.9,34.7,23.1,34.9,포천(동두천)
2025-07-26,29.7,34.6,25.1,34.9,해남
2025-07-27,30.1,36.0,23.9,36.5,논산(부여)
2025-07-27,30.3,35.0,27.0,31.7,무안(목포)
2025-07-27,29.3,34.8,23.7,36.3,상주
2025-07-27,28.4,32.0,25.6,35.6,신안
2025-07-27,28.3,30.8,26.7,34.1,제주
2025-07-27,29.8,35.7,24.3,34.0,창녕(밀양)
2025-07-27,25.6,33.2,18.7,31.4,평창
2025-07-27,29.8,35.5,24.0,37.3,포천(동두천)
2025-07-27,29.8,34.4,26.4,35.7,해남
2025-07-28,29.7,35.4,25.3,33.2,논산(부여)
2025-07-28,29.5,33.6,26.7,33.2,무안(목포)
2025-07-28,29.4,36.0,23.2,34.0,상주
2025-07-28,28.6,33.6,25.7,34.1,신안
2025-07-28,29.3,33.5,26.3,37.3,제주
2025-07-28,29.9,37.8,23.8,35.0,창녕(밀양)
2025-07-28,24.9,32.8,18.7,32.1,평창
2025-07-28,29.1,34.5,24.8,37.6,포천(동두천)
2025-07-28,28.9,35.4,24.1,35.4,해남
2025-07-29,29.7,35.9,24.1,35.7,논산(부여)
2025-07-29,29.3,34.7,25.4,32.6,무안(목포)
2025-07-29,29.5,35.2,24.5,36.9,상주
2025-07-29,28.1,33.0,24.6,34.5,신안
2025-07-29,29.7,34.5,26.2,37.4,제주
2025-07-29,29.6,37.0,23.1,33.9,창녕(밀양)
2025-07-29,24.3,31.2,18.1,31.8,평창
2025-07-29,29.2,35.0,23.2,37.4,포천(동두천)
2025-07-29,28.4,34.2,22.7,34.6,해남
2025-07-30,29.5,35.1,25.9,36.3,논산(부여)
2025-07-30,28.8,33.5,25.0,31.3,무안(목포)
2025-07-30,28.7,34.9,23.0,36.2,상주
2025-07-30,26.6,30.8,24.5,29.6,신안
2025-07-30,29.0,30.5,27.4,30.4,제주
2025-07-30,29.0,36.3,22.7,31.7,창녕(밀양)
2025-07-30,24.0,28.9,19.7,29.9,평창
2025-07-30,29.0,34.3,24.7,34.6,포천(동두천)
2025-07-30,28.1,32.9,24.3,32.3,해남
2025-07-31,29.2,35.3,24.6,37.5,논산(부여)
2025-07-31,29.4,33.2,26.7,32.1,무안(목포)
2025-07-31,28.8,34.6,24.7,36.3,상주
2025-07-31,27.2,31.1,24.4,33.0,신안
2025-07-31,30.3,34.1,27.8,37.3,제주
2025-07-31,29.3,36.6,22.7,32.5,창녕(밀양)
2025-07-31,23.2,30.5,19.3,28.8,평창
2025-07-31,28.5,32.7,26.0,33.7,포천(동두천)
2025-07-31,28.7,33.1,23.2,35.6,해남
2025-08-01,29.2,35.9,23.2,37.6,논산(부여)
2025-08-01,29.3,34.0,25.4,33.7,무안(목포)
2025-08-01,29.1,35.2,23.3,35.4,상주
2025-08-01,28.0,34.2,24.1,32.7,신안
2025-08-01,30.0,34.4,27.5,36.7,제주
2025-08-01,30.7,38.4,23.2,35.7,창녕(밀양)
2025-08-01,23.0,28.7,16.9,30.5,평창
2025-08-01,28.2,33.9,24.7,34.0,포천(동두천)
2025-08-01,29.2,35.8,23.2,34.8,해남
2025-08-02,29.7,36.1,23.8,35.6,논산(부여)
2025-08-02,29.0,32.9,26.0,32.9,무안(목포)
2025-08-02,29.8,35.7,24.3,33.7,상주
2025-08-02,29.6,34.6,26.0,35.0,신안
2025-08-02,29.9,32.6,27.1,37.6,제주
2025-08-02,30.9,38.7,27.0,35.5,창녕(밀양)
2025-08-02,24.8,30.9,20.0,31.9,평창
2025-08-02,28.4,34.2,23.2,36.8,포천(동두천)
2025-08-02,28.2,34.5,23.9,33.4,해남
2025-08-03,26.4,29.9,22.9,29.1,논산(부여)
2025-08-03,28.0,29.8,26.6,29.2,무안(목포)
2025-08-03,26.9,30.7,22.2,30.3,상주
2025-08-03,27.1,27.9,26.2,26.5,신안
2025-08-03,29.5,31.5,27.1,30.0,제주
2025-08-03,29.3,34.1,26.1,31.0,창녕(밀양)
2025-08-03,23.7,28.2,19.0,27.3,평창
2025-08-03,26.6,31.8,21.7,30.9,포천(동두천)
2025-08-03,27.9,30.6,24.6,29.6,해남
2025-08-04,27.9,31.9,24.0,29.6,논산(부여)
2025-08-04,27.6,29.6,26.2,28.7,무안(목포)
2025-08-04,27.3,33.4,22.7,28.8,상주
2025-08-04,28.1,31.9,26.2,31.0,신안
2025-08-04,31.2,34.9,28.7,34.0,제주
2025-08-04,29.1,33.3,26.1,31.4,창녕(밀양)
2025-08-04,21.5,27.1,18.6,25.2,평창
2025-08-04,27.3,32.6,22.3,31.5,포천(동두천)
2025-08-04,29.0,32.8,26.7,33.9,해남
2025-08-05,27.9,33.0,23.3,31.1,논산(부여)
2025-08-05,28.3,31.5,25.8,29.5,무안(목포)
2025-08-05,29.5,33.9,25.5,30.8,상주
2025-08-05,28.8,33.1,25.8,32.8,신안
2025-08-05,31.5,35.4,28.4,36.7,제주
2025-08-05,29.2,32.8,26.9,33.8,창녕(밀양)
2025-08-05,24.5,29.6,20.5,29.2,평창
2025-08-05,27.2,31.9,23.7,33.6,포천(동두천)
2025-08-05,27.8,31.6,25.2,29.2,해남
2025-08-06,27.7,30.1,25.4,29.5,논산(부여)
2025-08-06,28.4,30.1,27.6,29.2,무안(목포)
2025-08-06,27.7,32.2,25.5,29.1,상주
2025-08-06,28.4,31.6,26.8,29.5,신안
2025-08-06,31.1,34.7,29.2,36.9,제주
2025-08-06,29.3,32.8,26.1,29.1,창녕(밀양)
2025-08-06,22.4,25.5,20.6,22.9,평창
2025-08-06,25.6,27.7,23.2,26.8,포천(동두천)
2025-08-06,28.0,30.1,26.5,28.6,해남
2025-08-07,26.2,31.5,21.6,29.8,논산(부여)
2025-08-07,28.0,30.5,25.3,30.3,무안(목포)
2025-08-07,27.8,32.5,24.7,29.2,상주
2025-08-07,28.2,31.2,25.3,31.9,신안
2025-08-07,29.8,32.8,27.9,33.2,제주
2025-08-07,29.3,33.8,25.4,32.3,창녕(밀양)
2025-08-07,21.6,26.3,18.1,25.9,평창
2025-08-07,26.4,31.4,23.1,30.2,포천(동두천)
2025-08-07,28.0,31.4,24.2,29.3,해남
2025-08-08,24.7,29.3,21.1,28.1,논산(부여)
2025-08-08,26.7,30.0,24.1,29.7,무안(목포)
2025-08-08,26.7,31.7,22.6,29.0,상주
2025-08-08,27.4,31.1,24.1,31.3,신안
2025-08-08,28.6,31.5,27.1,34.3,제주
2025-08-08,27.4,31.8,23.8,31.2,창녕(밀양)
2025-08-08,20.4,25.7,16.6,25.1,평창
2025-08-08,25.6,30.9,20.8,29.8,포천(동두천)
2025-08-08,26.1,32.0,21.9,30.5,해남
2025-08-09,23.8,26.1,22.3,26.3,논산(부여)
2025-08-09,24.4,25.8,23.1,26.1,무안(목포)
2025-08-09,23.7,25.7,22.0,26.0,상주
2025-08-09,24.7,26.5,22.8,24.6,신안
2025-08-09,28.3,30.8,26.3,28.7,제주
2025-08-09,25.1,29.2,22.8,27.0,창녕(밀양)
2025-08-09,19.3,23.2,15.1,22.4,평창
2025-08-09,23.4,26.7,19.5,24.8,포천(동두천)
2025-08-09,24.0,25.0,23.0,25.4,해남
2025-08-10,25.9,32.0,20.7,28.7,논산(부여)
2025-08-10,25.4,28.6,23.0,28.0,무안(목포)
2025-08-10,24.9,31.1,21.0,28.8,상주
2025-08-10,25.1,28.8,23.3,28.5,신안
2025-08-10,28.3,31.1,26.5,27.4,제주
2025-08-10,25.0,29.2,21.6,26.5,창녕(밀양)
2025-08-10,19.1,24.9,12.1,24.7,평창
2025-08-10,25.1,31.8,18.5,30.0,포천(동두천)
2025-08-10,26.2,30.1,22.8,28.4,해남
2025-08-11,23.8,27.3,20.7,25.8,논산(부여)
2025-08-11,23.7,26.0,22.3,25.7,무안(목포)
2025-08-11,23.5,27.7,21.2,26.6,상주
2025-08-11,23.5,26.2,21.8,24.3,신안
2025-08-11,25.2,27.2,22.5,25.4,제주
2025-08-11,23.9,31.1,20.2,26.4,창녕(밀양)
2025-08-11,19.1,24.1,14.1,20.9,평창
2025-08-11,24.6,29.4,21.2,28.3,포천(동두천)
2025-08-11,24.1,26.5,22.1,25.8,해남
2025-08-12,24.1,28.7,20.9,26.1,논산(부여)
2025-08-12,23.5,25.9,21.5,25.4,무안(목포)
2025-08-12,23.0,27.3,20.3,25.9,상주
2025-08-12,23.3,25.1,21.8,23.5,신안
2025-08-12,27.5,31.9,24.1,27.6,제주
2025-08-12,22.9,24.6,21.2,24.2,창녕(밀양)
2025-08-12,21.0,27.0,16.7,27.0,평창
2025-08-12,26.4,32.5,20.6,30.8,포천(동두천)
2025-08-12,23.8,25.8,21.7,25.2,해남
2025-08-13,27.3,31.6,23.5,28.0,논산(부여)
2025-08-13,27.4,31.2,24.6,28.7,무안(목포)
2025-08-13,26.0,30.4,23.2,27.5,상주
2025-08-13,26.7,30.3,24.4,31.5,신안
2025-08-13,29.3,33.3,26.1,32.4,제주
2025-08-13,27.7,32.5,23.8,28.6,창녕(밀양)
2025-08-13,20.4,23.7,16.7,22.4,평창
2025-08-13,23.8,26.0,20.7,24.2,포천(동두천)
2025-08-13,27.4,31.9,23.9,28.6,해남
2025-08-14,27.5,31.2,24.5,29.3,논산(부여)
2025-08-14,28.2,31.7,25.3,29.6,무안(목포)
2025-08-14,28.2,33.9,23.2,28.7,상주
2025-08-14,27.5,31.5,25.0,31.5,신안
2025-08-14,29.4,31.9,26.4,34.5,제주
2025-08-14,29.5,35.4,24.4,34.0,창녕(밀양)
2025-08-14,21.8,24.3,19.7,22.8,평창
2025-08-14,24.7,27.2,23.2,25.9,포천(동두천)
2025-08-14,27.7,31.9,23.2,30.4,해남
2025-08-15,27.9,33.7,23.9,31.5,논산(부여)
2025-08-15,28.0,32.2,25.4,30.0,무안(목포)
2025-08-15,28.5,33.4,24.2,30.6,상주
2025-08-15,27.3,31.1,25.1,30.5,신안
2025-08-15,29.0,32.0,26.2,34.7,제주
2025-08-15,30.2,35.9,25.4,32.7,창녕(밀양)
2025-08-15,23.1,28.8,18.5,25.8,평창
2025-08-15,26.4,31.2,22.5,29.8,포천(동두천)
2025-08-15,27.8,33.5,23.5,33.3,해남
2025-08-16,27.2,33.0,23.5,31.4,논산(부여)
2025-08-16,27.7,32.0,24.9,30.1,무안(목포)
2025-08-16,28.3,33.7,23.7,31.3,상주
2025-08-16,27.1,31.8,24.5,29.3,신안
2025-08-16,28.8,32.1,25.8,36.4,제주
2025-08-16,30.4,36.9,25.3,35.4,창녕(밀양)
2025-08-16,23.8,28.8,20.2,24.5,평창
2025-08-16,27.1,31.7,24.3,30.3,포천(동두천)
2025-08-16,27.0,33.3,22.6,32.6,해남
2025-08-17,27.6,33.2,23.0,32.3,논산(부여)
2025-08-17,28.1,32.1,24.4,29.9,무안(목포)
2025-08-17,28.0,33.2,22.8,30.6,상주
2025-08-17,27.9,32.6,24.9,32.0,신안
2025-08-17,29.3,32.4,25.4,36.3,제주
2025-08-17,29.9,36.2,24.7,33.5,창녕(밀양)
2025-08-17,23.4,28.1,20.2,26.3,평창
2025-08-17,26.5,30.3,24.5,27.7,포천(동두천)
2025-08-17,26.9,32.9,21.6,33.5,해남
2025-08-18,28.1,33.2,24.0,33.0,논산(부여)
2025-08-18,28.4,32.0,25.8,30.8,무안(목포)
2025-08-18,28.4,33.8,23.7,31.8,상주
2025-08-18,28.7,33.5,25.7,32.0,신안
2025-08-18,29.8,32.2,27.1,36.6,제주
2025-08-18,30.0,35.9,24.8,34.2,창녕(밀양)
2025-08-18,23.3,28.0,20.2,22.9,평창
2025-08-18,27.0,32.2,24.3,29.6,포천(동두천)
2025-08-18,27.3,32.7,23.1,33.0,해남
2025-08-19,28.4,33.1,25.3,33.3,논산(부여)
2025-08-19,28.7,32.1,26.2,31.2,무안(목포)
2025-08-19,29.6,34.8,25.0,33.0,상주
2025-08-19,29.0,34.5,26.0,33.2,신안
2025-08-19,29.7,33.2,26.7,40.7,제주
2025-08-19,30.3,35.8,25.6,35.6,창녕(밀양)
2025-08-19,24.4,28.8,22.1,25.4,평창
2025-08-19,27.1,31.3,24.3,30.2,포천(동두천)
2025-08-19,27.7,32.9,23.9,33.7,해남
2025-08-20,28.0,33.4,23.9,32.6,논산(부여)
2025-08-20,28.9,32.6,25.6,31.6,무안(목포)
2025-08-20,29.5,35.1,24.7,33.4,상주
2025-08-20,28.9,33.7,26.1,33.2,신안
2025-08-20,30.1,34.4,27.4,37.3,제주
2025-08-20,29.7,35.0,24.8,34.4,창녕(밀양)
2025-08-20,24.1,29.1,20.6,27.8,평창
2025-08-20,27.3,31.8,24.2,29.6,포천(동두천)
2025-08-20,28.1,33.5,23.4,33.9,해남
2025-08-21,28.9,34.8,24.6,34.0,논산(부여)
2025-08-21,28.8,32.3,25.1,32.6,무안(목포)
2025-08-21,29.8,35.6,25.1,34.0,상주
2025-08-21,28.7,33.8,25.3,32.5,신안
2025-08-21,29.5,32.0,27.0,36.0,제주
2025-08-21,29.2,36.2,24.9,35.1,창녕(밀양)
2025-08-21,23.1,30.1,18.5,27.5,평창
2025-08-21,27.6,32.7,24.6,30.2,포천(동두천)
2025-08-21,28.2,34.5,23.3,34.5,해남
2025-08-22,28.2,34.3,24.1,34.1,논산(부여)
2025-08-22,28.8,32.2,25.8,33.0,무안(목포)
2025-08-22,29.6,35.7,23.7,33.3,상주
2025-08-22,28.7,34.1,25.4,31.6,신안
2025-08-22,30.4,34.1,27.0,37.7,제주
2025-08-22,28.2,36.3,24.7,32.9,창녕(밀양)
2025-08-22,24.6,30.1,18.8,30.2,평창
2025-08-22,27.5,33.0,23.0,31.5,포천(동두천)
2025-08-22,27.9,33.9,22.8,35.9,해남
2025-08-23,28.3,34.2,23.6,33.9,논산(부여)
2025-08-23,28.8,32.2,25.6,33.0,무안(목포)
2025-08-23,29.6,35.4,24.5,34.0,상주
2025-08-23,29.1,34.9,25.9,32.2,신안
2025-08-23,30.5,34.3,26.8,39.6,제주
2025-08-23,29.6,35.7,24.8,34.1,창녕(밀양)
2025-08-23,24.3,30.7,19.7,27.6,평창
2025-08-23,27.3,30.9,24.6,30.1,포천(동두천)
2025-08-23,27.9,33.2,23.2,35.7,해남
2025-08-24,28.8,34.7,23.9,33.7,논산(부여)
2025-08-24,29.1,32.5,26.0,35.4,무안(목포)
2025-08-24,30.3,36.7,25.1,33.5,상주
2025-08-24,28.8,34.3,26.1,31.9,신안
2025-08-24,30.2,33.4,27.4,36.4,제주
2025-08-24,29.9,36.4,24.7,34.3,창녕(밀양)
2025-08-24,24.3,30.1,20.0,28.4,평창
2025-08-24,27.9,33.0,23.7,30.9,포천(동두천)
2025-08-24,28.2,33.0,23.4,35.5,해남
2025-08-25,28.9,33.7,24.7,33.5,논산(부여)
2025-08-25,29.5,33.0,26.8,34.3,무안(목포)
2025-08-25,30.6,36.2,25.2,34.5,상주
2025-08-25,28.9,32.7,25.9,32.6,신안
2025-08-25,30.2,33.9,27.0,35.6,제주
2025-08-25,30.2,35.8,25.7,34.4,창녕(밀양)
2025-08-25,25.3,32.0,18.6,30.6,평창
2025-08-25,26.9,32.0,23.7,30.6,포천(동두천)
2025-08-25,29.0,33.7,25.0,35.8,해남
2025-08-26,25.7,29.7,23.4,27.5,논산(부여)
2025-08-26,28.8,31.9,26.9,32.7,무안(목포)
2025-08-26,26.4,29.6,24.4,28.1,상주
2025-08-26,28.0,32.4,24.9,29.9,신안
2025-08-26,31.0,36.3,28.1,38.6,제주
2025-08-26,28.6,34.0,25.3,31.5,창녕(밀양)
2025-08-26,22.9,25.6,20.5,24.2,평창
2025-08-26,26.5,31.0,23.8,29.1,포천(동두천)
2025-08-26,28.5,32.7,26.0,32.7,해남
2025-08-27,25.6,32.0,22.2,29.1,논산(부여)
2025-08-27,27.9,31.6,25.5,32.4,무안(목포)
2025-08-27,27.9,34.2,22.2,31.3,상주
2025-08-27,27.9,32.4,25.0,28.9,신안
2025-08-27,30.0,32.6,27.6,36.0,제주
2025-08-27,28.7,35.3,23.8,34.0,창녕(밀양)
2025-08-27,20.8,25.6,17.1,26.8,평창
2025-08-27,25.2,30.5,21.3,27.5,포천(동두천)
2025-08-27,27.9,33.1,24.2,35.3,해남
2025-08-28,26.8,32.7,22.0,29.6,논산(부여)
2025-08-28,28.6,33.0,25.2,34.6,무안(목포)
2025-08-28,28.1,33.8,23.3,32.1,상주
2025-08-28,27.1,31.5,24.3,28.9,신안
2025-08-28,29.8,32.9,27.2,34.2,제주
2025-08-28,28.2,34.4,23.4,31.5,창녕(밀양)
2025-08-28,22.4,27.8,17.0,25.8,평창
2025-08-28,26.5,29.9,22.8,27.7,포천(동두천)
2025-08-28,27.7,33.5,23.3,36.1,해남
2025-08-29,28.5,33.0,25.0,30.7,논산(부여)
2025-08-29,28.9,32.4,26.3,34.2,무안(목포)
2025-08-29,29.2,35.0,23.8,33.5,상주
2025-08-29,29.1,35.1,25.4,34.0,신안
2025-08-29,30.1,33.3,27.0,35.4,제주
2025-08-29,29.4,36.0,23.9,34.5,창녕(밀양)
2025-08-29,24.8,29.1,22.5,28.3,평창
2025-08-29,28.1,32.0,26.2,29.0,포천(동두천)
2025-08-29,28.1,34.0,23.8,35.8,해남
2025-08-30,28.4,33.9,24.7,31.2,논산(부여)
2025-08-30,29.4,33.1,25.6,34.8,무안(목포)
2025-08-30,29.7,36.2,24.0,34.3,상주
2025-08-30,29.0,34.0,25.7,33.3,신안
2025-08-30,29.4,34.5,26.7,37.0,제주
2025-08-30,30.0,36.8,24.9,34.7,창녕(밀양)
2025-08-30,24.0,30.5,19.2,29.4,평창
2025-08-30,26.4,30.2,23.6,28.6,포천(동두천)
2025-08-30,28.1,34.1,23.3,37.2,해남
2025-08-31,27.3,32.8,24.1,30.2,논산(부여)
2025-08-31,28.1,31.3,26.4,30.8,무안(목포)
2025-08-31,26.3,33.8,23.6,28.4,상주
2025-08-31,28.2,33.6,25.8,31.0,신안
2025-08-31,29.2,33.1,27.1,34.1,제주
2025-08-31,27.7,32.2,24.5,31.5,창녕(밀양)
2025-08-31,23.7,31.0,18.1,29.2,평창
2025-08-31,25.6,30.1,22.6,29.1,포천(동두천)
2025-08-31,27.4,32.8,24.0,32.5,해남
2025-09-01,26.6,32.2,24.1,28.5,논산(부여)
2025-09-01,28.8,32.9,26.0,33.1,무안(목포)
2025-09-01,26.5,33.9,23.6,30.0,상주
2025-09-01,28.5,33.6,26.2,32.4,신안
2025-09-01,29.5,33.9,25.8,33.7,제주
2025-09-01,27.7,31.1,25.6,29.8,창녕(밀양)
2025-09-01,23.5,29.2,20.1,28.4,평창
2025-09-01,24.6,28.3,21.6,27.7,포천(동두천)
2025-09-01,28.3,33.4,24.9,34.2,해남
2025-09-02,25.0,30.4,20.3,29.0,논산(부여)
2025-09-02,26.6,29.6,24.9,27.3,무안(목포)
2025-09-02,25.3,30.7,20.2,28.1,상주
2025-09-02,26.1,29.6,24.2,28.4,신안
2025-09-02,28.8,32.1,26.4,29.8,제주
2025-09-02,26.5,31.5,24.6,29.2,창녕(밀양)
2025-09-02,21.4,26.2,17.2,25.8,평창
2025-09-02,24.0,30.2,20.2,28.5,포천(동두천)
2025-09-02,26.5,31.4,22.3,31.4,해남
2025-09-03,25.9,32.6,19.5,28.6,논산(부여)
2025-09-03,27.8,33.3,22.8,32.3,무안(목포)
2025-09-03,25.9,33.1,19.1,28.1,상주
2025-09-03,28.1,33.1,25.0,32.7,신안
2025-09-03,28.3,31.0,25.4,28.6,제주
2025-09-03,27.8,34.1,23.8,30.7,창녕(밀양)
2025-09-03,20.1,25.2,14.8,25.7,평창
2025-09-03,25.4,31.5,20.1,28.7,포천(동두천)
2025-09-03,26.9,32.8,21.0,35.2,해남
2025-09-04,25.5,30.8,23.5,28.6,논산(부여)
2025-09-04,27.9,32.1,24.4,31.0,무안(목포)
2025-09-04,26.6,31.7,22.7,29.1,상주
2025-09-04,28.2,33.1,25.8,33.1,신안
2025-09-04,28.7,31.7,26.8,34.6,제주
2025-09-04,28.1,34.5,22.3,31.7,창녕(밀양)
2025-09-04,18.5,20.7,16.8,21.3,평창
2025-09-04,24.2,29.2,22.0,26.6,포천(동두천)
2025-09-04,27.7,33.7,23.5,33.9,해남
2025-09-05,27.3,33.0,22.4,29.7,논산(부여)
2025-09-05,28.6,33.0,24.3,33.6,무안(목포)
2025-09-05,27.2,33.0,22.0,29.3,상주
2025-09-05,29.2,34.8,25.5,33.6,신안
2025-09-05,29.0,32.2,26.7,31.8,제주
2025-09-05,28.6,35.4,25.1,31.2,창녕(밀양)
2025-09-05,20.5,25.7,15.5,25.5,평창
2025-09-05,26.1,31.7,20.7,29.4,포천(동두천)
2025-09-05,28.0,34.1,22.9,35.1,해남
2025-09-06,28.0,32.1,22.3,30.1,논산(부여)
2025-09-06,28.9,32.1,26.1,32.1,무안(목포)
2025-09-06,27.4,33.1,22.7,30.0,상주
2025-09-06,29.4,33.9,26.0,33.3,신안
2025-09-06,30.2,34.6,26.5,36.1,제주
2025-09-06,28.0,34.3,23.0,29.8,창녕(밀양)
2025-09-06,22.6,27.8,19.1,24.6,평창
2025-09-06,25.1,29.0,23.7,26.6,포천(동두천)
2025-09-06,28.2,32.6,24.3,33.5,해남
2025-09-07,24.0,29.4,18.6,26.4,논산(부여)
2025-09-07,27.1,29.2,24.8,27.7,무안(목포)
2025-09-07,25.5,30.0,23.1,28.0,상주
2025-09-07,27.0,29.8,25.1,28.9,신안
2025-09-07,29.7,34.9,27.4,32.7,제주
2025-09-07,28.3,32.6,25.5,30.4,창녕(밀양)
2025-09-07,20.8,26.7,14.3,22.8,평창
2025-09-07,23.9,28.4,19.3,27.8,포천(동두천)
2025-09-07,26.7,32.4,24.1,28.2,해남
2025-09-08,21.2,24.3,17.7,24.5,논산(부여)
2025-09-08,22.9,25.3,20.1,26.3,무안(목포)
2025-09-08,22.2,25.0,18.3,24.3,상주
2025-09-08,24.0,26.1,22.1,25.7,신안
2025-09-08,28.7,31.3,27.2,29.8,제주
2025-09-08,26.6,32.5,23.6,29.4,창녕(밀양)
2025-09-08,19.7,27.7,12.6,22.0,평창
2025-09-08,22.1,28.1,18.1,25.7,포천(동두천)
2025-09-08,24.4,27.7,21.8,27.8,해남
2025-09-09,20.8,23.1,18.9,23.8,논산(부여)
2025-09-09,20.7,21.7,18.1,21.7,무안(목포)
2025-09-09,19.4,20.7,18.0,22.6,상주
2025-09-09,21.9,23.9,20.1,21.6,신안
2025-09-09,26.2,28.1,24.5,26.3,제주
2025-09-09,21.6,24.6,19.9,22.3,창녕(밀양)
2025-09-09,16.7,20.8,11.0,19.9,평창
2025-09-09,21.0,25.5,17.7,23.3,포천(동두천)
2025-09-09,21.5,23.4,19.9,24.2,해남
2025-09-10,23.8,29.8,19.0,26.3,논산(부여)
2025-09-10,24.1,28.4,20.6,27.2,무안(목포)
2025-09-10,22.7,28.9,18.5,25.6,상주
2025-09-10,24.8,28.0,21.9,27.9,신안
2025-09-10,25.7,27.6,24.3,26.4,제주
2025-09-10,23.9,28.0,21.0,24.8,창녕(밀양)
2025-09-10,15.6,23.5,8.1,20.4,평창
2025-09-10,22.2,30.2,15.8,25.3,포천(동두천)
2025-09-10,24.1,30.0,21.2,27.9,해남
2025-09-11,24.3,30.1,18.1,26.2,논산(부여)
2025-09-11,26.0,30.5,21.8,29.0,무안(목포)
2025-09-11,23.7,31.3,18.6,25.4,상주
2025-09-11,25.7,30.5,22.9,30.7,신안
2025-09-11,26.5,28.2,24.9,26.3,제주
2025-09-11,24.8,30.2,19.6,26.8,창녕(밀양)
2025-09-11,16.4,23.5,6.0,21.1,평창
2025-09-11,23.4,30.8,16.3,26.5,포천(동두천)
2025-09-11,25.1,30.6,19.0,28.1,해남
2025-09-12,22.7,25.8,21.1,23.9,논산(부여)
2025-09-12,25.7,28.3,23.3,27.6,무안(목포)
2025-09-12,21.8,25.2,19.8,23.6,상주
2025-09-12,24.0,26.2,22.6,24.9,신안
2025-09-12,28.3,34.0,23.4,29.7,제주
2025-09-12,25.6,29.1,23.6,26.2,창녕(밀양)
2025-09-12,17.6,21.2,13.5,19.2,평창
2025-09-12,22.0,27.8,18.2,23.9,포천(동두천)
2025-09-12,25.9,29.8,24.1,26.5,해남
2025-09-13,25.0,28.9,21.6,26.7,논산(부여)
2025-09-13,26.0,29.2,23.7,28.6,무안(목포)
2025-09-13,24.4,30.6,21.0,25.5,상주
2025-09-13,25.7,29.9,23.1,28.2,신안
2025-09-13,28.7,31.6,26.8,29.0,제주
2025-09-13,26.1,31.6,22.7,27.4,창녕(밀양)
2025-09-13,16.6,18.0,15.0,19.6,평창
2025-09-13,21.4,25.3,18.8,24.2,포천(동두천)
2025-09-13,26.7,29.9,22.8,27.1,해남
2025-09-14,24.7,29.3,22.0,27.4,논산(부여)
2025-09-14,25.5,28.6,23.1,26.8,무안(목포)
2025-09-14,23.1,27.6,19.8,25.7,상주
2025-09-14,24.8,30.2,22.4,26.7,신안
2025-09-14,27.4,30.0,25.7,28.6,제주
2025-09-14,25.1,31.2,22.1,27.5,창녕(밀양)
2025-09-14,18.5,22.3,14.8,20.7,평창
2025-09-14,22.2,28.5,17.3,25.1,포천(동두천)
2025-09-14,25.3,30.4,21.8,27.6,해남
2025-09-15,24.4,29.2,20.9,26.8,논산(부여)
2025-09-15,25.6,28.3,24.2,27.0,무안(목포)
2025-09-15,24.4,30.2,21.0,26.2,상주
2025-09-15,25.0,29.0,22.6,28.1,신안
2025-09-15,27.6,31.7,25.1,29.4,제주
2025-09-15,26.5,30.9,22.7,29.3,창녕(밀양)
2025-09-15,20.6,27.8,14.5,21.8,평창
2025-09-15,23.3,29.3,18.2,26.2,포천(동두천)
2025-09-15,25.5,30.0,23.4,28.1,해남
2025-09-16,25.4,31.1,21.9,28.0,논산(부여)
2025-09-16,27.5,31.1,24.5,27.9,무안(목포)
2025-09-16,26.2,32.5,22.3,27.1,상주
2025-09-16,26.9,31.5,24.4,30.3,신안
2025-09-16,29.7,33.8,25.7,30.6,제주
2025-09-16,27.9,34.1,22.9,29.0,창녕(밀양)
2025-09-16,20.7,26.3,15.0,22.8,평창
2025-09-16,22.0,25.7,19.2,23.0,포천(동두천)
2025-09-16,27.0,31.4,22.5,29.2,해남
2025-09-17,23.4,25.5,20.9,25.5,논산(부여)
2025-09-17,26.0,29.9,23.5,26.6,무안(목포)
2025-09-17,24.4,28.8,22.3,25.3,상주
2025-09-17,25.5,28.8,23.0,27.5,신안
2025-09-17,29.1,34.1,26.1,30.1,제주
2025-09-17,26.5,34.0,22.8,28.1,창녕(밀양)
2025-09-17,17.6,21.2,14.6,19.4,평창
2025-09-17,20.8,22.6,19.0,22.9,포천(동두천)
2025-09-17,26.2,31.1,23.3,27.0,해남
2025-09-18,21.8,27.2,19.5,25.0,논산(부여)
2025-09-18,24.0,27.2,22.3,26.5,무안(목포)
2025-09-18,21.1,23.1,18.7,23.0,상주
2025-09-18,23.2,27.3,20.7,25.9,신안
2025-09-18,26.2,28.8,24.6,28.7,제주
2025-09-18,23.2,25.3,21.4,25.8,창녕(밀양)
2025-09-18,14.1,16.7,12.1,17.1,평창
2025-09-18,20.5,26.1,17.1,23.7,포천(동두천)
2025-09-18,23.9,28.6,21.0,27.7,해남
2025-09-19,20.0,22.9,18.1,22.7,논산(부여)
2025-09-19,23.5,26.8,21.2,25.5,무안(목포)
2025-09-19,19.3,22.8,16.7,21.7,상주
2025-09-19,23.0,25.2,20.9,24.7,신안
2025-09-19,26.3,29.2,23.6,27.1,제주
2025-09-19,23.1,26.8,19.4,25.4,창녕(밀양)
2025-09-19,13.9,16.5,12.3,17.3,평창
2025-09-19,18.2,22.2,15.6,21.0,포천(동두천)
2025-09-19,23.9,27.3,21.1,25.3,해남
2025-09-20,20.1,25.3,16.9,22.8,논산(부여)
2025-09-20,23.2,25.8,21.5,23.5,무안(목포)
2025-09-20,19.9,24.0,16.7,21.4,상주
2025-09-20,22.9,25.5,21.5,23.7,신안
2025-09-20,25.1,28.5,22.0,24.2,제주
2025-09-20,23.6,30.7,18.9,25.7,창녕(밀양)
2025-09-20,14.1,17.2,12.1,17.0,평창
2025-09-20,18.3,24.1,16.4,21.9,포천(동두천)
2025-09-20,23.2,27.0,18.1,25.2,해남
2025-09-21,20.7,26.9,16.4,23.2,논산(부여)
2025-09-21,22.5,26.2,18.4,25.0,무안(목포)
2025-09-21,20.5,26.5,16.2,22.6,상주
2025-09-21,23.0,26.6,21.4,25.6,신안
2025-09-21,24.4,27.1,21.3,24.8,제주
2025-09-21,21.2,27.2,16.5,22.2,창녕(밀양)
2025-09-21,13.3,17.3,8.8,18.2,평창
2025-09-21,19.4,25.7,14.5,23.2,포천(동두천)
2025-09-21,21.7,28.0,17.1,26.3,해남
2025-09-22,20.8,24.1,17.4,22.5,논산(부여)
2025-09-22,23.2,27.3,19.3,24.4,무안(목포)
2025-09-22,19.4,24.7,16.0,22.0,상주
2025-09-22,22.9,26.9,20.1,26.3,신안
2025-09-22,25.0,27.8,23.2,27.5,제주
2025-09-22,21.5,27.0,16.3,21.8,창녕(밀양)
2025-09-22,13.0,19.0,7.4,16.9,평창
2025-09-22,18.3,24.3,13.5,20.7,포천(동두천)
2025-09-22,22.7,27.3,18.2,24.0,해남
2025-09-23,21.8,27.8,17.8,24.4,논산(부여)
2025-09-23,24.3,28.7,20.2,26.1,무안(목포)
2025-09-23,20.6,26.7,16.4,22.5,상주
2025-09-23,22.9,28.2,20.8,27.0,신안
2025-09-23,24.6,26.9,22.8,26.4,제주
2025-09-23,22.9,29.6,18.5,25.2,창녕(밀양)
2025-09-23,14.4,18.4,9.6,17.0,평창
2025-09-23,21.1,26.7,16.3,23.3,포천(동두천)
2025-09-23,23.2,28.4,18.0,25.8,해남
2025-09-24,22.1,26.4,17.1,23.7,논산(부여)
2025-09-24,24.9,29.0,22.5,25.3,무안(목포)
2025-09-24,21.6,26.8,17.3,23.7,상주
2025-09-24,23.3,25.8,20.8,24.8,신안
2025-09-24,28.2,32.6,23.9,32.0,제주
2025-09-24,23.2,29.2,19.2,23.8,창녕(밀양)
2025-09-24,17.8,22.8,11.3,18.2,평창
2025-09-24,21.0,23.3,19.7,22.2,포천(동두천)
2025-09-24,25.4,30.1,22.0,26.8,해남
2025-09-25,22.4,24.3,20.7,24.2,논산(부여)
2025-09-25,23.7,25.4,22.5,25.0,무안(목포)
2025-09-25,22.7,25.7,21.3,24.3,상주
2025-09-25,22.8,25.8,21.9,25.2,신안
2025-09-25,26.8,31.5,24.8,28.1,제주
2025-09-25,23.9,27.3,22.3,24.3,창녕(밀양)
2025-09-25,17.3,21.8,11.5,18.9,평창
2025-09-25,21.3,26.8,17.0,24.7,포천(동두천)
2025-09-25,23.7,25.4,22.4,25.2,해남
2025-09-26,20.9,26.6,17.9,22.8,논산(부여)
2025-09-26,23.8,26.2,21.9,25.1,무안(목포)
2025-09-26,21.3,26.2,17.8,22.9,상주
2025-09-26,22.1,24.8,20.8,23.1,신안
2025-09-26,25.9,27.2,25.4,26.4,제주
2025-09-26,24.1,30.7,20.2,26.2,창녕(밀양)
2025-09-26,15.3,23.1,9.6,19.1,평창
2025-09-26,19.3,26.2,15.8,22.9,포천(동두천)
2025-09-26,24.0,28.6,21.4,25.7,해남
2025-09-27,22.5,28.8,17.5,23.9,논산(부여)
2025-09-27,23.3,25.4,20.7,25.1,무안(목포)
2025-09-27,21.6,27.5,16.8,23.4,상주
2025-09-27,22.1,25.2,20.1,24.3,신안
2025-09-27,24.6,25.6,23.3,24.7,제주
2025-09-27,24.1,30.7,19.9,25.1,창녕(밀양)
2025-09-27,14.3,21.7,6.5,16.8,평창
2025-09-27,20.0,26.9,14.4,21.9,포천(동두천)
2025-09-27,22.9,25.5,19.8,25.1,해남
2025-09-28,20.6,22.3,17.1,22.7,논산(부여)
2025-09-28,22.8,25.7,20.7,24.2,무안(목포)
2025-09-28,20.0,21.1,19.1,22.4,상주
2025-09-28,22.6,26.7,20.8,23.6,신안
2025-09-28,25.7,30.0,23.0,26.5,제주
2025-09-28,23.0,26.7,20.5,27.0,창녕(밀양)
2025-09-28,14.4,17.6,10.6,16.3,평창
2025-09-28,18.2,21.0,16.5,21.2,포천(동두천)
2025-09-28,23.6,27.8,20.7,24.4,해남
2025-09-29,20.0,25.2,16.0,23.2,논산(부여)
2025-09-29,21.4,24.5,19.5,22.6,무안(목포)
2025-09-29,20.2,25.7,16.0,22.6,상주
2025-09-29,22.0,25.8,19.4,23.1,신안
2025-09-29,24.4,27.6,21.8,25.7,제주
2025-09-29,22.8,27.7,19.5,25.2,창녕(밀양)
2025-09-29,13.3,18.9,6.8,17.7,평창
2025-09-29,18.4,23.8,15.0,20.9,포천(동두천)
2025-09-29,21.1,26.0,15.7,23.6,해남
2025-09-30,18.7,24.8,15.0,22.8,논산(부여)
2025-09-30,20.9,24.8,17.4,23.0,무안(목포)
2025-09-30,18.4,24.8,13.8,21.3,상주
2025-09-30,22.0,26.1,19.7,24.1,신안
2025-09-30,22.5,26.0,20.0,23.2,제주
2025-09-30,20.9,26.9,17.0,23.7,창녕(밀양)
2025-09-30,12.5,20.1,5.0,15.9,평창
2025-09-30,17.8,23.7,14.3,19.9,포천(동두천)
2025-09-30,18.8,25.5,14.1,22.6,해남
2025-10-01,19.2,26.4,14.4,22.7,논산(부여)
2025-10-01,21.5,25.8,17.7,23.0,무안(목포)
2025-10-01,19.3,26.7,13.6,20.7,상주
2025-10-01,22.3,27.7,18.6,23.6,신안
2025-10-01,23.5,28.2,19.3,26.9,제주
2025-10-01,21.1,29.2,16.2,24.3,창녕(밀양)
2025-10-01,14.7,22.2,9.6,17.3,평창
2025-10-01,18.8,25.5,15.1,21.3,포천(동두천)
2025-10-01,19.6,26.9,13.6,22.6,해남
2025-10-02,19.8,26.0,15.9,21.9,논산(부여)
2025-10-02,20.4,23.8,17.2,22.0,무안(목포)
2025-10-02,19.5,25.8,15.6,21.6,상주
2025-10-02,20.7,23.7,17.6,20.6,신안
2025-10-02,24.0,28.4,20.0,27.0,제주
2025-10-02,20.7,26.4,16.0,21.9,창녕(밀양)
2025-10-02,14.8,20.9,11.3,17.7,평창
2025-10-02,19.4,25.5,15.3,21.8,포천(동두천)
2025-10-02,19.0,24.2,15.7,20.8,해남
2025-10-03,18.7,19.8,18.1,20.8,논산(부여)
2025-10-03,18.7,19.8,16.7,19.8,무안(목포)
2025-10-03,18.1,19.7,17.2,21.1,상주
2025-10-03,19.8,21.9,17.7,19.6,신안
2025-10-03,24.6,27.1,21.0,23.2,제주
2025-10-03,19.0,20.0,18.2,19.6,창녕(밀양)
2025-10-03,14.7,17.5,11.1,15.8,평창
2025-10-03,20.2,22.9,17.8,21.4,포천(동두천)
2025-10-03,19.2,20.6,17.6,19.9,해남
2025-10-04,20.8,25.4,18.3,22.8,논산(부여)
2025-10-04,22.3,25.1,19.7,23.7,무안(목포)
2025-10-04,19.9,22.2,17.3,21.6,상주
2025-10-04,22.6,25.6,20.5,25.3,신안
2025-10-04,25.6,28.8,23.9,25.8,제주
2025-10-04,22.8,28.5,19.0,26.1,창녕(밀양)
2025-10-04,14.9,17.5,12.2,16.7,평창
2025-10-04,21.6,25.4,19.3,22.7,포천(동두천)
2025-10-04,22.6,27.1,20.0,24.7,해남
2025-10-05,21.6,25.6,18.9,22.7,논산(부여)
2025-10-05,22.8,25.9,21.6,24.5,무안(목포)
2025-10-05,21.1,24.1,19.7,23.0,상주
2025-10-05,22.7,26.7,20.9,25.6,신안
2025-10-05,25.2,28.4,22.7,27.3,제주
2025-10-05,23.5,29.5,20.5,26.6,창녕(밀양)
2025-10-05,14.7,20.2,11.6,16.8,평창
2025-10-05,19.7,20.6,19.1,21.0,포천(동두천)
2025-10-05,22.8,27.0,19.8,24.3,해남
2025-10-06,20.0,22.7,18.5,21.1,논산(부여)
2025-10-06,24.2,28.3,21.1,24.8,무안(목포)
2025-10-06,18.9,20.3,16.9,21.2,상주
2025-10-06,23.5,27.8,20.9,25.1,신안
2025-10-06,26.0,28.9,22.5,29.5,제주
2025-10-06,21.1,22.4,20.0,21.8,창녕(밀양)
2025-10-06,12.9,15.5,11.6,14.6,평창
2025-10-06,16.4,19.5,14.3,19.0,포천(동두천)
2025-10-06,23.5,28.9,18.9,25.6,해남
2025-10-07,20.4,23.8,18.4,22.1,논산(부여)
2025-10-07,22.1,23.6,20.3,24.4,무안(목포)
2025-10-07,18.6,19.8,16.8,20.2,상주
2025-10-07,21.8,24.2,20.3,24.6,신안
2025-10-07,24.8,27.6,22.2,26.3,제주
2025-10-07,21.4,24.1,19.6,22.5,창녕(밀양)
2025-10-07,14.3,15.3,13.3,15.9,평창
2025-10-07,17.3,19.6,14.6,19.5,포천(동두천)
2025-10-07,22.8,26.0,20.7,24.4,해남
2025-10-08,21.8,26.1,19.6,23.7,논산(부여)
2025-10-08,21.9,24.4,20.0,22.8,무안(목포)
2025-10-08,20.7,24.2,18.7,22.1,상주
2025-10-08,21.1,23.6,19.4,24.7,신안
2025-10-08,23.7,25.3,22.1,25.1,제주
2025-10-08,22.3,26.3,19.1,22.7,창녕(밀양)
2025-10-08,14.7,17.8,11.8,18.2,평창
2025-10-08,19.8,26.7,14.6,22.7,포천(동두천)
2025-10-08,22.6,26.7,20.5,25.7,해남
2025-10-09,21.6,27.1,18.3,23.1,논산(부여)
2025-10-09,23.8,28.5,20.8,26.0,무안(목포)
2025-10-09,19.3,21.5,17.3,21.3,상주
2025-10-09,22.6,28.0,19.6,25.3,신안
2025-10-09,24.1,27.1,22.2,26.8,제주
2025-10-09,21.2,25.0,16.4,21.5,창녕(밀양)
2025-10-09,11.2,13.1,10.3,14.1,평창
2025-10-09,18.7,22.2,14.9,19.6,포천(동두천)
2025-10-09,23.7,27.9,19.6,25.7,해남
2025-10-10,21.4,26.2,17.5,23.1,논산(부여)
2025-10-10,22.8,28.1,18.5,24.2,무안(목포)
2025-10-10,18.8,22.8,16.7,20.7,상주
2025-10-10,21.6,27.3,18.4,24.4,신안
2025-10-10,24.1,27.6,21.7,27.2,제주
2025-10-10,20.9,27.6,14.6,24.9,창녕(밀양)
2025-10-10,13.3,14.8,11.5,15.2,평창
2025-10-10,15.7,16.7,15.0,17.8,포천(동두천)
2025-10-10,21.8,26.8,18.1,24.8,해남
2025-10-11,22.5,27.9,17.7,24.4,논산(부여)
2025-10-11,23.0,27.4,18.9,24.6,무안(목포)
2025-10-11,22.0,28.1,17.8,22.6,상주
2025-10-11,22.6,28.4,19.0,23.6,신안
2025-10-11,25.0,28.3,22.5,28.6,제주
2025-10-11,22.2,30.6,16.6,26.2,창녕(밀양)
2025-10-11,15.8,18.6,12.6,16.6,평창
2025-10-11,16.3,18.5,14.6,17.5,포천(동두천)
2025-10-11,22.8,29.1,18.4,26.2,해남
2025-10-12,21.2,22.8,18.9,22.8,논산(부여)
2025-10-12,22.4,26.3,20.2,23.4,무안(목포)
2025-10-12,19.4,22.6,17.0,20.9,상주
2025-10-12,21.5,24.4,19.3,22.3,신안
2025-10-12,25.4,29.1,22.0,27.8,제주
2025-10-12,21.0,29.4,18.1,21.5,창녕(밀양)
2025-10-12,12.9,17.2,12.1,15.2,평창
2025-10-12,17.6,22.0,15.1,19.3,포천(동두천)
2025-10-12,22.2,27.9,17.9,25.6,해남
2025-10-13,18.5,19.9,17.2,20.1,논산(부여)
2025-10-13,23.6,27.7,19.6,24.0,무안(목포)
2025-10-13,16.4,17.5,14.8,18.9,상주
2025-10-13,22.0,27.3,18.6,25.0,신안
2025-10-13,26.9,31.0,23.9,30.4,제주
2025-10-13,20.4,24.5,18.1,21.6,창녕(밀양)
2025-10-13,9.7,12.3,8.1,12.1,평창
2025-10-13,14.3,16.7,12.8,16.7,포천(동두천)
2025-10-13,23.6,29.5,18.0,26.2,해남
2025-10-14,18.4,20.9,16.1,20.1,논산(부여)
2025-10-14,20.6,22.5,19.3,22.9,무안(목포)
2025-10-14,16.9,20.1,14.5,19.1,상주
2025-10-14,19.7,23.0,17.5,24.0,신안
2025-10-14,24.1,25.8,23.1,24.1,제주
2025-10-14,20.0,21.6,17.9,19.8,창녕(밀양)
2025-10-14,11.9,13.3,9.3,13.7,평창
2025-10-14,17.1,21.3,13.3,19.4,포천(동두천)
2025-10-14,20.8,23.4,17.4,23.8,해남
2025-10-15,19.9,24.9,16.6,20.6,논산(부여)
2025-10-15,20.5,22.3,18.8,21.4,무안(목포)
2025-10-15,19.1,23.7,16.5,20.6,상주
2025-10-15,20.6,22.8,17.5,22.7,신안
2025-10-15,24.4,27.5,22.9,25.3,제주
2025-10-15,20.7,26.0,16.0,22.0,창녕(밀양)
2025-10-15,13.1,14.3,12.1,15.1,평창
2025-10-15,18.6,25.4,13.5,20.4,포천(동두천)
2025-10-15,21.1,22.9,18.4,21.1,해남
2025-10-16,19.3,22.8,16.8,21.3,논산(부여)
2025-10-16,20.9,23.1,19.0,22.2,무안(목포)
2025-10-16,19.1,23.0,16.1,20.5,상주
2025-10-16,20.2,23.9,19.1,21.0,신안
2025-10-16,24.2,26.5,22.3,23.0,제주
2025-10-16,21.0,25.4,18.7,22.7,창녕(밀양)
2025-10-16,12.7,14.4,11.6,15.1,평창
2025-10-16,18.5,23.8,14.6,20.9,포천(동두천)
2025-10-16,21.4,24.4,17.5,23.5,해남
2025-10-17,19.9,25.2,16.1,20.8,논산(부여)
2025-10-17,21.3,25.0,18.8,21.9,무안(목포)
2025-10-17,18.7,23.8,14.6,20.0,상주
2025-10-17,20.3,22.3,19.3,20.1,신안
2025-10-17,24.3,26.8,22.4,23.6,제주
2025-10-17,20.8,26.7,15.6,23.8,창녕(밀양)
2025-10-17,12.8,17.1,11.3,15.4,평창
2025-10-17,17.6,24.7,12.1,19.2,포천(동두천)
2025-10-17,22.0,25.1,19.2,21.1,해남
2025-10-18,16.7,18.9,13.3,18.9,논산(부여)
2025-10-18,19.1,22.4,16.6,19.4,무안(목포)
2025-10-18,17.4,20.2,15.8,19.4,상주
2025-10-18,17.7,22.0,16.1,18.3,신안
2025-10-18,22.0,24.5,20.1,21.3,제주
2025-10-18,19.8,21.6,18.5,20.6,창녕(밀양)
2025-10-18,10.9,12.8,8.3,14.2,평창
2025-10-18,14.4,16.7,12.0,17.0,포천(동두천)
2025-10-18,19.3,22.7,16.1,20.4,해남
2025-10-19,16.3,21.7,12.1,17.6,논산(부여)
2025-10-19,17.3,20.8,15.5,18.6,무안(목포)
2025-10-19,16.8,20.7,13.3,18.9,상주
2025-10-19,16.7,20.0,14.9,16.9,신안
2025-10-19,21.3,23.1,19.4,20.4,제주
2025-10-19,18.8,22.6,16.3,20.8,창녕(밀양)
2025-10-19,11.1,17.1,8.1,13.9,평창
2025-10-19,-99.0,18.8,7.4,11.7,포천(동두천)
2025-10-19,18.0,21.0,15.9,20.2,해남
2025-10-20,11.9,17.5,5.5,15.3,논산(부여)
2025-10-20,13.4,16.2,10.2,15.8,무안(목포)
2025-10-20,13.1,19.4,8.5,15.6,상주
2025-10-20,13.9,15.7,12.2,15.0,신안
2025-10-20,17.8,20.5,16.4,18.7,제주
2025-10-20,15.8,21.6,11.6,16.0,창녕(밀양)
2025-10-20,6.2,8.8,5.0,11.0,평창
2025-10-20,8.8,16.4,4.8,13.2,포천(동두천)
2025-10-20,13.6,17.7,9.0,17.2,해남
2025-10-21,10.8,15.5,7.1,13.5,논산(부여)
2025-10-21,13.2,15.2,11.7,14.7,무안(목포)
2025-10-21,13.8,17.3,11.1,16.5,상주
2025-10-21,13.9,15.0,13.3,14.2,신안
2025-10-21,18.1,19.1,17.4,17.3,제주
2025-10-21,16.3,18.9,12.3,16.8,창녕(밀양)
2025-10-21,6.5,9.8,5.1,10.4,평창
2025-10-21,8.2,15.8,3.2,10.7,포천(동두천)
2025-10-21,13.2,16.4,9.3,15.8,해남
2025-10-22,13.3,20.9,5.7,14.1,논산(부여)
2025-10-22,14.1,18.0,9.1,15.6,무안(목포)
2025-10-22,13.8,18.1,9.3,15.9,상주
2025-10-22,15.2,18.0,12.8,16.5,신안
2025-10-22,19.9,21.7,17.4,19.6,제주
2025-10-22,16.4,20.4,13.1,17.9,창녕(밀양)
2025-10-22,7.4,8.6,5.0,10.7,평창
2025-10-22,11.6,19.7,3.2,13.4,포천(동두천)
2025-10-22,13.5,21.4,7.1,19.3,해남
2025-10-23,15.2,22.0,9.7,16.6,논산(부여)
2025-10-23,16.4,20.5,13.3,17.4,무안(목포)
2025-10-23,14.3,20.1,11.1,16.6,상주
2025-10-23,16.9,20.6,15.1,17.8,신안
2025-10-23,20.7,23.6,19.3,21.1,제주
2025-10-23,16.3,23.1,11.0,19.6,창녕(밀양)
2025-10-23,8.9,13.2,7.5,12.0,평창
2025-10-23,13.4,20.6,8.8,15.1,포천(동두천)
2025-10-23,15.4,23.4,9.0,19.9,해남
2025-10-24,15.2,21.7,11.2,16.8,논산(부여)
2025-10-24,16.4,20.6,13.2,17.7,무안(목포)
2025-10-24,13.5,18.5,9.8,15.8,상주
2025-10-24,16.8,20.9,15.3,17.4,신안
2025-10-24,20.7,23.4,18.6,22.7,제주
2025-10-24,16.6,23.0,10.7,16.8,창녕(밀양)
2025-10-24,7.5,8.8,6.0,10.6,평창
2025-10-24,13.7,20.8,7.6,15.3,포천(동두천)
2025-10-24,15.1,23.1,8.1,19.4,해남
2025-10-25,14.2,20.4,9.7,16.4,논산(부여)
2025-10-25,15.7,18.1,13.0,17.2,무안(목포)
2025-10-25,14.8,20.7,11.6,16.0,상주
2025-10-25,15.5,17.4,14.4,17.0,신안
2025-10-25,19.4,21.1,18.3,21.1,제주
2025-10-25,16.7,23.7,12.6,17.8,창녕(밀양)
2025-10-25,8.2,13.5,4.8,10.2,평창
2025-10-25,12.4,18.2,9.3,14.4,포천(동두천)
2025-10-25,15.1,19.7,10.5,19.2,해남
2025-10-26,12.2,18.0,9.5,13.9,논산(부여)
2025-10-26,15.5,18.4,13.3,15.8,무안(목포)
2025-10-26,14.1,18.7,11.8,14.9,상주
2025-10-26,15.8,18.4,14.5,17.3,신안
2025-10-26,18.3,21.2,17.1,19.6,제주
2025-10-26,14.9,20.7,10.0,16.4,창녕(밀양)
2025-10-26,8.0,14.4,5.5,9.9,평창
2025-10-26,10.4,12.9,8.7,12.6,포천(동두천)
2025-10-26,15.3,20.2,11.6,17.9,해남
2025-10-27,9.5,14.2,3.9,11.9,논산(부여)
2025-10-27,12.2,15.2,10.1,13.6,무안(목포)
2025-10-27,9.5,12.7,5.5,11.1,상주
2025-10-27,12.7,15.0,11.6,13.7,신안
2025-10-27,15.9,18.2,14.1,19.1,제주
2025-10-27,9.5,15.4,3.8,12.3,창녕(밀양)
2025-10-27,3.2,6.9,0.1,4.2,평창
2025-10-27,6.7,11.8,1.6,8.8,포천(동두천)
2025-10-27,11.4,14.5,6.3,17.0,해남
2025-10-28,7.8,15.7,1.8,11.8,논산(부여)
2025-10-28,11.3,15.0,8.3,13.0,무안(목포)
2025-10-28,7.5,15.0,1.8,9.4,상주
2025-10-28,12.9,16.3,11.2,15.6,신안
2025-10-28,14.2,17.4,11.6,19.2,제주
2025-10-28,8.2,16.0,1.7,11.3,창녕(밀양)
2025-10-28,2.7,9.6,-4.2,2.5,평창
2025-10-28,5.7,13.6,-1.8,7.8,포천(동두천)
2025-10-28,9.0,16.1,2.6,14.5,해남
2025-10-29,8.7,17.8,2.2,11.8,논산(부여)
2025-10-29,12.3,18.6,6.5,13.4,무안(목포)
2025-10-29,6.8,16.2,0.3,9.5,상주
2025-10-29,14.1,19.3,11.8,16.8,신안
2025-10-29,15.5,19.6,11.4,17.6,제주
2025-10-29,9.2,18.7,0.9,12.3,창녕(밀양)
2025-10-29,3.4,12.1,-4.0,3.8,평창
2025-10-29,8.9,17.2,2.0,9.9,포천(동두천)
2025-10-29,8.8,18.7,0.8,13.8,해남
2025-10-30,9.6,17.1,3.0,11.4,논산(부여)
2025-10-30,13.8,18.3,9.1,13.3,무안(목포)
2025-10-30,7.9,15.6,1.2,10.2,상주
2025-10-30,15.1,18.4,13.0,16.0,신안
2025-10-30,18.0,21.0,15.1,18.7,제주
2025-10-30,11.1,19.4,3.3,12.1,창녕(밀양)
2025-10-30,-99.0,16.1,-1.5,6.5,평창
2025-10-30,10.5,17.6,4.0,11.0,포천(동두천)
2025-10-30,12.1,19.7,3.9,14.4,해남
2025-10-31,12.4,20.4,4.3,13.9,논산(부여)
2025-10-31,14.5,18.7,10.3,15.3,무안(목포)
2025-10-31,10.2,18.5,4.2,11.6,상주
2025-10-31,15.7,19.4,13.1,18.3,신안
2025-10-31,18.6,21.7,16.3,19.6,제주
2025-10-31,12.7,21.3,7.5,13.5,창녕(밀양)
2025-10-31,-99.0,-99.0,-99.0,8.3,평창
2025-10-31,13.3,19.0,9.1,14.1,포천(동두천)
2025-10-31,13.5,20.6,6.0,17.7,해남
2025-11-01,12.6,18.3,7.9,14.3,논산(부여)
2025-11-01,15.2,17.2,13.2,15.1,무안(목포)
2025-11-01,13.5,17.8,10.1,12.6,상주
2025-11-01,15.4,18.1,13.6,17.4,신안
2025-11-01,17.8,20.1,16.6,17.9,제주
2025-11-01,12.6,20.1,7.6,13.3,창녕(밀양)
2025-11-01,-99.0,-99.0,-99.0,8.5,평창
2025-11-01,11.1,16.8,7.1,13.1,포천(동두천)
2025-11-01,13.4,18.9,7.3,14.7,해남
2025-11-02,9.0,14.5,4.7,11.9,논산(부여)
2025-11-02,12.8,15.9,9.9,13.0,무안(목포)
2025-11-02,10.2,14.6,5.4,11.1,상주
2025-11-02,13.1,16.5,10.2,14.9,신안
2025-11-02,16.3,20.1,13.0,18.3,제주
2025-11-02,11.7,19.5,5.9,13.1,창녕(밀양)
2025-11-02,-99.0,-99.0,-99.0,4.5,평창
2025-11-02,6.1,11.7,1.1,8.4,포천(동두천)
2025-11-02,11.9,17.6,5.5,13.8,해남
2025-11-03,5.8,14.1,-1.3,9.5,논산(부여)
2025-11-03,8.8,12.4,4.3,11.4,무안(목포)
2025-11-03,6.6,14.6,-0.2,8.2,상주
2025-11-03,10.3,13.8,8.6,13.0,신안
2025-11-03,13.0,15.4,11.2,16.4,제주
2025-11-03,9.5,17.1,1.7,11.2,창녕(밀양)
2025-11-03,-99.0,-99.0,-99.0,4.1,평창
2025-11-03,4.8,13.6,-2.3,6.6,포천(동두천)
2025-11-03,9.4,16.0,5.0,13.4,해남
2025-11-04,9.5,17.7,3.5,11.9,논산(부여)
2025-11-04,11.9,16.7,8.3,13.3,무안(목포)
2025-11-04,8.9,18.2,2.2,9.8,상주
2025-11-04,12.4,16.9,8.2,13.8,신안
2025-11-04,16.5,19.0,12.5,17.7,제주
2025-11-04,10.9,19.5,4.1,11.7,창녕(밀양)
2025-11-04,-99.0,-99.0,-99.0,5.6,평창
2025-11-04,7.2,16.0,0.6,8.6,포천(동두천)
2025-11-04,10.8,19.0,5.1,14.3,해남
2025-11-05,9.6,18.6,3.5,11.1,논산(부여)
2025-11-05,13.4,18.8,9.3,14.1,무안(목포)
2025-11-05,8.8,17.7,2.5,9.9,상주
2025-11-05,14.6,18.1,12.2,16.4,신안
2025-11-05,17.8,21.3,14.9,21.7,제주
2025-11-05,11.7,21.2,4.8,12.5,창녕(밀양)
2025-11-05,4.1,13.1,-2.4,4.2,평창
2025-11-05,8.6,18.0,1.6,9.0,포천(동두천)
2025-11-05,11.9,21.6,4.1,15.5,해남
2025-11-06,11.1,20.5,3.3,12.2,논산(부여)
2025-11-06,13.6,18.4,9.2,14.1,무안(목포)
2025-11-06,10.4,21.0,2.9,10.5,상주
2025-11-06,15.5,18.8,13.5,16.8,신안
2025-11-06,18.2,22.1,15.5,19.5,제주
2025-11-06,12.8,23.1,5.4,14.2,창녕(밀양)
2025-11-06,4.6,15.6,-2.5,6.2,평창
2025-11-06,9.9,18.7,3.4,9.9,포천(동두천)
2025-11-06,11.9,21.2,3.5,15.7,해남
2025-11-07,11.5,20.0,6.5,12.9,논산(부여)
2025-11-07,15.5,21.7,10.5,15.1,무안(목포)
2025-11-07,11.3,19.2,5.1,11.6,상주
2025-11-07,15.9,22.5,13.7,18.1,신안
2025-11-07,19.0,22.8,16.5,19.4,제주
2025-11-07,13.2,21.8,5.7,13.2,창녕(밀양)
2025-11-07,6.0,14.1,-2.6,5.3,평창
2025-11-07,11.7,20.2,4.9,10.6,포천(동두천)
2025-11-07,13.5,22.1,5.3,15.9,해남
2025-11-08,13.1,18.3,7.2,13.0,논산(부여)
2025-11-08,15.2,18.7,13.1,14.7,무안(목포)
2025-11-08,11.3,16.1,5.6,12.2,상주
2025-11-08,15.2,17.6,13.3,14.4,신안
2025-11-08,17.9,19.5,16.8,16.9,제주
2025-11-08,13.3,19.3,6.5,13.2,창녕(밀양)
2025-11-08,7.4,8.8,6.6,8.7,평창
2025-11-08,11.8,15.7,8.8,11.4,포천(동두천)
2025-11-08,15.5,18.7,12.4,15.3,해남
2025-11-09,13.1,19.6,8.7,15.0,논산(부여)
2025-11-09,14.5,17.5,13.0,15.0,무안(목포)
2025-11-09,13.7,19.3,10.1,13.0,상주
2025-11-09,14.8,17.3,13.5,16.0,신안
2025-11-09,17.3,21.0,16.1,16.9,제주
2025-11-09,14.0,20.6,8.7,15.4,창녕(밀양)
2025-11-09,8.4,12.8,4.5,7.8,평창
2025-11-09,11.5,18.2,7.7,11.6,포천(동두천)
2025-11-09,14.7,19.3,11.1,15.7,해남
2025-11-10,7.8,15.0,1.5,10.3,논산(부여)
2025-11-10,11.1,14.2,7.2,11.4,무안(목포)
2025-11-10,10.2,15.7,5.5,9.3,상주
2025-11-10,12.1,15.4,10.0,14.2,신안
2025-11-10,14.5,17.3,10.3,14.3,제주
2025-11-10,9.6,16.5,3.4,11.1,창녕(밀양)
2025-11-10,4.3,10.8,0.0,2.9,평창
2025-11-10,7.3,12.5,2.9,7.0,포천(동두천)
2025-11-10,11.1,15.4,3.2,12.6,해남
2025-11-11,7.4,16.2,0.7,9.4,논산(부여)
2025-11-11,10.1,14.4,6.6,10.6,무안(목포)
2025-11-11,9.1,16.3,4.4,9.1,상주
2025-11-11,12.2,15.0,10.4,12.2,신안
2025-11-11,13.6,17.1,10.2,13.5,제주
2025-11-11,8.9,18.3,2.0,12.5,창녕(밀양)
2025-11-11,2.7,12.2,-3.5,2.9,평창
2025-11-11,6.6,15.4,-0.3,7.1,포천(동두천)
2025-11-11,9.8,16.8,3.1,11.5,해남
2025-11-12,7.5,15.9,1.0,8.7,논산(부여)
2025-11-12,10.3,13.7,6.8,10.3,무안(목포)
2025-11-12,8.0,14.9,0.3,8.2,상주
2025-11-12,12.7,14.6,11.6,12.2,신안
2025-11-12,15.4,18.1,12.6,13.7,제주
2025-11-12,8.4,15.9,1.7,8.2,창녕(밀양)
2025-11-12,3.4,13.2,-5.7,2.0,평창
2025-11-12,8.4,17.2,2.0,8.2,포천(동두천)
2025-11-12,7.4,13.6,0.8,9.2,해남
2025-11-13,7.9,18.5,1.1,9.8,논산(부여)
2025-11-13,11.9,16.7,7.8,11.5,무안(목포)
2025-11-13,10.0,17.7,3.0,9.1,상주
2025-11-13,14.1,18.5,10.9,14.2,신안
2025-11-13,15.9,20.0,13.4,16.6,제주
2025-11-13,10.2,20.4,5.7,11.1,창녕(밀양)
2025-11-13,6.3,12.5,-1.3,3.8,평창
2025-11-13,9.1,18.2,3.7,8.9,포천(동두천)
2025-11-13,11.2,18.1,3.4,14.0,해남
2025-11-14,7.0,16.4,0.1,9.3,논산(부여)
2025-11-14,10.9,14.1,8.1,11.0,무안(목포)
2025-11-14,8.8,15.6,3.5,7.7,상주
2025-11-14,12.6,15.3,11.4,14.3,신안
2025-11-14,14.3,18.5,11.0,15.0,제주
2025-11-14,8.9,19.7,1.9,9.6,창녕(밀양)
2025-11-14,2.5,11.8,-4.3,1.7,평창
2025-11-14,6.7,14.7,0.3,6.3,포천(동두천)
2025-11-14,11.1,16.2,6.3,12.6,해남
2025-11-15,7.2,16.8,1.5,9.2,논산(부여)
2025-11-15,11.5,17.5,7.0,11.5,무안(목포)
2025-11-15,7.2,15.7,1.2,6.9,상주
2025-11-15,12.5,16.4,10.3,15.2,신안
2025-11-15,13.9,18.9,9.5,14.1,제주
2025-11-15,9.1,19.1,1.9,10.1,창녕(밀양)
2025-11-15,2.0,13.9,-6.1,1.9,평창
2025-11-15,6.7,16.5,-0.9,6.1,포천(동두천)
2025-11-15,9.1,19.6,1.9,12.1,해남
2025-11-16,9.6,19.4,2.2,10.2,논산(부여)
2025-11-16,13.0,18.7,7.3,12.0,무안(목포)
2025-11-16,9.6,17.3,0.8,7.7,상주
2025-11-16,14.6,21.5,10.7,16.1,신안
2025-11-16,16.2,21.9,11.2,15.7,제주
2025-11-16,9.8,20.2,2.4,9.9,창녕(밀양)
2025-11-16,6.0,14.2,-4.9,1.9,평창
2025-11-16,9.7,18.1,0.4,7.9,포천(동두천)
2025-11-16,10.5,20.4,2.2,12.4,해남
2025-11-17,6.2,10.8,2.9,7.5,논산(부여)
2025-11-17,8.9,13.1,6.9,9.7,무안(목포)
2025-11-17,6.6,12.6,2.0,7.4,상주
2025-11-17,9.4,13.6,7.8,10.3,신안
2025-11-17,12.2,16.2,9.5,13.1,제주
2025-11-17,7.6,13.3,3.8,8.0,창녕(밀양)
2025-11-17,0.6,8.5,-5.4,1.8,평창
2025-11-17,2.3,8.6,-2.0,4.7,포천(동두천)
2025-11-17,9.2,13.0,7.0,11.2,해남
2025-11-18,3.6,7.7,-1.5,6.2,논산(부여)
2025-11-18,6.5,7.9,5.4,9.0,무안(목포)
2025-11-18,2.5,7.2,-1.3,4.1,상주
2025-11-18,8.5,10.1,7.2,8.6,신안
2025-11-18,10.3,11.9,8.7,10.5,제주
2025-11-18,3.9,9.3,-0.1,4.8,창녕(밀양)
2025-11-18,-4.3,0.6,-8.2,-1.7,평창
2025-11-18,0.0,6.6,-5.0,2.0,포천(동두천)
2025-11-18,7.4,10.4,5.3,11.6,해남
2025-11-19,4.2,9.5,-0.2,6.5,논산(부여)
2025-11-19,6.4,8.4,4.9,9.3,무안(목포)
2025-11-19,3.6,9.1,-2.1,4.6,상주
2025-11-19,8.6,9.7,6.3,7.8,신안
2025-11-19,10.4,13.1,8.2,8.8,제주
2025-11-19,4.9,11.4,0.1,7.6,창녕(밀양)
2025-11-19,-2.9,4.4,-10.5,-1.5,평창
2025-11-19,0.4,7.5,-5.0,2.2,포천(동두천)
2025-11-19,6.6,10.7,3.0,10.1,해남
2025-11-20,7.1,15.2,-0.3,8.4,논산(부여)
2025-11-20,9.9,13.8,5.3,9.6,무안(목포)
2025-11-20,8.7,14.5,1.7,6.5,상주
2025-11-20,12.1,15.5,8.9,12.4,신안
2025-11-20,12.5,15.0,9.8,9.4,제주
2025-11-20,6.8,16.0,-2.1,8.2,창녕(밀양)
2025-11-20,2.4,6.5,-4.2,-0.2,평창
2025-11-20,5.3,14.6,-2.0,4.7,포천(동두천)
2025-11-20,8.0,14.7,0.0,9.7,해남
2025-11-21,4.8,13.1,-0.7,6.7,논산(부여)
2025-11-21,9.5,12.5,7.4,9.1,무안(목포)
2025-11-21,7.2,12.4,2.4,5.9,상주
2025-11-21,11.4,14.6,9.3,13.6,신안
2025-11-21,13.2,16.2,11.3,11.1,제주
2025-11-21,6.5,14.5,0.3,7.1,창녕(밀양)
2025-11-21,1.5,5.5,-5.2,0.1,평창
2025-11-21,5.1,12.1,-3.0,4.1,포천(동두천)
2025-11-21,8.1,14.1,1.6,10.4,해남
2025-11-22,5.4,15.4,-1.3,6.8,논산(부여)
2025-11-22,9.4,14.5,4.2,9.4,무안(목포)
2025-11-22,7.9,15.2,1.0,7.1,상주
2025-11-22,12.0,16.4,9.1,13.0,신안
2025-11-22,12.3,16.5,9.1,11.6,제주
2025-11-22,6.2,16.8,-1.0,7.2,창녕(밀양)
2025-11-22,4.4,9.1,1.0,1.7,평창
2025-11-22,6.5,15.0,0.4,5.4,포천(동두천)
2025-11-22,6.2,15.4,-1.1,9.0,해남
2025-11-23,7.2,15.6,0.7,7.8,논산(부여)
2025-11-23,11.2,16.5,5.3,10.8,무안(목포)
2025-11-23,8.3,15.8,1.6,7.4,상주
2025-11-23,13.5,18.4,9.8,14.7,신안
2025-11-23,13.5,19.4,8.6,11.4,제주
2025-11-23,6.5,16.7,-0.5,7.0,창녕(밀양)
2025-11-23,5.7,9.9,1.8,3.2,평창
2025-11-23,8.8,14.7,2.2,6.8,포천(동두천)
2025-11-23,8.0,17.0,-0.1,10.8,해남
2025-11-24,9.5,17.7,4.8,9.9,논산(부여)
2025-11-24,13.5,18.7,10.4,12.5,무안(목포)
2025-11-24,10.9,17.5,4.9,9.1,상주
2025-11-24,15.2,19.5,12.3,16.0,신안
2025-11-24,16.8,21.3,13.8,15.3,제주
2025-11-24,10.8,19.8,5.0,12.2,창녕(밀양)
2025-11-24,6.7,12.2,3.7,5.2,평창
2025-11-24,11.8,17.2,6.4,9.5,포천(동두천)
2025-11-24,10.8,19.6,6.4,12.8,해남
2025-11-25,8.4,11.5,6.1,9.0,논산(부여)
2025-11-25,10.2,12.9,8.4,9.9,무안(목포)
2025-11-25,7.5,11.3,4.6,7.7,상주
2025-11-25,10.2,13.7,8.4,10.3,신안
2025-11-25,12.5,15.7,10.1,9.7,제주
2025-11-25,7.7,14.6,1.8,7.3,창녕(밀양)
2025-11-25,1.7,5.1,-0.7,2.3,평창
2025-11-25,5.4,6.8,4.0,6.2,포천(동두천)
2025-11-25,8.7,12.2,5.2,9.1,해남
2025-11-26,6.0,11.2,0.3,8.4,논산(부여)
2025-11-26,8.7,11.2,6.0,10.2,무안(목포)
2025-11-26,5.8,12.2,1.5,6.9,상주
2025-11-26,9.1,12.3,6.7,11.7,신안
2025-11-26,10.9,13.8,8.7,9.9,제주
2025-11-26,7.0,14.7,0.5,7.5,창녕(밀양)
2025-11-26,1.2,4.8,-1.5,2.5,평창
2025-11-26,5.0,11.5,1.2,6.1,포천(동두천)
2025-11-26,7.4,13.0,-0.1,9.8,해남
2025-11-27,5.3,10.7,-0.8,5.5,논산(부여)
2025-11-27,8.3,12.6,5.6,8.1,무안(목포)
2025-11-27,3.8,8.5,-0.5,5.7,상주
2025-11-27,10.5,13.3,7.9,10.7,신안
2025-11-27,12.1,16.7,8.7,9.2,제주
2025-11-27,8.4,13.2,3.0,9.0,창녕(밀양)
2025-11-27,0.7,4.9,-1.8,0.5,평창
2025-11-27,3.8,7.0,0.3,4.7,포천(동두천)
2025-11-27,7.6,14.4,-0.3,7.9,해남
2025-11-28,3.9,9.1,-2.3,5.6,논산(부여)
2025-11-28,6.8,9.6,3.6,7.8,무안(목포)
2025-11-28,3.2,8.8,-2.1,5.0,상주
2025-11-28,8.0,11.5,5.9,9.8,신안
2025-11-28,10.0,13.7,6.3,10.4,제주
2025-11-28,5.0,11.8,-0.6,6.3,창녕(밀양)
2025-11-28,-2.3,3.7,-6.0,-1.6,평창
2025-11-28,0.5,6.6,-3.5,2.3,포천(동두천)
2025-11-28,5.8,11.0,-1.3,7.8,해남
2025-11-29,5.8,14.9,-4.1,5.9,논산(부여)
2025-11-29,9.8,15.4,1.7,8.6,무안(목포)
2025-11-29,1.6,9.6,-5.0,3.7,상주
2025-11-29,13.3,17.8,6.4,14.6,신안
2025-11-29,11.9,18.5,5.5,10.3,제주
2025-11-29,5.1,15.1,-3.5,6.0,창녕(밀양)
2025-11-29,1.4,7.1,-8.5,-0.8,평창
2025-11-29,4.0,9.8,-4.0,2.9,포천(동두천)
2025-11-29,7.1,17.0,-3.5,8.0,해남
2025-11-30,11.1,18.0,4.7,9.8,논산(부여)
2025-11-30,14.3,19.0,10.2,12.0,무안(목포)
2025-11-30,6.3,15.6,-1.6,5.7,상주
2025-11-30,15.1,19.5,12.7,15.8,신안
2025-11-30,16.6,23.0,10.8,13.6,제주
2025-11-30,10.7,20.4,1.6,9.3,창녕(밀양)
2025-11-30,8.5,12.2,6.2,5.1,평창
2025-11-30,11.2,16.7,6.3,9.0,포천(동두천)
2025-11-30,10.7,19.5,3.4,11.3,해남
2025-12-01,6.9,12.5,0.1,7.1,논산(부여)
2025-12-01,9.0,13.3,5.5,9.4,무안(목포)
2025-12-01,8.5,12.5,3.2,6.5,상주
2025-12-01,9.6,13.6,7.5,10.9,신안
2025-12-01,13.0,16.5,8.3,12.8,제주
2025-12-01,7.8,16.5,1.0,7.0,창녕(밀양)
2025-12-01,3.1,7.8,-3.3,2.2,평창
2025-12-01,4.2,11.3,0.4,4.5,포천(동두천)
2025-12-01,8.4,13.4,2.7,10.0,해남
2025-12-02,2.4,6.9,-0.9,3.8,논산(부여)
2025-12-02,5.1,8.0,2.6,6.5,무안(목포)
2025-12-02,3.1,8.3,-1.7,4.3,상주
2025-12-02,7.1,10.3,4.6,7.7,신안
2025-12-02,9.6,12.2,7.0,9.5,제주
2025-12-02,5.5,11.3,-1.1,6.1,창녕(밀양)
2025-12-02,-3.2,1.2,-8.7,-1.8,평창
2025-12-02,-1.7,4.3,-7.4,1.2,포천(동두천)
2025-12-02,5.9,10.0,2.6,7.6,해남
2025-12-03,-2.6,1.2,-6.6,1.6,논산(부여)
2025-12-03,1.6,3.9,-0.6,4.4,무안(목포)
2025-12-03,-3.2,0.8,-6.5,1.5,상주
2025-12-03,3.6,5.6,1.3,2.7,신안
2025-12-03,6.4,8.9,4.4,6.2,제주
2025-12-03,0.8,5.4,-3.3,2.7,창녕(밀양)
2025-12-03,-11.2,-7.4,-13.5,-5.4,평창
2025-12-03,-7.3,-2.3,-10.4,-2.2,포천(동두천)
2025-12-03,1.4,4.9,-1.2,3.5,해남
2025-12-04,-1.0,4.3,-6.4,2.7,논산(부여)
2025-12-04,2.9,7.9,-1.3,5.8,무안(목포)
2025-12-04,-1.6,2.9,-6.8,0.8,상주
2025-12-04,6.6,9.1,3.7,7.7,신안
2025-12-04,8.5,10.6,5.3,6.4,제주
2025-12-04,-0.3,7.0,-6.4,0.1,창녕(밀양)
2025-12-04,-8.7,-2.3,-15.2,-4.4,평창
2025-12-04,-5.6,1.1,-12.6,-2.0,포천(동두천)
2025-12-04,3.0,7.7,-1.0,6.2,해남
2025-12-05,-0.7,5.4,-5.6,1.8,논산(부여)
2025-12-05,3.0,7.2,-0.1,4.8,무안(목포)
2025-12-05,-1.0,3.3,-4.7,1.1,상주
2025-12-05,5.3,8.1,2.9,5.3,신안
2025-12-05,7.3,10.8,3.9,7.6,제주
2025-12-05,0.8,7.1,-4.7,1.3,창녕(밀양)
2025-12-05,-7.3,-1.9,-11.4,-2.5,평창
2025-12-05,-5.1,0.5,-10.9,-0.5,포천(동두천)
2025-12-05,2.2,6.8,-5.3,5.4,해남
2025-12-06,3.1,9.9,-6.7,2.5,논산(부여)
2025-12-06,5.6,11.3,-1.6,5.5,무안(목포)
2025-12-06,3.2,11.1,-5.9,2.1,상주
2025-12-06,9.8,14.2,3.0,9.6,신안
2025-12-06,10.7,15.8,4.1,9.5,제주
2025-12-06,0.7,10.1,-7.2,1.5,창녕(밀양)
2025-12-06,-0.1,3.9,-9.0,-1.7,평창
2025-12-06,0.1,3.7,-5.9,-0.2,포천(동두천)
2025-12-06,2.1,12.5,-7.6,4.5,해남
2025-12-07,8.1,14.7,0.7,6.8,논산(부여)
2025-12-07,11.2,15.5,7.2,9.2,무안(목포)
2025-12-07,10.2,14.9,2.2,5.2,상주
2025-12-07,12.9,17.0,10.8,13.3,신안
2025-12-07,14.7,18.5,12.0,12.3,제주
2025-12-07,4.5,14.9,-3.2,4.2,창녕(밀양)
2025-12-07,4.7,8.3,1.6,0.2,평창
2025-12-07,5.2,12.8,-2.1,3.4,포천(동두천)
2025-12-07,7.1,16.9,-0.7,8.0,해남
2025-12-08,3.9,9.7,-3.1,4.2,논산(부여)
2025-12-08,7.2,10.7,3.3,7.1,무안(목포)
2025-12-08,5.7,11.0,0.9,3.1,상주
2025-12-08,8.7,11.4,5.8,9.2,신안
2025-12-08,11.0,14.1,7.8,10.9,제주
2025-12-08,4.7,11.3,-2.2,4.1,창녕(밀양)
2025-12-08,-0.4,4.5,-4.2,-1.5,평창
2025-12-08,1.8,7.3,-3.3,2.1,포천(동두천)
2025-12-08,7.4,10.8,2.8,8.0,해남
2025-12-09,0.7,8.9,-5.5,2.2,논산(부여)
2025-12-09,5.3,8.8,1.5,5.6,무안(목포)
2025-12-09,2.3,8.8,-2.8,1.5,상주
2025-12-09,7.8,10.8,5.8,9.5,신안
2025-12-09,8.8,12.3,7.0,9.6,제주
2025-12-09,1.8,10.1,-5.6,1.5,창녕(밀양)
2025-12-09,-2.9,2.2,-10.0,-3.2,평창
2025-12-09,0.6,7.7,-5.7,0.8,포천(동두천)
2025-12-09,3.0,10.9,-2.9,3.8,해남
2025-12-10,3.6,11.8,-2.5,4.2,논산(부여)
2025-12-10,8.2,13.4,2.9,7.6,무안(목포)
2025-12-10,2.7,10.1,-3.8,2.3,상주
2025-12-10,10.5,13.7,6.9,10.7,신안
2025-12-10,11.3,15.5,6.5,10.1,제주
2025-12-10,4.4,13.9,-2.8,4.2,창녕(밀양)
2025-12-10,0.7,4.5,-4.9,-1.4,평창
2025-12-10,3.3,8.5,-2.1,2.3,포천(동두천)
2025-12-10,6.7,13.9,-1.7,7.0,해남
2025-12-11,5.9,12.7,-0.4,6.2,논산(부여)
2025-12-11,8.5,13.1,3.4,8.4,무안(목포)
2025-12-11,4.2,12.0,-0.2,4.5,상주
2025-12-11,9.4,13.6,4.7,9.6,신안
2025-12-11,12.4,16.0,8.0,10.5,제주
2025-12-11,7.5,15.4,2.5,7.6,창녕(밀양)
2025-12-11,0.5,4.0,-3.8,-0.5,평창
2025-12-11,2.5,8.7,-3.3,3.9,포천(동두천)
2025-12-11,9.4,15.0,3.5,9.5,해남
2025-12-12,1.4,9.0,-4.3,2.7,논산(부여)
2025-12-12,3.8,7.9,-0.9,5.4,무안(목포)
2025-12-12,2.2,7.8,-3.8,2.4,상주
2025-12-12,6.1,8.1,4.2,7.1,신안
2025-12-12,10.0,13.4,4.9,7.6,제주
2025-12-12,4.2,9.9,-0.7,5.0,창녕(밀양)
2025-12-12,-3.8,-2.0,-5.1,-0.5,평창
2025-12-12,0.2,6.4,-5.5,0.3,포천(동두천)
2025-12-12,5.1,12.2,-4.0,4.6,해남
2025-12-13,2.8,5.9,-0.9,3.8,논산(부여)
2025-12-13,5.9,8.5,3.5,6.6,무안(목포)
2025-12-13,1.9,5.1,-1.4,3.2,상주
2025-12-13,6.7,8.5,5.3,6.1,신안
2025-12-13,11.5,15.5,7.9,9.8,제주
2025-12-13,4.7,11.4,-2.7,3.9,창녕(밀양)
2025-12-13,-1.3,3.0,-5.1,-0.6,평창
2025-12-13,0.6,3.5,-1.8,1.4,포천(동두천)
2025-12-13,6.4,10.4,2.0,7.1,해남
2025-12-14,1.7,5.0,-0.6,2.7,논산(부여)
2025-12-14,4.8,6.4,3.0,4.8,무안(목포)
2025-12-14,1.2,2.8,-0.4,2.1,상주
2025-12-14,5.8,6.6,4.5,5.3,신안
2025-12-14,8.4,9.0,7.1,6.3,제주
2025-12-14,2.7,7.7,-1.1,2.0,창녕(밀양)
2025-12-14,-5.6,-2.8,-7.6,-0.5,평창
2025-12-14,-2.1,0.8,-5.0,1.8,포천(동두천)
2025-12-14,4.9,7.2,2.7,5.4,해남
2025-12-15,1.9,7.6,-2.6,3.4,논산(부여)
2025-12-15,5.7,8.7,2.2,6.5,무안(목포)
2025-12-15,1.7,7.6,-2.8,1.8,상주
2025-12-15,7.2,10.8,4.9,8.1,신안
2025-12-15,8.7,12.6,6.0,7.2,제주
2025-12-15,2.3,10.9,-3.6,2.9,창녕(밀양)
2025-12-15,-3.6,0.8,-12.4,-0.7,평창
2025-12-15,-1.7,2.1,-6.5,-0.6,포천(동두천)
2025-12-15,3.4,10.2,-1.8,4.7,해남
2025-12-16,4.2,7.9,0.5,4.5,논산(부여)
2025-12-16,7.5,11.5,2.2,6.9,무안(목포)
2025-12-16,1.9,4.6,-1.8,2.9,상주
2025-12-16,10.8,14.3,7.6,10.5,신안
2025-12-16,12.0,17.7,6.3,8.7,제주
2025-12-16,3.4,8.8,-4.0,2.4,창녕(밀양)
2025-12-16,0.3,2.0,-2.1,-0.6,평창
2025-12-16,2.5,4.5,0.1,2.0,포천(동두천)
2025-12-16,6.6,13.5,-2.2,6.3,해남
2025-12-17,4.0,10.1,-2.1,4.3,논산(부여)
2025-12-17,6.9,9.2,3.7,6.7,무안(목포)
2025-12-17,4.9,9.3,1.3,4.0,상주
2025-12-17,8.3,10.7,6.3,8.6,신안
2025-12-17,10.9,14.5,7.8,9.4,제주
2025-12-17,6.1,12.6,-0.4,6.3,창녕(밀양)
2025-12-17,-0.5,3.4,-5.5,-0.4,평창
2025-12-17,2.2,6.6,-2.3,4.1,포천(동두천)
2025-12-17,6.5,10.6,0.0,6.9,해남
2025-12-18,0.6,9.3,-5.0,2.8,논산(부여)
2025-12-18,4.9,9.0,1.3,5.3,무안(목포)
2025-12-18,2.9,10.3,-2.3,2.2,상주
2025-12-18,7.0,10.8,4.8,8.7,신안
2025-12-18,8.6,12.9,5.5,7.2,제주
2025-12-18,2.9,13.6,-3.6,3.1,창녕(밀양)
2025-12-18,-1.7,6.5,-7.5,-1.0,평창
2025-12-18,0.0,7.5,-5.2,1.4,포천(동두천)
2025-12-18,2.5,12.6,-3.4,3.6,해남
2025-12-19,3.9,13.9,-3.9,3.8,논산(부여)
2025-12-19,10.7,17.6,3.2,8.9,무안(목포)
2025-12-19,1.3,8.6,-4.9,2.2,상주
2025-12-19,12.8,18.8,5.9,13.7,신안
2025-12-19,13.2,19.4,7.0,9.9,제주
2025-12-19,4.7,14.9,-2.4,3.9,창녕(밀양)
2025-12-19,3.4,7.1,-5.9,-0.8,평창
2025-12-19,1.8,7.5,-4.5,0.2,포천(동두천)
2025-12-19,9.3,18.6,-1.8,8.0,해남
2025-12-20,7.9,14.1,2.3,6.9,논산(부여)
2025-12-20,10.8,15.8,6.8,9.9,무안(목포)
2025-12-20,4.4,10.4,-1.3,3.9,상주
2025-12-20,11.5,15.0,7.0,11.3,신안
2025-12-20,15.3,20.5,11.0,13.7,제주
2025-12-20,7.7,14.0,1.4,8.0,창녕(밀양)
2025-12-20,6.6,10.9,1.5,2.0,평창
2025-12-20,5.8,8.8,-0.9,4.4,포천(동두천)
2025-12-20,10.6,18.0,4.5,9.7,해남
2025-12-21,0.6,4.9,-5.5,2.3,논산(부여)
2025-12-21,3.0,6.8,-0.5,4.0,무안(목포)
2025-12-21,0.9,6.9,-2.6,2.0,상주
2025-12-21,4.7,7.1,3.1,5.2,신안
2025-12-21,6.8,11.0,4.7,5.9,제주
2025-12-21,3.3,12.2,-3.8,4.2,창녕(밀양)
2025-12-21,-4.8,1.4,-10.6,-1.7,평창
2025-12-21,-2.4,2.2,-5.1,0.2,포천(동두천)
2025-12-21,3.5,7.3,-0.2,4.4,해남
2025-12-22,-1.5,7.1,-8.0,0.6,논산(부여)
2025-12-22,1.7,6.9,-3.2,3.3,무안(목포)
2025-12-22,-1.9,5.1,-7.9,-0.5,상주
2025-12-22,4.3,5.5,2.6,5.3,신안
2025-12-22,7.6,12.4,2.1,6.2,제주
2025-12-22,1.3,11.1,-6.0,1.4,창녕(밀양)
2025-12-22,-6.4,3.2,-13.9,-3.3,평창
2025-12-22,-3.5,4.2,-9.2,-1.8,포천(동두천)
2025-12-22,0.8,10.9,-7.7,2.5,해남
2025-12-23,1.2,5.5,-4.6,1.3,논산(부여)
2025-12-23,8.2,12.2,2.2,6.3,무안(목포)
2025-12-23,-1.3,2.7,-6.6,-0.2,상주
2025-12-23,10.1,12.4,5.0,9.2,신안
2025-12-23,13.9,18.2,8.9,10.6,제주
2025-12-23,3.8,9.4,-3.6,4.1,창녕(밀양)
2025-12-23,-1.8,3.7,-9.9,-1.8,평창
2025-12-23,-0.7,2.0,-5.2,-0.6,포천(동두천)
2025-12-23,9.3,13.5,-2.6,7.3,해남
2025-12-24,3.2,6.0,-1.8,4.4,논산(부여)
2025-12-24,6.0,10.3,4.3,6.8,무안(목포)
2025-12-24,2.6,5.9,1.0,3.1,상주
2025-12-24,7.0,10.5,5.6,7.0,신안
2025-12-24,10.3,15.5,8.0,9.7,제주
2025-12-24,7.6,9.7,6.1,7.8,창녕(밀양)
2025-12-24,0.5,5.2,-2.2,-0.1,평창
2025-12-24,0.9,3.9,-1.3,0.9,포천(동두천)
2025-12-24,6.5,10.3,4.1,7.2,해남
2025-12-25,-1.6,4.1,-4.9,0.1,논산(부여)
2025-12-25,2.2,5.1,-2.4,3.0,무안(목포)
2025-12-25,-1.0,3.5,-6.1,1.0,상주
2025-12-25,3.6,6.3,-0.6,4.0,신안
2025-12-25,6.3,8.2,2.9,6.0,제주
2025-12-25,1.9,6.1,-3.0,3.0,창녕(밀양)
2025-12-25,-6.1,-1.9,-13.0,-2.4,평창
2025-12-25,-4.8,0.1,-10.7,-1.0,포천(동두천)
2025-12-25,2.1,5.8,-1.7,2.8,해남
2025-12-26,-5.5,-0.9,-8.7,-2.0,논산(부여)
2025-12-26,-2.3,-0.8,-4.4,1.1,무안(목포)
2025-12-26,-6.5,-2.8,-9.9,-1.3,상주
2025-12-26,0.8,2.0,-1.5,1.9,신안
2025-12-26,2.3,3.8,1.3,2.7,제주
2025-12-26,-3.9,0.2,-6.6,-3.3,창녕(밀양)
2025-12-26,-12.9,-7.8,-16.8,-7.1,평창
2025-12-26,-9.7,-4.0,-13.7,-4.4,포천(동두천)
2025-12-26,-2.8,0.4,-4.8,-0.3,해남
2025-12-27,-3.1,1.3,-9.0,-1.4,논산(부여)
2025-12-27,1.3,6.9,-4.7,2.6,무안(목포)
2025-12-27,-2.0,3.4,-7.1,-1.2,상주
2025-12-27,3.2,6.0,1.2,3.4,신안
2025-12-27,4.9,7.6,2.0,5.0,제주
2025-12-27,-0.1,7.4,-6.7,0.3,창녕(밀양)
2025-12-27,-6.8,-2.9,-14.2,-4.7,평창
2025-12-27,-3.9,0.5,-11.5,-1.8,포천(동두천)
2025-12-27,-1.3,7.4,-8.1,1.2,해남
2025-12-28,2.7,8.6,-0.7,2.3,논산(부여)
2025-12-28,5.5,11.5,0.1,5.0,무안(목포)
2025-12-28,1.6,6.5,-2.1,0.0,상주
2025-12-28,7.8,14.2,3.4,7.3,신안
2025-12-28,8.6,13.6,3.5,7.9,제주
2025-12-28,2.2,9.8,-3.5,3.0,창녕(밀양)
2025-12-28,-1.4,1.7,-5.7,-2.6,평창
2025-12-28,1.7,5.0,-0.9,-0.2,포천(동두천)
2025-12-28,3.5,12.1,-6.1,3.5,해남
2025-12-29,3.3,11.3,-1.7,2.8,논산(부여)
2025-12-29,7.8,13.2,4.3,6.8,무안(목포)
2025-12-29,2.6,7.6,-3.1,1.0,상주
2025-12-29,10.0,14.5,6.3,10.7,신안
2025-12-29,12.6,16.7,9.7,10.5,제주
2025-12-29,4.8,14.0,-1.7,4.6,창녕(밀양)
2025-12-29,0.5,2.7,-2.1,-0.8,평창
2025-12-29,3.2,8.0,-1.3,0.7,포천(동두천)
2025-12-29,5.9,14.3,-2.1,5.7,해남
2025-12-30,-0.1,5.9,-4.3,1.3,논산(부여)
2025-12-30,3.0,5.8,0.7,3.9,무안(목포)
2025-12-30,1.4,6.0,-2.6,0.2,상주
2025-12-30,4.8,6.5,3.5,6.2,신안
2025-12-30,8.2,11.5,5.6,9.4,제주
2025-12-30,1.7,9.1,-3.5,1.2,창녕(밀양)
2025-12-30,-4.2,-0.4,-7.7,-4.1,평창
2025-12-30,-1.9,3.1,-6.2,-0.9,포천(동두천)
2025-12-30,3.5,8.0,-3.8,3.6,해남
2025-12-31,-2.6,0.7,-7.8,-0.2,논산(부여)
2025-12-31,-0.4,1.2,-2.5,1.5,무안(목포)
2025-12-31,-3.0,0.1,-6.4,-1.2,상주
2025-12-31,2.3,5.2,0.3,2.0,신안
2025-12-31,4.6,7.6,1.9,5.3,제주
2025-12-31,-1.5,3.1,-5.8,-0.9,창녕(밀양)
2025-12-31,-9.4,-5.0,-13.4,-6.5,평창
2025-12-31,-6.9,-2.5,-10.4,-2.3,포천(동두천)
2025-12-31,-1.3,2.7,-5.3,0.4,해남
2026-01-01,-5.6,-0.6,-10.4,-2.0,논산(부여)
2026-01-01,-3.3,-1.1,-4.9,0.2,무안(목포)
2026-01-01,-6.0,-1.5,-9.7,-2.6,상주
2026-01-01,0.8,2.1,-0.2,1.5,신안
2026-01-01,2.1,3.9,1.1,2.7,제주
2026-01-01,-3.3,0.9,-8.2,-3.5,창녕(밀양)
2026-01-01,-12.4,-7.0,-16.9,-7.8,평창
2026-01-01,-8.8,-3.0,-12.7,-4.1,포천(동두천)
2026-01-01,-2.8,-0.1,-4.3,-0.5,해남
2026-01-02,-5.5,-0.3,-9.3,-2.4,논산(부여)
2026-01-02,-1.6,1.4,-4.4,1.5,무안(목포)
2026-01-02,-6.4,-2.4,-10.7,-3.2,상주
2026-01-02,1.0,3.3,-1.7,0.4,신안
2026-01-02,2.6,4.4,-0.2,1.0,제주
2026-01-02,-4.3,1.6,-8.5,-3.9,창녕(밀양)
2026-01-02,-13.1,-5.7,-20.2,-8.2,평창
2026-01-02,-9.5,-4.1,-14.0,-4.9,포천(동두천)
2026-01-02,-1.6,0.8,-6.5,0.7,해남
2026-01-03,-3.6,1.0,-10.7,-2.0,논산(부여)
2026-01-03,0.9,3.7,-1.8,3.0,무안(목포)
2026-01-03,-2.6,3.5,-8.2,-2.5,상주
2026-01-03,4.6,6.8,2.9,6.4,신안
2026-01-03,6.2,8.2,4.4,3.8,제주
2026-01-03,-2.3,5.9,-10.4,-2.4,창녕(밀양)
2026-01-03,-9.3,-2.1,-18.0,-7.2,평창
2026-01-03,-6.6,1.8,-13.4,-4.4,포천(동두천)
2026-01-03,0.5,6.1,-5.1,1.9,해남
2026-01-04,1.8,7.9,-1.2,1.3,논산(부여)
2026-01-04,3.4,6.7,-0.1,3.7,무안(목포)
2026-01-04,3.3,6.9,0.1,-0.3,상주
2026-01-04,6.7,9.7,4.8,6.8,신안
2026-01-04,8.3,9.6,5.8,5.6,제주
2026-01-04,0.2,9.5,-7.4,-0.3,창녕(밀양)
2026-01-04,-4.0,1.6,-8.4,-4.2,평창
2026-01-04,-1.7,4.7,-6.5,-1.9,포천(동두천)
2026-01-04,1.7,8.4,-6.0,2.2,해남
2026-01-05,-1.1,5.4,-6.5,0.9,논산(부여)
2026-01-05,2.7,5.4,0.6,3.5,무안(목포)
2026-01-05,0.3,4.8,-3.1,-0.5,상주
2026-01-05,5.0,7.3,2.9,6.0,신안
2026-01-05,7.0,8.9,4.3,5.2,제주
2026-01-05,1.2,7.5,-5.1,1.0,창녕(밀양)
2026-01-05,-6.1,-1.1,-11.2,-4.9,평창
2026-01-05,-3.9,1.9,-8.2,-3.1,포천(동두천)
2026-01-05,3.2,7.1,-1.3,4.1,해남
2026-01-06,-2.2,5.4,-9.4,-0.5,논산(부여)
2026-01-06,1.1,4.8,-2.5,1.7,무안(목포)
2026-01-06,0.1,5.2,-5.0,-1.1,상주
2026-01-06,4.9,7.5,3.1,5.1,신안
2026-01-06,6.4,9.9,3.3,5.8,제주
2026-01-06,-0.4,9.9,-8.3,0.1,창녕(밀양)
2026-01-06,-5.7,1.0,-13.3,-5.2,평창
2026-01-06,-3.3,1.9,-10.4,-3.4,포천(동두천)
2026-01-06,0.5,6.5,-4.3,1.3,해남
2026-01-07,0.1,6.1,-4.0,1.4,논산(부여)
2026-01-07,3.2,7.1,0.1,3.0,무안(목포)
2026-01-07,1.8,6.0,-2.8,0.9,상주
2026-01-07,5.6,8.8,2.9,6.4,신안
2026-01-07,7.9,9.6,5.8,5.8,제주
2026-01-07,1.1,9.7,-6.6,0.5,창녕(밀양)
2026-01-07,-3.3,0.3,-10.2,-3.4,평창
2026-01-07,-1.9,3.3,-6.9,-2.0,포천(동두천)
2026-01-07,1.4,8.8,-5.5,2.3,해남
2026-01-08,-3.5,1.9,-8.3,-1.2,논산(부여)
2026-01-08,0.1,2.2,-1.8,1.7,무안(목포)
2026-01-08,-3.8,0.4,-6.7,-4.0,상주
2026-01-08,2.7,3.5,1.5,3.0,신안
2026-01-08,4.3,5.8,3.5,4.7,제주
2026-01-08,-2.0,4.4,-7.5,-0.9,창녕(밀양)
2026-01-08,-10.3,-4.9,-14.0,-7.6,평창
2026-01-08,-6.4,-1.3,-9.9,-4.7,포천(동두천)
2026-01-08,0.0,2.8,-3.8,1.4,해남
2026-01-09,0.1,7.5,-8.8,-0.4,논산(부여)
2026-01-09,3.4,8.2,-2.8,2.8,무안(목포)
2026-01-09,0.1,6.9,-8.7,-1.0,상주
2026-01-09,6.5,10.5,2.1,6.1,신안
2026-01-09,7.5,11.4,4.3,7.9,제주
2026-01-09,-1.6,7.6,-10.2,-2.0,창녕(밀양)
2026-01-09,-4.2,-0.8,-11.7,-5.0,평창
2026-01-09,-1.5,3.9,-9.9,-3.1,포천(동두천)
2026-01-09,2.4,8.7,-7.9,2.3,해남
2026-01-10,4.0,8.9,-2.0,2.9,논산(부여)
2026-01-10,5.8,9.8,-1.3,4.7,무안(목포)
2026-01-10,1.3,9.1,-3.0,0.9,상주
2026-01-10,6.1,10.2,0.7,6.2,신안
2026-01-10,9.1,13.1,3.1,8.4,제주
2026-01-10,5.6,12.9,-2.1,5.5,창녕(밀양)
2026-01-10,-4.3,1.5,-10.4,-2.0,평창
2026-01-10,0.8,6.1,-6.5,0.0,포천(동두천)
2026-01-10,6.5,10.5,0.1,7.1,해남
2026-01-11,-4.3,-0.4,-7.9,-0.1,논산(부여)
2026-01-11,-3.0,-0.3,-4.8,1.2,무안(목포)
2026-01-11,-5.0,-2.0,-7.2,-4.7,상주
2026-01-11,0.5,2.5,-2.0,-0.3,신안
2026-01-11,2.6,4.6,1.6,3.1,제주
2026-01-11,-2.0,1.7,-7.0,-1.4,창녕(밀양)
2026-01-11,-12.6,-9.9,-14.5,-5.0,평창
2026-01-11,-7.9,-3.1,-11.3,-4.8,포천(동두천)
2026-01-11,-2.6,0.3,-5.1,0.5,해남
2026-01-12,-1.8,3.4,-7.8,-0.4,논산(부여)
2026-01-12,1.6,8.3,-4.8,1.6,무안(목포)
2026-01-12,-2.7,3.1,-9.5,-3.0,상주
2026-01-12,5.6,9.6,0.2,6.5,신안
2026-01-12,7.4,11.5,2.2,6.3,제주
2026-01-12,-2.2,5.6,-10.2,-1.6,창녕(밀양)
2026-01-12,-7.9,-2.0,-16.0,-5.1,평창
2026-01-12,-5.2,0.0,-12.9,-3.6,포천(동두천)
2026-01-12,2.6,10.3,-8.1,3.6,해남
2026-01-13,0.7,5.1,-5.0,1.5,논산(부여)
2026-01-13,3.1,8.1,-1.2,3.0,무안(목포)
2026-01-13,0.0,4.6,-4.2,-0.5,상주
2026-01-13,5.0,8.5,0.9,5.9,신안
2026-01-13,8.6,12.3,4.3,9.2,제주
2026-01-13,2.0,8.6,-4.0,2.3,창녕(밀양)
2026-01-13,-7.7,-1.3,-13.4,-4.1,평창
2026-01-13,-5.1,0.0,-10.4,-1.1,포천(동두천)
2026-01-13,3.6,9.2,-2.6,3.8,해남
2026-01-14,-1.5,3.5,-9.0,-1.0,논산(부여)
2026-01-14,3.5,9.5,-3.0,3.5,무안(목포)
2026-01-14,-0.9,4.3,-7.4,-0.5,상주
2026-01-14,6.3,12.4,0.8,6.6,신안
2026-01-14,7.7,13.4,2.1,6.6,제주
2026-01-14,0.0,8.2,-7.9,1.0,창녕(밀양)
2026-01-14,-7.2,-1.4,-15.2,-5.4,평창
2026-01-14,-6.0,-0.9,-13.6,-2.5,포천(동두천)
2026-01-14,3.3,10.9,-6.9,3.2,해남
2026-01-15,5.6,12.5,-1.9,4.3,논산(부여)
2026-01-15,10.0,14.2,4.3,8.4,무안(목포)
2026-01-15,5.2,13.1,-0.7,4.4,상주
2026-01-15,10.3,14.1,5.2,11.7,신안
2026-01-15,13.7,18.5,8.4,11.4,제주
2026-01-15,8.9,18.9,0.6,9.8,창녕(밀양)
2026-01-15,2.2,5.5,-1.4,-0.2,평창
2026-01-15,2.7,9.3,-1.5,0.0,포천(동두천)
2026-01-15,11.3,16.6,3.4,11.1,해남
2026-01-16,1.2,9.4,-2.7,3.5,논산(부여)
2026-01-16,4.7,11.6,-0.2,6.1,무안(목포)
2026-01-16,4.1,13.0,-2.6,2.8,상주
2026-01-16,7.0,12.9,3.5,6.3,신안
2026-01-16,11.1,17.7,5.5,8.9,제주
2026-01-16,4.4,16.4,-3.0,4.6,창녕(밀양)
2026-01-16,0.5,7.0,-7.1,-1.8,평창
2026-01-16,1.7,9.5,-2.4,0.6,포천(동두천)
2026-01-16,4.7,14.8,-1.5,7.5,해남
2026-01-17,1.8,7.5,-3.1,3.0,논산(부여)
2026-01-17,3.4,6.0,0.6,4.6,무안(목포)
2026-01-17,4.3,9.6,-2.3,4.2,상주
2026-01-17,4.8,8.1,2.9,7.6,신안
2026-01-17,8.6,11.3,5.9,8.9,제주
2026-01-17,3.4,14.6,-3.8,3.5,창녕(밀양)
2026-01-17,-1.9,5.1,-7.8,-2.0,평창
2026-01-17,-1.1,3.8,-4.1,0.4,포천(동두천)
2026-01-17,3.3,10.3,-4.0,5.0,해남
2026-01-18,1.7,8.0,-5.1,1.5,논산(부여)
2026-01-18,3.8,9.6,-0.7,4.5,무안(목포)
2026-01-18,1.6,8.8,-5.9,2.1,상주
2026-01-18,6.2,10.9,2.9,7.3,신안
2026-01-18,10.6,15.5,5.5,8.6,제주
2026-01-18,3.9,14.7,-3.7,3.9,창녕(밀양)
2026-01-18,-4.4,-0.7,-11.0,-3.5,평창
2026-01-18,-2.1,0.8,-6.6,-1.2,포천(동두천)
2026-01-18,4.1,15.1,-5.7,5.0,해남
2026-01-19,-0.9,3.5,-6.7,2.0,논산(부여)
2026-01-19,0.8,4.1,-2.5,2.0,무안(목포)
2026-01-19,0.1,6.0,-6.2,1.9,상주
2026-01-19,1.9,6.1,-0.9,2.5,신안
2026-01-19,6.1,11.8,2.2,7.3,제주
2026-01-19,3.5,8.8,-0.6,3.5,창녕(밀양)
2026-01-19,-4.9,-0.4,-11.7,-2.5,평창
2026-01-19,-5.0,-0.9,-11.2,-0.8,포천(동두천)
2026-01-19,1.2,4.2,-2.3,3.0,해남
2026-01-20,-5.6,-0.1,-9.0,-0.7,논산(부여)
2026-01-20,-2.8,-1.5,-4.8,-0.2,무안(목포)
2026-01-20,-5.3,0.3,-8.9,-2.7,상주
2026-01-20,-0.4,0.3,-1.1,0.0,신안
2026-01-20,2.3,4.7,1.2,5.0,제주
2026-01-20,-0.5,5.3,-5.1,0.9,창녕(밀양)
2026-01-20,-10.2,-3.1,-15.0,-6.3,평창
2026-01-20,-10.4,-4.4,-14.5,-3.3,포천(동두천)
2026-01-20,-2.4,1.1,-4.5,1.1,해남
2026-01-21,-6.4,-2.3,-9.7,-2.3,논산(부여)
2026-01-21,-3.1,-1.5,-4.6,-0.6,무안(목포)
2026-01-21,-7.0,-2.6,-9.5,-5.3,상주
2026-01-21,-0.9,0.4,-2.5,-0.6,신안
2026-01-21,1.5,2.4,0.8,2.1,제주
2026-01-21,-3.5,0.7,-6.7,-2.6,창녕(밀양)
2026-01-21,-13.4,-8.3,-16.8,-9.1,평창
2026-01-21,-11.2,-5.0,-15.7,-4.4,포천(동두천)
2026-01-21,-3.2,-0.4,-5.6,-0.5,해남
2026-01-22,-6.3,-0.5,-12.2,-2.2,논산(부여)
2026-01-22,-4.4,-2.6,-6.8,-0.1,무안(목포)
2026-01-22,-7.3,-2.7,-11.7,-6.0,상주
2026-01-22,0.0,1.2,-2.5,0.6,신안
2026-01-22,1.6,2.9,0.4,1.1,제주
2026-01-22,-4.9,0.2,-10.3,-3.8,창녕(밀양)
2026-01-22,-14.6,-9.9,-18.8,-10.6,평창
2026-01-22,-10.5,-4.7,-15.2,-5.0,포천(동두천)
2026-01-22,-4.2,-0.2,-7.5,1.1,해남
2026-01-23,-5.1,1.2,-10.9,-1.7,논산(부여)
2026-01-23,0.3,4.0,-4.6,2.0,무안(목포)
2026-01-23,-3.5,1.4,-8.2,-4.3,상주
2026-01-23,3.7,6.7,0.8,3.7,신안
2026-01-23,5.3,8.1,2.5,4.3,제주
2026-01-23,-1.8,4.7,-10.4,-1.1,창녕(밀양)
2026-01-23,-10.5,-5.1,-16.3,-8.5,평창
2026-01-23,-7.7,-0.6,-15.2,-4.6,포천(동두천)
2026-01-23,-0.4,5.3,-8.8,0.7,해남
2026-01-24,-4.0,1.0,-11.0,-0.1,논산(부여)
2026-01-24,0.2,3.0,-2.5,1.9,무안(목포)
2026-01-24,-3.2,-0.6,-5.8,-1.7,상주
2026-01-24,2.6,4.5,1.0,4.7,신안
2026-01-24,5.5,8.4,3.1,6.5,제주
2026-01-24,-1.4,4.0,-7.0,-1.2,창녕(밀양)
2026-01-24,-9.8,-6.6,-12.4,-5.9,평창
2026-01-24,-6.2,-0.9,-10.5,-3.8,포천(동두천)
2026-01-24,0.0,3.7,-5.8,2.4,해남
2026-01-25,-4.9,2.4,-10.8,-1.4,논산(부여)
2026-01-25,-1.4,1.3,-3.4,0.5,무안(목포)
2026-01-25,-3.5,1.3,-7.4,-3.7,상주
2026-01-25,1.9,5.3,0.1,3.5,신안
2026-01-25,3.9,7.4,1.0,4.8,제주
2026-01-25,-1.1,5.7,-6.6,0.5,창녕(밀양)
2026-01-25,-10.6,-3.1,-15.4,-7.9,평창
2026-01-25,-8.2,-1.7,-13.9,-5.2,포천(동두천)
2026-01-25,-1.3,4.0,-7.8,0.9,해남
2026-01-26,-4.4,1.5,-11.1,-1.7,논산(부여)
2026-01-26,-1.6,0.9,-4.9,-0.6,무안(목포)
2026-01-26,-3.7,2.2,-10.9,-4.0,상주
2026-01-26,2.4,3.8,0.3,2.6,신안
2026-01-26,3.9,6.4,0.4,5.1,제주
2026-01-26,-0.8,5.2,-9.2,-0.9,창녕(밀양)
2026-01-26,-9.9,-2.6,-18.0,-6.8,평창
2026-01-26,-6.3,-0.9,-12.4,-4.2,포천(동두천)
2026-01-26,-2.0,1.8,-9.2,0.3,해남
2026-01-27,-2.5,3.1,-7.3,0.1,논산(부여)
2026-01-27,0.1,2.0,-0.9,1.8,무안(목포)
2026-01-27,-1.8,2.6,-4.7,-0.8,상주
2026-01-27,2.7,4.1,1.1,3.3,신안
2026-01-27,4.6,6.8,2.6,5.3,제주
2026-01-27,1.7,6.5,-2.6,2.4,창녕(밀양)
2026-01-27,-7.8,-2.3,-11.5,-6.0,평창
2026-01-27,-5.5,0.8,-9.7,-4.0,포천(동두천)
2026-01-27,0.6,5.0,-1.6,3.5,해남
2026-01-28,-4.6,2.0,-10.8,-1.2,논산(부여)
2026-01-28,-1.5,1.1,-4.0,-0.3,무안(목포)
2026-01-28,-3.5,2.2,-8.0,-2.4,상주
2026-01-28,0.9,3.1,-0.5,2.9,신안
2026-01-28,3.4,6.3,1.9,4.5,제주
2026-01-28,-0.2,5.2,-4.1,0.5,창녕(밀양)
2026-01-28,-9.6,-3.7,-14.7,-7.2,평창
2026-01-28,-6.8,-0.2,-12.9,-4.9,포천(동두천)
2026-01-28,-0.9,3.9,-3.4,1.0,해남
2026-01-29,-4.0,3.6,-9.8,-0.8,논산(부여)
2026-01-29,-1.4,2.3,-5.0,0.2,무안(목포)
2026-01-29,-2.6,2.5,-5.6,-2.5,상주
2026-01-29,1.6,4.7,-0.4,1.0,신안
2026-01-29,3.9,7.8,0.2,3.3,제주
2026-01-29,-0.5,5.8,-7.2,-0.8,창녕(밀양)
2026-01-29,-9.4,-4.5,-12.7,-7.6,평창
2026-01-29,-6.8,0.7,-12.5,-5.0,포천(동두천)
2026-01-29,-1.5,4.8,-8.3,0.5,해남
2026-01-30,-4.9,1.4,-10.5,-1.1,논산(부여)
2026-01-30,-2.1,-0.2,-3.4,-0.4,무안(목포)
2026-01-30,-4.4,0.4,-8.5,-3.7,상주
2026-01-30,0.8,2.5,0.0,2.1,신안
2026-01-30,3.2,5.2,1.8,5.0,제주
2026-01-30,-3.0,3.4,-7.7,-3.7,창녕(밀양)
2026-01-30,-11.3,-4.8,-17.0,-8.1,평창
2026-01-30,-7.3,-1.3,-10.9,-4.9,포천(동두천)
2026-01-30,-1.8,2.0,-4.8,0.2,해남
2026-01-31,-4.3,4.0,-11.7,-0.9,논산(부여)
2026-01-31,-1.4,1.2,-3.7,0.5,무안(목포)
2026-01-31,-2.6,3.0,-6.6,-2.4,상주
2026-01-31,2.6,4.5,0.5,2.8,신안
2026-01-31,4.5,7.7,2.6,6.2,제주
2026-01-31,-1.4,7.8,-8.6,-0.4,창녕(밀양)
2026-01-31,-9.2,-1.8,-16.8,-7.5,평창
2026-01-31,-5.8,1.5,-12.7,-3.8,포천(동두천)
2026-01-31,-0.7,3.7,-5.5,1.7,해남
