date,avg_temp,max_temp,min_temp,precip,location
2021-12-01,1.3,4.4,1108,3.2,논산(부여)
2021-12-01,4.5,6.4,12,4.3,무안(목포)
2021-12-01,0.6,3.4,1400,1.5,상주
2021-12-01,6.1,7.6,1305,7.3,신안
2021-12-01,8.0,9.4,1150,8.0,제주
2021-12-01,3.6,7.1,1316,3.2,창녕(밀양)
2021-12-01,-6.7,-3.8,1,-3.8,평창
2021-12-01,-2.4,1.6,1338,0.4,포천(동두천)
2021-12-01,3.7,6.5,1112,4.8,해남
2021-12-02,2.2,7.3,1512,3.1,논산(부여)
2021-12-02,5.2,9.4,2355,6.0,무안(목포)
2021-12-02,1.4,6.9,1333,1.8,상주
2021-12-02,7.8,10.2,1249,7.9,신안
2021-12-02,9.1,12.4,1308,8.8,제주
2021-12-02,1.3,8.4,1340,1.3,창녕(밀양)
2021-12-02,-3.9,0.1,2353,-3.7,평창
2021-12-02,-0.8,4.4,1627,-1.6,포천(동두천)
2021-12-02,3.0,7.9,1539,4.9,해남
2021-12-03,3.9,9.1,1314,4.1,논산(부여)
2021-12-03,7.9,10.8,1008,6.3,무안(목포)
2021-12-03,3.9,8.4,1233,3.4,상주
2021-12-03,9.2,11.6,956,8.2,신안
2021-12-03,11.2,14.5,1345,9.1,제주
2021-12-03,4.3,11.3,1400,1.9,창녕(밀양)
2021-12-03,-2.2,0.6,1322,-2.2,평창
2021-12-03,1.1,4.8,1408,1.0,포천(동두천)
2021-12-03,5.4,11.1,1121,5.3,해남
2021-12-04,-0.4,4.6,1542,1.3,논산(부여)
2021-12-04,6.8,11.9,1503,6.7,무안(목포)
2021-12-04,2.1,7.3,1242,1.5,상주
2021-12-04,9.5,13.2,1208,9.0,신안
2021-12-04,11.3,14.4,1352,9.7,제주
2021-12-04,3.4,9.8,1319,1.9,창녕(밀양)
2021-12-04,-3.9,1.1,1451,-3.7,평창
2021-12-04,-0.3,6.8,1513,-0.2,포천(동두천)
2021-12-04,5.5,11.2,1434,5.7,해남
2021-12-05,0.9,9.6,1509,2.2,논산(부여)
2021-12-05,5.4,9.3,1423,5.4,무안(목포)
2021-12-05,1.0,9.2,1523,2.4,상주
2021-12-05,8.4,11.5,1256,9.0,신안
2021-12-05,9.7,14.3,1402,8.6,제주
2021-12-05,3.5,12.0,1438,2.3,창녕(밀양)
2021-12-05,-3.3,5.8,1420,-3.1,평창
2021-12-05,0.4,9.7,1515,0.3,포천(동두천)
2021-12-05,1.9,10.6,1407,4.2,해남
2021-12-06,3.7,12.9,1512,2.9,논산(부여)
2021-12-06,7.1,12.3,1450,6.7,무안(목포)
2021-12-06,3.4,11.3,1502,3.4,상주
2021-12-06,9.3,11.9,1303,8.9,신안
2021-12-06,10.5,16.8,1320,9.5,제주
2021-12-06,5.4,14.4,1520,4.4,창녕(밀양)
2021-12-06,-0.7,9.0,1432,-1.8,평창
2021-12-06,2.6,11.6,1406,1.5,포천(동두천)
2021-12-06,4.3,13.4,1337,5.5,해남
2021-12-07,4.9,13.0,1445,3.5,논산(부여)
2021-12-07,7.8,11.2,1320,6.2,무안(목포)
2021-12-07,5.5,13.8,1445,4.8,상주
2021-12-07,10.4,12.8,1313,9.4,신안
2021-12-07,11.5,15.3,1122,8.8,제주
2021-12-07,7.9,15.4,1351,6.1,창녕(밀양)
2021-12-07,-1.0,3.0,1545,-1.5,평창
2021-12-07,4.1,12.3,1441,2.9,포천(동두천)
2021-12-07,5.1,12.9,1353,5.2,해남
2021-12-08,4.6,13.8,1515,3.8,논산(부여)
2021-12-08,8.1,13.4,1439,7.0,무안(목포)
2021-12-08,4.0,12.2,1416,4.2,상주
2021-12-08,10.3,12.2,1203,9.7,신안
2021-12-08,11.3,16.0,1317,9.1,제주
2021-12-08,6.7,14.6,1410,5.1,창녕(밀양)
2021-12-08,-0.4,7.9,1439,-0.2,평창
2021-12-08,3.4,12.8,1443,2.7,포천(동두천)
2021-12-08,3.1,13.6,1348,4.6,해남
2021-12-09,4.5,11.4,1453,3.4,논산(부여)
2021-12-09,9.4,13.7,1425,7.5,무안(목포)
2021-12-09,3.4,9.3,1441,3.8,상주
2021-12-09,11.6,14.6,1302,10.0,신안
2021-12-09,12.6,15.4,1517,10.6,제주
2021-12-09,7.0,14.8,1443,4.7,창녕(밀양)
2021-12-09,-0.7,7.5,1423,-0.6,평창
2021-12-09,4.0,10.1,1428,2.5,포천(동두천)
2021-12-09,6.6,14.5,1414,5.4,해남
2021-12-10,6.2,12.8,1541,6.8,논산(부여)
2021-12-10,10.6,13.7,1225,9.4,무안(목포)
2021-12-10,5.6,9.6,1805,5.1,상주
2021-12-10,11.5,14.3,1121,11.1,신안
2021-12-10,13.6,16.3,1253,11.5,제주
2021-12-10,7.3,14.7,1536,6.2,창녕(밀양)
2021-12-10,2.3,8.8,1243,0.0,평창
2021-12-10,4.8,6.4,1219,3.7,포천(동두천)
2021-12-10,9.9,14.9,1339,8.6,해남
2021-12-11,6.0,11.1,1338,6.7,논산(부여)
2021-12-11,9.1,11.1,1246,8.6,무안(목포)
2021-12-11,8.8,12.1,1332,7.3,상주
2021-12-11,10.7,13.0,1047,10.4,신안
2021-12-11,12.3,13.3,1504,11.7,제주
2021-12-11,7.5,15.3,1457,5.9,창녕(밀양)
2021-12-11,2.2,8.1,1357,0.3,평창
2021-12-11,3.7,7.0,1503,4.8,포천(동두천)
2021-12-11,5.9,11.2,1352,6.1,해남
2021-12-12,3.2,9.0,1302,4.8,논산(부여)
2021-12-12,6.9,10.8,1205,7.0,무안(목포)
2021-12-12,4.4,9.8,1127,4.8,상주
2021-12-12,8.0,12.0,1044,8.8,신안
2021-12-12,10.6,13.6,1435,10.5,제주
2021-12-12,6.8,12.8,1440,5.8,창녕(밀양)
2021-12-12,-1.9,2.0,1129,-0.9,평창
2021-12-12,-0.3,5.3,1249,1.5,포천(동두천)
2021-12-12,6.2,10.4,1249,7.4,해남
2021-12-13,-1.9,4.0,1356,0.4,논산(부여)
2021-12-13,1.9,4.0,124,4.0,무안(목포)
2021-12-13,-1.5,3.4,1422,0.7,상주
2021-12-13,4.9,5.4,1133,6.6,신안
2021-12-13,6.6,7.4,1303,7.8,제주
2021-12-13,0.8,7.6,1448,0.8,창녕(밀양)
2021-12-13,-6.4,0.2,1447,-3.7,평창
2021-12-13,-3.0,2.4,1504,-1.7,포천(동두천)
2021-12-13,1.3,4.9,1245,4.8,해남
2021-12-14,2.9,8.3,1430,3.2,논산(부여)
2021-12-14,4.7,9.7,1439,4.9,무안(목포)
2021-12-14,3.1,8.5,1451,2.9,상주
2021-12-14,7.8,11.3,1457,8.1,신안
2021-12-14,8.5,12.7,1513,8.6,제주
2021-12-14,0.9,9.3,1426,0.3,창녕(밀양)
2021-12-14,-1.7,0.8,1208,-2.2,평창
2021-12-14,2.8,7.6,1338,2.0,포천(동두천)
2021-12-14,0.3,9.4,1450,3.6,해남
2021-12-15,6.4,12.4,1541,5.9,논산(부여)
2021-12-15,9.1,14.7,1449,8.2,무안(목포)
2021-12-15,7.5,12.8,1445,5.4,상주
2021-12-15,11.4,14.6,1207,9.3,신안
2021-12-15,11.3,16.2,1127,8.8,제주
2021-12-15,3.8,14.2,1527,2.4,창녕(밀양)
2021-12-15,2.0,3.7,1407,0.0,평창
2021-12-15,5.9,10.9,1505,4.7,포천(동두천)
2021-12-15,4.7,14.5,1421,5.7,해남
2021-12-16,5.8,12.0,1518,5.3,논산(부여)
2021-12-16,8.1,10.8,1301,7.5,무안(목포)
2021-12-16,6.4,12.1,1348,4.9,상주
2021-12-16,10.4,13.2,1311,9.7,신안
2021-12-16,10.9,12.1,2006,10.3,제주
2021-12-16,5.4,9.6,1548,4.5,창녕(밀양)
2021-12-16,1.6,5.4,1350,-0.3,평창
2021-12-16,3.7,10.3,1416,4.0,포천(동두천)
2021-12-16,6.7,10.3,1416,6.6,해남
2021-12-17,-1.4,7.4,16,0.8,논산(부여)
2021-12-17,1.3,8.9,53,2.7,무안(목포)
2021-12-17,-1.8,7.0,130,1.2,상주
2021-12-17,2.8,9.9,1,5.5,신안
2021-12-17,5.9,11.8,224,6.8,제주
2021-12-17,1.6,6.3,519,1.7,창녕(밀양)
2021-12-17,-8.6,0.8,20,-5.2,평창
2021-12-17,-6.1,2.7,1,-1.0,포천(동두천)
2021-12-17,0.5,7.5,205,2.8,해남
2021-12-18,-4.3,1.2,1427,-1.4,논산(부여)
2021-12-18,-1.1,5.5,2325,3.0,무안(목포)
2021-12-18,-4.1,1.1,1501,-1.3,상주
2021-12-18,3.4,6.9,2341,4.3,신안
2021-12-18,4.0,7.8,2313,5.2,제주
2021-12-18,-2.8,3.1,1531,-3.1,창녕(밀양)
2021-12-18,-9.6,-4.6,1245,-6.4,평창
2021-12-18,-7.1,-1.7,1337,-4.2,포천(동두천)
2021-12-18,-2.4,2.0,1423,1.3,해남
2021-12-19,0.4,6.0,1600,2.6,논산(부여)
2021-12-19,5.1,7.2,1602,4.4,무안(목포)
2021-12-19,1.2,5.0,1346,1.2,상주
2021-12-19,6.8,8.2,1426,6.2,신안
2021-12-19,8.0,10.5,1409,6.2,제주
2021-12-19,0.2,8.0,1419,-0.5,창녕(밀양)
2021-12-19,-5.1,-2.5,2336,-1.9,평창
2021-12-19,-2.5,3.4,1533,-1.2,포천(동두천)
2021-12-19,2.4,7.0,1540,2.8,해남
2021-12-20,4.4,11.7,1528,2.8,논산(부여)
2021-12-20,8.2,12.8,1333,5.9,무안(목포)
2021-12-20,4.6,11.1,1347,2.4,상주
2021-12-20,11.3,14.0,1314,7.7,신안
2021-12-20,11.3,15.0,1442,7.2,제주
2021-12-20,2.3,12.6,1458,0.7,창녕(밀양)
2021-12-20,1.6,3.2,1414,-0.9,평창
2021-12-20,3.0,10.8,1411,0.2,포천(동두천)
2021-12-20,2.7,12.6,1317,2.8,해남
2021-12-21,4.5,13.7,1404,3.6,논산(부여)
2021-12-21,8.4,12.6,1205,6.9,무안(목포)
2021-12-21,8.2,13.9,1322,5.2,상주
2021-12-21,10.4,13.2,1105,8.8,신안
2021-12-21,12.4,17.4,1401,9.0,제주
2021-12-21,4.0,14.6,1447,1.8,창녕(밀양)
2021-12-21,2.3,6.1,1405,-0.2,평창
2021-12-21,3.5,9.3,1429,2.3,포천(동두천)
2021-12-21,4.3,14.1,1242,3.9,해남
2021-12-22,1.3,10.3,1502,1.6,논산(부여)
2021-12-22,5.3,9.3,1433,4.9,무안(목포)
2021-12-22,4.7,11.2,1521,2.9,상주
2021-12-22,8.0,9.6,1145,7.6,신안
2021-12-22,10.0,16.7,1403,7.1,제주
2021-12-22,3.9,14.1,1517,1.6,창녕(밀양)
2021-12-22,-2.5,3.9,1252,-1.7,평창
2021-12-22,0.3,8.6,1502,0.0,포천(동두천)
2021-12-22,1.6,11.8,1416,4.0,해남
2021-12-23,1.5,10.1,1430,1.4,논산(부여)
2021-12-23,5.6,10.9,1516,4.4,무안(목포)
2021-12-23,1.8,10.2,1429,2.1,상주
2021-12-23,8.1,10.4,1204,7.1,신안
2021-12-23,9.9,16.2,1114,6.6,제주
2021-12-23,2.7,12.5,1421,1.0,창녕(밀양)
2021-12-23,-2.9,4.1,1340,-2.4,평창
2021-12-23,-0.2,7.1,1433,-0.2,포천(동두천)
2021-12-23,0.7,12.9,1336,2.6,해남
2021-12-24,1.0,10.1,1316,1.4,논산(부여)
2021-12-24,3.8,9.0,1332,3.2,무안(목포)
2021-12-24,1.8,9.1,1451,2.2,상주
2021-12-24,6.3,11.3,1217,6.0,신안
2021-12-24,9.3,14.1,1216,7.5,제주
2021-12-24,3.9,11.4,1501,1.5,창녕(밀양)
2021-12-24,-2.9,1.5,1243,-1.6,평창
2021-12-24,-1.9,2.0,1445,-0.5,포천(동두천)
2021-12-24,0.9,8.9,1415,2.0,해남
2021-12-25,-6.4,-2.6,1,-1.9,논산(부여)
2021-12-25,-2.6,1.2,1,-0.2,무안(목포)
2021-12-25,-7.3,-1.4,1,-2.6,상주
2021-12-25,-0.7,2.3,12,2.7,신안
2021-12-25,2.5,5.5,1,4.2,제주
2021-12-25,-2.6,3.5,1,-2.2,창녕(밀양)
2021-12-25,-12.0,-3.8,1,-4.2,평창
2021-12-25,-12.4,-7.5,1432,-6.3,포천(동두천)
2021-12-25,-3.9,0.5,1,0.8,해남
2021-12-26,-8.2,-3.0,1413,-3.5,논산(부여)
2021-12-26,-6.4,-4.0,1519,0.8,무안(목포)
2021-12-26,-9.2,-4.2,1424,-4.0,상주
2021-12-26,-0.8,1.3,2007,2.1,신안
2021-12-26,1.0,3.0,1841,2.5,제주
2021-12-26,-5.2,-1.2,1350,-5.0,창녕(밀양)
2021-12-26,-16.2,-11.2,1407,-9.5,평창
2021-12-26,-12.9,-7.5,1524,-8.1,포천(동두천)
2021-12-26,-7.0,-2.8,1455,0.7,해남
2021-12-27,-4.6,1.1,1545,-2.6,논산(부여)
2021-12-27,-2.7,0.8,1529,1.7,무안(목포)
2021-12-27,-4.3,0.0,1404,-3.1,상주
2021-12-27,2.4,4.8,2332,3.3,신안
2021-12-27,4.1,6.5,2255,3.9,제주
2021-12-27,-2.1,3.6,1440,-2.8,창녕(밀양)
2021-12-27,-10.5,-4.7,1422,-8.3,평창
2021-12-27,-9.6,-4.9,1446,-7.7,포천(동두천)
2021-12-27,-4.9,0.3,1257,0.5,해남
2021-12-28,-0.7,5.0,1429,0.0,논산(부여)
2021-12-28,3.8,6.0,1413,3.3,무안(목포)
2021-12-28,0.8,4.8,1340,-0.6,상주
2021-12-28,6.0,7.3,1256,4.5,신안
2021-12-28,7.2,8.4,1459,5.6,제주
2021-12-28,0.1,8.5,1415,-1.0,창녕(밀양)
2021-12-28,-5.6,-0.7,1353,-5.6,평창
2021-12-28,-5.1,2.0,1250,-4.8,포천(동두천)
2021-12-28,0.1,6.2,1310,1.2,해남
2021-12-29,2.2,8.2,1453,0.9,논산(부여)
2021-12-29,5.1,8.6,1431,4.0,무안(목포)
2021-12-29,1.6,7.3,1444,0.3,상주
2021-12-29,6.9,10.1,1246,5.9,신안
2021-12-29,9.3,11.5,1121,6.9,제주
2021-12-29,2.8,10.5,1346,-0.4,창녕(밀양)
2021-12-29,-2.7,-0.7,1354,-2.6,평창
2021-12-29,-0.7,6.8,1424,-1.5,포천(동두천)
2021-12-29,3.1,9.0,1233,2.6,해남
2021-12-30,-0.5,3.4,1318,1.5,논산(부여)
2021-12-30,2.9,5.7,1521,3.2,무안(목포)
2021-12-30,-1.3,2.5,1436,-0.2,상주
2021-12-30,4.6,6.6,1325,4.7,신안
2021-12-30,6.9,8.4,1,5.9,제주
2021-12-30,2.5,5.7,1451,0.5,창녕(밀양)
2021-12-30,-8.7,-5.4,1,-4.1,평창
2021-12-30,-4.5,1.5,1503,-4.5,포천(동두천)
2021-12-30,2.4,5.2,1414,2.0,해남
2021-12-31,-5.0,-0.1,1359,-1.3,논산(부여)
2021-12-31,-0.8,2.2,35,0.4,무안(목포)
2021-12-31,-4.7,-0.6,1509,-1.9,상주
2021-12-31,2.9,5.2,1139,3.7,신안
2021-12-31,4.9,6.4,1,4.9,제주
2021-12-31,-0.6,4.0,1437,-1.7,창녕(밀양)
2021-12-31,-11.8,-7.3,1537,-6.8,평창
2021-12-31,-7.8,-3.0,1410,-6.6,포천(동두천)
2021-12-31,-1.5,2.1,1246,0.2,해남
2022-01-01,-4.9,2.1,1548,-2.6,논산(부여)
2022-01-01,-0.7,3.3,1606,1.2,무안(목포)
2022-01-01,-3.3,2.4,1527,-3.1,상주
2022-01-01,2.1,3.5,1323,4.3,신안
2022-01-01,4.9,8.9,1345,4.3,제주
2022-01-01,-1.3,7.2,1536,-2.2,창녕(밀양)
2022-01-01,-9.5,-0.3,1523,-7.2,평창
2022-01-01,-6.4,1.4,1442,-5.8,포천(동두천)
2022-01-01,-2.1,5.5,1523,1.0,해남
2022-01-02,-1.9,7.0,1346,-1.0,논산(부여)
2022-01-02,1.4,6.9,1257,1.0,무안(목포)
2022-01-02,-1.3,6.5,1412,-1.1,상주
2022-01-02,5.0,9.2,1113,4.2,신안
2022-01-02,7.2,11.4,1453,5.2,제주
2022-01-02,-0.5,9.9,1352,-1.5,창녕(밀양)
2022-01-02,-4.8,-0.4,1344,-4.6,평창
2022-01-02,-2.1,3.7,1415,-1.6,포천(동두천)
2022-01-02,-1.6,7.0,1400,0.2,해남
2022-01-03,-2.8,4.6,1528,-1.2,논산(부여)
2022-01-03,1.2,4.5,1520,1.7,무안(목포)
2022-01-03,-1.1,3.6,1422,-1.9,상주
2022-01-03,4.7,8.0,1206,4.6,신안
2022-01-03,6.0,10.7,1451,5.1,제주
2022-01-03,-0.4,9.3,1515,-1.9,창녕(밀양)
2022-01-03,-6.9,-3.1,1322,-5.7,평창
2022-01-03,-4.0,3.0,1445,-3.7,포천(동두천)
2022-01-03,-2.5,5.5,1416,0.4,해남
2022-01-04,-0.5,5.0,1519,0.0,논산(부여)
2022-01-04,1.8,4.3,1336,1.9,무안(목포)
2022-01-04,0.9,5.1,1413,-0.7,상주
2022-01-04,5.2,7.5,405,5.1,신안
2022-01-04,6.8,9.3,1104,5.4,제주
2022-01-04,0.3,9.6,1409,-0.5,창녕(밀양)
2022-01-04,-5.7,-0.1,1444,-4.7,평창
2022-01-04,-3.9,1.4,1444,-3.5,포천(동두천)
2022-01-04,0.0,5.7,1311,1.5,해남
2022-01-05,-1.8,2.5,1528,-1.0,논산(부여)
2022-01-05,1.4,3.0,1426,1.5,무안(목포)
2022-01-05,-1.7,2.9,1421,-1.0,상주
2022-01-05,4.1,5.4,1201,4.7,신안
2022-01-05,5.8,6.8,1804,5.5,제주
2022-01-05,1.7,7.5,1502,0.3,창녕(밀양)
2022-01-05,-7.9,-1.2,1201,-5.9,평창
2022-01-05,-5.1,1.9,1503,-4.9,포천(동두천)
2022-01-05,0.3,3.8,1431,1.3,해남
2022-01-06,-1.6,6.0,1450,-0.8,논산(부여)
2022-01-06,1.9,4.4,1259,1.9,무안(목포)
2022-01-06,0.8,6.7,1352,0.1,상주
2022-01-06,4.7,6.1,1452,4.1,신안
2022-01-06,7.3,10.1,1332,6.6,제주
2022-01-06,3.2,9.8,1339,1.7,창녕(밀양)
2022-01-06,-6.8,2.1,1407,-5.0,평창
2022-01-06,-3.4,3.9,1428,-4.0,포천(동두천)
2022-01-06,0.9,5.6,1354,2.1,해남
2022-01-07,-3.1,5.8,1459,-1.5,논산(부여)
2022-01-07,0.8,4.2,1409,1.5,무안(목포)
2022-01-07,-0.9,7.3,1518,-0.7,상주
2022-01-07,4.1,6.2,1236,4.4,신안
2022-01-07,5.6,10.4,1449,4.4,제주
2022-01-07,-0.3,10.0,1512,-1.1,창녕(밀양)
2022-01-07,-7.0,3.1,1410,-6.2,평창
2022-01-07,-3.8,4.9,1455,-4.2,포천(동두천)
2022-01-07,-2.8,5.8,1359,0.3,해남
2022-01-08,-0.9,7.2,1432,-1.1,논산(부여)
2022-01-08,2.1,6.4,1446,1.9,무안(목포)
2022-01-08,2.2,6.8,1503,0.4,상주
2022-01-08,6.0,8.8,1241,5.6,신안
2022-01-08,6.6,8.3,1250,5.2,제주
2022-01-08,0.1,10.7,1531,-1.3,창녕(밀양)
2022-01-08,-4.0,0.6,1306,-4.4,평창
2022-01-08,-2.0,3.0,2114,-3.6,포천(동두천)
2022-01-08,-1.6,6.4,1509,0.3,해남
2022-01-09,0.7,7.0,1544,1.0,논산(부여)
2022-01-09,3.2,7.4,1320,2.7,무안(목포)
2022-01-09,2.6,7.0,1432,1.9,상주
2022-01-09,6.3,9.0,1131,6.2,신안
2022-01-09,7.7,9.6,1545,5.9,제주
2022-01-09,1.7,10.2,1434,0.3,창녕(밀양)
2022-01-09,-3.0,1.7,1354,-2.2,평창
2022-01-09,0.1,6.1,1431,-0.5,포천(동두천)
2022-01-09,0.1,7.9,1334,0.9,해남
2022-01-10,0.1,6.6,1512,0.1,논산(부여)
2022-01-10,2.5,6.7,1427,2.8,무안(목포)
2022-01-10,0.9,8.5,1501,1.4,상주
2022-01-10,5.5,8.3,1256,5.7,신안
2022-01-10,7.6,10.3,1237,7.2,제주
2022-01-10,2.6,10.9,1516,1.6,창녕(밀양)
2022-01-10,-4.4,3.5,1415,-3.5,평창
2022-01-10,-1.1,4.7,1500,-2.3,포천(동두천)
2022-01-10,0.0,7.2,1451,1.6,해남
2022-01-11,-2.8,1.0,207,0.0,논산(부여)
2022-01-11,-0.9,3.5,1,0.9,무안(목포)
2022-01-11,-3.8,1.7,1,-0.3,상주
2022-01-11,0.7,4.5,125,3.1,신안
2022-01-11,3.6,7.7,132,4.5,제주
2022-01-11,0.7,4.7,327,1.1,창녕(밀양)
2022-01-11,-9.3,-4.4,18,-6.3,평창
2022-01-11,-8.0,-1.8,6,-3.2,포천(동두천)
2022-01-11,-1.5,2.2,26,1.3,해남
2022-01-12,-4.8,1.5,1445,-1.7,논산(부여)
2022-01-12,-1.5,0.9,1520,1.5,무안(목포)
2022-01-12,-5.5,-0.8,1410,-3.0,상주
2022-01-12,2.1,4.2,1202,3.3,신안
2022-01-12,3.8,5.5,1405,3.9,제주
2022-01-12,-1.6,3.6,1500,-2.6,창녕(밀양)
2022-01-12,-11.8,-5.6,1354,-9.1,평창
2022-01-12,-9.4,-2.7,1451,-6.2,포천(동두천)
2022-01-12,-2.7,0.8,1346,0.1,해남
2022-01-13,-4.4,0.6,1351,-2.3,논산(부여)
2022-01-13,-1.4,0.9,1420,0.5,무안(목포)
2022-01-13,-4.7,-0.7,1340,-2.7,상주
2022-01-13,1.8,3.6,710,3.0,신안
2022-01-13,4.0,6.2,812,3.9,제주
2022-01-13,-2.2,2.6,1424,-1.9,창녕(밀양)
2022-01-13,-11.8,-8.2,1423,-9.9,평창
2022-01-13,-7.7,-2.3,1437,-5.6,포천(동두천)
2022-01-13,-2.5,0.5,1405,-0.8,해남
2022-01-14,-4.7,3.1,1552,-2.1,논산(부여)
2022-01-14,-0.8,1.8,1451,1.5,무안(목포)
2022-01-14,-3.6,2.1,1358,-3.7,상주
2022-01-14,2.4,5.5,1149,3.6,신안
2022-01-14,4.3,7.6,1400,4.6,제주
2022-01-14,-2.5,5.6,1432,-2.9,창녕(밀양)
2022-01-14,-9.5,-0.8,1458,-8.5,평창
2022-01-14,-7.0,0.6,1544,-6.0,포천(동두천)
2022-01-14,-1.6,3.2,1429,1.9,해남
2022-01-15,-0.5,5.9,1612,-0.1,논산(부여)
2022-01-15,3.3,7.7,1353,2.7,무안(목포)
2022-01-15,0.5,7.4,1452,0.1,상주
2022-01-15,5.7,10.8,1347,4.9,신안
2022-01-15,7.4,11.5,1438,6.6,제주
2022-01-15,0.2,10.1,1533,0.1,창녕(밀양)
2022-01-15,-5.1,1.5,1452,-3.6,평창
2022-01-15,-2.7,1.2,1524,-3.5,포천(동두천)
2022-01-15,0.6,8.3,1434,1.9,해남
2022-01-16,-0.8,3.1,1353,0.5,논산(부여)
2022-01-16,2.5,5.1,443,2.9,무안(목포)
2022-01-16,1.1,4.1,259,1.0,상주
2022-01-16,4.0,7.6,226,4.6,신안
2022-01-16,7.0,9.5,334,6.9,제주
2022-01-16,1.0,10.1,1345,-0.4,창녕(밀양)
2022-01-16,-5.0,-1.9,1300,-4.1,평창
2022-01-16,-2.9,1.5,1436,-1.5,포천(동두천)
2022-01-16,0.7,4.9,1132,1.7,해남
2022-01-17,-3.2,2.2,1429,-1.7,논산(부여)
2022-01-17,1.4,4.3,1612,1.8,무안(목포)
2022-01-17,-2.6,2.7,1452,-1.4,상주
2022-01-17,3.7,6.2,1246,3.8,신안
2022-01-17,5.5,7.2,1437,5.3,제주
2022-01-17,-0.2,5.4,1517,-1.1,창녕(밀양)
2022-01-17,-10.0,-6.3,1324,-8.2,평창
2022-01-17,-7.5,-0.9,1344,-6.6,포천(동두천)
2022-01-17,0.1,3.7,1310,0.3,해남
2022-01-18,-5.0,2.7,1520,-2.0,논산(부여)
2022-01-18,-1.3,1.5,1502,1.4,무안(목포)
2022-01-18,-4.1,1.1,1435,-2.8,상주
2022-01-18,1.4,3.6,1117,3.4,신안
2022-01-18,3.8,7.0,1419,5.2,제주
2022-01-18,-1.9,4.6,1517,-2.3,창녕(밀양)
2022-01-18,-10.3,-2.9,1504,-8.3,평창
2022-01-18,-7.2,0.2,1449,-5.4,포천(동두천)
2022-01-18,-2.1,3.2,1449,1.3,해남
2022-01-19,-4.0,3.6,1349,-2.8,논산(부여)
2022-01-19,0.2,5.6,1448,1.6,무안(목포)
2022-01-19,-2.0,5.1,1403,-0.8,상주
2022-01-19,3.0,7.7,1404,3.7,신안
2022-01-19,5.3,10.4,1500,4.4,제주
2022-01-19,-0.7,6.5,1507,-1.7,창녕(밀양)
2022-01-19,-9.7,-3.8,1130,-6.3,평창
2022-01-19,-7.2,-2.8,1453,-4.5,포천(동두천)
2022-01-19,-2.2,6.8,1325,0.1,해남
2022-01-20,-4.5,3.0,1526,-1.9,논산(부여)
2022-01-20,-1.8,0.9,1438,1.4,무안(목포)
2022-01-20,-3.2,3.5,1619,-0.8,상주
2022-01-20,1.0,3.4,1215,3.2,신안
2022-01-20,2.9,5.9,1,4.6,제주
2022-01-20,-0.8,5.9,1516,-0.7,창녕(밀양)
2022-01-20,-9.8,-4.3,1429,-3.7,평창
2022-01-20,-7.8,0.8,1447,-4.0,포천(동두천)
2022-01-20,-2.9,2.2,1443,0.8,해남
2022-01-21,-3.0,5.9,1554,-1.6,논산(부여)
2022-01-21,0.9,6.2,1405,1.7,무안(목포)
2022-01-21,-4.2,4.7,1516,-1.5,상주
2022-01-21,2.5,4.2,2343,3.7,신안
2022-01-21,6.0,10.7,1156,4.1,제주
2022-01-21,-1.2,8.4,1421,-1.6,창녕(밀양)
2022-01-21,-10.6,-0.4,1336,-5.3,평창
2022-01-21,-6.1,3.7,1550,-4.7,포천(동두천)
2022-01-21,-1.5,7.4,1336,-0.4,해남
2022-01-22,2.7,8.4,1444,1.1,논산(부여)
2022-01-22,5.4,10.8,1459,4.8,무안(목포)
2022-01-22,0.2,6.5,1528,1.0,상주
2022-01-22,5.4,6.9,1432,5.1,신안
2022-01-22,10.6,14.4,1356,8.4,제주
2022-01-22,2.3,11.6,1524,0.7,창녕(밀양)
2022-01-22,-4.6,3.5,1513,-4.6,평창
2022-01-22,-2.7,6.2,1447,-2.5,포천(동두천)
2022-01-22,6.8,11.9,1445,4.5,해남
2022-01-23,4.0,9.9,1425,2.0,논산(부여)
2022-01-23,5.0,8.3,1315,5.1,무안(목포)
2022-01-23,4.9,11.6,1510,3.2,상주
2022-01-23,5.9,7.9,1221,5.8,신안
2022-01-23,10.5,12.2,1247,9.6,제주
2022-01-23,6.9,13.6,1450,5.2,창녕(밀양)
2022-01-23,-1.8,3.4,1203,-1.5,평창
2022-01-23,0.8,6.8,1442,0.1,포천(동두천)
2022-01-23,5.8,10.8,1301,5.0,해남
2022-01-24,5.0,9.6,1308,2.5,논산(부여)
2022-01-24,4.8,9.8,1413,5.4,무안(목포)
2022-01-24,3.8,7.2,1223,2.4,상주
2022-01-24,6.3,8.7,1053,6.1,신안
2022-01-24,10.3,12.4,1410,9.6,제주
2022-01-24,5.3,7.7,1,3.9,창녕(밀양)
2022-01-24,-3.5,-1.8,1,-1.9,평창
2022-01-24,2.1,7.8,1309,-0.4,포천(동두천)
2022-01-24,3.2,10.4,1259,3.6,해남
2022-01-25,2.4,5.2,1,2.8,논산(부여)
2022-01-25,5.2,6.6,1512,5.9,무안(목포)
2022-01-25,1.3,3.2,2143,1.6,상주
2022-01-25,6.2,7.8,1505,6.3,신안
2022-01-25,8.8,9.5,800,8.3,제주
2022-01-25,4.7,9.4,1508,4.2,창녕(밀양)
2022-01-25,-3.2,-1.2,1421,-2.3,평창
2022-01-25,2.2,3.9,1534,0.7,포천(동두천)
2022-01-25,4.1,6.5,1449,4.4,해남
2022-01-26,1.0,7.6,1558,2.0,논산(부여)
2022-01-26,3.9,6.8,1318,4.4,무안(목포)
2022-01-26,2.6,6.2,1259,2.4,상주
2022-01-26,5.6,8.2,1404,6.0,신안
2022-01-26,7.5,9.6,1326,7.8,제주
2022-01-26,3.6,9.5,1521,2.1,창녕(밀양)
2022-01-26,-2.8,1.2,1328,-2.3,평창
2022-01-26,0.1,7.0,1449,0.8,포천(동두천)
2022-01-26,3.0,7.7,1418,4.1,해남
2022-01-27,-0.1,6.5,1436,1.6,논산(부여)
2022-01-27,2.2,3.9,1510,3.7,무안(목포)
2022-01-27,1.4,6.9,1442,1.7,상주
2022-01-27,4.0,6.0,1126,5.2,신안
2022-01-27,5.9,7.5,1315,6.5,제주
2022-01-27,3.0,11.3,1531,2.2,창녕(밀양)
2022-01-27,-5.7,3.2,1451,-3.8,평창
2022-01-27,-1.9,4.5,1542,-0.9,포천(동두천)
2022-01-27,1.4,5.2,1350,3.6,해남
2022-01-28,-1.4,5.2,1439,0.7,논산(부여)
2022-01-28,1.2,3.1,1324,2.9,무안(목포)
2022-01-28,-0.3,4.7,1458,1.3,상주
2022-01-28,3.1,4.8,1112,4.5,신안
2022-01-28,5.2,7.9,1341,6.1,제주
2022-01-28,2.1,9.5,1445,1.6,창녕(밀양)
2022-01-28,-7.0,0.8,1423,-4.8,평창
2022-01-28,-4.1,3.4,1428,-2.7,포천(동두천)
2022-01-28,0.5,4.0,1229,3.2,해남
2022-01-29,-2.2,4.3,1525,0.2,논산(부여)
2022-01-29,0.4,1.9,1450,1.7,무안(목포)
2022-01-29,-1.5,3.9,1506,0.6,상주
2022-01-29,2.8,4.2,1056,4.6,신안
2022-01-29,4.6,6.6,1517,5.8,제주
2022-01-29,2.5,8.1,1442,1.7,창녕(밀양)
2022-01-29,-7.6,-1.0,1355,-5.5,평창
2022-01-29,-4.7,2.1,1553,-3.4,포천(동두천)
2022-01-29,-0.3,3.5,1355,2.7,해남
2022-01-30,-2.7,4.8,1501,-0.4,논산(부여)
2022-01-30,0.3,2.4,1407,2.0,무안(목포)
2022-01-30,-1.0,5.3,1402,0.3,상주
2022-01-30,2.8,5.0,1330,4.4,신안
2022-01-30,4.8,7.9,1330,5.8,제주
2022-01-30,1.5,7.9,1618,-0.1,창녕(밀양)
2022-01-30,-9.1,0.3,1348,-6.7,평창
2022-01-30,-4.7,3.6,1544,-3.6,포천(동두천)
2022-01-30,-0.5,4.5,1350,2.5,해남
2022-01-31,-1.7,6.5,1548,-0.3,논산(부여)
2022-01-31,2.0,5.5,1508,3.5,무안(목포)
2022-01-31,-0.1,5.7,1414,0.6,상주
2022-01-31,4.8,7.3,1350,5.5,신안
2022-01-31,5.9,9.1,1347,6.2,제주
2022-01-31,0.1,9.6,1543,0.0,창녕(밀양)
2022-01-31,-7.2,0.7,1451,-6.4,평창
2022-01-31,-2.6,5.3,1458,-2.5,포천(동두천)
2022-01-31,-1.0,5.8,1509,1.5,해남
2022-02-01,0.2,2.7,1221,0.6,논산(부여)
2022-02-01,2.6,4.2,1320,2.2,무안(목포)
2022-02-01,0.3,3.0,1538,1.1,상주
2022-02-01,3.6,5.7,3,4.5,신안
2022-02-01,6.3,8.4,244,6.3,제주
2022-02-01,0.8,7.1,1243,0.5,창녕(밀양)
2022-02-01,-6.5,-3.9,1412,-3.3,평창
2022-02-01,-2.6,1.0,1445,-1.3,포천(동두천)
2022-02-01,1.2,4.2,1351,1.7,해남
2022-02-02,-0.4,3.5,1454,1.5,논산(부여)
2022-02-02,1.3,3.5,1139,2.6,무안(목포)
2022-02-02,-0.4,4.2,1357,2.2,상주
2022-02-02,2.7,5.2,1127,4.4,신안
2022-02-02,5.0,7.5,1441,6.1,제주
2022-02-02,-0.2,6.4,1558,-1.4,창녕(밀양)
2022-02-02,-7.6,-3.5,1443,-3.3,평창
2022-02-02,-5.3,0.0,1435,-3.1,포천(동두천)
2022-02-02,0.5,4.5,1211,2.8,해남
2022-02-03,-2.5,4.1,1513,0.1,논산(부여)
2022-02-03,0.6,3.8,1159,2.9,무안(목포)
2022-02-03,-1.0,4.4,1448,1.7,상주
2022-02-03,2.9,6.1,1136,4.9,신안
2022-02-03,5.0,8.3,1206,6.2,제주
2022-02-03,1.2,7.0,1436,1.6,창녕(밀양)
2022-02-03,-8.0,-2.8,1500,-4.3,평창
2022-02-03,-5.0,0.9,1553,-3.6,포천(동두천)
2022-02-03,-1.2,5.1,1326,2.0,해남
2022-02-04,-2.8,3.0,1427,0.0,논산(부여)
2022-02-04,-0.5,3.7,1416,0.8,무안(목포)
2022-02-04,-2.6,2.5,1342,0.9,상주
2022-02-04,3.0,6.0,1317,4.0,신안
2022-02-04,4.4,7.3,1252,4.7,제주
2022-02-04,1.0,6.8,1519,0.9,창녕(밀양)
2022-02-04,-9.9,-5.4,1450,-5.5,평창
2022-02-04,-7.0,0.0,1421,-4.5,포천(동두천)
2022-02-04,-1.2,4.3,1342,1.1,해남
2022-02-05,-4.0,0.8,1338,-0.9,논산(부여)
2022-02-05,-1.5,-0.3,1835,-0.7,무안(목포)
2022-02-05,-5.1,0.4,1524,-1.5,상주
2022-02-05,1.0,3.0,1210,2.9,신안
2022-02-05,3.6,4.6,1158,4.4,제주
2022-02-05,-1.2,2.8,1507,-0.4,창녕(밀양)
2022-02-05,-12.3,-7.5,1443,-7.5,평창
2022-02-05,-8.1,-1.0,1502,-5.3,포천(동두천)
2022-02-05,-2.4,-0.5,1348,1.1,해남
2022-02-06,-3.3,4.1,1540,-0.4,논산(부여)
2022-02-06,0.4,3.7,1320,0.5,무안(목포)
2022-02-06,-2.6,2.1,1255,-3.3,상주
2022-02-06,3.1,5.8,1208,4.1,신안
2022-02-06,4.5,7.2,1347,5.5,제주
2022-02-06,-0.8,6.1,1504,0.2,창녕(밀양)
2022-02-06,-8.8,-3.7,1602,-7.1,평창
2022-02-06,-5.8,2.1,1353,-4.0,포천(동두천)
2022-02-06,-0.6,3.8,1402,0.8,해남
2022-02-07,-2.5,3.1,1333,-0.8,논산(부여)
2022-02-07,0.1,1.3,1703,0.9,무안(목포)
2022-02-07,-1.2,3.6,1521,-0.8,상주
2022-02-07,2.0,4.2,1145,3.8,신안
2022-02-07,4.4,6.6,1340,6.2,제주
2022-02-07,0.8,5.6,1428,0.1,창녕(밀양)
2022-02-07,-7.6,-2.5,1546,-6.0,평창
2022-02-07,-4.1,2.2,1459,-3.2,포천(동두천)
2022-02-07,-0.7,2.2,1333,0.4,해남
2022-02-08,-0.8,7.0,1542,0.8,논산(부여)
2022-02-08,1.3,5.3,1351,1.8,무안(목포)
2022-02-08,0.7,7.3,1457,2.2,상주
2022-02-08,4.1,7.5,1223,4.5,신안
2022-02-08,5.4,8.9,1255,7.0,제주
2022-02-08,1.8,8.3,1515,2.8,창녕(밀양)
2022-02-08,-6.2,1.8,1443,-4.4,평창
2022-02-08,-1.9,6.2,1543,-0.8,포천(동두천)
2022-02-08,1.4,6.2,1352,2.5,해남
2022-02-09,0.3,7.6,1440,1.7,논산(부여)
2022-02-09,1.8,6.2,1436,3.0,무안(목포)
2022-02-09,0.1,7.8,1438,1.2,상주
2022-02-09,3.7,6.0,1208,4.9,신안
2022-02-09,5.9,9.9,1142,5.7,제주
2022-02-09,3.0,11.0,1550,3.7,창녕(밀양)
2022-02-09,-6.2,3.8,1532,-4.2,평창
2022-02-09,-1.5,8.0,1441,-0.8,포천(동두천)
2022-02-09,0.3,8.4,1236,1.8,해남
2022-02-10,1.8,9.0,1422,3.8,논산(부여)
2022-02-10,3.1,6.3,1348,4.5,무안(목포)
2022-02-10,3.2,9.0,1408,3.8,상주
2022-02-10,5.4,8.7,1226,5.5,신안
2022-02-10,6.9,9.8,1257,7.7,제주
2022-02-10,5.2,12.2,1355,5.8,창녕(밀양)
2022-02-10,-4.8,4.5,1317,-2.4,평창
2022-02-10,0.1,8.3,1509,0.3,포천(동두천)
2022-02-10,2.7,8.1,1408,4.5,해남
2022-02-11,1.6,11.3,1527,3.3,논산(부여)
2022-02-11,3.3,8.7,1436,3.4,무안(목포)
2022-02-11,2.6,11.4,1549,3.2,상주
2022-02-11,5.3,7.8,1228,5.5,신안
2022-02-11,7.5,11.4,1308,6.7,제주
2022-02-11,2.7,13.0,1544,3.3,창녕(밀양)
2022-02-11,-3.8,5.6,1328,-2.9,평창
2022-02-11,0.9,9.5,1428,0.7,포천(동두천)
2022-02-11,1.2,10.9,1514,3.6,해남
2022-02-12,3.2,12.3,1522,4.5,논산(부여)
2022-02-12,4.7,11.2,1337,6.6,무안(목포)
2022-02-12,4.2,11.8,1422,5.1,상주
2022-02-12,5.9,8.6,1353,6.2,신안
2022-02-12,10.0,12.6,1436,8.7,제주
2022-02-12,5.6,14.3,1455,5.5,창녕(밀양)
2022-02-12,-1.7,3.2,1304,-0.7,평창
2022-02-12,2.7,10.5,1439,2.7,포천(동두천)
2022-02-12,3.7,13.5,1344,5.8,해남
2022-02-13,3.9,11.6,1612,3.8,논산(부여)
2022-02-13,5.3,11.1,1243,6.4,무안(목포)
2022-02-13,3.6,11.4,1542,4.2,상주
2022-02-13,6.1,9.0,1206,6.4,신안
2022-02-13,10.1,11.9,1235,8.8,제주
2022-02-13,6.9,13.5,1416,6.5,창녕(밀양)
2022-02-13,-2.1,3.5,1225,-0.5,평창
2022-02-13,2.3,8.7,1609,0.8,포천(동두천)
2022-02-13,4.8,13.0,1216,5.5,해남
2022-02-14,3.1,11.9,1334,4.9,논산(부여)
2022-02-14,5.0,11.0,1443,7.5,무안(목포)
2022-02-14,4.5,12.2,1441,6.0,상주
2022-02-14,6.1,10.5,1249,6.6,신안
2022-02-14,9.3,13.7,1223,8.6,제주
2022-02-14,8.0,14.1,1313,7.0,창녕(밀양)
2022-02-14,-1.4,4.0,1422,0.2,평창
2022-02-14,0.2,8.0,1308,0.0,포천(동두천)
2022-02-14,3.1,11.7,1354,5.3,해남
2022-02-15,-2.2,1.2,1,1.5,논산(부여)
2022-02-15,0.0,2.5,1,2.2,무안(목포)
2022-02-15,-2.3,1.6,1,2.2,상주
2022-02-15,1.0,3.4,1237,4.3,신안
2022-02-15,3.9,7.5,1,6.1,제주
2022-02-15,2.4,7.1,1355,3.9,창녕(밀양)
2022-02-15,-9.0,-4.9,1,-2.3,평창
2022-02-15,-5.5,-1.1,1522,-0.7,포천(동두천)
2022-02-15,-0.7,2.2,1,2.9,해남
2022-02-16,-4.7,-1.0,1323,0.8,논산(부여)
2022-02-16,-2.3,-0.6,1044,-0.6,무안(목포)
2022-02-16,-5.7,-1.8,1419,-0.3,상주
2022-02-16,-0.3,2.4,1252,3.1,신안
2022-02-16,2.3,4.3,1355,4.4,제주
2022-02-16,-2.4,3.3,1405,-0.1,창녕(밀양)
2022-02-16,-13.1,-8.7,1253,-7.5,평창
2022-02-16,-8.2,-2.9,1417,-3.9,포천(동두천)
2022-02-16,-2.9,-0.3,1401,1.4,해남
2022-02-17,-4.9,0.7,1433,0.4,논산(부여)
2022-02-17,-3.1,-1.2,1411,-1.8,무안(목포)
2022-02-17,-5.3,1.1,1506,-0.6,상주
2022-02-17,-0.8,1.3,1250,2.4,신안
2022-02-17,1.1,2.6,1428,3.6,제주
2022-02-17,-3.6,2.7,1604,-0.2,창녕(밀양)
2022-02-17,-12.5,-4.8,1443,-7.2,평창
2022-02-17,-7.3,-0.7,1456,-3.7,포천(동두천)
2022-02-17,-4.8,-0.3,1329,0.8,해남
2022-02-18,-1.7,7.4,1609,2.3,논산(부여)
2022-02-18,1.5,9.2,1441,4.9,무안(목포)
2022-02-18,-3.2,5.6,1559,0.4,상주
2022-02-18,2.3,5.3,1547,4.1,신안
2022-02-18,6.0,11.1,1401,5.9,제주
2022-02-18,0.0,9.0,1359,2.6,창녕(밀양)
2022-02-18,-7.5,2.4,1413,-4.8,평창
2022-02-18,-3.4,6.0,1531,-2.0,포천(동두천)
2022-02-18,0.4,8.5,1417,2.7,해남
2022-02-19,0.5,5.1,1438,3.5,논산(부여)
2022-02-19,1.5,4.0,1245,3.3,무안(목포)
2022-02-19,0.4,5.6,1350,2.0,상주
2022-02-19,2.3,4.9,1246,4.1,신안
2022-02-19,5.2,6.9,1,6.4,제주
2022-02-19,4.0,9.2,1453,6.1,창녕(밀양)
2022-02-19,-4.6,-1.2,1438,-2.3,평창
2022-02-19,-2.3,4.5,1342,-0.5,포천(동두천)
2022-02-19,1.3,5.4,1402,4.0,해남
2022-02-20,-3.1,1.1,1435,1.8,논산(부여)
2022-02-20,-2.3,-0.3,1524,-0.5,무안(목포)
2022-02-20,-3.7,1.2,1437,0.8,상주
2022-02-20,0.0,2.3,1311,2.3,신안
2022-02-20,1.8,3.4,1527,3.3,제주
2022-02-20,-1.1,3.8,1459,1.5,창녕(밀양)
2022-02-20,-10.3,-5.9,1423,-6.2,평창
2022-02-20,-5.3,0.7,1533,-2.2,포천(동두천)
2022-02-20,-3.0,0.1,1509,2.0,해남
2022-02-21,-2.0,5.5,1322,0.0,논산(부여)
2022-02-21,2.0,6.1,1456,5.1,무안(목포)
2022-02-21,-0.7,5.6,1433,0.7,상주
2022-02-21,4.1,8.4,1356,4.5,신안
2022-02-21,5.0,8.0,1524,4.4,제주
2022-02-21,0.8,7.9,1518,1.9,창녕(밀양)
2022-02-21,-7.9,-3.3,1326,-5.4,평창
2022-02-21,-4.5,4.0,1435,-2.8,포천(동두천)
2022-02-21,-0.6,6.8,1409,2.0,해남
2022-02-22,-2.3,3.5,1347,2.2,논산(부여)
2022-02-22,0.1,3.1,1316,2.1,무안(목포)
2022-02-22,-1.8,2.8,1353,2.1,상주
2022-02-22,2.3,5.1,1240,4.6,신안
2022-02-22,4.4,7.1,1258,5.8,제주
2022-02-22,0.9,5.9,1513,2.3,창녕(밀양)
2022-02-22,-9.4,-4.6,1546,-6.0,평창
2022-02-22,-5.3,1.8,1447,-3.0,포천(동두천)
2022-02-22,-0.7,3.4,1308,2.1,해남
2022-02-23,-4.1,2.4,1510,1.4,논산(부여)
2022-02-23,-2.1,0.2,1419,0.0,무안(목포)
2022-02-23,-4.2,1.6,1431,0.4,상주
2022-02-23,0.0,2.2,1226,3.3,신안
2022-02-23,1.9,4.1,1,4.0,제주
2022-02-23,-0.5,4.7,1511,1.9,창녕(밀양)
2022-02-23,-10.6,-4.2,1520,-6.4,평창
2022-02-23,-6.6,0.8,1533,-3.0,포천(동두천)
2022-02-23,-2.9,1.6,1536,3.0,해남
2022-02-24,-2.9,5.5,1359,2.1,논산(부여)
2022-02-24,0.5,4.7,1507,3.2,무안(목포)
2022-02-24,-1.4,4.6,1521,1.3,상주
2022-02-24,3.2,6.6,1352,4.5,신안
2022-02-24,3.4,6.7,1606,3.2,제주
2022-02-24,1.3,8.9,1511,2.5,창녕(밀양)
2022-02-24,-7.7,-0.9,1254,-4.3,평창
2022-02-24,-3.5,5.6,1504,-1.6,포천(동두천)
2022-02-24,-2.2,4.9,1406,0.9,해남
2022-02-25,1.3,10.4,1417,4.1,논산(부여)
2022-02-25,3.5,9.5,1444,6.4,무안(목포)
2022-02-25,4.1,10.4,1514,3.4,상주
2022-02-25,6.2,10.3,1303,5.7,신안
2022-02-25,6.6,11.7,1500,6.8,제주
2022-02-25,3.2,12.5,1521,4.1,창녕(밀양)
2022-02-25,-1.6,3.7,1414,-0.1,평창
2022-02-25,1.4,9.1,1551,0.2,포천(동두천)
2022-02-25,-0.3,10.0,1517,2.8,해남
2022-02-26,5.9,11.0,1253,8.4,논산(부여)
2022-02-26,5.9,11.0,1329,8.4,무안(목포)
2022-02-26,6.8,13.7,1323,7.6,상주
2022-02-26,7.7,12.6,1309,7.3,신안
2022-02-26,9.8,16.2,1501,8.6,제주
2022-02-26,5.9,14.6,1455,6.0,창녕(밀양)
2022-02-26,1.1,5.7,1401,2.2,평창
2022-02-26,4.6,9.0,1345,2.8,포천(동두천)
2022-02-26,2.9,11.5,1442,4.8,해남
2022-02-27,2.9,11.2,1336,5.5,논산(부여)
2022-02-27,4.5,9.0,1327,9.3,무안(목포)
2022-02-27,5.4,11.1,1356,5.1,상주
2022-02-27,6.1,10.2,1149,6.7,신안
2022-02-27,7.4,11.6,1430,9.5,제주
2022-02-27,6.5,14.3,1622,8.1,창녕(밀양)
2022-02-27,-1.2,4.0,1613,0.1,평창
2022-02-27,2.7,9.9,1410,2.0,포천(동두천)
2022-02-27,3.4,10.9,1417,5.9,해남
2022-02-28,4.7,14.1,1533,5.4,논산(부여)
2022-02-28,7.0,13.0,1228,8.1,무안(목포)
2022-02-28,5.4,15.0,1435,4.7,상주
2022-02-28,7.4,11.9,1207,6.4,신안
2022-02-28,8.7,13.2,1350,7.5,제주
2022-02-28,6.2,16.4,1609,6.2,창녕(밀양)
2022-02-28,1.6,8.6,1310,1.3,평창
2022-02-28,4.4,11.6,1553,2.6,포천(동두천)
2022-02-28,4.1,14.5,1236,3.5,해남
2022-03-01,5.3,12.7,1252,7.9,논산(부여)
2022-03-01,6.6,10.1,1236,6.4,무안(목포)
2022-03-01,5.9,13.6,1419,6.9,상주
2022-03-01,7.1,11.3,406,7.7,신안
2022-03-01,10.1,13.6,1358,10.5,제주
2022-03-01,9.6,17.5,1427,9.3,창녕(밀양)
2022-03-01,1.9,6.4,1231,1.3,평창
2022-03-01,3.9,10.9,1518,3.1,포천(동두천)
2022-03-01,6.1,11.3,1314,6.3,해남
2022-03-02,1.6,10.6,1517,6.2,논산(부여)
2022-03-02,4.1,7.2,1403,6.4,무안(목포)
2022-03-02,4.2,10.7,1533,5.4,상주
2022-03-02,5.6,9.1,1324,6.8,신안
2022-03-02,6.4,8.9,1556,7.4,제주
2022-03-02,6.9,13.8,1539,8.5,창녕(밀양)
2022-03-02,-0.5,5.9,1310,1.4,평창
2022-03-02,2.1,10.4,1421,2.3,포천(동두천)
2022-03-02,2.2,7.3,1434,5.0,해남
2022-03-03,3.9,13.9,1538,7.2,논산(부여)
2022-03-03,6.8,12.6,1350,8.0,무안(목포)
2022-03-03,7.1,14.5,1504,8.5,상주
2022-03-03,8.9,13.7,1420,8.5,신안
2022-03-03,10.0,14.7,1239,8.5,제주
2022-03-03,5.5,15.2,1351,8.0,창녕(밀양)
2022-03-03,0.6,6.5,1350,1.6,평창
2022-03-03,4.8,12.8,1336,3.6,포천(동두천)
2022-03-03,3.0,12.5,1410,5.0,해남
2022-03-04,6.9,16.1,1318,8.7,논산(부여)
2022-03-04,10.0,15.4,1433,11.4,무안(목포)
2022-03-04,7.7,18.0,1546,8.7,상주
2022-03-04,9.7,13.4,1251,9.6,신안
2022-03-04,12.6,16.6,1529,10.6,제주
2022-03-04,7.7,16.4,1427,7.8,창녕(밀양)
2022-03-04,3.6,10.5,1459,2.2,평창
2022-03-04,5.4,15.2,1400,2.7,포천(동두천)
2022-03-04,7.7,15.7,1307,8.9,해남
2022-03-05,3.5,7.8,1354,7.1,논산(부여)
2022-03-05,4.8,8.5,1,8.0,무안(목포)
2022-03-05,4.2,10.5,3,8.1,상주
2022-03-05,5.7,8.2,4,8.0,신안
2022-03-05,8.9,14.8,1,11.6,제주
2022-03-05,7.9,12.7,1521,9.8,창녕(밀양)
2022-03-05,-2.1,3.5,1,0.5,평창
2022-03-05,1.9,7.9,1450,3.2,포천(동두천)
2022-03-05,4.5,8.4,1,8.7,해남
2022-03-06,0.8,8.8,1530,6.2,논산(부여)
2022-03-06,2.7,5.1,1310,5.8,무안(목포)
2022-03-06,2.9,9.9,1450,6.3,상주
2022-03-06,4.2,7.2,1243,7.0,신안
2022-03-06,6.4,10.0,1445,10.7,제주
2022-03-06,4.0,11.6,1441,6.6,창녕(밀양)
2022-03-06,-3.9,3.7,1505,-0.2,평창
2022-03-06,1.5,8.3,1438,2.6,포천(동두천)
2022-03-06,2.3,7.9,1255,6.3,해남
2022-03-07,2.2,11.4,1537,7.4,논산(부여)
2022-03-07,3.2,8.7,1355,6.9,무안(목포)
2022-03-07,3.6,12.4,1532,6.0,상주
2022-03-07,4.8,8.3,1307,7.8,신안
2022-03-07,7.5,11.5,1558,10.9,제주
2022-03-07,4.5,13.1,1632,6.9,창녕(밀양)
2022-03-07,-2.1,7.3,1454,0.6,평창
2022-03-07,1.4,9.3,1503,2.2,포천(동두천)
2022-03-07,1.7,10.7,1454,7.3,해남
2022-03-08,3.9,13.8,1522,7.9,논산(부여)
2022-03-08,6.0,12.7,1600,7.4,무안(목포)
2022-03-08,6.4,14.4,1437,8.1,상주
2022-03-08,7.3,13.0,1415,8.8,신안
2022-03-08,9.5,14.1,1600,11.2,제주
2022-03-08,6.4,16.6,1636,8.6,창녕(밀양)
2022-03-08,1.5,8.9,1456,2.7,평창
2022-03-08,4.7,13.3,1508,4.7,포천(동두천)
2022-03-08,2.6,13.6,1436,7.0,해남
2022-03-09,5.5,16.3,1539,8.8,논산(부여)
2022-03-09,7.3,13.7,1508,10.0,무안(목포)
2022-03-09,8.2,17.3,1524,10.7,상주
2022-03-09,6.9,10.8,1412,9.5,신안
2022-03-09,11.0,15.1,1642,12.7,제주
2022-03-09,8.2,18.5,1549,10.6,창녕(밀양)
2022-03-09,0.1,8.3,1254,2.4,평창
2022-03-09,5.0,15.4,1534,5.3,포천(동두천)
2022-03-09,4.9,16.6,1417,8.3,해남
2022-03-10,6.9,17.5,1301,9.6,논산(부여)
2022-03-10,10.2,16.8,1356,11.6,무안(목포)
2022-03-10,8.3,18.5,1507,9.2,상주
2022-03-10,7.5,11.8,1106,9.7,신안
2022-03-10,12.5,17.7,1428,12.7,제주
2022-03-10,9.1,18.2,1607,9.7,창녕(밀양)
2022-03-10,6.3,12.8,1356,2.6,평창
2022-03-10,7.4,17.4,1419,5.4,포천(동두천)
2022-03-10,6.8,18.2,1400,8.9,해남
2022-03-11,10.2,17.8,1610,10.0,논산(부여)
2022-03-11,14.2,18.8,1419,15.8,무안(목포)
2022-03-11,11.1,19.8,1500,13.4,상주
2022-03-11,11.7,16.6,1253,11.2,신안
2022-03-11,16.5,21.4,1634,14.5,제주
2022-03-11,11.7,19.2,1613,12.2,창녕(밀양)
2022-03-11,8.4,14.6,1413,4.1,평창
2022-03-11,9.2,19.6,1353,7.1,포천(동두천)
2022-03-11,12.8,18.9,1346,11.0,해남
2022-03-12,14.2,19.9,1523,15.2,논산(부여)
2022-03-12,16.2,21.6,1431,17.6,무안(목포)
2022-03-12,14.5,21.0,1321,16.1,상주
2022-03-12,11.4,16.7,1351,12.8,신안
2022-03-12,17.0,22.3,1417,16.9,제주
2022-03-12,15.3,22.4,1254,13.7,창녕(밀양)
2022-03-12,6.0,12.9,2212,3.8,평창
2022-03-12,10.8,20.8,1346,9.2,포천(동두천)
2022-03-12,16.4,21.6,1431,16.1,해남
2022-03-13,13.5,16.9,332,12.9,논산(부여)
2022-03-13,14.1,17.7,309,14.3,무안(목포)
2022-03-13,12.5,15.9,228,12.0,상주
2022-03-13,10.6,14.7,915,11.6,신안
2022-03-13,17.7,20.3,822,15.9,제주
2022-03-13,15.7,18.6,823,13.7,창녕(밀양)
2022-03-13,5.4,12.5,1,4.6,평창
2022-03-13,10.3,12.1,1338,10.0,포천(동두천)
2022-03-13,13.7,17.1,8,12.7,해남
2022-03-14,9.8,13.3,1116,10.6,논산(부여)
2022-03-14,10.5,13.7,1219,11.3,무안(목포)
2022-03-14,9.6,12.1,1651,10.0,상주
2022-03-14,8.5,12.4,1434,10.6,신안
2022-03-14,13.8,17.1,1533,15.6,제주
2022-03-14,11.2,14.3,101,10.7,창녕(밀양)
2022-03-14,4.1,11.1,1348,4.0,평창
2022-03-14,6.7,11.3,1207,6.4,포천(동두천)
2022-03-14,10.1,15.0,1607,11.2,해남
2022-03-15,7.2,16.1,1611,10.7,논산(부여)
2022-03-15,7.6,14.2,1503,12.8,무안(목포)
2022-03-15,10.0,16.5,1553,11.0,상주
2022-03-15,6.6,11.0,1345,10.7,신안
2022-03-15,10.4,14.5,1449,13.1,제주
2022-03-15,10.8,19.8,1519,12.6,창녕(밀양)
2022-03-15,6.1,14.8,1439,4.6,평창
2022-03-15,6.6,13.4,1511,8.0,포천(동두천)
2022-03-15,7.9,17.7,1312,10.4,해남
2022-03-16,9.9,19.5,1648,12.8,논산(부여)
2022-03-16,10.0,16.6,1633,14.1,무안(목포)
2022-03-16,13.5,21.0,1427,12.0,상주
2022-03-16,8.6,12.9,1005,11.0,신안
2022-03-16,13.7,18.4,1331,15.2,제주
2022-03-16,12.6,23.2,1507,13.8,창녕(밀양)
2022-03-16,6.8,15.4,1324,5.9,평창
2022-03-16,9.0,18.2,1451,9.4,포천(동두천)
2022-03-16,9.8,20.1,1522,11.1,해남
2022-03-17,9.3,11.2,11,9.4,논산(부여)
2022-03-17,10.4,14.6,1414,10.7,무안(목포)
2022-03-17,7.6,11.3,9,8.7,상주
2022-03-17,7.8,9.0,242,9.2,신안
2022-03-17,13.4,17.2,1102,13.4,제주
2022-03-17,10.1,12.8,1028,9.0,창녕(밀양)
2022-03-17,0.7,3.2,1,2.3,평창
2022-03-17,10.0,17.9,1409,10.7,포천(동두천)
2022-03-17,10.0,13.9,1251,10.5,해남
2022-03-18,7.1,9.7,1317,8.5,논산(부여)
2022-03-18,7.9,10.1,1244,9.3,무안(목포)
2022-03-18,4.9,8.0,1549,6.9,상주
2022-03-18,7.1,8.3,1227,9.4,신안
2022-03-18,10.3,11.8,127,12.0,제주
2022-03-18,7.5,9.7,1108,7.4,창녕(밀양)
2022-03-18,-1.5,-0.5,1,-0.4,평창
2022-03-18,6.4,9.3,1517,7.2,포천(동두천)
2022-03-18,7.6,10.5,1321,9.3,해남
2022-03-19,4.7,7.0,1402,7.0,논산(부여)
2022-03-19,5.4,6.7,1,7.0,무안(목포)
2022-03-19,2.7,5.9,1500,6.7,상주
2022-03-19,5.3,7.3,326,7.3,신안
2022-03-19,7.7,9.4,520,9.6,제주
2022-03-19,5.4,9.3,1637,6.5,창녕(밀양)
2022-03-19,-2.0,-0.3,1455,-0.4,평창
2022-03-19,2.8,6.6,1359,3.9,포천(동두천)
2022-03-19,4.6,6.5,34,6.7,해남
2022-03-20,4.5,8.9,1517,7.5,논산(부여)
2022-03-20,5.2,7.6,1418,6.6,무안(목포)
2022-03-20,5.4,10.1,1517,7.2,상주
2022-03-20,5.5,9.7,1328,8.0,신안
2022-03-20,7.9,10.2,1417,9.8,제주
2022-03-20,6.8,11.7,1332,7.7,창녕(밀양)
2022-03-20,-0.7,2.5,1412,-0.3,평창
2022-03-20,3.9,10.9,1320,6.0,포천(동두천)
2022-03-20,4.3,7.9,1353,7.1,해남
2022-03-21,5.1,12.2,1431,9.3,논산(부여)
2022-03-21,5.7,10.6,1229,6.5,무안(목포)
2022-03-21,6.6,12.4,1445,8.3,상주
2022-03-21,5.7,8.2,1037,7.3,신안
2022-03-21,9.3,12.2,1458,9.9,제주
2022-03-21,8.7,14.7,1443,9.5,창녕(밀양)
2022-03-21,-1.9,3.5,1300,-0.3,평창
2022-03-21,3.8,11.5,1346,4.8,포천(동두천)
2022-03-21,5.8,12.9,1210,6.6,해남
2022-03-22,6.7,13.5,1536,9.9,논산(부여)
2022-03-22,6.3,9.7,1357,7.4,무안(목포)
2022-03-22,7.9,14.1,1451,8.9,상주
2022-03-22,6.1,9.5,1332,8.3,신안
2022-03-22,9.4,12.5,1234,11.4,제주
2022-03-22,9.2,15.6,1512,11.2,창녕(밀양)
2022-03-22,-1.9,3.5,1344,-0.3,평창
2022-03-22,6.7,14.9,1450,7.0,포천(동두천)
2022-03-22,6.0,11.4,1334,8.6,해남
2022-03-23,5.1,9.9,1229,6.4,논산(부여)
2022-03-23,6.3,10.8,1533,8.2,무안(목포)
2022-03-23,4.7,10.7,1409,5.8,상주
2022-03-23,6.5,11.1,1332,9.5,신안
2022-03-23,9.0,12.8,1502,11.6,제주
2022-03-23,6.5,13.2,1420,7.3,창녕(밀양)
2022-03-23,-0.6,3.2,1510,-0.4,평창
2022-03-23,5.3,8.7,1516,6.4,포천(동두천)
2022-03-23,4.8,11.9,1445,8.9,해남
2022-03-24,7.2,15.4,1450,10.7,논산(부여)
2022-03-24,9.3,15.4,1505,10.5,무안(목포)
2022-03-24,6.9,14.4,1539,8.3,상주
2022-03-24,9.7,14.8,1307,10.5,신안
2022-03-24,11.2,15.4,1442,11.5,제주
2022-03-24,9.2,18.6,1510,10.5,창녕(밀양)
2022-03-24,2.1,5.3,1559,-0.3,평창
2022-03-24,7.5,11.5,1656,7.3,포천(동두천)
2022-03-24,6.9,15.3,1402,9.9,해남
2022-03-25,12.0,18.3,1437,11.6,논산(부여)
2022-03-25,14.3,17.8,1702,12.0,무안(목포)
2022-03-25,10.5,17.8,1453,11.2,상주
2022-03-25,12.2,14.6,1531,10.8,신안
2022-03-25,16.4,21.1,1840,12.7,제주
2022-03-25,13.1,19.1,1314,12.4,창녕(밀양)
2022-03-25,7.8,14.0,1338,-0.2,평창
2022-03-25,10.9,17.3,1521,9.5,포천(동두천)
2022-03-25,13.4,16.5,1603,11.4,해남
2022-03-26,10.8,15.3,405,11.6,논산(부여)
2022-03-26,9.8,16.6,158,11.2,무안(목포)
2022-03-26,12.0,14.5,1020,11.9,상주
2022-03-26,9.3,14.4,128,11.7,신안
2022-03-26,12.1,21.4,142,13.1,제주
2022-03-26,15.5,21.3,1306,15.4,창녕(밀양)
2022-03-26,8.5,12.1,806,6.8,평창
2022-03-26,11.4,16.4,1521,12.2,포천(동두천)
2022-03-26,9.3,16.4,143,10.5,해남
2022-03-27,7.0,15.1,1226,9.7,논산(부여)
2022-03-27,8.2,14.3,1324,10.1,무안(목포)
2022-03-27,10.2,17.9,1352,10.9,상주
2022-03-27,8.4,15.1,1122,10.2,신안
2022-03-27,12.7,18.5,1335,13.4,제주
2022-03-27,13.0,20.6,1431,13.5,창녕(밀양)
2022-03-27,4.1,8.8,1213,4.1,평창
2022-03-27,6.9,14.7,1330,8.3,포천(동두천)
2022-03-27,8.7,16.2,1302,10.5,해남
2022-03-28,6.1,15.1,1555,11.0,논산(부여)
2022-03-28,7.7,13.1,1528,9.6,무안(목포)
2022-03-28,7.3,14.7,1457,9.2,상주
2022-03-28,7.3,11.0,1228,10.5,신안
2022-03-28,10.8,14.5,1613,12.7,제주
2022-03-28,9.3,16.0,1543,11.1,창녕(밀양)
2022-03-28,0.5,8.5,1248,3.3,평창
2022-03-28,6.2,16.0,1611,7.3,포천(동두천)
2022-03-28,7.9,13.8,1425,10.2,해남
2022-03-29,8.8,18.0,1542,13.5,논산(부여)
2022-03-29,10.7,17.1,1405,12.4,무안(목포)
2022-03-29,9.7,19.7,1511,10.8,상주
2022-03-29,10.5,15.7,1346,11.8,신안
2022-03-29,13.1,16.9,1037,14.5,제주
2022-03-29,10.6,19.7,1630,13.1,창녕(밀양)
2022-03-29,5.1,13.3,1435,3.7,평창
2022-03-29,8.2,16.7,1444,9.0,포천(동두천)
2022-03-29,9.7,17.3,1346,12.2,해남
2022-03-30,10.0,16.5,1418,10.8,논산(부여)
2022-03-30,13.8,21.3,1345,15.0,무안(목포)
2022-03-30,12.1,19.6,1406,12.3,상주
2022-03-30,11.2,15.5,1149,11.9,신안
2022-03-30,15.4,19.8,1232,16.2,제주
2022-03-30,13.4,22.2,1434,13.7,창녕(밀양)
2022-03-30,4.8,14.1,1223,2.9,평창
2022-03-30,8.8,16.4,1326,8.5,포천(동두천)
2022-03-30,13.5,21.1,1327,13.5,해남
2022-03-31,10.6,14.7,1308,11.9,논산(부여)
2022-03-31,7.8,10.5,1222,9.5,무안(목포)
2022-03-31,10.8,15.1,1229,12.4,상주
2022-03-31,7.5,10.1,1037,10.2,신안
2022-03-31,11.5,14.4,1,14.9,제주
2022-03-31,12.4,16.1,1148,14.4,창녕(밀양)
2022-03-31,1.0,3.0,332,3.4,평창
2022-03-31,9.4,16.1,1337,11.7,포천(동두천)
2022-03-31,8.2,12.3,1124,10.9,해남
2022-04-01,9.3,16.2,1536,14.6,논산(부여)
2022-04-01,8.5,13.5,1311,11.1,무안(목포)
2022-04-01,7.1,14.5,1608,10.7,상주
2022-04-01,7.8,12.7,1134,11.6,신안
2022-04-01,11.9,14.6,1413,16.2,제주
2022-04-01,9.8,15.8,1420,14.2,창녕(밀양)
2022-04-01,0.1,4.8,1412,3.6,평창
2022-04-01,7.9,17.1,1445,11.2,포천(동두천)
2022-04-01,6.9,14.6,1139,9.3,해남
2022-04-02,6.2,14.2,1326,12.9,논산(부여)
2022-04-02,7.2,11.5,1230,10.5,무안(목포)
2022-04-02,8.6,16.7,1458,12.1,상주
2022-04-02,7.1,11.6,1148,11.4,신안
2022-04-02,10.8,14.7,1439,16.3,제주
2022-04-02,9.4,17.1,1621,12.3,창녕(밀양)
2022-04-02,3.0,10.8,1426,4.2,평창
2022-04-02,7.2,16.2,1421,10.6,포천(동두천)
2022-04-02,5.6,13.5,1345,11.5,해남
2022-04-03,8.0,17.6,1458,13.7,논산(부여)
2022-04-03,7.8,13.2,1328,11.2,무안(목포)
2022-04-03,10.3,18.0,1503,12.5,상주
2022-04-03,7.9,12.4,1314,12.0,신안
2022-04-03,10.4,14.8,1437,15.4,제주
2022-04-03,10.9,18.8,1342,14.5,창녕(밀양)
2022-04-03,2.8,10.8,1226,4.2,평창
2022-04-03,8.8,19.0,1528,12.0,포천(동두천)
2022-04-03,6.7,15.1,1354,11.6,해남
2022-04-04,9.0,18.4,1446,14.6,논산(부여)
2022-04-04,9.4,16.0,1448,13.6,무안(목포)
2022-04-04,11.4,20.3,1439,13.7,상주
2022-04-04,9.4,14.2,1220,12.7,신안
2022-04-04,11.9,16.7,1615,16.3,제주
2022-04-04,12.1,21.5,1552,15.1,창녕(밀양)
2022-04-04,6.5,14.9,1456,5.9,평창
2022-04-04,9.2,18.6,1453,12.8,포천(동두천)
2022-04-04,7.5,17.8,1434,12.3,해남
2022-04-05,8.1,17.4,1418,12.6,논산(부여)
2022-04-05,9.7,14.7,1504,13.6,무안(목포)
2022-04-05,12.3,19.8,1511,13.4,상주
2022-04-05,9.4,14.2,1233,11.2,신안
2022-04-05,13.0,17.8,1434,16.2,제주
2022-04-05,12.9,22.1,1414,15.3,창녕(밀양)
2022-04-05,7.9,14.1,1430,6.1,평창
2022-04-05,9.4,17.9,1430,12.9,포천(동두천)
2022-04-05,6.9,15.7,1345,11.0,해남
2022-04-06,10.8,21.2,1534,16.2,논산(부여)
2022-04-06,10.0,15.5,1433,15.6,무안(목포)
2022-04-06,14.9,22.6,1418,16.3,상주
2022-04-06,9.0,13.9,1339,13.3,신안
2022-04-06,13.7,17.7,1426,17.5,제주
2022-04-06,14.7,24.0,1445,16.7,창녕(밀양)
2022-04-06,7.2,13.1,1707,6.9,평창
2022-04-06,11.5,19.4,1504,15.4,포천(동두천)
2022-04-06,8.8,17.8,1416,13.1,해남
2022-04-07,10.2,18.5,1550,14.5,논산(부여)
2022-04-07,10.1,15.9,1445,15.8,무안(목포)
2022-04-07,13.4,19.6,1620,14.8,상주
2022-04-07,9.1,13.9,1252,13.7,신안
2022-04-07,13.1,19.4,1130,18.0,제주
2022-04-07,14.0,21.9,1542,15.4,창녕(밀양)
2022-04-07,7.9,14.0,1436,9.2,평창
2022-04-07,10.5,18.2,1335,15.8,포천(동두천)
2022-04-07,9.5,17.6,1431,14.3,해남
2022-04-08,11.3,22.6,1600,16.8,논산(부여)
2022-04-08,13.7,21.1,1538,18.4,무안(목포)
2022-04-08,14.2,23.5,1454,16.6,상주
2022-04-08,12.1,18.1,1449,14.1,신안
2022-04-08,15.1,19.9,1621,18.1,제주
2022-04-08,14.3,23.9,1530,17.1,창녕(밀양)
2022-04-08,8.7,17.3,1431,9.8,평창
2022-04-08,11.7,21.6,1446,15.6,포천(동두천)
2022-04-08,10.8,22.5,1313,14.5,해남
2022-04-09,16.0,24.0,1345,18.8,논산(부여)
2022-04-09,16.7,22.4,1357,20.4,무안(목포)
2022-04-09,17.9,28.4,1407,19.2,상주
2022-04-09,13.2,17.5,1422,15.2,신안
2022-04-09,17.2,21.7,1349,19.8,제주
2022-04-09,15.9,26.0,1419,18.1,창녕(밀양)
2022-04-09,14.8,20.2,1439,13.7,평창
2022-04-09,17.5,25.5,1401,19.7,포천(동두천)
2022-04-09,13.6,22.1,1453,16.4,해남
2022-04-10,16.0,25.5,1507,20.2,논산(부여)
2022-04-10,17.6,22.8,1317,21.1,무안(목포)
2022-04-10,19.4,28.7,1438,20.4,상주
2022-04-10,14.9,19.2,1129,15.2,신안
2022-04-10,17.4,21.1,1146,19.8,제주
2022-04-10,17.0,26.3,1439,18.7,창녕(밀양)
2022-04-10,16.0,23.9,1533,14.9,평창
2022-04-10,17.3,26.0,1530,20.6,포천(동두천)
2022-04-10,15.3,23.1,1319,16.8,해남
2022-04-11,18.6,27.0,1448,23.1,논산(부여)
2022-04-11,19.9,25.8,1515,24.3,무안(목포)
2022-04-11,20.8,28.3,1513,22.2,상주
2022-04-11,15.5,19.7,1128,16.1,신안
2022-04-11,19.8,25.3,1412,23.4,제주
2022-04-11,18.0,25.2,1303,20.1,창녕(밀양)
2022-04-11,16.5,23.5,1501,16.6,평창
2022-04-11,18.7,27.7,1458,22.7,포천(동두천)
2022-04-11,18.1,24.3,1404,20.4,해남
2022-04-12,18.3,25.0,1534,22.7,논산(부여)
2022-04-12,19.3,23.1,1402,23.8,무안(목포)
2022-04-12,21.5,30.1,1604,23.5,상주
2022-04-12,14.0,17.6,1506,16.5,신안
2022-04-12,18.8,23.3,1219,23.6,제주
2022-04-12,21.1,28.9,1504,23.3,창녕(밀양)
2022-04-12,14.4,24.2,1445,17.0,평창
2022-04-12,18.1,26.7,1420,23.0,포천(동두천)
2022-04-12,18.2,24.8,1314,21.0,해남
2022-04-13,13.2,16.5,18,14.8,논산(부여)
2022-04-13,15.4,19.9,1259,17.6,무안(목포)
2022-04-13,12.4,20.1,1,15.1,상주
2022-04-13,10.8,12.3,1524,13.9,신안
2022-04-13,17.9,22.9,1427,22.2,제주
2022-04-13,14.1,17.7,359,15.5,창녕(밀양)
2022-04-13,3.1,6.3,1,5.6,평창
2022-04-13,11.8,14.8,1452,15.2,포천(동두천)
2022-04-13,15.0,19.5,1042,17.7,해남
2022-04-14,11.0,15.1,1536,13.9,논산(부여)
2022-04-14,14.1,18.4,1525,16.9,무안(목포)
2022-04-14,9.5,12.2,1454,12.1,상주
2022-04-14,11.4,15.6,1437,14.1,신안
2022-04-14,14.1,14.6,849,15.8,제주
2022-04-14,11.9,14.4,1321,15.0,창녕(밀양)
2022-04-14,2.8,3.5,1447,4.4,평창
2022-04-14,12.4,17.6,1610,16.3,포천(동두천)
2022-04-14,13.8,20.1,1605,18.0,해남
2022-04-15,12.3,19.4,1415,14.9,논산(부여)
2022-04-15,12.2,16.3,1313,15.7,무안(목포)
2022-04-15,12.1,19.6,1539,15.4,상주
2022-04-15,10.8,15.1,1206,15.0,신안
2022-04-15,14.0,17.6,1510,17.3,제주
2022-04-15,13.5,20.3,1605,19.6,창녕(밀양)
2022-04-15,3.2,8.5,1228,7.3,평창
2022-04-15,11.6,20.8,1541,15.6,포천(동두천)
2022-04-15,13.1,19.6,1403,19.1,해남
2022-04-16,11.3,19.8,1437,15.5,논산(부여)
2022-04-16,11.7,17.4,1245,15.8,무안(목포)
2022-04-16,12.6,20.6,1452,15.6,상주
2022-04-16,10.5,15.4,1157,15.3,신안
2022-04-16,13.6,17.3,1521,17.6,제주
2022-04-16,12.9,21.3,1521,18.7,창녕(밀양)
2022-04-16,6.8,15.4,1520,9.5,평창
2022-04-16,11.9,21.4,1413,17.8,포천(동두천)
2022-04-16,10.9,20.1,1416,17.0,해남
2022-04-17,12.0,22.1,1514,16.5,논산(부여)
2022-04-17,12.2,17.8,1501,17.8,무안(목포)
2022-04-17,15.3,23.2,1457,17.0,상주
2022-04-17,12.1,16.6,1220,16.1,신안
2022-04-17,14.3,18.9,1433,18.3,제주
2022-04-17,14.3,23.3,1516,19.1,창녕(밀양)
2022-04-17,9.9,17.3,1415,11.7,평창
2022-04-17,12.7,23.5,1419,18.5,포천(동두천)
2022-04-17,11.2,19.7,1437,17.2,해남
2022-04-18,13.1,22.5,1538,16.8,논산(부여)
2022-04-18,13.9,20.6,1217,17.7,무안(목포)
2022-04-18,16.1,24.1,1550,17.4,상주
2022-04-18,12.6,17.0,1037,15.8,신안
2022-04-18,15.1,18.2,1621,18.6,제주
2022-04-18,16.8,24.7,1451,19.4,창녕(밀양)
2022-04-18,11.3,17.7,1415,11.5,평창
2022-04-18,14.6,23.1,1422,19.2,포천(동두천)
2022-04-18,12.5,22.9,1345,16.5,해남
2022-04-19,12.9,22.8,1337,17.9,논산(부여)
2022-04-19,13.7,19.5,1211,19.1,무안(목포)
2022-04-19,16.8,24.7,1430,19.0,상주
2022-04-19,13.1,18.5,1134,17.2,신안
2022-04-19,15.6,19.5,1348,20.1,제주
2022-04-19,16.3,25.8,1332,20.0,창녕(밀양)
2022-04-19,11.0,18.7,1458,12.8,평창
2022-04-19,13.7,24.0,1356,19.4,포천(동두천)
2022-04-19,12.7,22.4,1315,19.2,해남
2022-04-20,12.6,22.2,1425,18.5,논산(부여)
2022-04-20,14.5,20.0,1357,22.1,무안(목포)
2022-04-20,17.4,25.3,1457,19.5,상주
2022-04-20,12.3,18.5,1318,16.8,신안
2022-04-20,15.7,19.9,1230,20.5,제주
2022-04-20,16.6,26.1,1401,21.8,창녕(밀양)
2022-04-20,12.2,19.2,1508,13.7,평창
2022-04-20,14.3,23.7,1333,20.1,포천(동두천)
2022-04-20,12.2,22.4,1337,21.5,해남
2022-04-21,12.7,21.4,1458,16.8,논산(부여)
2022-04-21,14.3,18.8,1516,19.3,무안(목포)
2022-04-21,12.9,20.2,1556,14.0,상주
2022-04-21,12.3,16.2,1400,16.1,신안
2022-04-21,14.7,18.1,1441,18.1,제주
2022-04-21,12.5,16.9,1140,12.1,창녕(밀양)
2022-04-21,11.8,16.6,1235,11.9,평창
2022-04-21,14.9,24.1,1410,20.6,포천(동두천)
2022-04-21,11.3,18.5,1616,15.8,해남
2022-04-22,14.6,23.7,1300,20.0,논산(부여)
2022-04-22,16.2,22.9,1421,23.1,무안(목포)
2022-04-22,16.9,26.8,1313,19.0,상주
2022-04-22,13.1,16.9,1143,17.1,신안
2022-04-22,17.2,22.9,1424,20.4,제주
2022-04-22,17.0,25.0,1418,21.2,창녕(밀양)
2022-04-22,12.4,16.0,1441,13.5,평창
2022-04-22,13.9,15.6,1356,14.0,포천(동두천)
2022-04-22,15.3,22.3,1242,24.1,해남
2022-04-23,17.9,25.0,1544,22.1,논산(부여)
2022-04-23,17.1,22.2,1337,21.0,무안(목포)
2022-04-23,18.8,26.1,1544,22.5,상주
2022-04-23,13.4,16.5,1343,16.4,신안
2022-04-23,18.0,21.5,1527,20.5,제주
2022-04-23,17.9,25.1,1433,21.3,창녕(밀양)
2022-04-23,11.7,17.6,1449,14.5,평창
2022-04-23,16.1,25.3,1432,21.8,포천(동두천)
2022-04-23,17.0,23.3,1339,22.7,해남
2022-04-24,17.9,26.1,1349,24.2,논산(부여)
2022-04-24,17.8,21.8,1406,26.5,무안(목포)
2022-04-24,20.0,28.8,1521,23.6,상주
2022-04-24,13.1,17.7,1429,17.4,신안
2022-04-24,17.7,21.5,1700,23.0,제주
2022-04-24,21.2,30.7,1547,27.2,창녕(밀양)
2022-04-24,16.4,24.0,1427,17.7,평창
2022-04-24,17.3,25.2,1432,22.6,포천(동두천)
2022-04-24,18.1,25.4,1346,25.2,해남
2022-04-25,19.5,26.1,1348,22.4,논산(부여)
2022-04-25,18.7,24.8,1345,24.7,무안(목포)
2022-04-25,20.3,27.1,1258,23.6,상주
2022-04-25,15.1,17.9,1513,16.4,신안
2022-04-25,21.2,26.7,1340,23.8,제주
2022-04-25,21.4,29.7,1319,25.3,창녕(밀양)
2022-04-25,17.2,21.8,1144,17.7,평창
2022-04-25,18.7,23.2,1533,21.0,포천(동두천)
2022-04-25,17.8,25.1,1154,23.1,해남
2022-04-26,18.5,24.9,1611,20.4,논산(부여)
2022-04-26,16.6,18.9,234,18.3,무안(목포)
2022-04-26,17.9,22.0,1547,19.8,상주
2022-04-26,15.3,19.3,1150,16.7,신안
2022-04-26,19.3,24.3,1,20.4,제주
2022-04-26,18.7,22.1,1131,18.3,창녕(밀양)
2022-04-26,15.2,21.5,1531,16.5,평창
2022-04-26,21.5,30.3,1338,28.4,포천(동두천)
2022-04-26,15.8,19.0,131,17.2,해남
2022-04-27,15.5,23.3,1457,20.4,논산(부여)
2022-04-27,14.4,18.0,1215,17.8,무안(목포)
2022-04-27,17.5,24.1,1527,20.0,상주
2022-04-27,12.3,15.8,1037,16.1,신안
2022-04-27,17.1,22.3,1035,20.3,제주
2022-04-27,17.6,23.5,1423,19.9,창녕(밀양)
2022-04-27,8.8,14.8,1,13.3,평창
2022-04-27,16.7,24.8,1521,23.7,포천(동두천)
2022-04-27,15.2,21.1,1306,18.7,해남
2022-04-28,15.8,24.3,1324,20.4,논산(부여)
2022-04-28,14.7,22.4,1332,18.1,무안(목포)
2022-04-28,16.2,23.6,1436,19.8,상주
2022-04-28,12.3,19.3,1311,16.1,신안
2022-04-28,17.5,20.3,1451,21.1,제주
2022-04-28,17.0,24.6,1410,20.6,창녕(밀양)
2022-04-28,6.7,11.4,929,10.3,평창
2022-04-28,15.7,25.1,1440,22.1,포천(동두천)
2022-04-28,14.2,21.7,1340,17.6,해남
2022-04-29,13.2,17.4,1349,16.9,논산(부여)
2022-04-29,12.8,16.4,1305,17.1,무안(목포)
2022-04-29,11.4,14.4,1331,15.3,상주
2022-04-29,10.7,14.1,1030,14.3,신안
2022-04-29,13.6,17.6,21,16.5,제주
2022-04-29,12.0,15.1,1,13.1,창녕(밀양)
2022-04-29,3.4,6.1,1,7.1,평창
2022-04-29,10.7,17.0,1404,15.2,포천(동두천)
2022-04-29,12.2,16.8,1337,15.6,해남
2022-04-30,12.5,18.4,1338,16.9,논산(부여)
2022-04-30,13.1,15.8,1426,18.2,무안(목포)
2022-04-30,13.0,18.6,1604,16.4,상주
2022-04-30,11.9,16.4,1221,16.2,신안
2022-04-30,15.1,17.8,1332,19.1,제주
2022-04-30,14.4,18.7,1532,16.7,창녕(밀양)
2022-04-30,6.3,12.3,1406,10.2,평창
2022-04-30,11.4,16.7,1446,14.3,포천(동두천)
2022-04-30,12.5,16.0,1222,14.5,해남
2022-05-01,12.1,19.3,1311,18.9,논산(부여)
2022-05-01,13.0,16.8,1348,19.2,무안(목포)
2022-05-01,13.7,20.0,1408,17.3,상주
2022-05-01,13.1,17.1,1207,17.0,신안
2022-05-01,14.8,18.3,1611,20.5,제주
2022-05-01,14.8,21.5,1432,19.7,창녕(밀양)
2022-05-01,7.5,13.5,1554,9.4,평창
2022-05-01,11.4,19.5,1338,17.5,포천(동두천)
2022-05-01,11.6,17.4,1337,16.3,해남
2022-05-02,12.5,20.1,1313,19.1,논산(부여)
2022-05-02,13.6,18.5,1413,20.1,무안(목포)
2022-05-02,13.5,19.8,1412,18.2,상주
2022-05-02,13.8,18.4,1104,17.3,신안
2022-05-02,16.7,20.3,1323,20.4,제주
2022-05-02,12.9,21.4,1526,16.5,창녕(밀양)
2022-05-02,3.7,10.5,958,7.2,평창
2022-05-02,12.3,20.6,1446,19.5,포천(동두천)
2022-05-02,11.7,20.5,1355,17.8,해남
2022-05-03,12.0,20.4,1446,19.3,논산(부여)
2022-05-03,13.3,18.7,1441,21.4,무안(목포)
2022-05-03,14.1,22.8,1505,19.0,상주
2022-05-03,12.5,19.0,1334,17.3,신안
2022-05-03,14.8,18.8,1453,21.3,제주
2022-05-03,13.5,22.4,1509,17.0,창녕(밀양)
2022-05-03,8.9,16.6,1435,11.6,평창
2022-05-03,12.7,21.3,1400,19.3,포천(동두천)
2022-05-03,10.7,19.6,1331,18.2,해남
2022-05-04,14.3,24.3,1349,21.1,논산(부여)
2022-05-04,15.3,20.6,1534,23.3,무안(목포)
2022-05-04,18.4,27.2,1503,22.8,상주
2022-05-04,13.6,19.2,1251,18.5,신안
2022-05-04,16.6,20.7,1115,22.7,제주
2022-05-04,16.2,26.6,1411,21.0,창녕(밀양)
2022-05-04,14.8,21.3,1437,15.3,평창
2022-05-04,15.9,26.5,1419,22.2,포천(동두천)
2022-05-04,12.7,21.3,1429,20.1,해남
2022-05-05,15.9,25.1,1535,23.2,논산(부여)
2022-05-05,18.3,24.2,1548,26.2,무안(목포)
2022-05-05,19.2,28.0,1455,24.5,상주
2022-05-05,15.9,22.0,1333,19.5,신안
2022-05-05,20.7,27.5,1503,24.9,제주
2022-05-05,17.7,27.5,1511,23.1,창녕(밀양)
2022-05-05,16.3,23.2,1438,18.0,평창
2022-05-05,17.0,25.9,1334,24.5,포천(동두천)
2022-05-05,16.1,24.3,1335,22.7,해남
2022-05-06,18.8,27.0,1358,25.0,논산(부여)
2022-05-06,19.7,25.4,1453,29.7,무안(목포)
2022-05-06,20.0,27.7,1534,26.1,상주
2022-05-06,17.8,23.6,1411,20.7,신안
2022-05-06,20.5,24.6,1017,25.7,제주
2022-05-06,19.7,28.5,1447,25.3,창녕(밀양)
2022-05-06,16.7,23.1,1309,19.8,평창
2022-05-06,17.9,25.7,1517,24.6,포천(동두천)
2022-05-06,18.2,25.5,1526,22.1,해남
2022-05-07,16.8,23.8,1519,23.2,논산(부여)
2022-05-07,16.5,20.7,1141,25.0,무안(목포)
2022-05-07,18.6,24.7,1603,25.5,상주
2022-05-07,14.7,18.8,1047,19.4,신안
2022-05-07,19.3,23.6,1557,24.4,제주
2022-05-07,20.0,27.6,1506,26.4,창녕(밀양)
2022-05-07,9.1,14.6,1,11.0,평창
2022-05-07,17.7,23.5,1348,24.0,포천(동두천)
2022-05-07,16.3,23.2,1404,23.4,해남
2022-05-08,16.2,23.7,1440,23.1,논산(부여)
2022-05-08,15.4,21.6,1304,23.0,무안(목포)
2022-05-08,16.1,22.0,1406,23.2,상주
2022-05-08,13.8,19.2,1415,18.4,신안
2022-05-08,18.5,22.4,1139,24.2,제주
2022-05-08,17.5,22.8,1621,23.6,창녕(밀양)
2022-05-08,8.1,12.8,1434,9.9,평창
2022-05-08,13.0,17.6,1121,16.5,포천(동두천)
2022-05-08,14.2,20.7,1318,19.5,해남
2022-05-09,16.3,23.6,1555,22.5,논산(부여)
2022-05-09,16.3,20.4,1559,23.3,무안(목포)
2022-05-09,16.2,24.2,1522,23.4,상주
2022-05-09,14.7,19.1,1155,20.2,신안
2022-05-09,17.6,19.8,1303,24.2,제주
2022-05-09,17.3,23.2,1454,22.3,창녕(밀양)
2022-05-09,9.5,16.7,1404,16.3,평창
2022-05-09,16.2,25.5,1607,23.0,포천(동두천)
2022-05-09,14.5,21.2,1553,18.6,해남
2022-05-10,18.0,25.4,1501,25.3,논산(부여)
2022-05-10,16.5,21.1,1308,21.5,무안(목포)
2022-05-10,16.6,25.2,1542,22.8,상주
2022-05-10,14.9,19.9,1258,17.8,신안
2022-05-10,17.8,19.9,1241,22.8,제주
2022-05-10,17.1,25.2,1524,22.9,창녕(밀양)
2022-05-10,9.0,18.5,1435,14.6,평창
2022-05-10,18.2,26.7,1455,25.2,포천(동두천)
2022-05-10,14.8,22.4,1445,19.7,해남
2022-05-11,18.9,24.6,1500,25.1,논산(부여)
2022-05-11,18.3,22.8,1447,28.7,무안(목포)
2022-05-11,19.2,25.8,1516,24.6,상주
2022-05-11,15.9,20.4,1418,19.8,신안
2022-05-11,18.7,20.8,1129,21.1,제주
2022-05-11,20.3,27.8,1433,26.2,창녕(밀양)
2022-05-11,14.9,22.4,1600,19.4,평창
2022-05-11,18.7,25.6,1418,27.7,포천(동두천)
2022-05-11,17.9,22.3,1526,21.8,해남
2022-05-12,20.0,27.9,1537,26.5,논산(부여)
2022-05-12,18.1,23.4,1215,25.3,무안(목포)
2022-05-12,21.0,26.7,1424,26.2,상주
2022-05-12,15.3,19.6,1113,21.1,신안
2022-05-12,19.1,22.2,945,23.1,제주
2022-05-12,20.8,25.7,1252,22.4,창녕(밀양)
2022-05-12,10.5,15.8,1003,15.0,평창
2022-05-12,19.1,27.7,1521,27.6,포천(동두천)
2022-05-12,18.7,25.1,1516,24.5,해남
2022-05-13,17.8,21.8,1653,21.9,논산(부여)
2022-05-13,16.0,19.2,1330,18.8,무안(목포)
2022-05-13,16.6,19.6,1154,20.8,상주
2022-05-13,14.6,18.8,1155,18.4,신안
2022-05-13,16.9,18.8,1245,20.1,제주
2022-05-13,18.2,23.8,1418,21.5,창녕(밀양)
2022-05-13,7.6,12.1,1056,11.1,평창
2022-05-13,16.7,24.5,1202,23.2,포천(동두천)
2022-05-13,16.1,20.0,1310,18.2,해남
2022-05-14,14.4,21.7,1231,22.2,논산(부여)
2022-05-14,15.4,20.0,1323,23.3,무안(목포)
2022-05-14,16.6,23.1,1416,23.6,상주
2022-05-14,14.6,19.4,1114,19.7,신안
2022-05-14,16.6,21.3,1354,20.3,제주
2022-05-14,19.1,26.0,1618,25.5,창녕(밀양)
2022-05-14,9.3,14.9,1614,12.0,평창
2022-05-14,14.6,21.5,1443,23.4,포천(동두천)
2022-05-14,15.3,21.6,1351,22.6,해남
2022-05-15,13.7,21.9,1424,23.6,논산(부여)
2022-05-15,15.1,18.8,1255,23.4,무안(목포)
2022-05-15,16.0,22.8,1517,25.0,상주
2022-05-15,14.2,18.1,1034,21.5,신안
2022-05-15,16.3,19.7,1342,20.0,제주
2022-05-15,17.1,23.7,1421,24.9,창녕(밀양)
2022-05-15,9.6,17.2,1444,15.7,평창
2022-05-15,14.6,23.4,1458,24.4,포천(동두천)
2022-05-15,14.6,19.9,1500,24.4,해남
2022-05-16,14.7,23.1,1327,23.8,논산(부여)
2022-05-16,16.4,21.1,1329,25.3,무안(목포)
2022-05-16,17.4,24.8,1400,25.7,상주
2022-05-16,15.1,20.5,1612,21.8,신안
2022-05-16,18.0,22.0,1418,22.6,제주
2022-05-16,17.9,26.0,1457,25.7,창녕(밀양)
2022-05-16,12.3,18.7,1440,16.9,평창
2022-05-16,16.0,24.3,1421,25.6,포천(동두천)
2022-05-16,14.3,22.6,1358,24.1,해남
2022-05-17,17.5,27.0,1419,25.4,논산(부여)
2022-05-17,18.5,23.9,1428,27.0,무안(목포)
2022-05-17,19.0,28.6,1405,26.5,상주
2022-05-17,16.7,22.5,1546,22.5,신안
2022-05-17,21.0,26.5,1514,25.0,제주
2022-05-17,19.1,28.9,1418,25.1,창녕(밀양)
2022-05-17,14.4,21.8,1518,18.0,평창
2022-05-17,18.1,27.3,1519,26.7,포천(동두천)
2022-05-17,16.1,24.3,1501,24.7,해남
2022-05-18,19.5,27.0,1432,26.1,논산(부여)
2022-05-18,19.9,25.5,1354,27.2,무안(목포)
2022-05-18,21.4,29.4,1409,27.1,상주
2022-05-18,21.0,26.9,1253,23.3,신안
2022-05-18,21.6,25.8,1235,26.2,제주
2022-05-18,20.7,30.0,1448,26.5,창녕(밀양)
2022-05-18,16.5,21.3,1725,17.1,평창
2022-05-18,18.4,24.3,1450,20.1,포천(동두천)
2022-05-18,17.8,26.5,1402,25.7,해남
2022-05-19,18.6,24.8,1518,23.5,논산(부여)
2022-05-19,19.3,23.6,1302,22.9,무안(목포)
2022-05-19,20.6,25.2,1356,23.1,상주
2022-05-19,17.5,22.3,1151,21.6,신안
2022-05-19,20.6,23.7,1425,24.0,제주
2022-05-19,20.8,29.0,1337,24.5,창녕(밀양)
2022-05-19,16.1,20.3,1219,18.4,평창
2022-05-19,19.0,26.5,1235,26.3,포천(동두천)
2022-05-19,17.1,23.4,1326,22.4,해남
2022-05-20,18.9,26.6,1542,26.0,논산(부여)
2022-05-20,20.1,24.1,1633,25.8,무안(목포)
2022-05-20,21.6,27.9,1405,28.0,상주
2022-05-20,17.9,22.3,1416,22.4,신안
2022-05-20,20.9,23.3,1317,23.4,제주
2022-05-20,20.8,28.1,1603,26.5,창녕(밀양)
2022-05-20,16.5,23.6,1434,21.3,평창
2022-05-20,19.3,26.2,1317,27.9,포천(동두천)
2022-05-20,18.4,24.5,1421,23.9,해남
2022-05-21,19.0,27.2,1506,26.9,논산(부여)
2022-05-21,19.2,23.8,1303,30.1,무안(목포)
2022-05-21,21.9,28.7,1552,30.0,상주
2022-05-21,17.0,22.3,1323,24.5,신안
2022-05-21,20.4,24.9,1532,26.9,제주
2022-05-21,22.2,30.7,1514,29.2,창녕(밀양)
2022-05-21,16.7,23.5,1300,21.8,평창
2022-05-21,19.0,26.6,1501,28.5,포천(동두천)
2022-05-21,18.9,25.6,1323,27.3,해남
2022-05-22,19.4,25.6,1248,26.9,논산(부여)
2022-05-22,18.7,24.4,1522,30.8,무안(목포)
2022-05-22,22.9,29.8,1532,30.8,상주
2022-05-22,18.7,24.3,1452,24.9,신안
2022-05-22,21.4,26.2,1135,27.7,제주
2022-05-22,24.5,33.6,1522,30.2,창녕(밀양)
2022-05-22,14.9,23.3,1114,21.6,평창
2022-05-22,18.7,25.4,1553,27.7,포천(동두천)
2022-05-22,18.5,26.6,1315,27.8,해남
2022-05-23,21.4,28.6,1340,28.9,논산(부여)
2022-05-23,20.1,25.8,1239,26.7,무안(목포)
2022-05-23,23.8,31.5,1432,30.8,상주
2022-05-23,20.0,23.6,1357,23.0,신안
2022-05-23,22.4,26.6,1411,27.0,제주
2022-05-23,23.2,31.7,1427,29.1,창녕(밀양)
2022-05-23,17.7,26.7,1452,22.6,평창
2022-05-23,20.8,30.4,1441,28.6,포천(동두천)
2022-05-23,-99.0,28.8,1303,22.4,해남
2022-05-24,21.6,31.1,1523,29.1,논산(부여)
2022-05-24,20.1,26.8,1420,30.1,무안(목포)
2022-05-24,24.7,32.4,1513,32.0,상주
2022-05-24,19.2,23.9,1159,25.2,신안
2022-05-24,21.5,25.1,1533,28.5,제주
2022-05-24,24.6,33.4,1455,31.1,창녕(밀양)
2022-05-24,19.6,28.5,1324,25.3,평창
2022-05-24,21.3,30.1,1510,30.0,포천(동두천)
2022-05-25,20.4,28.0,1251,28.9,논산(부여)
2022-05-25,20.1,26.1,1309,29.4,무안(목포)
2022-05-25,23.8,31.6,1345,31.5,상주
2022-05-25,19.2,23.1,1405,25.1,신안
2022-05-25,21.2,24.7,1512,28.8,제주
2022-05-25,23.9,31.9,1436,30.3,창녕(밀양)
2022-05-25,18.4,26.2,1310,23.5,평창
2022-05-25,19.3,26.7,1418,28.2,포천(동두천)
2022-05-26,18.0,24.9,1434,26.0,논산(부여)
2022-05-26,17.9,21.9,1356,28.1,무안(목포)
2022-05-26,19.8,26.6,1530,30.0,상주
2022-05-26,17.3,21.4,1240,25.3,신안
2022-05-26,19.5,22.7,1331,25.9,제주
2022-05-26,22.7,28.3,1632,31.1,창녕(밀양)
2022-05-26,14.0,18.5,1438,19.2,평창
2022-05-26,17.1,23.2,1443,21.2,포천(동두천)
2022-05-27,20.2,27.3,1350,28.1,논산(부여)
2022-05-27,19.0,22.5,1302,25.6,무안(목포)
2022-05-27,21.6,27.8,1531,31.0,상주
2022-05-27,21.0,23.7,1326,25.6,신안
2022-05-27,23.2,29.0,1300,27.7,제주
2022-05-27,22.9,30.8,1537,29.2,창녕(밀양)
2022-05-27,14.5,18.7,1330,17.7,평창
2022-05-27,18.5,25.8,1551,23.4,포천(동두천)
2022-05-27,-99.0,24.9,1419,30.9,해남
2022-05-28,21.3,28.9,1440,27.9,논산(부여)
2022-05-28,20.8,26.8,1151,25.2,무안(목포)
2022-05-28,22.5,30.4,1527,29.1,상주
2022-05-28,19.7,24.3,420,24.7,신안
2022-05-28,21.9,24.8,826,27.1,제주
2022-05-28,23.2,32.5,1445,28.8,창녕(밀양)
2022-05-28,17.9,25.5,1409,22.2,평창
2022-05-28,19.9,29.8,1404,26.5,포천(동두천)
2022-05-28,20.3,28.0,1152,25.2,해남
2022-05-29,22.6,29.1,1617,32.0,논산(부여)
2022-05-29,20.2,26.0,1312,24.8,무안(목포)
2022-05-29,23.5,31.1,1557,30.0,상주
2022-05-29,17.6,23.1,1315,23.3,신안
2022-05-29,21.1,24.0,946,25.0,제주
2022-05-29,23.5,31.8,1416,31.2,창녕(밀양)
2022-05-29,17.7,27.2,1356,24.1,평창
2022-05-29,20.7,28.0,1447,26.2,포천(동두천)
2022-05-29,19.3,25.1,1154,26.1,해남
2022-05-30,20.3,24.6,1238,24.5,논산(부여)
2022-05-30,18.8,21.9,1352,20.4,무안(목포)
2022-05-30,21.9,27.2,1442,28.7,상주
2022-05-30,17.8,21.4,1620,22.1,신안
2022-05-30,20.3,23.3,1630,25.7,제주
2022-05-30,24.7,30.1,1507,31.3,창녕(밀양)
2022-05-30,15.4,21.0,1216,19.9,평창
2022-05-30,19.1,24.6,1151,21.9,포천(동두천)
2022-05-30,19.4,21.4,1749,21.7,해남
2022-05-31,18.9,27.7,1432,27.8,논산(부여)
2022-05-31,20.1,24.7,1640,23.8,무안(목포)
2022-05-31,22.5,29.5,1511,31.7,상주
2022-05-31,18.2,23.3,1319,23.7,신안
2022-05-31,20.9,24.7,1355,28.0,제주
2022-05-31,23.7,31.3,1548,32.1,창녕(밀양)
2022-05-31,16.7,22.3,1515,23.5,평창
2022-05-31,18.1,27.1,1353,25.9,포천(동두천)
2022-05-31,19.8,27.2,1313,26.3,해남
2022-06-01,20.7,30.5,1444,29.9,논산(부여)
2022-06-01,21.1,27.1,1318,27.4,무안(목포)
2022-06-01,23.6,33.0,1420,31.7,상주
2022-06-01,18.4,25.3,1210,25.9,신안
2022-06-01,21.0,24.9,1426,28.2,제주
2022-06-01,23.5,32.3,1431,29.7,창녕(밀양)
2022-06-01,17.4,25.1,1452,23.9,평창
2022-06-01,20.2,28.6,1349,29.1,포천(동두천)
2022-06-01,20.3,28.6,1357,28.8,해남
2022-06-02,20.2,28.0,1547,29.4,논산(부여)
2022-06-02,20.8,25.4,1511,27.5,무안(목포)
2022-06-02,23.7,31.6,1548,31.8,상주
2022-06-02,17.6,20.3,1457,23.1,신안
2022-06-02,21.7,25.5,1428,28.9,제주
2022-06-02,23.6,33.3,1552,31.7,창녕(밀양)
2022-06-02,17.3,25.5,1425,23.6,평창
2022-06-02,19.6,26.6,1413,26.9,포천(동두천)
2022-06-02,21.1,26.8,1410,30.1,해남
2022-06-03,22.9,31.8,1626,30.9,논산(부여)
2022-06-03,21.5,26.1,1428,31.4,무안(목포)
2022-06-03,24.4,33.1,1541,33.5,상주
2022-06-03,17.3,21.6,1455,24.1,신안
2022-06-03,21.2,23.5,1428,29.9,제주
2022-06-03,24.2,32.9,1301,31.7,창녕(밀양)
2022-06-03,13.3,17.2,1054,17.2,평창
2022-06-03,22.9,31.9,1510,32.9,포천(동두천)
2022-06-03,22.4,28.6,1424,31.2,해남
2022-06-04,24.2,30.1,1524,30.8,논산(부여)
2022-06-04,22.8,28.0,1350,29.2,무안(목포)
2022-06-04,22.6,29.6,1548,30.4,상주
2022-06-04,17.4,20.7,1221,23.5,신안
2022-06-04,23.5,26.6,1216,28.3,제주
2022-06-04,22.8,29.3,1406,29.0,창녕(밀양)
2022-06-04,14.8,22.5,1151,21.8,평창
2022-06-04,23.0,29.6,1306,28.7,포천(동두천)
2022-06-04,22.0,27.5,1401,28.4,해남
2022-06-05,18.7,22.1,1,20.8,논산(부여)
2022-06-05,18.9,21.5,122,19.3,무안(목포)
2022-06-05,16.8,19.7,1,19.1,상주
2022-06-05,16.4,17.7,216,18.8,신안
2022-06-05,19.1,23.0,1,21.6,제주
2022-06-05,18.3,20.9,1,19.7,창녕(밀양)
2022-06-05,13.9,19.2,942,17.5,평창
2022-06-05,21.2,26.2,1158,24.4,포천(동두천)
2022-06-05,18.7,21.0,454,21.6,해남
2022-06-06,19.7,24.7,1519,24.5,논산(부여)
2022-06-06,19.6,23.0,1500,29.7,무안(목포)
2022-06-06,17.6,24.1,1224,20.1,상주
2022-06-06,18.6,22.0,1222,23.2,신안
2022-06-06,20.3,24.1,1436,23.5,제주
2022-06-06,19.7,24.7,1435,23.0,창녕(밀양)
2022-06-06,10.9,13.5,1,14.5,평창
2022-06-06,16.7,22.4,1535,21.3,포천(동두천)
2022-06-06,20.3,24.4,1620,24.4,해남
2022-06-07,16.8,18.8,1647,19.1,논산(부여)
2022-06-07,19.1,22.3,1030,21.2,무안(목포)
2022-06-07,16.3,20.4,947,20.8,상주
2022-06-07,17.8,21.5,1220,22.4,신안
2022-06-07,20.7,25.6,1605,23.8,제주
2022-06-07,17.8,21.6,1417,20.2,창녕(밀양)
2022-06-07,8.9,10.8,1019,13.1,평창
2022-06-07,17.9,25.1,1331,21.9,포천(동두천)
2022-06-07,19.0,21.5,1002,22.9,해남
2022-06-08,20.1,25.9,1514,20.8,논산(부여)
2022-06-08,19.6,23.2,1347,24.5,무안(목포)
2022-06-08,17.9,23.8,1706,22.6,상주
2022-06-08,17.9,22.1,1512,23.7,신안
2022-06-08,21.4,25.3,1319,26.6,제주
2022-06-08,18.3,23.4,1648,19.9,창녕(밀양)
2022-06-08,9.9,13.4,1246,15.9,평창
2022-06-08,19.6,25.9,1644,25.1,포천(동두천)
2022-06-08,19.5,24.2,1530,26.7,해남
2022-06-09,21.4,27.3,1435,27.9,논산(부여)
2022-06-09,20.3,25.7,1534,27.6,무안(목포)
2022-06-09,19.6,26.9,1545,24.6,상주
2022-06-09,18.0,22.5,1302,24.6,신안
2022-06-09,21.4,25.5,1141,26.9,제주
2022-06-09,20.5,28.0,1337,23.9,창녕(밀양)
2022-06-09,12.7,19.5,1407,15.7,평창
2022-06-09,18.2,22.8,1151,20.7,포천(동두천)
2022-06-09,20.3,25.8,1438,27.3,해남
2022-06-10,22.8,28.6,1408,28.6,논산(부여)
2022-06-10,21.3,25.1,1201,23.5,무안(목포)
2022-06-10,21.8,28.2,1425,27.0,상주
2022-06-10,18.6,21.5,1012,22.1,신안
2022-06-10,23.0,27.4,1112,25.7,제주
2022-06-10,21.6,29.0,1307,24.6,창녕(밀양)
2022-06-10,16.5,23.7,1308,20.7,평창
2022-06-10,18.3,24.6,1136,20.8,포천(동두천)
2022-06-10,20.7,24.0,1620,26.1,해남
2022-06-11,23.9,31.5,1635,31.4,논산(부여)
2022-06-11,22.2,27.0,1346,27.9,무안(목포)
2022-06-11,21.8,29.9,1438,28.5,상주
2022-06-11,20.9,24.4,1153,26.0,신안
2022-06-11,21.6,24.1,1445,27.3,제주
2022-06-11,22.0,28.9,1229,23.3,창녕(밀양)
2022-06-11,12.6,16.2,754,15.7,평창
2022-06-11,21.8,29.6,1506,27.6,포천(동두천)
2022-06-11,21.6,29.4,1330,25.4,해남
2022-06-12,22.3,28.1,1504,28.5,논산(부여)
2022-06-12,21.6,25.3,1119,24.6,무안(목포)
2022-06-12,21.6,27.7,1609,27.3,상주
2022-06-12,19.0,23.0,1305,24.1,신안
2022-06-12,22.0,25.9,1415,27.5,제주
2022-06-12,22.0,27.9,1304,25.2,창녕(밀양)
2022-06-12,13.1,18.5,1244,17.9,평창
2022-06-12,22.8,30.1,1325,27.9,포천(동두천)
2022-06-12,20.8,25.6,1402,29.7,해남
2022-06-13,23.0,28.0,1635,30.0,논산(부여)
2022-06-13,20.9,23.0,1427,23.7,무안(목포)
2022-06-13,20.6,27.1,1408,26.1,상주
2022-06-13,18.4,21.1,1357,21.9,신안
2022-06-13,20.6,22.2,1120,22.7,제주
2022-06-13,20.8,25.8,1306,22.8,창녕(밀양)
2022-06-13,14.1,17.8,1415,18.7,평창
2022-06-13,19.0,25.3,1351,20.1,포천(동두천)
2022-06-13,20.0,21.9,1224,21.6,해남
2022-06-14,18.4,20.7,28,21.5,논산(부여)
2022-06-14,19.2,21.2,1456,20.9,무안(목포)
2022-06-14,16.4,18.3,2,19.1,상주
2022-06-14,17.5,18.5,1403,20.7,신안
2022-06-14,19.0,19.6,1538,21.2,제주
2022-06-14,18.3,19.6,1233,18.6,창녕(밀양)
2022-06-14,11.1,12.3,3,14.0,평창
2022-06-14,19.8,26.5,1154,21.9,포천(동두천)
2022-06-14,19.3,21.8,1535,22.4,해남
2022-06-15,19.3,25.0,1427,21.6,논산(부여)
2022-06-15,21.2,24.8,1403,27.1,무안(목포)
2022-06-15,18.4,24.0,1441,20.9,상주
2022-06-15,19.5,22.9,1151,24.2,신안
2022-06-15,23.0,29.0,1609,25.1,제주
2022-06-15,20.7,26.2,1447,22.0,창녕(밀양)
2022-06-15,11.7,13.8,2313,14.4,평창
2022-06-15,15.9,17.8,1541,19.0,포천(동두천)
2022-06-15,21.2,25.9,1531,27.9,해남
2022-06-16,20.8,26.0,1607,25.2,논산(부여)
2022-06-16,21.5,25.7,1506,30.2,무안(목포)
2022-06-16,21.3,27.1,1525,26.5,상주
2022-06-16,18.9,22.6,1210,23.1,신안
2022-06-16,22.3,25.7,1436,26.0,제주
2022-06-16,24.0,31.0,1554,27.8,창녕(밀양)
2022-06-16,15.5,18.9,1445,19.2,평창
2022-06-16,19.2,24.4,1600,22.6,포천(동두천)
2022-06-16,22.0,27.2,1401,28.6,해남
2022-06-17,21.8,27.4,1622,24.5,논산(부여)
2022-06-17,22.7,25.3,1421,26.8,무안(목포)
2022-06-17,24.1,30.8,1650,29.5,상주
2022-06-17,18.6,21.5,1341,22.0,신안
2022-06-17,22.5,26.0,1251,27.7,제주
2022-06-17,24.6,31.8,1526,29.2,창녕(밀양)
2022-06-17,19.2,25.7,1609,22.3,평창
2022-06-17,21.2,27.5,1434,24.8,포천(동두천)
2022-06-17,22.8,27.2,1545,29.7,해남
2022-06-18,23.5,27.4,1304,27.2,논산(부여)
2022-06-18,23.4,26.0,1232,29.0,무안(목포)
2022-06-18,26.0,31.3,1319,30.6,상주
2022-06-18,19.5,22.4,1149,24.0,신안
2022-06-18,23.9,26.9,1226,30.8,제주
2022-06-18,26.4,33.4,1500,30.9,창녕(밀양)
2022-06-18,21.0,26.1,1239,24.4,평창
2022-06-18,21.8,24.0,1445,23.1,포천(동두천)
2022-06-18,23.0,26.4,1443,30.8,해남
2022-06-19,23.8,28.6,1616,27.0,논산(부여)
2022-06-19,24.2,28.9,1705,28.0,무안(목포)
2022-06-19,26.0,31.6,1418,33.1,상주
2022-06-19,20.8,25.5,1354,26.7,신안
2022-06-19,25.1,30.5,1354,31.5,제주
2022-06-19,26.5,32.9,1423,32.1,창녕(밀양)
2022-06-19,21.5,27.6,1515,25.0,평창
2022-06-19,21.8,24.7,1220,23.0,포천(동두천)
2022-06-19,25.1,30.8,1512,36.3,해남
2022-06-20,25.8,32.6,1515,30.6,논산(부여)
2022-06-20,23.9,28.4,1433,32.4,무안(목포)
2022-06-20,27.5,33.4,1628,34.2,상주
2022-06-20,20.5,24.4,1255,28.4,신안
2022-06-20,23.7,27.4,1624,28.8,제주
2022-06-20,26.9,33.8,1424,33.1,창녕(밀양)
2022-06-20,21.0,26.6,1210,28.0,평창
2022-06-20,23.9,28.7,1618,26.3,포천(동두천)
2022-06-20,24.6,30.1,1238,34.5,해남
2022-06-21,26.8,34.5,1432,31.7,논산(부여)
2022-06-21,23.7,28.0,1442,31.9,무안(목포)
2022-06-21,28.8,36.1,1539,36.6,상주
2022-06-21,21.2,24.7,1226,27.5,신안
2022-06-21,24.0,27.3,1518,30.0,제주
2022-06-21,27.5,33.5,1300,35.1,창녕(밀양)
2022-06-21,21.0,27.8,1058,27.5,평창
2022-06-21,25.1,31.8,1415,29.5,포천(동두천)
2022-06-21,25.0,31.4,1407,32.8,해남
2022-06-22,25.4,32.3,1348,31.6,논산(부여)
2022-06-22,24.5,28.3,1721,35.0,무안(목포)
2022-06-22,29.3,35.4,1420,36.9,상주
2022-06-22,20.8,24.5,1651,26.9,신안
2022-06-22,23.7,26.8,1141,31.7,제주
2022-06-22,28.0,35.1,1341,34.5,창녕(밀양)
2022-06-22,22.9,30.3,1417,29.0,평창
2022-06-22,24.2,29.3,1441,30.4,포천(동두천)
2022-06-22,25.8,31.8,1523,37.6,해남
2022-06-23,24.5,28.5,1028,26.5,논산(부여)
2022-06-23,25.0,27.1,1245,27.7,무안(목포)
2022-06-23,25.2,28.3,1142,28.4,상주
2022-06-23,22.0,24.5,2252,25.6,신안
2022-06-23,28.7,33.4,1148,33.5,제주
2022-06-23,25.6,28.7,1357,28.5,창녕(밀양)
2022-06-23,21.1,27.3,1010,23.0,평창
2022-06-23,22.4,25.3,1112,23.0,포천(동두천)
2022-06-23,25.0,29.2,1110,27.6,해남
2022-06-24,23.9,26.8,1342,26.4,논산(부여)
2022-06-24,23.8,26.3,1454,27.3,무안(목포)
2022-06-24,26.2,30.7,1553,29.4,상주
2022-06-24,23.5,27.2,1321,26.9,신안
2022-06-24,26.1,29.5,1629,26.8,제주
2022-06-24,25.7,29.5,1526,26.4,창녕(밀양)
2022-06-24,20.9,22.8,1408,22.2,평창
2022-06-24,22.6,26.6,1124,24.9,포천(동두천)
2022-06-24,24.1,26.6,1343,26.1,해남
2022-06-25,26.6,31.2,1508,28.5,논산(부여)
2022-06-25,25.3,28.2,1337,27.6,무안(목포)
2022-06-25,26.3,33.8,1421,31.6,상주
2022-06-25,22.7,26.5,933,27.4,신안
2022-06-25,27.4,32.3,1422,28.8,제주
2022-06-25,26.4,31.1,1454,27.8,창녕(밀양)
2022-06-25,22.2,27.4,1530,23.9,평창
2022-06-25,25.2,30.5,1454,27.9,포천(동두천)
2022-06-25,25.4,29.3,1009,27.4,해남
2022-06-26,27.3,31.1,1659,27.1,논산(부여)
2022-06-26,26.1,29.1,1343,30.4,무안(목포)
2022-06-26,26.0,30.7,1822,27.1,상주
2022-06-26,22.0,24.9,1059,25.2,신안
2022-06-26,30.0,34.4,1708,31.3,제주
2022-06-26,26.7,30.2,1422,26.9,창녕(밀양)
2022-06-26,22.5,26.0,1427,22.1,평창
2022-06-26,25.4,26.7,1526,24.7,포천(동두천)
2022-06-26,26.4,29.4,1702,26.8,해남
2022-06-27,28.0,30.2,1200,28.4,논산(부여)
2022-06-27,26.0,27.3,1429,27.2,무안(목포)
2022-06-27,26.5,31.0,1423,28.6,상주
2022-06-27,22.6,24.9,1159,24.2,신안
2022-06-27,30.5,33.1,1238,32.0,제주
2022-06-27,25.9,30.3,1029,26.2,창녕(밀양)
2022-06-27,23.2,24.8,1508,23.4,평창
2022-06-27,25.5,28.7,1248,25.6,포천(동두천)
2022-06-27,27.2,28.5,1335,27.1,해남
2022-06-28,28.7,31.7,1548,29.7,논산(부여)
2022-06-28,26.2,28.4,1310,29.3,무안(목포)
2022-06-28,28.0,33.9,1357,29.7,상주
2022-06-28,22.6,24.9,1235,24.7,신안
2022-06-28,30.5,33.3,1439,33.0,제주
2022-06-28,26.8,30.1,1144,26.7,창녕(밀양)
2022-06-28,24.1,26.2,1422,22.2,평창
2022-06-28,25.2,27.2,1013,24.2,포천(동두천)
2022-06-28,27.4,29.5,1603,27.9,해남
2022-06-29,26.1,29.3,1328,26.3,논산(부여)
2022-06-29,26.0,27.3,1702,27.8,무안(목포)
2022-06-29,28.2,33.7,1542,31.9,상주
2022-06-29,22.6,23.5,811,23.8,신안
2022-06-29,30.2,33.9,1409,35.3,제주
2022-06-29,27.1,31.3,1445,29.6,창녕(밀양)
2022-06-29,23.0,24.2,1,21.8,평창
2022-06-29,24.0,25.1,19,24.3,포천(동두천)
2022-06-29,27.0,28.2,1148,27.2,해남
2022-06-30,27.0,30.9,1423,28.0,논산(부여)
2022-06-30,27.3,30.0,1338,31.3,무안(목포)
2022-06-30,28.0,32.9,1428,34.7,상주
2022-06-30,23.6,25.9,1156,25.7,신안
2022-06-30,28.7,32.1,1338,35.7,제주
2022-06-30,27.7,32.2,1439,30.2,창녕(밀양)
2022-06-30,19.9,23.6,1416,21.2,평창
2022-06-30,21.6,23.7,6,22.6,포천(동두천)
2022-06-30,27.8,31.0,1311,31.9,해남
2022-07-01,27.3,33.4,1348,29.5,논산(부여)
2022-07-01,27.5,31.6,1457,36.0,무안(목포)
2022-07-01,28.3,34.2,1455,35.6,상주
2022-07-01,23.4,26.4,1543,26.5,신안
2022-07-01,28.3,32.4,1231,35.8,제주
2022-07-01,28.2,34.8,1507,31.6,창녕(밀양)
2022-07-01,23.5,28.6,1404,26.8,평창
2022-07-01,26.1,30.9,1457,28.5,포천(동두천)
2022-07-01,26.7,30.6,1350,33.4,해남
2022-07-02,28.0,34.2,1559,32.2,논산(부여)
2022-07-02,26.9,31.9,1511,35.7,무안(목포)
2022-07-02,28.8,35.9,1532,36.8,상주
2022-07-02,24.7,28.5,1420,28.4,신안
2022-07-02,27.6,30.7,1429,34.3,제주
2022-07-02,28.4,36.1,1401,32.2,창녕(밀양)
2022-07-02,23.0,29.9,1201,27.2,평창
2022-07-02,26.6,32.9,1530,30.3,포천(동두천)
2022-07-02,27.3,34.0,1516,34.9,해남
2022-07-03,28.2,33.7,1335,32.6,논산(부여)
2022-07-03,28.4,33.1,1508,36.6,무안(목포)
2022-07-03,29.1,36.0,1523,36.1,상주
2022-07-03,25.4,29.9,1441,29.3,신안
2022-07-03,28.6,33.1,1403,34.9,제주
2022-07-03,29.0,35.6,1420,32.7,창녕(밀양)
2022-07-03,23.5,29.7,1333,28.3,평창
2022-07-03,27.4,33.2,1406,30.9,포천(동두천)
2022-07-03,27.7,32.7,1438,34.8,해남
2022-07-04,27.8,33.4,1501,32.3,논산(부여)
2022-07-04,27.0,31.7,1339,31.9,무안(목포)
2022-07-04,28.9,35.1,1528,38.5,상주
2022-07-04,25.3,29.3,1400,29.5,신안
2022-07-04,28.0,31.2,1212,34.3,제주
2022-07-04,27.6,32.2,1236,30.4,창녕(밀양)
2022-07-04,22.6,28.0,1138,26.4,평창
2022-07-04,27.5,31.8,1317,30.3,포천(동두천)
2022-07-04,27.2,31.4,1324,33.5,해남
2022-07-05,27.8,32.4,1603,31.2,논산(부여)
2022-07-05,27.5,31.4,1511,33.9,무안(목포)
2022-07-05,28.8,35.0,1621,33.6,상주
2022-07-05,25.4,29.7,1147,30.5,신안
2022-07-05,28.2,30.9,1410,33.8,제주
2022-07-05,28.3,34.3,1325,32.4,창녕(밀양)
2022-07-05,21.9,27.9,1436,28.3,평창
2022-07-05,27.2,33.2,1459,32.6,포천(동두천)
2022-07-05,27.4,32.2,1239,31.5,해남
2022-07-06,29.5,34.4,1633,33.0,논산(부여)
2022-07-06,29.0,33.7,1415,36.1,무안(목포)
2022-07-06,28.3,33.2,1535,31.3,상주
2022-07-06,26.1,28.9,1226,29.3,신안
2022-07-06,30.3,33.9,1224,36.1,제주
2022-07-06,29.0,34.2,1530,32.7,창녕(밀양)
2022-07-06,21.4,25.4,1132,25.3,평창
2022-07-06,27.4,32.4,1730,31.8,포천(동두천)
2022-07-06,28.4,32.7,1232,34.1,해남
2022-07-07,28.8,33.4,1401,31.7,논산(부여)
2022-07-07,27.8,30.3,1223,30.3,무안(목포)
2022-07-07,28.8,34.5,1429,30.1,상주
2022-07-07,25.7,27.9,1356,28.7,신안
2022-07-07,31.8,35.9,1204,37.3,제주
2022-07-07,29.7,33.7,1513,35.1,창녕(밀양)
2022-07-07,25.0,30.0,1251,27.1,평창
2022-07-07,26.5,30.7,1324,28.0,포천(동두천)
2022-07-07,28.1,31.8,1124,31.3,해남
2022-07-08,27.1,31.5,1528,31.1,논산(부여)
2022-07-08,26.3,29.1,1635,27.9,무안(목포)
2022-07-08,28.2,33.2,1605,31.1,상주
2022-07-08,25.3,28.5,1421,28.5,신안
2022-07-08,29.5,32.8,1305,35.2,제주
2022-07-08,28.2,32.9,1243,33.1,창녕(밀양)
2022-07-08,22.8,26.1,1340,25.4,평창
2022-07-08,24.0,26.0,1721,25.9,포천(동두천)
2022-07-08,26.8,30.2,1515,29.1,해남
2022-07-09,26.1,30.1,1511,29.6,논산(부여)
2022-07-09,26.2,30.0,1542,29.7,무안(목포)
2022-07-09,27.5,32.6,1559,30.4,상주
2022-07-09,25.3,28.3,1241,30.6,신안
2022-07-09,28.7,32.1,1659,36.3,제주
2022-07-09,28.6,34.1,1701,32.8,창녕(밀양)
2022-07-09,22.1,27.1,1122,24.6,평창
2022-07-09,26.2,31.6,1610,29.5,포천(동두천)
2022-07-09,27.0,32.2,1552,31.4,해남
2022-07-10,27.5,33.4,1407,31.5,논산(부여)
2022-07-10,27.9,33.5,1504,33.3,무안(목포)
2022-07-10,28.4,35.8,1451,35.3,상주
2022-07-10,25.6,29.5,1113,30.9,신안
2022-07-10,28.6,32.5,1628,34.3,제주
2022-07-10,28.4,34.0,1401,35.2,창녕(밀양)
2022-07-10,21.0,25.6,925,25.4,평창
2022-07-10,27.8,33.6,1525,30.4,포천(동두천)
2022-07-10,27.6,33.3,1304,32.2,해남
2022-07-11,25.5,28.8,1507,28.3,논산(부여)
2022-07-11,27.0,30.2,1504,31.8,무안(목포)
2022-07-11,24.6,27.5,1813,27.4,상주
2022-07-11,25.3,29.2,1335,28.5,신안
2022-07-11,27.9,31.6,1408,30.4,제주
2022-07-11,25.7,28.9,1622,28.1,창녕(밀양)
2022-07-11,20.3,25.2,1351,23.3,평창
2022-07-11,25.2,30.5,1405,28.9,포천(동두천)
2022-07-11,26.7,30.3,1352,30.0,해남
2022-07-12,26.6,29.5,1457,28.2,논산(부여)
2022-07-12,27.2,30.3,1434,32.9,무안(목포)
2022-07-12,25.9,29.1,1509,28.8,상주
2022-07-12,24.4,28.6,1151,28.2,신안
2022-07-12,29.3,32.6,1508,31.8,제주
2022-07-12,26.1,30.8,1343,27.9,창녕(밀양)
2022-07-12,18.4,23.1,1340,22.2,평창
2022-07-12,25.2,28.7,1356,27.3,포천(동두천)
2022-07-12,26.1,29.1,1404,31.3,해남
2022-07-13,25.7,27.2,1809,26.1,논산(부여)
2022-07-13,26.7,29.1,1701,30.7,무안(목포)
2022-07-13,23.3,24.6,1209,26.0,상주
2022-07-13,24.3,28.0,1526,27.4,신안
2022-07-13,29.4,33.1,1323,31.4,제주
2022-07-13,24.9,27.7,1308,26.1,창녕(밀양)
2022-07-13,19.5,22.5,1024,22.1,평창
2022-07-13,23.5,25.2,10,24.4,포천(동두천)
2022-07-13,25.9,28.2,1622,28.8,해남
2022-07-14,25.6,29.6,1540,29.1,논산(부여)
2022-07-14,26.5,29.4,1325,29.6,무안(목포)
2022-07-14,26.4,31.2,1709,29.2,상주
2022-07-14,25.7,29.2,1227,28.6,신안
2022-07-14,28.8,33.2,1247,29.7,제주
2022-07-14,28.4,34.5,1526,32.1,창녕(밀양)
2022-07-14,21.1,25.6,1604,24.5,평창
2022-07-14,-99.0,29.3,1526,28.3,포천(동두천)
2022-07-14,27.6,31.4,1423,30.1,해남
2022-07-15,24.9,31.2,1602,29.1,논산(부여)
2022-07-15,26.0,29.4,1609,28.9,무안(목포)
2022-07-15,26.4,31.7,1503,29.4,상주
2022-07-15,24.6,27.9,1306,28.9,신안
2022-07-15,26.8,29.5,1452,29.2,제주
2022-07-15,28.6,34.1,1626,34.8,창녕(밀양)
2022-07-15,20.8,27.7,1401,23.5,평창
2022-07-15,24.6,30.2,1435,28.8,포천(동두천)
2022-07-15,26.9,31.4,1557,29.7,해남
2022-07-16,24.8,30.1,1258,29.4,논산(부여)
2022-07-16,25.9,29.1,1502,29.4,무안(목포)
2022-07-16,24.8,31.2,1451,29.2,상주
2022-07-16,25.8,29.4,1201,29.8,신안
2022-07-16,27.2,31.1,1613,29.0,제주
2022-07-16,27.5,34.2,1527,35.3,창녕(밀양)
2022-07-16,19.7,25.7,1232,23.8,평창
2022-07-16,23.6,28.5,1433,28.1,포천(동두천)
2022-07-16,26.2,30.6,1444,30.4,해남
2022-07-17,25.3,31.0,1300,29.1,논산(부여)
2022-07-17,25.9,28.7,1237,27.4,무안(목포)
2022-07-17,25.8,30.9,1338,29.1,상주
2022-07-17,24.6,28.0,1213,26.5,신안
2022-07-17,28.0,31.3,1527,28.9,제주
2022-07-17,27.3,33.1,1356,33.3,창녕(밀양)
2022-07-17,20.4,24.0,1422,24.2,평창
2022-07-17,24.5,28.7,1355,28.0,포천(동두천)
2022-07-17,25.5,29.1,1302,27.6,해남
2022-07-18,22.3,24.1,6,24.4,논산(부여)
2022-07-18,24.5,27.3,1634,25.0,무안(목포)
2022-07-18,22.0,23.7,1,25.2,상주
2022-07-18,24.0,27.7,1238,25.6,신안
2022-07-18,29.1,32.6,1550,28.9,제주
2022-07-18,23.2,26.6,109,24.4,창녕(밀양)
2022-07-18,20.7,26.7,1530,25.1,평창
2022-07-18,25.9,30.5,1206,29.0,포천(동두천)
2022-07-18,25.3,28.4,1611,26.2,해남
2022-07-19,24.7,30.5,1328,27.9,논산(부여)
2022-07-19,25.7,28.7,1353,28.6,무안(목포)
2022-07-19,25.8,31.6,1613,29.2,상주
2022-07-19,25.3,28.4,1250,28.6,신안
2022-07-19,27.8,30.8,1637,30.5,제주
2022-07-19,26.8,32.4,1501,31.7,창녕(밀양)
2022-07-19,21.7,28.6,1430,27.0,평창
2022-07-19,26.3,30.5,1149,30.1,포천(동두천)
2022-07-19,25.9,30.4,1412,28.3,해남
2022-07-20,27.0,32.6,1526,30.5,논산(부여)
2022-07-20,25.9,30.4,1435,29.6,무안(목포)
2022-07-20,27.4,32.8,1542,30.5,상주
2022-07-20,24.0,27.8,1348,27.6,신안
2022-07-20,27.4,30.1,1444,31.0,제주
2022-07-20,28.5,34.0,1459,33.3,창녕(밀양)
2022-07-20,22.3,26.7,1429,26.1,평창
2022-07-20,25.5,29.5,1236,29.4,포천(동두천)
2022-07-20,26.0,31.5,1242,29.3,해남
2022-07-21,24.0,26.3,1520,26.1,논산(부여)
2022-07-21,24.8,27.0,504,25.2,무안(목포)
2022-07-21,23.1,25.0,1,26.6,상주
2022-07-21,24.1,26.4,358,27.5,신안
2022-07-21,27.7,31.7,451,31.2,제주
2022-07-21,26.3,32.2,1316,28.8,창녕(밀양)
2022-07-21,18.4,20.2,1,21.2,평창
2022-07-21,21.7,24.2,1533,25.2,포천(동두천)
2022-07-21,25.2,27.2,421,26.5,해남
2022-07-22,24.2,29.7,1328,26.9,논산(부여)
2022-07-22,24.7,27.4,1303,27.1,무안(목포)
2022-07-22,24.9,30.2,1551,27.5,상주
2022-07-22,24.5,27.7,1335,27.7,신안
2022-07-22,27.2,30.5,1548,32.9,제주
2022-07-22,26.6,31.5,1235,29.0,창녕(밀양)
2022-07-22,18.3,21.1,1605,21.6,평창
2022-07-22,23.0,29.4,1531,27.9,포천(동두천)
2022-07-22,24.4,28.5,1257,27.3,해남
2022-07-23,23.8,27.7,1258,26.3,논산(부여)
2022-07-23,25.1,27.9,1309,26.5,무안(목포)
2022-07-23,24.4,28.6,1217,27.1,상주
2022-07-23,23.0,26.2,2232,25.2,신안
2022-07-23,28.3,31.1,1621,33.1,제주
2022-07-23,25.4,29.3,1514,28.4,창녕(밀양)
2022-07-23,19.3,23.3,1153,23.2,평창
2022-07-23,22.9,28.2,1327,26.2,포천(동두천)
2022-07-23,24.9,28.5,1331,26.9,해남
2022-07-24,24.4,27.3,1655,26.3,논산(부여)
2022-07-24,24.2,25.2,156,24.8,무안(목포)
2022-07-24,24.3,28.4,1452,27.6,상주
2022-07-24,24.3,26.7,1250,27.9,신안
2022-07-24,27.4,29.8,1357,29.8,제주
2022-07-24,26.9,32.5,1644,29.4,창녕(밀양)
2022-07-24,21.1,27.2,1402,25.3,평창
2022-07-24,23.6,28.2,1230,25.8,포천(동두천)
2022-07-24,24.6,26.3,1150,26.2,해남
2022-07-25,26.6,32.4,1546,28.9,논산(부여)
2022-07-25,25.2,28.1,1526,27.0,무안(목포)
2022-07-25,27.6,33.3,1529,31.3,상주
2022-07-25,24.3,28.2,1209,30.4,신안
2022-07-25,26.9,30.0,1553,32.2,제주
2022-07-25,27.9,34.3,1418,31.4,창녕(밀양)
2022-07-25,22.2,28.0,1323,26.9,평창
2022-07-25,26.1,31.0,1431,29.9,포천(동두천)
2022-07-25,25.4,29.6,1627,27.6,해남
2022-07-26,27.1,33.1,1312,31.7,논산(부여)
2022-07-26,26.2,29.9,1555,28.8,무안(목포)
2022-07-26,27.3,33.3,1504,31.0,상주
2022-07-26,24.3,28.0,1353,30.1,신안
2022-07-26,27.6,32.7,1554,33.1,제주
2022-07-26,27.4,33.4,1417,31.2,창녕(밀양)
2022-07-26,20.8,26.7,1203,26.6,평창
2022-07-26,27.1,32.6,1500,30.5,포천(동두천)
2022-07-26,25.3,30.2,1454,27.6,해남
2022-07-27,27.5,31.6,1638,31.3,논산(부여)
2022-07-27,26.8,30.9,1458,29.5,무안(목포)
2022-07-27,26.0,31.1,1514,30.6,상주
2022-07-27,23.5,26.4,1005,27.4,신안
2022-07-27,28.9,33.4,1549,34.9,제주
2022-07-27,26.7,32.6,1420,31.7,창녕(밀양)
2022-07-27,19.9,24.3,1249,23.7,평창
2022-07-27,27.6,32.4,1524,30.5,포천(동두천)
2022-07-27,26.1,29.7,1452,27.8,해남
2022-07-28,27.9,34.0,1441,32.7,논산(부여)
2022-07-28,28.0,32.0,1430,31.5,무안(목포)
2022-07-28,26.0,30.7,1544,28.6,상주
2022-07-28,24.7,27.5,1348,30.3,신안
2022-07-28,30.3,36.0,1515,35.7,제주
2022-07-28,27.1,31.8,1547,30.7,창녕(밀양)
2022-07-28,20.3,24.8,931,23.6,평창
2022-07-28,27.5,32.5,1423,31.4,포천(동두천)
2022-07-28,27.3,31.1,1425,28.8,해남
2022-07-29,28.9,35.0,1530,34.0,논산(부여)
2022-07-29,29.8,33.9,1454,34.1,무안(목포)
2022-07-29,29.1,34.3,1506,34.4,상주
2022-07-29,26.1,31.1,1250,32.0,신안
2022-07-29,28.9,32.1,1641,35.1,제주
2022-07-29,29.3,35.5,1348,34.9,창녕(밀양)
2022-07-29,22.5,28.8,1119,27.7,평창
2022-07-29,29.0,33.9,1458,33.5,포천(동두천)
2022-07-29,29.0,32.8,1427,29.7,해남
2022-07-30,28.5,32.4,1133,30.8,논산(부여)
2022-07-30,27.9,30.1,1131,27.7,무안(목포)
2022-07-30,27.8,30.3,1403,31.1,상주
2022-07-30,25.7,29.1,1130,28.0,신안
2022-07-30,27.2,28.1,2234,28.9,제주
2022-07-30,28.7,31.4,1258,30.0,창녕(밀양)
2022-07-30,21.9,27.1,1418,27.2,평창
2022-07-30,28.1,35.4,1426,33.4,포천(동두천)
2022-07-30,27.6,29.0,749,27.2,해남
2022-07-31,26.1,27.7,1147,27.4,논산(부여)
2022-07-31,26.8,27.9,1447,27.1,무안(목포)
2022-07-31,25.9,28.5,1143,28.4,상주
2022-07-31,24.4,25.5,217,26.1,신안
2022-07-31,28.0,30.4,1424,27.9,제주
2022-07-31,27.4,29.7,1552,27.9,창녕(밀양)
2022-07-31,22.4,24.2,1345,23.7,평창
2022-07-31,25.3,27.2,937,27.3,포천(동두천)
2022-07-31,26.5,28.5,2230,26.8,해남
2022-08-01,28.2,32.8,1527,29.0,논산(부여)
2022-08-01,26.9,28.6,829,27.2,무안(목포)
2022-08-01,26.4,29.7,1335,28.3,상주
2022-08-01,24.9,27.6,1401,27.1,신안
2022-08-01,29.3,30.8,1454,29.5,제주
2022-08-01,28.9,31.6,1308,27.5,창녕(밀양)
2022-08-01,24.4,26.2,1716,24.0,평창
2022-08-01,27.5,31.7,1644,28.4,포천(동두천)
2022-08-01,27.2,28.5,1103,26.9,해남
2022-08-02,27.6,30.2,1209,28.8,논산(부여)
2022-08-02,28.2,31.3,1619,29.6,무안(목포)
2022-08-02,27.6,31.7,1545,30.0,상주
2022-08-02,26.3,29.0,1424,29.0,신안
2022-08-02,29.7,33.5,1307,31.2,제주
2022-08-02,27.7,30.6,1130,27.3,창녕(밀양)
2022-08-02,23.7,27.1,1341,24.9,평창
2022-08-02,25.5,28.5,37,27.4,포천(동두천)
2022-08-02,28.2,32.0,1456,29.1,해남
2022-08-03,28.7,32.9,1510,31.7,논산(부여)
2022-08-03,28.0,30.7,1544,29.9,무안(목포)
2022-08-03,28.8,33.9,1459,31.8,상주
2022-08-03,26.6,29.8,1155,29.0,신안
2022-08-03,29.8,32.9,1639,31.9,제주
2022-08-03,29.1,34.2,1250,31.2,창녕(밀양)
2022-08-03,22.9,25.7,1423,23.1,평창
2022-08-03,26.4,29.6,1411,28.1,포천(동두천)
2022-08-03,27.9,31.4,1456,29.3,해남
2022-08-04,28.6,33.2,1314,33.4,논산(부여)
2022-08-04,28.7,31.8,1516,31.0,무안(목포)
2022-08-04,29.3,33.7,1513,31.6,상주
2022-08-04,26.6,30.8,1347,30.0,신안
2022-08-04,30.6,33.7,1458,34.7,제주
2022-08-04,29.7,34.3,1731,34.8,창녕(밀양)
2022-08-04,24.0,28.6,1436,26.1,평창
2022-08-04,27.5,31.5,1421,30.6,포천(동두천)
2022-08-04,28.1,32.2,1242,29.9,해남
2022-08-05,28.4,32.6,1526,31.1,논산(부여)
2022-08-05,28.8,31.3,1407,30.8,무안(목포)
2022-08-05,28.8,33.7,1601,30.3,상주
2022-08-05,27.1,29.7,1058,28.6,신안
2022-08-05,31.3,35.7,1348,37.0,제주
2022-08-05,29.4,34.2,1642,33.1,창녕(밀양)
2022-08-05,24.9,28.7,1456,28.1,평창
2022-08-05,27.7,31.7,1408,30.8,포천(동두천)
2022-08-05,28.8,32.1,1218,29.6,해남
2022-08-06,29.0,33.8,1504,33.3,논산(부여)
2022-08-06,29.0,32.2,1504,32.0,무안(목포)
2022-08-06,29.7,34.6,1523,33.1,상주
2022-08-06,27.4,31.7,1323,33.3,신안
2022-08-06,30.9,33.8,1536,38.0,제주
2022-08-06,30.3,36.0,1520,32.6,창녕(밀양)
2022-08-06,24.9,29.2,1434,28.6,평창
2022-08-06,27.0,29.9,1404,29.1,포천(동두천)
2022-08-06,28.7,32.8,1510,30.2,해남
2022-08-07,29.0,33.2,1339,32.6,논산(부여)
2022-08-07,29.2,32.5,1329,31.4,무안(목포)
2022-08-07,29.1,35.0,1417,32.9,상주
2022-08-07,27.7,32.1,1334,34.5,신안
2022-08-07,31.4,34.6,1608,37.7,제주
2022-08-07,30.1,35.4,1443,33.9,창녕(밀양)
2022-08-07,25.3,29.5,1202,27.3,평창
2022-08-07,27.6,30.0,1253,29.0,포천(동두천)
2022-08-07,29.4,33.7,1200,30.3,해남
2022-08-08,28.4,29.7,1155,29.4,논산(부여)
2022-08-08,29.0,31.6,1237,30.7,무안(목포)
2022-08-08,28.2,31.0,1157,29.3,상주
2022-08-08,27.6,30.3,1125,30.7,신안
2022-08-08,31.7,36.5,1400,39.1,제주
2022-08-08,29.7,34.0,1414,33.0,창녕(밀양)
2022-08-08,22.9,24.7,1,22.7,평창
2022-08-08,25.5,27.8,6,26.8,포천(동두천)
2022-08-08,28.9,31.3,1215,29.7,해남
2022-08-09,27.9,29.8,1058,28.3,논산(부여)
2022-08-09,29.0,31.4,1251,30.4,무안(목포)
2022-08-09,27.8,30.2,1255,28.8,상주
2022-08-09,27.6,31.3,1131,31.4,신안
2022-08-09,31.1,36.0,1229,37.3,제주
2022-08-09,29.2,32.0,1255,30.4,창녕(밀양)
2022-08-09,21.2,23.4,1056,22.6,평창
2022-08-09,23.6,26.7,1030,25.4,포천(동두천)
2022-08-09,28.6,31.0,1303,29.0,해남
2022-08-10,26.1,27.7,1348,27.1,논산(부여)
2022-08-10,28.4,30.1,1256,29.0,무안(목포)
2022-08-10,25.6,28.3,1,27.5,상주
2022-08-10,27.4,29.7,956,29.8,신안
2022-08-10,31.5,37.5,1421,36.8,제주
2022-08-10,28.7,30.7,1623,28.6,창녕(밀양)
2022-08-10,20.6,26.3,1400,23.0,평창
2022-08-10,24.3,29.6,1621,27.6,포천(동두천)
2022-08-10,28.4,31.1,1237,30.6,해남
2022-08-11,25.2,26.5,426,26.0,논산(부여)
2022-08-11,27.6,28.3,1540,27.5,무안(목포)
2022-08-11,24.4,25.7,1356,26.3,상주
2022-08-11,27.2,28.3,827,28.6,신안
2022-08-11,31.6,35.8,1510,36.5,제주
2022-08-11,27.1,29.2,903,28.1,창녕(밀양)
2022-08-11,20.7,22.2,1217,22.3,평창
2022-08-11,24.5,28.7,1558,27.8,포천(동두천)
2022-08-11,27.7,28.9,1233,29.1,해남
2022-08-12,26.8,31.7,1640,29.6,논산(부여)
2022-08-12,27.2,29.6,1536,29.8,무안(목포)
2022-08-12,27.4,32.7,1531,30.5,상주
2022-08-12,26.5,29.1,1314,28.6,신안
2022-08-12,30.2,33.8,1654,32.3,제주
2022-08-12,29.4,35.4,1507,34.6,창녕(밀양)
2022-08-12,22.9,28.8,1515,26.2,평창
2022-08-12,25.5,31.0,1553,29.2,포천(동두천)
2022-08-12,27.0,30.9,1521,29.2,해남
2022-08-13,25.2,27.9,1058,27.3,논산(부여)
2022-08-13,27.8,30.4,1408,29.6,무안(목포)
2022-08-13,25.1,29.6,1310,27.2,상주
2022-08-13,25.7,27.3,1215,28.6,신안
2022-08-13,31.1,34.5,1245,34.3,제주
2022-08-13,27.5,34.2,1254,29.8,창녕(밀양)
2022-08-13,20.7,23.5,1740,21.7,평창
2022-08-13,23.5,25.2,903,26.2,포천(동두천)
2022-08-13,27.8,31.2,1222,29.2,해남
2022-08-14,27.1,30.5,1446,28.4,논산(부여)
2022-08-14,29.0,31.6,1514,31.6,무안(목포)
2022-08-14,26.9,31.0,1559,29.1,상주
2022-08-14,27.2,30.3,1329,29.6,신안
2022-08-14,31.1,35.9,1551,36.2,제주
2022-08-14,29.0,34.2,1532,33.5,창녕(밀양)
2022-08-14,22.7,27.6,1341,25.1,평창
2022-08-14,25.8,30.1,1336,27.9,포천(동두천)
2022-08-14,29.1,31.7,1442,31.5,해남
2022-08-15,28.1,31.4,1216,29.1,논산(부여)
2022-08-15,29.3,32.1,1443,32.2,무안(목포)
2022-08-15,28.4,31.6,1203,29.5,상주
2022-08-15,27.3,30.0,1307,32.1,신안
2022-08-15,32.2,36.7,1415,39.1,제주
2022-08-15,29.9,33.9,1301,33.8,창녕(밀양)
2022-08-15,23.6,25.5,1709,22.7,평창
2022-08-15,27.0,29.0,1223,27.0,포천(동두천)
2022-08-15,29.1,31.9,1332,31.9,해남
2022-08-16,25.8,29.6,1514,27.9,논산(부여)
2022-08-16,26.4,28.1,1,27.4,무안(목포)
2022-08-16,25.1,29.2,1617,27.3,상주
2022-08-16,25.3,27.9,237,27.1,신안
2022-08-16,31.0,34.1,1426,34.8,제주
2022-08-16,27.0,29.6,11,27.3,창녕(밀양)
2022-08-16,22.6,27.1,1541,25.3,평창
2022-08-16,25.0,29.7,1451,28.6,포천(동두천)
2022-08-16,26.9,28.7,1450,28.5,해남
2022-08-17,25.2,30.6,1425,29.0,논산(부여)
2022-08-17,25.9,28.9,1546,28.9,무안(목포)
2022-08-17,25.4,30.6,1533,30.6,상주
2022-08-17,25.0,28.3,1332,29.3,신안
2022-08-17,26.8,28.4,10,27.1,제주
2022-08-17,25.0,27.1,1753,27.0,창녕(밀양)
2022-08-17,19.4,23.2,1428,23.2,평창
2022-08-17,23.3,30.4,1320,27.0,포천(동두천)
2022-08-17,25.3,29.3,1545,27.2,해남
2022-08-18,24.5,30.1,1339,29.1,논산(부여)
2022-08-18,25.9,29.4,1515,29.0,무안(목포)
2022-08-18,25.0,30.4,1523,29.4,상주
2022-08-18,24.6,28.7,1128,29.2,신안
2022-08-18,27.5,30.6,1512,29.0,제주
2022-08-18,25.7,31.9,1519,30.4,창녕(밀양)
2022-08-18,20.4,25.8,1421,24.5,평창
2022-08-18,23.9,28.7,1301,28.8,포천(동두천)
2022-08-18,24.3,30.8,1319,28.8,해남
2022-08-19,26.0,30.2,1333,27.8,논산(부여)
2022-08-19,27.4,30.5,1258,28.5,무안(목포)
2022-08-19,26.3,30.5,1354,28.0,상주
2022-08-19,25.9,29.4,1412,28.9,신안
2022-08-19,30.9,35.4,1327,34.3,제주
2022-08-19,27.1,32.5,1345,30.0,창녕(밀양)
2022-08-19,20.9,23.2,2025,21.1,평창
2022-08-19,24.1,26.1,2055,25.8,포천(동두천)
2022-08-19,27.0,30.9,1248,28.8,해남
2022-08-20,26.7,31.1,1521,28.1,논산(부여)
2022-08-20,26.0,27.9,1646,26.9,무안(목포)
2022-08-20,26.8,30.2,1521,29.3,상주
2022-08-20,-99.0,27.4,1556,26.3,신안
2022-08-20,29.3,32.6,1215,29.8,제주
2022-08-20,26.6,27.9,1,27.1,창녕(밀양)
2022-08-20,20.0,24.9,842,22.8,평창
2022-08-20,26.8,31.3,1330,30.3,포천(동두천)
2022-08-20,26.9,28.7,1447,28.5,해남
2022-08-21,26.5,32.3,1506,29.8,논산(부여)
2022-08-21,26.2,29.4,1605,29.5,무안(목포)
2022-08-21,26.2,31.6,1503,31.4,상주
2022-08-21,25.2,28.3,1151,29.2,신안
2022-08-21,27.9,30.8,1254,34.1,제주
2022-08-21,26.5,32.5,1614,29.4,창녕(밀양)
2022-08-21,20.0,25.3,1403,25.0,평창
2022-08-21,26.1,31.6,1328,29.2,포천(동두천)
2022-08-21,26.0,30.0,1446,30.3,해남
2022-08-22,26.3,31.7,1358,28.9,논산(부여)
2022-08-22,27.0,30.6,1251,29.0,무안(목포)
2022-08-22,26.1,32.2,1447,30.1,상주
2022-08-22,25.1,29.2,1414,29.2,신안
2022-08-22,28.3,31.4,1404,34.4,제주
2022-08-22,25.9,32.3,1617,29.9,창녕(밀양)
2022-08-22,21.3,26.3,1330,23.5,평창
2022-08-22,24.9,28.7,1033,27.9,포천(동두천)
2022-08-22,25.5,32.0,1314,29.5,해남
2022-08-23,24.1,25.7,1710,25.6,논산(부여)
2022-08-23,26.2,29.1,1212,27.5,무안(목포)
2022-08-23,23.9,26.7,1,26.4,상주
2022-08-23,25.1,27.0,1109,26.4,신안
2022-08-23,29.8,33.4,1300,36.9,제주
2022-08-23,25.5,30.1,1216,27.4,창녕(밀양)
2022-08-23,18.7,21.6,4,20.6,평창
2022-08-23,23.7,28.8,1529,29.1,포천(동두천)
2022-08-23,26.4,30.5,1303,27.9,해남
2022-08-24,22.8,26.3,1650,25.0,논산(부여)
2022-08-24,25.2,28.3,1324,28.9,무안(목포)
2022-08-24,21.8,24.1,1619,25.3,상주
2022-08-24,24.4,26.8,1146,28.9,신안
2022-08-24,27.1,31.0,1303,34.3,제주
2022-08-24,22.1,23.9,1429,24.7,창녕(밀양)
2022-08-24,17.0,19.2,1028,19.9,평창
2022-08-24,23.0,28.3,1215,26.1,포천(동두천)
2022-08-24,25.0,30.2,1231,30.4,해남
2022-08-25,21.8,28.8,1329,24.8,논산(부여)
2022-08-25,24.5,27.3,1425,26.6,무안(목포)
2022-08-25,23.2,29.5,1402,27.1,상주
2022-08-25,24.2,26.9,1240,28.2,신안
2022-08-25,26.8,30.7,1316,35.5,제주
2022-08-25,24.5,30.2,1441,28.8,창녕(밀양)
2022-08-25,17.0,21.6,1044,20.1,평창
2022-08-25,21.1,23.7,1428,23.9,포천(동두천)
2022-08-25,23.7,29.6,1427,27.8,해남
2022-08-26,21.7,28.4,1516,25.7,논산(부여)
2022-08-26,24.4,27.6,1416,27.6,무안(목포)
2022-08-26,23.6,29.3,1502,28.0,상주
2022-08-26,23.8,26.7,1133,28.5,신안
2022-08-26,26.3,29.2,1609,29.7,제주
2022-08-26,24.8,29.8,1357,30.4,창녕(밀양)
2022-08-26,18.6,24.2,1337,23.1,평창
2022-08-26,22.7,28.1,1416,27.0,포천(동두천)
2022-08-26,23.5,29.1,1515,29.9,해남
2022-08-27,21.1,26.6,1531,25.3,논산(부여)
2022-08-27,23.4,25.5,850,26.8,무안(목포)
2022-08-27,22.4,27.5,1451,27.0,상주
2022-08-27,22.7,25.3,1004,28.1,신안
2022-08-27,26.1,30.4,1447,32.6,제주
2022-08-27,22.3,28.5,1502,26.8,창녕(밀양)
2022-08-27,16.3,22.2,1406,22.5,평창
2022-08-27,20.0,25.0,1543,26.8,포천(동두천)
2022-08-27,-99.0,27.9,1136,24.9,해남
2022-08-28,21.1,28.0,1554,25.9,논산(부여)
2022-08-28,22.2,25.9,1434,24.4,무안(목포)
2022-08-28,20.8,27.7,1455,27.8,상주
2022-08-28,21.8,23.9,1230,23.6,신안
2022-08-28,24.4,28.4,1724,30.8,제주
2022-08-28,21.8,28.9,1456,26.6,창녕(밀양)
2022-08-28,14.3,20.7,1349,21.2,평창
2022-08-28,19.9,27.4,1444,26.4,포천(동두천)
2022-08-28,20.4,26.0,1518,23.7,해남
2022-08-29,19.2,21.0,1013,21.5,논산(부여)
2022-08-29,23.1,25.3,1434,24.2,무안(목포)
2022-08-29,18.9,20.7,1126,22.7,상주
2022-08-29,22.0,24.0,1541,23.6,신안
2022-08-29,25.9,28.0,1730,31.4,제주
2022-08-29,22.5,26.9,1146,24.9,창녕(밀양)
2022-08-29,14.6,17.2,1324,17.9,평창
2022-08-29,19.2,21.5,1518,22.4,포천(동두천)
2022-08-29,23.3,27.7,1457,27.4,해남
2022-08-30,19.2,20.1,1832,20.4,논산(부여)
2022-08-30,25.7,28.9,1306,26.1,무안(목포)
2022-08-30,18.9,19.8,1423,21.8,상주
2022-08-30,22.9,25.8,1130,24.8,신안
2022-08-30,28.2,32.7,1205,31.9,제주
2022-08-30,21.8,24.2,1013,23.5,창녕(밀양)
2022-08-30,15.2,17.1,1258,17.4,평창
2022-08-30,18.1,19.6,1417,21.2,포천(동두천)
2022-08-30,25.5,29.1,1306,27.5,해남
2022-08-31,21.6,25.0,1430,23.5,논산(부여)
2022-08-31,22.9,25.6,1400,24.0,무안(목포)
2022-08-31,21.0,24.3,1546,23.8,상주
2022-08-31,21.9,25.5,1442,25.4,신안
2022-08-31,25.9,29.1,1356,30.4,제주
2022-08-31,22.2,24.1,1532,23.6,창녕(밀양)
2022-08-31,15.6,17.3,1514,18.2,평창
2022-08-31,20.2,25.0,1612,22.9,포천(동두천)
2022-08-31,23.6,27.7,1326,28.0,해남
2022-09-01,22.3,28.1,1506,24.9,논산(부여)
2022-09-01,22.7,24.9,1027,23.2,무안(목포)
2022-09-01,21.2,25.0,1435,24.0,상주
2022-09-01,22.2,24.1,1302,24.6,신안
2022-09-01,24.8,25.9,1020,27.3,제주
2022-09-01,22.6,25.8,1157,23.5,창녕(밀양)
2022-09-01,16.5,22.9,1437,19.9,평창
2022-09-01,21.7,28.8,1551,25.9,포천(동두천)
2022-09-01,21.9,26.2,1314,24.5,해남
2022-09-02,22.7,28.0,1346,24.3,논산(부여)
2022-09-02,23.4,26.9,1352,24.9,무안(목포)
2022-09-02,22.1,26.7,1326,25.3,상주
2022-09-02,22.7,25.6,1410,24.8,신안
2022-09-02,23.2,25.0,38,23.8,제주
2022-09-02,21.6,23.1,1431,21.8,창녕(밀양)
2022-09-02,15.5,20.1,1358,19.4,평창
2022-09-02,22.5,29.6,1555,25.2,포천(동두천)
2022-09-02,22.7,24.7,1435,24.1,해남
2022-09-03,24.2,28.9,1330,26.2,논산(부여)
2022-09-03,24.9,28.8,1448,28.0,무안(목포)
2022-09-03,21.5,24.7,1315,23.4,상주
2022-09-03,23.0,25.8,1324,26.1,신안
2022-09-03,25.9,29.3,1521,26.7,제주
2022-09-03,22.8,25.2,1301,23.7,창녕(밀양)
2022-09-03,16.5,19.2,1417,19.3,평창
2022-09-03,22.4,28.8,1500,27.7,포천(동두천)
2022-09-03,24.7,28.0,1519,29.3,해남
2022-09-04,24.3,28.4,1701,25.4,논산(부여)
2022-09-04,25.6,29.9,1417,26.1,무안(목포)
2022-09-04,22.5,26.3,1519,25.4,상주
2022-09-04,22.4,24.9,1114,24.6,신안
2022-09-04,26.4,30.2,1118,26.1,제주
2022-09-04,25.6,31.7,1534,27.0,창녕(밀양)
2022-09-04,19.5,24.0,1643,20.0,평창
2022-09-04,21.4,22.7,1630,22.4,포천(동두천)
2022-09-04,25.5,30.3,1149,27.5,해남
2022-09-05,21.9,25.6,1236,23.6,논산(부여)
2022-09-05,24.0,25.7,946,24.4,무안(목포)
2022-09-05,23.4,25.0,1335,25.1,상주
2022-09-05,21.5,23.1,1410,23.1,신안
2022-09-05,26.5,27.4,1634,25.6,제주
2022-09-05,25.4,29.1,1248,25.5,창녕(밀양)
2022-09-05,17.5,22.1,7,19.0,평창
2022-09-05,18.1,21.7,1,19.6,포천(동두천)
2022-09-05,24.9,26.1,843,24.7,해남
2022-09-06,20.5,26.5,1400,21.6,논산(부여)
2022-09-06,21.7,24.6,1612,21.9,무안(목포)
2022-09-06,21.1,26.0,1607,24.8,상주
2022-09-06,20.9,23.9,1307,23.8,신안
2022-09-06,23.4,26.6,1537,23.7,제주
2022-09-06,23.7,28.1,1444,25.9,창녕(밀양)
2022-09-06,16.2,19.7,1525,17.0,평창
2022-09-06,19.9,25.7,1441,22.3,포천(동두천)
2022-09-06,22.5,25.4,1603,23.5,해남
2022-09-07,20.4,28.5,1622,23.8,논산(부여)
2022-09-07,21.8,25.8,1448,24.7,무안(목포)
2022-09-07,22.1,28.8,1512,26.0,상주
2022-09-07,20.3,25.8,1234,24.3,신안
2022-09-07,24.2,28.9,1651,26.0,제주
2022-09-07,21.4,29.5,1314,25.0,창녕(밀양)
2022-09-07,16.2,23.2,1429,18.3,평창
2022-09-07,20.4,26.8,1341,23.1,포천(동두천)
2022-09-07,21.2,27.5,1349,20.8,해남
2022-09-08,20.9,29.2,1549,24.5,논산(부여)
2022-09-08,22.1,26.2,1423,24.3,무안(목포)
2022-09-08,20.5,28.6,1626,26.1,상주
2022-09-08,19.8,22.7,1436,24.6,신안
2022-09-08,24.3,27.6,1614,28.0,제주
2022-09-08,21.8,29.4,1326,26.2,창녕(밀양)
2022-09-08,14.5,22.5,1218,18.5,평창
2022-09-08,20.8,28.4,1436,23.9,포천(동두천)
2022-09-08,21.3,29.0,1358,26.4,해남
2022-09-09,22.1,29.2,1554,24.7,논산(부여)
2022-09-09,23.3,27.6,1607,25.4,무안(목포)
2022-09-09,21.1,27.7,1548,27.4,상주
2022-09-09,21.6,25.7,1210,24.3,신안
2022-09-09,24.4,27.6,1336,27.7,제주
2022-09-09,22.2,29.3,1458,26.5,창녕(밀양)
2022-09-09,14.1,22.6,1333,18.6,평창
2022-09-09,21.3,29.0,1527,25.6,포천(동두천)
2022-09-09,21.9,28.4,1305,25.6,해남
2022-09-10,21.6,26.6,1452,24.3,논산(부여)
2022-09-10,22.8,25.9,1636,23.7,무안(목포)
2022-09-10,20.3,25.6,1452,25.7,상주
2022-09-10,21.9,25.2,1316,24.6,신안
2022-09-10,23.9,27.4,1418,25.8,제주
2022-09-10,22.2,25.9,1122,22.9,창녕(밀양)
2022-09-10,15.1,19.8,1259,17.6,평창
2022-09-10,21.0,28.1,1535,23.8,포천(동두천)
2022-09-10,22.3,27.3,1551,26.1,해남
2022-09-11,23.0,28.8,1604,27.1,논산(부여)
2022-09-11,23.4,27.3,1437,25.3,무안(목포)
2022-09-11,22.3,28.1,1545,27.2,상주
2022-09-11,22.1,25.4,1107,24.8,신안
2022-09-11,24.7,27.6,1233,26.6,제주
2022-09-11,23.2,28.9,1343,25.1,창녕(밀양)
2022-09-11,16.7,19.4,1147,18.5,평창
2022-09-11,20.9,24.2,1118,22.9,포천(동두천)
2022-09-11,23.4,28.6,1525,27.9,해남
2022-09-12,23.1,27.0,1340,24.4,논산(부여)
2022-09-12,22.9,24.0,1257,24.1,무안(목포)
2022-09-12,22.0,25.0,1214,25.8,상주
2022-09-12,21.1,22.0,1252,23.2,신안
2022-09-12,24.5,24.9,36,24.7,제주
2022-09-12,22.6,25.8,1635,23.8,창녕(밀양)
2022-09-12,18.2,24.9,1413,21.4,평창
2022-09-12,21.6,26.5,1300,23.7,포천(동두천)
2022-09-12,23.1,25.8,1303,25.3,해남
2022-09-13,24.3,27.0,1250,24.5,논산(부여)
2022-09-13,23.3,25.3,1219,23.9,무안(목포)
2022-09-13,23.5,28.2,1311,26.7,상주
2022-09-13,21.2,22.3,1200,22.6,신안
2022-09-13,24.4,25.0,956,23.8,제주
2022-09-13,24.2,30.5,1320,26.3,창녕(밀양)
2022-09-13,17.5,19.6,1409,19.2,평창
2022-09-13,22.6,27.1,1423,24.2,포천(동두천)
2022-09-13,23.6,27.7,1122,25.5,해남
2022-09-14,24.9,28.5,1253,25.1,논산(부여)
2022-09-14,25.5,28.8,1520,25.2,무안(목포)
2022-09-14,23.3,29.3,1242,26.8,상주
2022-09-14,22.6,25.5,1447,24.1,신안
2022-09-14,24.8,25.2,835,24.2,제주
2022-09-14,24.8,28.8,1228,26.4,창녕(밀양)
2022-09-14,17.2,20.8,1218,18.7,평창
2022-09-14,23.0,27.0,1346,24.7,포천(동두천)
2022-09-14,25.1,28.3,1524,26.0,해남
2022-09-15,25.6,30.4,1444,27.4,논산(부여)
2022-09-15,26.0,29.1,1217,25.1,무안(목포)
2022-09-15,23.5,29.4,1432,29.9,상주
2022-09-15,21.5,22.8,934,22.8,신안
2022-09-15,25.3,26.9,1550,24.4,제주
2022-09-15,25.2,29.8,1337,29.0,창녕(밀양)
2022-09-15,16.7,20.3,1339,20.1,평창
2022-09-15,23.3,27.4,1131,24.7,포천(동두천)
2022-09-15,25.1,29.0,1313,26.7,해남
2022-09-16,26.2,31.9,1350,28.6,논산(부여)
2022-09-16,26.6,30.5,1301,27.0,무안(목포)
2022-09-16,22.9,27.6,1618,26.7,상주
2022-09-16,22.5,24.5,1221,23.3,신안
2022-09-16,28.7,32.8,1116,27.4,제주
2022-09-16,25.4,31.0,1439,27.9,창녕(밀양)
2022-09-16,19.7,26.6,1438,22.2,평창
2022-09-16,24.0,29.6,1205,25.6,포천(동두천)
2022-09-16,25.8,29.5,1237,27.8,해남
2022-09-17,27.1,32.7,1443,31.2,논산(부여)
2022-09-17,26.1,30.8,1333,28.7,무안(목포)
2022-09-17,25.9,32.0,1451,32.3,상주
2022-09-17,23.3,28.8,1236,26.0,신안
2022-09-17,26.4,28.6,1209,27.5,제주
2022-09-17,25.7,32.7,1239,27.2,창녕(밀양)
2022-09-17,22.1,28.2,1408,23.2,평창
2022-09-17,24.0,28.7,1551,26.6,포천(동두천)
2022-09-17,26.7,32.6,1337,28.6,해남
2022-09-18,27.6,32.6,1400,29.9,논산(부여)
2022-09-18,25.9,29.9,1244,28.0,무안(목포)
2022-09-18,26.2,31.2,1315,29.2,상주
2022-09-18,22.2,24.5,1139,24.3,신안
2022-09-18,27.1,30.5,1238,29.6,제주
2022-09-18,27.0,32.1,1240,29.4,창녕(밀양)
2022-09-18,19.4,20.7,751,21.0,평창
2022-09-18,24.6,30.8,1615,27.4,포천(동두천)
2022-09-18,27.5,33.0,1410,29.1,해남
2022-09-19,24.9,30.6,1440,29.4,논산(부여)
2022-09-19,23.0,25.7,3,26.0,무안(목포)
2022-09-19,25.1,30.7,1124,30.7,상주
2022-09-19,20.9,23.0,1140,22.3,신안
2022-09-19,25.1,27.9,1339,29.0,제주
2022-09-19,25.3,29.8,1408,25.8,창녕(밀양)
2022-09-19,15.2,19.8,39,17.6,평창
2022-09-19,22.2,26.7,1049,25.3,포천(동두천)
2022-09-19,23.8,27.1,22,27.3,해남
2022-09-20,18.9,24.3,1328,23.7,논산(부여)
2022-09-20,20.5,24.4,1423,24.0,무안(목포)
2022-09-20,18.0,24.0,1450,25.9,상주
2022-09-20,19.8,23.8,1257,22.2,신안
2022-09-20,22.9,25.3,1452,27.2,제주
2022-09-20,19.8,24.0,1334,22.2,창녕(밀양)
2022-09-20,10.2,12.6,1,14.1,평창
2022-09-20,17.5,23.5,1531,21.7,포천(동두천)
2022-09-20,20.0,25.4,1337,23.7,해남
2022-09-21,18.0,25.1,1511,24.2,논산(부여)
2022-09-21,20.3,24.1,1405,23.2,무안(목포)
2022-09-21,16.6,23.8,1542,25.3,상주
2022-09-21,19.8,24.1,1118,22.7,신안
2022-09-21,22.0,24.8,1340,26.1,제주
2022-09-21,17.6,24.5,1420,20.5,창녕(밀양)
2022-09-21,10.4,17.7,1312,16.3,평창
2022-09-21,16.2,24.2,1428,21.3,포천(동두천)
2022-09-21,18.6,24.6,1245,23.2,해남
2022-09-22,17.3,23.7,1451,22.9,논산(부여)
2022-09-22,20.3,24.9,1231,24.2,무안(목포)
2022-09-22,16.6,23.6,1436,24.5,상주
2022-09-22,20.1,24.3,1202,22.9,신안
2022-09-22,22.2,25.2,1359,25.9,제주
2022-09-22,19.1,26.3,1452,23.9,창녕(밀양)
2022-09-22,11.8,19.2,1404,16.0,평창
2022-09-22,17.3,24.1,1403,20.8,포천(동두천)
2022-09-22,19.2,26.3,1417,24.4,해남
2022-09-23,16.2,24.3,1136,22.1,논산(부여)
2022-09-23,19.4,23.5,1135,22.5,무안(목포)
2022-09-23,18.0,24.7,1329,23.9,상주
2022-09-23,19.5,24.7,1037,21.6,신안
2022-09-23,22.4,26.8,1103,26.5,제주
2022-09-23,20.9,28.8,1525,24.8,창녕(밀양)
2022-09-23,12.6,20.4,1238,14.6,평창
2022-09-23,15.1,22.1,1034,19.9,포천(동두천)
2022-09-23,19.0,25.4,1259,21.8,해남
2022-09-24,16.5,24.5,1423,22.4,논산(부여)
2022-09-24,18.7,22.4,1330,21.9,무안(목포)
2022-09-24,17.9,24.6,1419,24.8,상주
2022-09-24,19.4,22.8,1221,22.8,신안
2022-09-24,21.4,24.4,1409,26.2,제주
2022-09-24,19.2,25.7,1553,23.9,창녕(밀양)
2022-09-24,12.0,19.1,1451,14.4,평창
2022-09-24,15.6,23.2,1436,20.0,포천(동두천)
2022-09-24,19.0,24.4,1455,23.4,해남
2022-09-25,18.3,24.6,1507,22.0,논산(부여)
2022-09-25,19.8,23.9,1445,22.7,무안(목포)
2022-09-25,17.2,22.8,1409,22.6,상주
2022-09-25,19.9,23.5,1500,23.2,신안
2022-09-25,22.4,25.4,1154,24.7,제주
2022-09-25,18.4,22.3,1711,20.2,창녕(밀양)
2022-09-25,11.5,19.0,1354,14.3,평창
2022-09-25,16.3,24.4,1410,22.0,포천(동두천)
2022-09-25,18.3,22.7,1345,21.9,해남
2022-09-26,18.5,26.4,1544,22.7,논산(부여)
2022-09-26,19.7,22.6,1426,21.0,무안(목포)
2022-09-26,17.5,23.2,1431,22.6,상주
2022-09-26,19.2,22.6,1225,21.9,신안
2022-09-26,22.7,26.4,1358,27.1,제주
2022-09-26,18.5,22.3,1432,19.9,창녕(밀양)
2022-09-26,12.6,21.6,1331,16.1,평창
2022-09-26,16.6,24.8,1515,21.3,포천(동두천)
2022-09-26,18.3,22.6,1244,21.2,해남
2022-09-27,18.4,27.2,1539,23.5,논산(부여)
2022-09-27,20.4,24.9,1441,23.8,무안(목포)
2022-09-27,18.1,26.2,1543,25.7,상주
2022-09-27,19.3,23.5,1223,21.9,신안
2022-09-27,22.7,25.8,1100,27.5,제주
2022-09-27,20.4,27.1,1553,23.0,창녕(밀양)
2022-09-27,11.5,20.8,1328,16.0,평창
2022-09-27,18.0,27.1,1421,22.1,포천(동두천)
2022-09-27,19.5,27.5,1425,23.8,해남
2022-09-28,18.1,25.0,1601,21.6,논산(부여)
2022-09-28,20.8,24.5,1328,22.4,무안(목포)
2022-09-28,17.3,24.3,1541,21.3,상주
2022-09-28,19.3,22.5,1102,22.2,신안
2022-09-28,23.2,26.1,1200,25.9,제주
2022-09-28,19.3,26.0,1504,22.4,창녕(밀양)
2022-09-28,11.6,20.6,1510,14.5,평창
2022-09-28,17.9,25.4,1506,22.0,포천(동두천)
2022-09-28,20.3,25.7,1219,23.3,해남
2022-09-29,17.6,26.0,1543,22.9,논산(부여)
2022-09-29,19.8,24.7,1440,24.1,무안(목포)
2022-09-29,18.3,27.5,1526,24.7,상주
2022-09-29,18.7,22.9,1219,22.0,신안
2022-09-29,22.4,26.7,1345,23.1,제주
2022-09-29,19.9,29.2,1510,24.5,창녕(밀양)
2022-09-29,13.7,24.7,1404,17.0,평창
2022-09-29,17.4,25.2,1355,22.3,포천(동두천)
2022-09-29,19.2,27.3,1421,26.6,해남
2022-09-30,18.5,29.0,1555,23.2,논산(부여)
2022-09-30,20.5,27.0,1350,23.8,무안(목포)
2022-09-30,18.3,28.7,1553,24.8,상주
2022-09-30,19.0,23.6,1235,21.8,신안
2022-09-30,21.7,26.2,1359,24.6,제주
2022-09-30,20.2,29.6,1441,24.5,창녕(밀양)
2022-09-30,14.1,24.7,1414,18.9,평창
2022-09-30,17.8,26.6,1425,21.9,포천(동두천)
2022-09-30,18.0,27.5,1233,25.0,해남
2022-10-01,19.5,27.6,1536,22.6,논산(부여)
2022-10-01,21.9,27.9,1356,24.8,무안(목포)
2022-10-01,18.9,28.7,1514,23.9,상주
2022-10-01,19.4,24.3,1337,21.6,신안
2022-10-01,22.8,26.8,1514,27.3,제주
2022-10-01,20.5,30.2,1517,23.2,창녕(밀양)
2022-10-01,14.5,25.5,1411,20.2,평창
2022-10-01,18.1,26.8,1331,21.0,포천(동두천)
2022-10-01,19.2,29.7,1320,26.1,해남
2022-10-02,21.8,27.9,1325,24.3,논산(부여)
2022-10-02,23.0,27.9,1418,24.7,무안(목포)
2022-10-02,18.5,23.4,1348,22.3,상주
2022-10-02,21.3,23.1,1647,22.6,신안
2022-10-02,24.9,30.6,1355,25.8,제주
2022-10-02,21.3,29.2,1525,24.0,창녕(밀양)
2022-10-02,12.6,17.7,1300,14.5,평창
2022-10-02,17.2,22.2,1540,18.8,포천(동두천)
2022-10-02,21.2,27.3,1251,26.5,해남
2022-10-03,23.3,26.3,1417,23.0,논산(부여)
2022-10-03,25.4,27.9,1401,26.5,무안(목포)
2022-10-03,21.1,24.9,1327,23.5,상주
2022-10-03,22.0,23.3,1111,23.6,신안
2022-10-03,26.1,29.5,1324,27.5,제주
2022-10-03,24.5,28.9,1450,23.5,창녕(밀양)
2022-10-03,18.5,20.8,2124,18.2,평창
2022-10-03,19.6,22.3,1656,19.9,포천(동두천)
2022-10-03,25.9,29.3,1430,28.1,해남
2022-10-04,19.6,23.6,38,22.9,논산(부여)
2022-10-04,19.3,25.2,158,20.1,무안(목포)
2022-10-04,20.2,24.4,1402,23.2,상주
2022-10-04,17.7,23.9,321,19.6,신안
2022-10-04,21.3,27.8,809,20.8,제주
2022-10-04,22.3,26.4,819,22.9,창녕(밀양)
2022-10-04,12.6,19.5,29,15.7,평창
2022-10-04,16.3,21.5,1,19.6,포천(동두천)
2022-10-04,19.6,25.3,36,21.1,해남
2022-10-05,16.0,20.8,1526,20.2,논산(부여)
2022-10-05,16.2,18.3,1217,17.0,무안(목포)
2022-10-05,16.2,21.1,1504,22.2,상주
2022-10-05,15.8,18.6,1155,18.5,신안
2022-10-05,19.4,22.6,1510,20.5,제주
2022-10-05,18.1,21.9,1553,18.9,창녕(밀양)
2022-10-05,8.3,9.2,1426,11.9,평창
2022-10-05,14.4,18.9,1340,17.5,포천(동두천)
2022-10-05,16.7,20.4,1221,21.4,해남
2022-10-06,16.1,20.9,1344,19.0,논산(부여)
2022-10-06,17.0,19.9,1202,17.8,무안(목포)
2022-10-06,16.9,21.9,1404,20.3,상주
2022-10-06,16.4,19.5,1040,18.1,신안
2022-10-06,18.7,21.6,1454,20.5,제주
2022-10-06,17.9,22.3,1449,19.5,창녕(밀양)
2022-10-06,9.3,10.2,1455,12.1,평창
2022-10-06,13.9,19.5,1433,17.3,포천(동두천)
2022-10-06,16.9,21.5,1333,20.6,해남
2022-10-07,15.1,20.6,1126,20.3,논산(부여)
2022-10-07,15.9,17.4,1127,16.6,무안(목포)
2022-10-07,14.9,20.8,1347,18.8,상주
2022-10-07,15.8,17.5,923,17.4,신안
2022-10-07,17.8,21.1,1535,19.7,제주
2022-10-07,17.2,21.4,1219,17.6,창녕(밀양)
2022-10-07,8.1,10.1,326,11.4,평창
2022-10-07,12.5,18.5,1409,16.5,포천(동두천)
2022-10-07,15.8,19.1,1253,20.5,해남
2022-10-08,15.4,22.3,1451,18.9,논산(부여)
2022-10-08,16.8,21.1,1539,17.9,무안(목포)
2022-10-08,14.2,20.8,1419,19.9,상주
2022-10-08,16.9,18.8,915,18.4,신안
2022-10-08,18.0,20.6,1422,18.5,제주
2022-10-08,16.3,22.5,1336,18.4,창녕(밀양)
2022-10-08,8.0,11.7,1303,13.2,평창
2022-10-08,12.8,20.7,1338,17.4,포천(동두천)
2022-10-08,16.1,20.2,1518,19.0,해남
2022-10-09,13.1,16.2,1,15.9,논산(부여)
2022-10-09,15.1,17.1,1449,16.3,무안(목포)
2022-10-09,12.2,14.0,1425,16.4,상주
2022-10-09,15.4,17.7,119,16.5,신안
2022-10-09,18.6,20.5,1520,19.2,제주
2022-10-09,14.9,17.1,1237,16.2,창녕(밀양)
2022-10-09,8.4,14.6,1127,10.8,평창
2022-10-09,11.6,13.5,945,14.3,포천(동두천)
2022-10-09,15.3,18.1,1245,17.2,해남
2022-10-10,11.4,14.9,1100,15.3,논산(부여)
2022-10-10,13.6,15.5,113,13.3,무안(목포)
2022-10-10,10.8,14.9,1206,14.5,상주
2022-10-10,13.2,15.7,1021,14.1,신안
2022-10-10,16.2,18.3,1122,15.3,제주
2022-10-10,13.8,17.6,1243,15.9,창녕(밀양)
2022-10-10,4.6,6.7,1,6.8,평창
2022-10-10,8.2,11.1,1501,13.4,포천(동두천)
2022-10-10,13.6,16.4,1419,17.2,해남
2022-10-11,12.4,19.0,1456,16.6,논산(부여)
2022-10-11,14.2,16.4,1303,14.4,무안(목포)
2022-10-11,12.1,18.0,1449,16.3,상주
2022-10-11,14.4,17.1,1251,15.3,신안
2022-10-11,17.1,20.1,1354,17.2,제주
2022-10-11,12.8,19.7,1413,16.9,창녕(밀양)
2022-10-11,5.6,13.4,1442,9.1,평창
2022-10-11,9.6,16.2,1544,14.6,포천(동두천)
2022-10-11,14.5,18.3,1445,17.3,해남
2022-10-12,11.4,20.0,1545,16.0,논산(부여)
2022-10-12,14.4,19.1,1440,15.9,무안(목포)
2022-10-12,11.5,20.6,1534,16.8,상주
2022-10-12,14.8,18.0,1240,17.0,신안
2022-10-12,18.2,20.6,1629,20.5,제주
2022-10-12,14.2,22.7,1435,16.8,창녕(밀양)
2022-10-12,6.5,14.8,1354,10.6,평창
2022-10-12,11.1,20.6,1357,13.9,포천(동두천)
2022-10-12,12.3,21.6,1354,17.8,해남
2022-10-13,14.4,22.6,1450,17.3,논산(부여)
2022-10-13,16.5,21.2,1427,17.5,무안(목포)
2022-10-13,13.6,21.6,1414,17.8,상주
2022-10-13,16.8,20.0,1313,18.4,신안
2022-10-13,19.4,21.9,1027,20.1,제주
2022-10-13,15.9,23.8,1347,19.4,창녕(밀양)
2022-10-13,8.7,17.4,1437,12.9,평창
2022-10-13,13.6,21.7,1507,15.4,포천(동두천)
2022-10-13,14.5,23.0,1422,20.0,해남
2022-10-14,15.8,22.7,1607,18.0,논산(부여)
2022-10-14,17.1,21.8,1327,19.3,무안(목포)
2022-10-14,14.0,21.4,1447,18.6,상주
2022-10-14,16.9,20.6,1043,19.5,신안
2022-10-14,19.5,22.1,1451,21.4,제주
2022-10-14,16.3,24.3,1520,19.7,창녕(밀양)
2022-10-14,9.9,17.9,1216,13.3,평창
2022-10-14,14.6,21.9,1445,16.9,포천(동두천)
2022-10-14,15.5,24.3,1435,21.3,해남
2022-10-15,17.7,25.1,1423,20.0,논산(부여)
2022-10-15,17.5,22.8,1359,19.5,무안(목포)
2022-10-15,16.9,23.8,1408,20.5,상주
2022-10-15,17.2,21.0,1159,19.7,신안
2022-10-15,20.4,23.0,1158,22.8,제주
2022-10-15,17.7,25.4,1444,20.9,창녕(밀양)
2022-10-15,11.7,18.7,1158,15.0,평창
2022-10-15,15.2,23.9,1455,17.8,포천(동두천)
2022-10-15,16.0,25.1,1417,21.7,해남
2022-10-16,17.2,22.4,1234,19.0,논산(부여)
2022-10-16,17.3,22.3,1346,19.4,무안(목포)
2022-10-16,18.3,23.9,1356,20.9,상주
2022-10-16,17.3,21.5,1235,19.8,신안
2022-10-16,20.4,23.1,1227,22.8,제주
2022-10-16,17.5,25.2,1525,21.4,창녕(밀양)
2022-10-16,12.6,17.5,1250,13.2,평창
2022-10-16,13.6,17.9,1532,14.4,포천(동두천)
2022-10-16,17.1,24.2,1406,20.7,해남
2022-10-17,12.7,16.7,1301,16.7,논산(부여)
2022-10-17,14.1,16.5,158,16.3,무안(목포)
2022-10-17,13.5,17.5,1,18.2,상주
2022-10-17,14.1,16.4,9,16.4,신안
2022-10-17,16.9,20.4,1142,19.9,제주
2022-10-17,15.5,22.8,1319,19.2,창녕(밀양)
2022-10-17,7.8,13.7,1229,12.3,평창
2022-10-17,9.8,15.1,1427,14.5,포천(동두천)
2022-10-17,14.4,17.8,1221,19.6,해남
2022-10-18,7.8,15.8,1425,13.0,논산(부여)
2022-10-18,11.5,13.9,1258,13.5,무안(목포)
2022-10-18,9.2,15.6,1418,14.1,상주
2022-10-18,13.1,15.2,1057,15.1,신안
2022-10-18,14.7,17.8,1316,18.8,제주
2022-10-18,10.7,18.3,1453,15.4,창녕(밀양)
2022-10-18,2.8,11.0,1231,8.4,평창
2022-10-18,6.9,14.3,1438,11.5,포천(동두천)
2022-10-18,11.8,15.8,1313,17.4,해남
2022-10-19,7.9,17.9,1525,12.5,논산(부여)
2022-10-19,12.1,15.4,1317,13.3,무안(목포)
2022-10-19,9.2,17.7,1452,14.2,상주
2022-10-19,13.9,16.7,1202,15.5,신안
2022-10-19,15.1,18.8,1512,18.9,제주
2022-10-19,10.1,18.6,1528,14.4,창녕(밀양)
2022-10-19,3.6,12.1,1300,7.5,평창
2022-10-19,7.6,16.6,1544,11.5,포천(동두천)
2022-10-19,10.4,17.5,1437,17.0,해남
2022-10-20,10.2,20.4,1541,14.0,논산(부여)
2022-10-20,13.3,19.6,1503,15.1,무안(목포)
2022-10-20,10.7,21.3,1424,15.1,상주
2022-10-20,14.2,17.2,1211,15.8,신안
2022-10-20,15.9,20.2,1527,19.3,제주
2022-10-20,11.0,21.8,1507,14.9,창녕(밀양)
2022-10-20,7.5,19.2,1437,9.0,평창
2022-10-20,10.4,19.9,1412,14.0,포천(동두천)
2022-10-20,10.1,21.0,1426,16.2,해남
2022-10-21,11.0,17.2,1423,13.5,논산(부여)
2022-10-21,16.0,21.7,1323,16.9,무안(목포)
2022-10-21,12.6,17.7,1520,13.7,상주
2022-10-21,16.2,20.7,1207,16.7,신안
2022-10-21,18.5,22.3,1308,20.3,제주
2022-10-21,13.2,20.4,1253,15.3,창녕(밀양)
2022-10-21,10.8,17.4,1325,10.7,평창
2022-10-21,11.7,19.8,1353,13.9,포천(동두천)
2022-10-21,14.7,22.5,1237,17.5,해남
2022-10-22,13.6,21.8,1512,16.2,논산(부여)
2022-10-22,16.6,20.4,1255,19.2,무안(목포)
2022-10-22,15.6,21.8,1417,17.6,상주
2022-10-22,16.9,20.5,1236,19.0,신안
2022-10-22,20.0,24.3,1346,22.2,제주
2022-10-22,16.6,24.6,1448,19.9,창녕(밀양)
2022-10-22,11.8,18.3,1407,13.0,평창
2022-10-22,13.6,20.1,1354,16.7,포천(동두천)
2022-10-22,17.1,23.1,1232,20.6,해남
2022-10-23,12.6,19.8,1306,15.8,논산(부여)
2022-10-23,14.5,17.1,1207,16.3,무안(목포)
2022-10-23,14.7,20.7,1437,17.4,상주
2022-10-23,15.0,16.6,1139,16.6,신안
2022-10-23,17.5,20.6,1250,21.5,제주
2022-10-23,14.2,21.7,1424,16.1,창녕(밀양)
2022-10-23,6.6,9.5,1350,8.3,평창
2022-10-23,13.0,18.3,1400,16.8,포천(동두천)
2022-10-23,14.8,18.8,1213,18.6,해남
2022-10-24,9.5,15.9,1307,12.8,논산(부여)
2022-10-24,12.4,14.1,1244,13.8,무안(목포)
2022-10-24,10.7,16.2,1354,14.0,상주
2022-10-24,13.2,14.7,1103,14.8,신안
2022-10-24,15.4,17.8,1321,19.1,제주
2022-10-24,12.4,17.8,1302,14.9,창녕(밀양)
2022-10-24,2.8,6.0,956,7.1,평창
2022-10-24,8.6,15.1,1444,12.5,포천(동두천)
2022-10-24,11.6,15.8,1312,16.2,해남
2022-10-25,8.7,16.9,1535,12.0,논산(부여)
2022-10-25,11.5,16.2,1333,13.7,무안(목포)
2022-10-25,8.5,16.9,1423,11.7,상주
2022-10-25,12.6,15.5,1317,14.6,신안
2022-10-25,14.8,18.4,1324,17.9,제주
2022-10-25,12.0,18.3,1521,14.2,창녕(밀양)
2022-10-25,3.7,6.4,1500,5.9,평창
2022-10-25,9.0,16.9,1458,12.2,포천(동두천)
2022-10-25,8.7,18.2,1410,14.8,해남
2022-10-26,10.4,18.5,1302,12.3,논산(부여)
2022-10-26,13.9,19.9,1310,14.8,무안(목포)
2022-10-26,9.5,17.9,1454,13.0,상주
2022-10-26,14.7,17.8,1353,15.7,신안
2022-10-26,17.6,20.6,1558,20.6,제주
2022-10-26,12.3,20.4,1318,14.2,창녕(밀양)
2022-10-26,5.1,14.1,1456,5.1,평창
2022-10-26,10.3,18.5,1459,13.6,포천(동두천)
2022-10-26,12.1,20.6,1320,15.5,해남
2022-10-27,12.0,21.0,1458,14.5,논산(부여)
2022-10-27,14.3,18.2,1441,16.1,무안(목포)
2022-10-27,13.5,21.7,1418,15.8,상주
2022-10-27,14.7,17.4,1259,16.8,신안
2022-10-27,16.9,21.1,1453,20.1,제주
2022-10-27,14.2,22.3,1406,17.4,창녕(밀양)
2022-10-27,6.7,16.2,1213,8.0,평창
2022-10-27,10.8,19.5,1454,13.2,포천(동두천)
2022-10-27,13.0,21.2,1507,17.6,해남
2022-10-28,11.1,20.1,1426,14.1,논산(부여)
2022-10-28,13.7,17.6,1359,16.0,무안(목포)
2022-10-28,12.6,20.5,1435,16.2,상주
2022-10-28,13.5,16.4,1236,15.6,신안
2022-10-28,16.5,20.8,1428,19.6,제주
2022-10-28,13.8,22.9,1427,16.6,창녕(밀양)
2022-10-28,7.3,8.6,1436,8.8,평창
2022-10-28,11.7,20.6,1406,14.1,포천(동두천)
2022-10-28,11.5,20.9,1407,16.1,해남
2022-10-29,11.8,20.6,1413,14.2,논산(부여)
2022-10-29,14.8,20.4,1351,16.8,무안(목포)
2022-10-29,13.6,19.8,1346,17.2,상주
2022-10-29,14.3,18.0,1133,16.2,신안
2022-10-29,18.0,20.7,1319,20.4,제주
2022-10-29,13.9,22.1,1343,16.2,창녕(밀양)
2022-10-29,7.1,12.2,1335,10.4,평창
2022-10-29,12.0,20.6,1415,14.5,포천(동두천)
2022-10-29,13.3,21.7,1333,15.9,해남
2022-10-30,12.0,21.1,1434,14.6,논산(부여)
2022-10-30,15.5,21.4,1440,17.9,무안(목포)
2022-10-30,12.0,19.5,1506,16.6,상주
2022-10-30,14.9,18.7,1344,16.7,신안
2022-10-30,17.6,20.0,1134,20.0,제주
2022-10-30,12.5,19.5,1317,14.7,창녕(밀양)
2022-10-30,5.9,12.1,1323,9.4,평창
2022-10-30,12.2,20.7,1430,14.2,포천(동두천)
2022-10-30,13.4,21.7,1348,17.4,해남
2022-10-31,12.8,20.6,1526,14.9,논산(부여)
2022-10-31,15.2,19.9,1408,16.8,무안(목포)
2022-10-31,11.2,18.9,1454,15.7,상주
2022-10-31,14.7,17.6,1216,16.2,신안
2022-10-31,17.2,19.7,1354,19.5,제주
2022-10-31,12.5,21.2,1314,15.8,창녕(밀양)
2022-10-31,6.2,14.3,1242,8.4,평창
2022-10-31,12.9,20.6,1319,14.2,포천(동두천)
2022-10-31,14.3,21.1,1354,16.9,해남
2022-11-01,12.4,20.2,1454,14.6,논산(부여)
2022-11-01,14.3,18.4,1344,16.3,무안(목포)
2022-11-01,11.8,20.4,1359,13.5,상주
2022-11-01,14.5,18.4,1053,16.0,신안
2022-11-01,17.5,21.5,1424,20.2,제주
2022-11-01,13.0,22.8,1439,15.6,창녕(밀양)
2022-11-01,7.8,15.1,1353,8.5,평창
2022-11-01,11.5,18.2,1407,13.7,포천(동두천)
2022-11-01,13.1,20.8,1347,16.3,해남
2022-11-02,9.9,19.3,1509,14.0,논산(부여)
2022-11-02,12.6,17.3,1416,14.9,무안(목포)
2022-11-02,11.1,20.6,1509,14.1,상주
2022-11-02,13.1,16.4,1202,14.6,신안
2022-11-02,16.2,19.9,1326,19.7,제주
2022-11-02,12.1,21.5,1447,14.4,창녕(밀양)
2022-11-02,5.8,16.2,1354,6.6,평창
2022-11-02,8.8,18.2,1441,10.9,포천(동두천)
2022-11-02,10.6,19.9,1450,16.2,해남
2022-11-03,9.2,16.7,1443,11.2,논산(부여)
2022-11-03,11.9,17.1,1306,13.1,무안(목포)
2022-11-03,10.2,17.4,1455,12.8,상주
2022-11-03,13.3,16.8,1157,14.7,신안
2022-11-03,15.9,20.5,1245,18.4,제주
2022-11-03,11.9,21.1,1420,13.4,창녕(밀양)
2022-11-03,5.2,11.5,1240,5.1,평창
2022-11-03,7.4,12.9,1138,7.9,포천(동두천)
2022-11-03,10.8,19.5,1406,14.6,해남
2022-11-04,5.8,11.9,1328,9.5,논산(부여)
2022-11-04,9.4,11.5,8,11.6,무안(목포)
2022-11-04,6.9,11.6,1358,9.9,상주
2022-11-04,10.0,11.3,1146,12.5,신안
2022-11-04,12.4,14.9,1,16.4,제주
2022-11-04,10.0,15.3,1422,12.6,창녕(밀양)
2022-11-04,0.8,8.1,1340,3.4,평창
2022-11-04,3.4,10.6,1437,6.5,포천(동두천)
2022-11-04,9.4,12.2,1,14.0,해남
2022-11-05,5.3,14.9,1454,8.5,논산(부여)
2022-11-05,9.4,12.8,1255,11.3,무안(목포)
2022-11-05,7.1,15.2,1424,9.5,상주
2022-11-05,11.7,14.9,1319,13.4,신안
2022-11-05,12.7,16.2,1436,16.3,제주
2022-11-05,7.3,16.6,1508,10.5,창녕(밀양)
2022-11-05,1.1,9.7,1423,2.0,평창
2022-11-05,4.6,13.5,1509,6.5,포천(동두천)
2022-11-05,9.5,15.2,1359,13.8,해남
2022-11-06,7.1,16.4,1420,9.1,논산(부여)
2022-11-06,10.5,14.9,1347,11.1,무안(목포)
2022-11-06,6.8,16.3,1517,10.1,상주
2022-11-06,12.1,16.1,1209,12.9,신안
2022-11-06,12.6,17.0,1358,15.6,제주
2022-11-06,7.6,17.8,1456,10.5,창녕(밀양)
2022-11-06,3.1,11.5,1454,3.5,평창
2022-11-06,7.7,16.1,1323,9.2,포천(동두천)
2022-11-06,7.5,16.5,1339,11.9,해남
2022-11-07,8.7,17.7,1521,10.9,논산(부여)
2022-11-07,11.5,17.4,1312,12.3,무안(목포)
2022-11-07,8.4,17.3,1522,10.7,상주
2022-11-07,13.1,16.8,1252,13.7,신안
2022-11-07,13.7,18.3,1453,15.8,제주
2022-11-07,9.1,18.7,1452,11.1,창녕(밀양)
2022-11-07,4.4,12.6,1244,4.3,평창
2022-11-07,9.3,16.0,1454,11.1,포천(동두천)
2022-11-07,8.4,19.0,1316,12.9,해남
2022-11-08,10.8,19.2,1447,13.1,논산(부여)
2022-11-08,12.4,17.4,1332,13.1,무안(목포)
2022-11-08,10.9,19.1,1429,13.2,상주
2022-11-08,13.8,18.1,1205,14.0,신안
2022-11-08,15.0,20.8,1309,16.4,제주
2022-11-08,10.2,20.4,1501,12.1,창녕(밀양)
2022-11-08,7.0,13.6,1304,6.8,평창
2022-11-08,10.2,16.7,1342,12.9,포천(동두천)
2022-11-08,9.7,20.0,1340,13.4,해남
2022-11-09,10.2,16.8,1429,12.8,논산(부여)
2022-11-09,12.9,18.9,1447,12.5,무안(목포)
2022-11-09,10.1,18.9,1338,11.8,상주
2022-11-09,13.8,17.9,1209,14.2,신안
2022-11-09,16.5,21.4,1506,16.1,제주
2022-11-09,10.0,20.1,1442,11.9,창녕(밀양)
2022-11-09,6.5,13.8,1255,5.4,평창
2022-11-09,9.2,16.2,1301,10.7,포천(동두천)
2022-11-09,9.9,20.5,1310,12.9,해남
2022-11-10,10.7,20.0,1417,12.3,논산(부여)
2022-11-10,15.6,21.9,1445,16.5,무안(목포)
2022-11-10,11.6,20.3,1518,12.8,상주
2022-11-10,15.6,18.4,1558,15.3,신안
2022-11-10,18.7,23.5,1357,19.1,제주
2022-11-10,10.7,21.9,1502,11.9,창녕(밀양)
2022-11-10,7.5,14.8,1250,7.8,평창
2022-11-10,11.5,18.0,1409,11.6,포천(동두천)
2022-11-10,14.5,22.5,1251,16.1,해남
2022-11-11,13.3,22.4,1502,14.2,논산(부여)
2022-11-11,17.5,23.4,1445,17.7,무안(목포)
2022-11-11,11.6,20.3,1430,13.3,상주
2022-11-11,16.0,20.3,1259,15.9,신안
2022-11-11,20.4,24.0,1327,20.5,제주
2022-11-11,13.5,22.2,1532,13.9,창녕(밀양)
2022-11-11,8.0,13.9,1258,9.9,평창
2022-11-11,13.1,22.4,1411,13.1,포천(동두천)
2022-11-11,17.4,22.5,1338,17.4,해남
2022-11-12,16.5,24.1,1355,15.5,논산(부여)
2022-11-12,19.0,22.9,1200,19.1,무안(목포)
2022-11-12,13.5,20.0,1459,14.9,상주
2022-11-12,17.4,20.0,1153,16.9,신안
2022-11-12,20.2,24.0,1557,19.9,제주
2022-11-12,16.3,23.7,1359,15.9,창녕(밀양)
2022-11-12,11.6,18.8,1409,10.7,평창
2022-11-12,14.4,21.9,1245,13.3,포천(동두천)
2022-11-12,19.0,21.6,1026,18.2,해남
2022-11-13,11.3,19.1,1,13.1,논산(부여)
2022-11-13,11.5,19.5,1,12.0,무안(목포)
2022-11-13,13.2,18.7,423,15.6,상주
2022-11-13,11.5,19.1,1,13.2,신안
2022-11-13,14.9,21.2,156,15.9,제주
2022-11-13,17.5,20.9,453,17.2,창녕(밀양)
2022-11-13,7.6,14.5,1,9.4,평창
2022-11-13,8.8,16.7,1,12.0,포천(동두천)
2022-11-13,12.2,20.2,1,14.7,해남
2022-11-14,9.3,15.3,1408,11.5,논산(부여)
2022-11-14,10.9,14.0,1411,11.6,무안(목포)
2022-11-14,9.8,14.4,1426,11.5,상주
2022-11-14,11.5,13.3,1151,12.9,신안
2022-11-14,13.7,16.4,1330,14.7,제주
2022-11-14,11.7,15.3,1306,11.6,창녕(밀양)
2022-11-14,4.0,8.6,1406,5.7,평창
2022-11-14,8.2,14.2,1441,10.7,포천(동두천)
2022-11-14,11.4,15.6,1209,13.7,해남
2022-11-15,7.1,15.2,1346,8.6,논산(부여)
2022-11-15,10.6,14.4,1313,10.4,무안(목포)
2022-11-15,7.9,13.7,1212,8.7,상주
2022-11-15,11.8,14.9,1214,12.3,신안
2022-11-15,13.1,16.7,1403,14.5,제주
2022-11-15,8.8,15.7,1401,9.4,창녕(밀양)
2022-11-15,2.6,7.1,1511,2.4,평창
2022-11-15,6.2,12.5,1234,7.6,포천(동두천)
2022-11-15,8.4,15.1,1448,11.1,해남
2022-11-16,8.0,15.7,1449,9.9,논산(부여)
2022-11-16,11.1,15.2,1223,12.1,무안(목포)
2022-11-16,8.9,15.2,1235,10.5,상주
2022-11-16,12.8,15.6,1258,12.7,신안
2022-11-16,13.5,18.7,1403,13.5,제주
2022-11-16,9.0,16.7,1423,9.6,창녕(밀양)
2022-11-16,4.0,8.3,1331,3.9,평창
2022-11-16,6.6,13.1,1456,9.6,포천(동두천)
2022-11-16,8.0,17.2,1346,10.8,해남
2022-11-17,8.3,16.9,1431,9.4,논산(부여)
2022-11-17,11.4,17.1,1327,12.3,무안(목포)
2022-11-17,7.6,16.3,1507,10.1,상주
2022-11-17,12.4,14.9,1139,11.9,신안
2022-11-17,14.2,18.2,1344,14.7,제주
2022-11-17,9.0,17.5,1442,9.9,창녕(밀양)
2022-11-17,3.0,12.3,1402,3.3,평창
2022-11-17,8.2,16.6,1510,9.1,포천(동두천)
2022-11-17,8.2,17.2,1310,11.2,해남
2022-11-18,9.8,18.8,1502,8.7,논산(부여)
2022-11-18,12.7,19.9,1509,11.5,무안(목포)
2022-11-18,7.0,18.2,1521,8.9,상주
2022-11-18,13.1,15.6,1054,12.4,신안
2022-11-18,16.0,18.9,1042,16.5,제주
2022-11-18,8.6,19.7,1459,9.4,창녕(밀양)
2022-11-18,2.9,14.6,1336,2.8,평창
2022-11-18,8.6,17.2,1340,9.1,포천(동두천)
2022-11-18,8.6,20.2,1348,10.4,해남
2022-11-19,10.7,20.3,1441,10.1,논산(부여)
2022-11-19,14.5,21.3,1403,13.3,무안(목포)
2022-11-19,8.6,17.5,1505,9.5,상주
2022-11-19,14.4,17.7,1448,13.4,신안
2022-11-19,17.1,19.9,1539,16.9,제주
2022-11-19,10.8,21.1,1432,10.1,창녕(밀양)
2022-11-19,3.1,10.6,1311,2.6,평창
2022-11-19,9.8,19.8,1333,9.8,포천(동두천)
2022-11-19,14.6,21.0,1421,13.4,해남
2022-11-20,11.8,19.9,1545,12.3,논산(부여)
2022-11-20,13.8,17.0,1356,13.1,무안(목포)
2022-11-20,10.7,18.2,1504,12.2,상주
2022-11-20,14.1,15.3,1206,13.7,신안
2022-11-20,15.7,17.0,454,15.8,제주
2022-11-20,12.6,18.4,1426,12.0,창녕(밀양)
2022-11-20,3.6,13.8,1330,4.4,평창
2022-11-20,11.3,20.2,1416,11.1,포천(동두천)
2022-11-20,12.6,16.5,1411,13.0,해남
2022-11-21,10.2,19.9,1449,10.7,논산(부여)
2022-11-21,12.6,16.6,1502,13.6,무안(목포)
2022-11-21,10.3,20.3,1410,10.6,상주
2022-11-21,13.9,17.0,1354,13.8,신안
2022-11-21,16.2,20.0,1239,16.3,제주
2022-11-21,10.9,19.6,1417,11.0,창녕(밀양)
2022-11-21,6.3,13.1,1130,3.7,평창
2022-11-21,8.9,13.8,1300,8.0,포천(동두천)
2022-11-21,10.4,19.5,1436,12.8,해남
2022-11-22,10.9,14.2,1318,10.4,논산(부여)
2022-11-22,12.2,14.2,1300,11.8,무안(목포)
2022-11-22,9.7,12.6,1415,10.2,상주
2022-11-22,12.8,14.2,7,12.9,신안
2022-11-22,15.7,18.2,1252,14.9,제주
2022-11-22,12.7,17.1,1528,11.3,창녕(밀양)
2022-11-22,4.3,10.0,1147,4.5,평창
2022-11-22,8.1,13.3,1414,8.6,포천(동두천)
2022-11-22,11.5,16.5,1255,12.3,해남
2022-11-23,10.2,17.1,1431,11.2,논산(부여)
2022-11-23,11.5,14.1,1348,11.5,무안(목포)
2022-11-23,11.8,18.2,1339,12.6,상주
2022-11-23,12.0,14.0,1142,12.8,신안
2022-11-23,14.2,16.2,1305,14.9,제주
2022-11-23,12.9,19.0,1354,12.7,창녕(밀양)
2022-11-23,5.4,11.8,1352,6.4,평창
2022-11-23,9.6,15.9,1358,10.1,포천(동두천)
2022-11-23,11.3,16.2,1342,13.1,해남
2022-11-24,7.1,15.2,1424,8.7,논산(부여)
2022-11-24,10.7,14.9,1440,11.6,무안(목포)
2022-11-24,8.7,15.6,1543,10.1,상주
2022-11-24,11.9,14.7,1406,12.6,신안
2022-11-24,12.8,18.1,1425,12.8,제주
2022-11-24,9.1,17.6,1427,9.3,창녕(밀양)
2022-11-24,3.0,11.8,1422,2.4,평창
2022-11-24,6.6,13.6,1446,7.1,포천(동두천)
2022-11-24,9.2,16.6,1505,11.0,해남
2022-11-25,7.5,17.4,1509,8.6,논산(부여)
2022-11-25,12.2,18.7,1350,11.1,무안(목포)
2022-11-25,6.1,14.3,1526,7.3,상주
2022-11-25,13.5,18.0,1313,12.7,신안
2022-11-25,15.1,21.6,1356,12.6,제주
2022-11-25,9.1,18.6,1339,8.6,창녕(밀양)
2022-11-25,7.2,12.8,1340,3.8,평창
2022-11-25,11.6,17.7,1339,11.2,포천(동두천)
2022-11-25,9.2,20.3,1334,10.4,해남
2022-11-26,8.1,15.2,1250,9.5,논산(부여)
2022-11-26,10.8,15.0,1249,10.6,무안(목포)
2022-11-26,9.9,16.1,1224,9.9,상주
2022-11-26,11.6,14.7,1153,12.0,신안
2022-11-26,14.6,18.6,1350,14.6,제주
2022-11-26,9.8,19.5,1338,9.5,창녕(밀양)
2022-11-26,4.1,8.3,1349,3.4,평창
2022-11-26,5.2,11.8,1,6.2,포천(동두천)
2022-11-26,9.0,17.9,1407,11.5,해남
2022-11-27,4.7,14.8,1517,5.4,논산(부여)
2022-11-27,10.4,15.5,1334,9.6,무안(목포)
2022-11-27,4.5,12.1,1439,6.0,상주
2022-11-27,11.4,14.4,1239,10.6,신안
2022-11-27,14.3,19.8,1426,12.5,제주
2022-11-27,7.7,16.5,1433,7.5,창녕(밀양)
2022-11-27,0.6,11.1,1457,0.9,평창
2022-11-27,3.1,12.6,1341,2.8,포천(동두천)
2022-11-27,9.2,18.0,1258,9.3,해남
2022-11-28,8.2,12.9,1540,8.7,논산(부여)
2022-11-28,17.6,21.0,1143,15.0,무안(목포)
2022-11-28,4.7,9.1,1342,5.4,상주
2022-11-28,16.9,20.7,1222,14.9,신안
2022-11-28,21.9,27.4,1411,19.2,제주
2022-11-28,14.0,20.8,1407,12.6,창녕(밀양)
2022-11-28,5.6,13.5,1904,3.6,평창
2022-11-28,9.9,15.3,1115,8.6,포천(동두천)
2022-11-28,18.4,22.0,1503,15.6,해남
2022-11-29,9.0,14.9,427,9.4,논산(부여)
2022-11-29,10.3,18.8,1,10.8,무안(목포)
2022-11-29,9.2,14.5,1017,9.4,상주
2022-11-29,9.3,18.4,34,11.8,신안
2022-11-29,14.1,21.0,44,15.8,제주
2022-11-29,14.5,18.2,215,13.5,창녕(밀양)
2022-11-29,6.6,12.1,250,6.5,평창
2022-11-29,5.8,13.3,154,8.9,포천(동두천)
2022-11-29,11.2,20.3,4,13.0,해남
2022-11-30,-2.0,2.4,1,1.5,논산(부여)
2022-11-30,0.2,5.1,7,2.0,무안(목포)
2022-11-30,-2.3,3.4,1,2.3,상주
2022-11-30,3.2,5.5,18,6.3,신안
2022-11-30,5.7,8.8,10,7.6,제주
2022-11-30,1.7,8.6,1,3.2,창녕(밀양)
2022-11-30,-8.5,-1.5,140,-5.1,평창
2022-11-30,-6.2,-2.0,1519,0.1,포천(동두천)
2022-11-30,1.0,5.5,1,5.2,해남
2022-12-01,-2.3,1.5,1520,0.9,논산(부여)
2022-12-01,0.0,2.3,1332,2.2,무안(목포)
2022-12-01,-3.2,2.3,1452,1.4,상주
2022-12-01,1.7,4.2,2245,6.2,신안
2022-12-01,5.5,7.0,1503,7.1,제주
2022-12-01,0.5,4.2,1513,1.6,창녕(밀양)
2022-12-01,-9.6,-5.4,1313,-6.6,평창
2022-12-01,-6.6,-0.8,1512,-1.7,포천(동두천)
2022-12-01,0.4,3.9,1336,5.0,해남
2022-12-02,-1.3,4.1,1545,0.8,논산(부여)
2022-12-02,2.9,7.0,1224,4.3,무안(목포)
2022-12-02,-2.3,4.8,1422,1.5,상주
2022-12-02,4.9,7.8,1233,7.0,신안
2022-12-02,7.1,10.1,1456,8.3,제주
2022-12-02,0.7,6.6,1434,2.3,창녕(밀양)
2022-12-02,-7.4,-2.5,1442,-6.2,평창
2022-12-02,-5.1,0.6,1537,-1.8,포천(동두천)
2022-12-02,1.8,8.4,1431,5.8,해남
2022-12-03,2.9,7.7,1537,3.4,논산(부여)
2022-12-03,6.4,9.7,1508,6.9,무안(목포)
2022-12-03,0.2,4.1,2335,1.3,상주
2022-12-03,8.6,10.1,1425,8.7,신안
2022-12-03,10.4,12.3,1555,10.5,제주
2022-12-03,3.6,11.5,1443,3.1,창녕(밀양)
2022-12-03,-2.3,1.0,1412,-2.4,평창
2022-12-03,0.7,6.0,1349,1.1,포천(동두천)
2022-12-03,7.4,11.8,1317,8.8,해남
2022-12-04,-0.6,4.9,4,1.1,논산(부여)
2022-12-04,2.5,7.7,149,3.9,무안(목포)
2022-12-04,0.3,4.0,147,1.5,상주
2022-12-04,4.2,8.8,12,6.8,신안
2022-12-04,8.1,10.9,1,10.3,제주
2022-12-04,5.0,8.3,1351,4.9,창녕(밀양)
2022-12-04,-6.2,-2.5,1432,-4.6,평창
2022-12-04,-4.5,-1.2,1429,-0.9,포천(동두천)
2022-12-04,3.9,8.3,1,7.6,해남
2022-12-05,-1.8,4.0,1450,0.3,논산(부여)
2022-12-05,0.4,2.3,1518,2.5,무안(목포)
2022-12-05,-0.7,5.2,1424,2.0,상주
2022-12-05,4.0,5.6,1342,5.9,신안
2022-12-05,5.8,7.8,1443,7.2,제주
2022-12-05,2.6,7.0,1402,2.7,창녕(밀양)
2022-12-05,-6.3,0.9,1421,-4.9,평창
2022-12-05,-4.5,1.0,1602,-1.2,포천(동두천)
2022-12-05,1.4,4.3,1546,5.3,해남
2022-12-06,-0.2,5.8,1608,1.2,논산(부여)
2022-12-06,4.2,9.1,1331,3.9,무안(목포)
2022-12-06,0.6,4.2,1517,1.1,상주
2022-12-06,7.4,10.1,1246,6.5,신안
2022-12-06,8.6,12.3,1406,7.3,제주
2022-12-06,1.6,9.4,1524,1.4,창녕(밀양)
2022-12-06,-5.4,-2.3,1338,-4.7,평창
2022-12-06,-1.4,5.9,1516,0.6,포천(동두천)
2022-12-06,1.8,10.8,1318,4.7,해남
2022-12-07,2.5,10.4,1422,2.4,논산(부여)
2022-12-07,7.3,10.3,1431,6.1,무안(목포)
2022-12-07,5.5,9.6,1244,3.4,상주
2022-12-07,8.9,11.2,1233,7.7,신안
2022-12-07,10.2,14.1,1316,9.8,제주
2022-12-07,2.9,11.7,1423,1.7,창녕(밀양)
2022-12-07,-1.2,1.5,1442,-1.6,평창
2022-12-07,1.9,9.6,1354,1.7,포천(동두천)
2022-12-07,3.3,11.7,1336,5.9,해남
2022-12-08,2.2,10.9,1501,3.0,논산(부여)
2022-12-08,6.6,11.1,1447,6.6,무안(목포)
2022-12-08,5.1,11.3,1508,4.5,상주
2022-12-08,8.9,11.2,1219,8.0,신안
2022-12-08,9.0,12.5,1403,8.7,제주
2022-12-08,3.8,12.8,1503,3.2,창녕(밀양)
2022-12-08,-1.0,4.4,1242,-1.9,평창
2022-12-08,1.1,8.5,1458,1.2,포천(동두천)
2022-12-08,4.4,12.4,1340,5.7,해남
2022-12-09,3.0,12.8,1412,3.2,논산(부여)
2022-12-09,7.6,10.5,1414,6.7,무안(목포)
2022-12-09,1.5,8.6,1408,2.8,상주
2022-12-09,9.5,11.0,1059,9.1,신안
2022-12-09,11.2,14.6,1236,10.0,제주
2022-12-09,3.1,12.5,1532,2.3,창녕(밀양)
2022-12-09,-2.7,2.0,1434,-3.3,평창
2022-12-09,2.2,10.1,1408,2.1,포천(동두천)
2022-12-09,4.1,10.7,1237,6.3,해남
2022-12-10,1.5,6.6,1352,1.1,논산(부여)
2022-12-10,5.6,7.4,1256,5.5,무안(목포)
2022-12-10,2.2,7.4,1543,1.9,상주
2022-12-10,7.7,8.8,1026,7.9,신안
2022-12-10,11.1,14.5,1334,11.5,제주
2022-12-10,4.7,11.2,1252,2.6,창녕(밀양)
2022-12-10,-3.5,3.7,1207,-3.9,평창
2022-12-10,-0.1,6.9,1426,0.8,포천(동두천)
2022-12-10,3.8,9.2,1335,5.9,해남
2022-12-11,1.3,9.3,1520,2.5,논산(부여)
2022-12-11,5.1,7.3,1303,6.0,무안(목포)
2022-12-11,3.2,10.2,1417,3.2,상주
2022-12-11,6.7,8.4,1156,7.1,신안
2022-12-11,9.1,10.7,1,10.1,제주
2022-12-11,4.3,11.0,1427,3.0,창녕(밀양)
2022-12-11,-4.9,4.1,1421,-3.3,평창
2022-12-11,-0.5,6.8,1459,0.7,포천(동두천)
2022-12-11,4.6,9.3,1314,6.9,해남
2022-12-12,1.1,7.2,1350,1.6,논산(부여)
2022-12-12,5.1,7.9,2239,4.6,무안(목포)
2022-12-12,1.8,7.6,1505,1.2,상주
2022-12-12,7.0,9.4,1324,6.7,신안
2022-12-12,8.4,10.5,2208,7.1,제주
2022-12-12,4.0,10.9,1509,2.1,창녕(밀양)
2022-12-12,-3.4,4.5,1230,-3.1,평창
2022-12-12,-0.7,6.2,1406,-0.4,포천(동두천)
2022-12-12,2.4,8.2,1503,4.4,해남
2022-12-13,2.3,6.4,1500,2.4,논산(부여)
2022-12-13,6.4,8.1,1138,6.2,무안(목포)
2022-12-13,2.5,5.9,1008,2.2,상주
2022-12-13,6.7,9.4,1213,6.4,신안
2022-12-13,9.6,12.0,1356,10.0,제주
2022-12-13,4.4,10.0,1311,3.7,창녕(밀양)
2022-12-13,-4.7,-2.0,1137,-1.8,평창
2022-12-13,-1.5,2.2,1334,0.9,포천(동두천)
2022-12-13,6.6,9.4,1157,6.7,해남
2022-12-14,-6.0,-1.2,2,0.5,논산(부여)
2022-12-14,-1.9,3.2,1,1.6,무안(목포)
2022-12-14,-6.4,-1.3,1,0.2,상주
2022-12-14,1.4,3.4,2,4.0,신안
2022-12-14,4.2,7.4,1,7.0,제주
2022-12-14,-1.9,3.5,8,0.5,창녕(밀양)
2022-12-14,-13.9,-9.9,1,-5.4,평창
2022-12-14,-9.3,-5.0,1328,-3.2,포천(동두천)
2022-12-14,-0.7,3.9,10,4.0,해남
2022-12-15,-1.8,4.5,1643,-0.2,논산(부여)
2022-12-15,2.2,7.0,1556,3.4,무안(목포)
2022-12-15,-4.0,1.6,2344,0.1,상주
2022-12-15,5.6,9.2,1411,5.9,신안
2022-12-15,7.0,11.0,1436,7.6,제주
2022-12-15,-1.6,5.9,1512,-0.5,창녕(밀양)
2022-12-15,-8.2,-3.6,2013,-4.4,평창
2022-12-15,-5.9,-2.0,1200,-1.3,포천(동두천)
2022-12-15,1.0,7.3,1230,3.6,해남
2022-12-16,-3.2,-0.4,1,-0.4,논산(부여)
2022-12-16,0.4,4.5,1,2.5,무안(목포)
2022-12-16,-3.1,1.0,8,0.1,상주
2022-12-16,2.7,5.6,1,5.3,신안
2022-12-16,5.7,9.2,310,6.6,제주
2022-12-16,2.0,5.7,1458,1.9,창녕(밀양)
2022-12-16,-9.3,-3.0,1306,-3.0,평창
2022-12-16,-8.1,-3.6,1421,-1.9,포천(동두천)
2022-12-16,1.4,5.2,30,4.8,해남
2022-12-17,-5.8,-2.4,1246,-1.7,논산(부여)
2022-12-17,-1.7,2.5,1032,0.8,무안(목포)
2022-12-17,-4.9,-0.6,1304,-1.1,상주
2022-12-17,0.4,3.3,1034,3.0,신안
2022-12-17,3.4,5.7,1151,4.7,제주
2022-12-17,-0.8,5.0,1309,-0.1,창녕(밀양)
2022-12-17,-11.6,-7.7,1355,-4.1,평창
2022-12-17,-8.9,-3.6,1237,-2.6,포천(동두천)
2022-12-17,-0.8,4.5,1243,2.7,해남
2022-12-18,-7.4,-3.1,1411,-1.5,논산(부여)
2022-12-18,-3.1,-0.3,957,1.3,무안(목포)
2022-12-18,-7.9,-3.4,1410,-3.1,상주
2022-12-18,-0.3,1.3,2353,2.2,신안
2022-12-18,2.5,4.0,1144,3.0,제주
2022-12-18,-4.8,-0.1,1256,-2.7,창녕(밀양)
2022-12-18,-14.8,-11.4,1409,-6.6,평창
2022-12-18,-10.7,-5.5,1507,-4.1,포천(동두천)
2022-12-18,-3.4,0.5,1459,1.7,해남
2022-12-19,-5.1,0.9,1548,-1.6,논산(부여)
2022-12-19,-2.0,2.2,1306,1.5,무안(목포)
2022-12-19,-5.0,0.6,1442,-2.2,상주
2022-12-19,3.2,5.0,1858,3.5,신안
2022-12-19,6.3,8.5,1938,5.2,제주
2022-12-19,-3.8,4.1,1533,-2.8,창녕(밀양)
2022-12-19,-12.0,-7.7,1453,-6.7,평창
2022-12-19,-9.6,-2.6,1501,-4.3,포천(동두천)
2022-12-19,-2.2,4.9,1339,3.1,해남
2022-12-20,-2.0,4.2,1429,-0.6,논산(부여)
2022-12-20,1.6,6.6,1337,3.4,무안(목포)
2022-12-20,-3.3,4.4,1442,-1.3,상주
2022-12-20,6.6,10.1,1230,5.2,신안
2022-12-20,8.3,12.1,1101,7.7,제주
2022-12-20,-0.8,7.3,1439,-0.9,창녕(밀양)
2022-12-20,-8.1,-2.6,1524,-5.6,평창
2022-12-20,-5.3,2.1,1425,-3.1,포천(동두천)
2022-12-20,1.9,9.3,1520,3.8,해남
2022-12-21,0.3,2.2,1338,0.3,논산(부여)
2022-12-21,4.0,7.2,1320,4.0,무안(목포)
2022-12-21,-1.7,1.7,2235,-0.6,상주
2022-12-21,6.5,9.7,1148,6.4,신안
2022-12-21,9.3,10.9,657,8.4,제주
2022-12-21,0.8,3.5,1459,-0.5,창녕(밀양)
2022-12-21,-4.0,-0.7,1310,-3.0,평창
2022-12-21,-1.2,1.2,1455,-0.7,포천(동두천)
2022-12-21,4.8,8.6,1510,5.9,해남
2022-12-22,-3.7,0.6,11,-0.2,논산(부여)
2022-12-22,-1.2,2.8,158,0.6,무안(목포)
2022-12-22,-5.1,1.2,1,-0.5,상주
2022-12-22,0.2,3.7,23,2.7,신안
2022-12-22,3.4,7.7,41,3.8,제주
2022-12-22,-1.8,2.0,1417,-1.1,창녕(밀양)
2022-12-22,-12.6,-4.5,1,-4.4,평창
2022-12-22,-9.3,-4.5,4,-1.1,포천(동두천)
2022-12-22,-0.8,3.6,29,3.5,해남
2022-12-23,-6.4,-3.2,1528,-0.5,논산(부여)
2022-12-23,-2.7,-1.0,2350,0.5,무안(목포)
2022-12-23,-8.4,-5.8,1519,-0.6,상주
2022-12-23,-0.9,1.1,2258,1.6,신안
2022-12-23,1.7,2.8,1149,1.8,제주
2022-12-23,-3.9,-0.4,1331,-3.9,창녕(밀양)
2022-12-23,-17.9,-15.2,1413,-8.8,평창
2022-12-23,-13.3,-9.0,1434,-1.6,포천(동두천)
2022-12-23,-2.4,-0.6,1420,1.4,해남
2022-12-24,-8.2,-2.7,1603,-1.7,논산(부여)
2022-12-24,-3.3,-0.3,230,0.6,무안(목포)
2022-12-24,-7.3,-1.9,1511,-0.6,상주
2022-12-24,1.6,3.5,2347,2.6,신안
2022-12-24,3.5,4.1,835,3.1,제주
2022-12-24,-3.2,3.4,1516,-2.8,창녕(밀양)
2022-12-24,-12.1,-0.7,1456,-6.9,평창
2022-12-24,-11.0,-3.6,1549,-1.9,포천(동두천)
2022-12-24,-2.8,0.0,326,1.3,해남
2022-12-25,-5.4,3.7,1527,-2.0,논산(부여)
2022-12-25,-0.7,4.4,1408,1.3,무안(목포)
2022-12-25,-3.1,1.1,1407,-0.6,상주
2022-12-25,4.7,6.1,1127,4.0,신안
2022-12-25,5.7,7.8,1409,4.6,제주
2022-12-25,-1.8,7.1,1341,-2.5,창녕(밀양)
2022-12-25,-10.0,-1.3,1344,-6.4,평창
2022-12-25,-8.5,-1.5,1522,-1.9,포천(동두천)
2022-12-25,0.0,5.2,1432,1.4,해남
2022-12-26,-4.3,2.5,1543,-1.3,논산(부여)
2022-12-26,1.0,4.1,1504,1.6,무안(목포)
2022-12-26,-1.7,2.1,1458,-0.5,상주
2022-12-26,5.2,7.4,1237,4.8,신안
2022-12-26,6.8,8.2,1256,5.8,제주
2022-12-26,-1.1,8.1,1501,-2.3,창녕(밀양)
2022-12-26,-11.2,-1.3,1356,-7.1,평창
2022-12-26,-7.2,0.3,1528,-1.8,포천(동두천)
2022-12-26,0.2,5.4,1549,2.5,해남
2022-12-27,-2.8,5.3,1518,-0.6,논산(부여)
2022-12-27,1.4,4.8,1451,1.9,무안(목포)
2022-12-27,-0.5,3.9,1424,-0.5,상주
2022-12-27,5.2,7.6,1105,5.3,신안
2022-12-27,6.5,8.1,1404,6.1,제주
2022-12-27,-0.6,9.1,1507,-1.8,창녕(밀양)
2022-12-27,-9.3,-0.3,1358,-6.6,평창
2022-12-27,-5.6,2.1,1446,-1.8,포천(동두천)
2022-12-27,0.9,6.4,1516,3.0,해남
2022-12-28,-2.0,4.0,1422,-0.2,논산(부여)
2022-12-28,1.1,5.2,1220,1.4,무안(목포)
2022-12-28,-0.7,2.7,1410,-0.4,상주
2022-12-28,4.6,6.1,1317,4.9,신안
2022-12-28,6.8,8.9,1128,5.9,제주
2022-12-28,0.1,7.5,1429,-1.1,창녕(밀양)
2022-12-28,-7.2,-4.5,1340,-5.5,평창
2022-12-28,-5.1,0.0,1410,-1.5,포천(동두천)
2022-12-28,0.5,6.3,1252,2.2,해남
2022-12-29,-3.5,2.2,1426,-0.9,논산(부여)
2022-12-29,1.0,4.5,1528,2.1,무안(목포)
2022-12-29,-2.2,3.2,1345,-0.8,상주
2022-12-29,4.3,6.1,1140,4.7,신안
2022-12-29,6.0,7.7,1451,5.8,제주
2022-12-29,-0.7,5.6,1336,-1.7,창녕(밀양)
2022-12-29,-8.4,-4.5,1308,-6.6,평창
2022-12-29,-5.7,0.9,1447,-1.8,포천(동두천)
2022-12-29,-0.4,6.2,1404,2.3,해남
2022-12-30,-0.8,3.7,1415,-0.1,논산(부여)
2022-12-30,2.1,5.9,1323,2.2,무안(목포)
2022-12-30,-0.3,3.2,1535,-0.5,상주
2022-12-30,4.3,6.5,1148,4.4,신안
2022-12-30,7.0,8.6,1427,6.0,제주
2022-12-30,-0.8,6.5,1435,-1.0,창녕(밀양)
2022-12-30,-6.4,-1.7,1344,-5.3,평창
2022-12-30,-4.0,2.2,1441,-1.4,포천(동두천)
2022-12-30,0.4,6.9,1304,2.4,해남
2022-12-31,-0.6,6.4,1457,0.8,논산(부여)
2022-12-31,2.1,5.3,1332,2.3,무안(목포)
2022-12-31,-0.1,4.9,1400,-0.8,상주
2022-12-31,4.9,6.7,1326,4.6,신안
2022-12-31,7.0,9.8,1432,7.1,제주
2022-12-31,-0.3,7.3,1358,-1.0,창녕(밀양)
2022-12-31,-6.1,-3.0,1457,-5.5,평창
2022-12-31,-3.7,0.5,1555,-1.4,포천(동두천)
2022-12-31,-0.1,6.6,1314,2.5,해남
2023-01-01,-1.3,6.9,1424,-0.3,논산(부여)
2023-01-01,2.7,6.9,1356,2.3,무안(목포)
2023-01-01,1.9,6.9,1415,0.5,상주
2023-01-01,5.9,8.3,1201,5.1,신안
2023-01-01,8.1,10.9,1415,6.8,제주
2023-01-01,0.4,9.1,1447,-1.3,창녕(밀양)
2023-01-01,-3.6,0.1,1408,-4.6,평창
2023-01-01,-2.6,3.8,1427,-1.3,포천(동두천)
2023-01-01,1.5,8.1,1417,2.6,해남
2023-01-02,-2.9,3.1,1417,-0.7,논산(부여)
2023-01-02,0.7,2.3,1,1.6,무안(목포)
2023-01-02,-2.3,2.1,1453,-0.9,상주
2023-01-02,3.6,5.0,1101,4.3,신안
2023-01-02,5.2,7.8,1429,6.6,제주
2023-01-02,1.0,6.1,1435,0.2,창녕(밀양)
2023-01-02,-8.6,-1.3,1421,-7.9,평창
2023-01-02,-6.8,-0.3,1549,-2.5,포천(동두천)
2023-01-02,1.1,4.2,1423,3.3,해남
2023-01-03,-4.1,4.1,1459,-0.8,논산(부여)
2023-01-03,0.9,4.1,1435,2.3,무안(목포)
2023-01-03,-2.3,2.7,1435,-1.3,상주
2023-01-03,3.9,6.1,1217,4.4,신안
2023-01-03,6.2,8.5,1355,7.0,제주
2023-01-03,-1.7,6.6,1554,-2.3,창녕(밀양)
2023-01-03,-8.5,-1.3,1425,-8.4,평창
2023-01-03,-7.6,-0.5,1541,-3.2,포천(동두천)
2023-01-03,0.8,5.8,1343,2.6,해남
2023-01-04,-1.6,6.5,1421,-0.3,논산(부여)
2023-01-04,1.6,6.2,1412,1.4,무안(목포)
2023-01-04,-0.4,5.0,1436,-0.7,상주
2023-01-04,4.9,7.4,1229,4.7,신안
2023-01-04,6.2,9.9,1258,7.6,제주
2023-01-04,0.8,8.2,1344,-1.6,창녕(밀양)
2023-01-04,-6.9,-1.8,1357,-7.7,평창
2023-01-04,-5.0,2.8,1446,-2.7,포천(동두천)
2023-01-04,0.1,7.6,1430,2.5,해남
2023-01-05,-0.8,6.5,1522,0.1,논산(부여)
2023-01-05,4.0,8.3,1452,4.3,무안(목포)
2023-01-05,-1.2,6.1,1421,-0.1,상주
2023-01-05,7.5,10.5,1319,5.8,신안
2023-01-05,8.0,13.4,1339,7.7,제주
2023-01-05,-0.5,8.2,1447,-1.5,창녕(밀양)
2023-01-05,-5.4,0.2,1354,-6.8,평창
2023-01-05,-4.4,4.0,1522,-2.5,포천(동두천)
2023-01-05,2.0,9.5,1236,3.4,해남
2023-01-06,0.7,6.3,1438,0.6,논산(부여)
2023-01-06,5.4,10.7,1534,5.5,무안(목포)
2023-01-06,0.0,8.0,1433,0.5,상주
2023-01-06,7.5,11.8,1242,6.1,신안
2023-01-06,9.2,12.3,1540,8.2,제주
2023-01-06,0.6,10.0,1511,0.1,창녕(밀양)
2023-01-06,-4.3,2.8,1418,-4.9,평창
2023-01-06,-1.2,5.2,1443,-1.8,포천(동두천)
2023-01-06,3.4,10.6,1550,4.4,해남
2023-01-07,2.8,7.5,1236,2.1,논산(부여)
2023-01-07,4.7,6.9,1233,4.2,무안(목포)
2023-01-07,2.0,6.1,1357,0.7,상주
2023-01-07,6.0,8.3,1223,5.5,신안
2023-01-07,8.5,11.4,5,8.1,제주
2023-01-07,2.0,9.3,1349,0.6,창녕(밀양)
2023-01-07,-3.8,-1.0,1116,-2.9,평창
2023-01-07,-0.3,2.2,1340,-0.1,포천(동두천)
2023-01-07,4.2,8.2,1314,4.5,해남
2023-01-08,-0.4,7.4,1524,1.2,논산(부여)
2023-01-08,4.6,10.2,1443,4.1,무안(목포)
2023-01-08,0.6,8.7,1420,0.9,상주
2023-01-08,7.4,10.8,1245,5.7,신안
2023-01-08,8.6,14.6,1412,7.4,제주
2023-01-08,0.9,11.3,1541,0.0,창녕(밀양)
2023-01-08,-3.5,2.2,1440,-3.4,평창
2023-01-08,-1.6,4.6,1425,-0.7,포천(동두천)
2023-01-08,1.3,11.0,1520,3.2,해남
2023-01-09,2.2,10.1,1421,2.5,논산(부여)
2023-01-09,4.8,10.1,1205,4.1,무안(목포)
2023-01-09,1.7,10.0,1433,0.8,상주
2023-01-09,7.6,11.1,456,6.5,신안
2023-01-09,9.9,16.4,1254,8.4,제주
2023-01-09,3.5,13.6,1536,0.6,창녕(밀양)
2023-01-09,-0.4,5.5,1338,-1.1,평창
2023-01-09,1.5,5.9,1425,-0.2,포천(동두천)
2023-01-09,3.8,12.2,1143,4.3,해남
2023-01-10,0.3,9.0,1535,1.3,논산(부여)
2023-01-10,2.4,8.1,1427,3.8,무안(목포)
2023-01-10,0.6,8.6,1504,1.6,상주
2023-01-10,4.1,7.0,1436,5.3,신안
2023-01-10,8.8,15.3,1358,6.9,제주
2023-01-10,3.0,12.2,1548,1.5,창녕(밀양)
2023-01-10,-2.7,5.1,1458,-4.3,평창
2023-01-10,-1.5,7.5,1521,-0.3,포천(동두천)
2023-01-10,2.1,12.2,1425,3.7,해남
2023-01-11,0.1,10.4,1603,1.4,논산(부여)
2023-01-11,5.4,11.8,1403,5.3,무안(목포)
2023-01-11,1.7,11.6,1441,1.7,상주
2023-01-11,6.3,9.5,1529,5.9,신안
2023-01-11,10.9,16.7,1247,9.4,제주
2023-01-11,3.1,14.0,1553,1.8,창녕(밀양)
2023-01-11,0.7,6.9,1457,-1.2,평창
2023-01-11,-0.2,8.7,1502,-0.4,포천(동두천)
2023-01-11,3.7,14.5,1422,4.9,해남
2023-01-12,4.4,15.3,1516,3.7,논산(부여)
2023-01-12,10.2,16.3,1322,7.0,무안(목포)
2023-01-12,2.0,11.1,1528,2.1,상주
2023-01-12,10.2,13.7,2355,7.6,신안
2023-01-12,13.1,17.7,2337,9.5,제주
2023-01-12,5.9,16.3,1548,3.4,창녕(밀양)
2023-01-12,2.6,11.2,1446,-0.2,평창
2023-01-12,2.4,13.2,1448,0.3,포천(동두천)
2023-01-12,8.6,16.2,1215,6.8,해남
2023-01-13,8.5,12.3,1514,7.4,논산(부여)
2023-01-13,12.3,16.0,806,12.2,무안(목포)
2023-01-13,5.6,10.3,2007,3.7,상주
2023-01-13,11.6,16.1,708,11.4,신안
2023-01-13,17.3,20.7,635,16.0,제주
2023-01-13,13.4,17.5,1631,11.3,창녕(밀양)
2023-01-13,4.3,8.6,1740,1.0,평창
2023-01-13,5.1,6.8,1206,1.0,포천(동두천)
2023-01-13,14.2,17.8,658,13.4,해남
2023-01-14,7.1,8.8,1136,7.5,논산(부여)
2023-01-14,6.1,8.0,1,7.4,무안(목포)
2023-01-14,6.9,8.6,1213,5.3,상주
2023-01-14,6.2,8.4,122,7.8,신안
2023-01-14,10.9,14.5,1,12.5,제주
2023-01-14,10.4,12.8,2,8.8,창녕(밀양)
2023-01-14,0.1,5.3,1,0.3,평창
2023-01-14,4.4,6.4,32,1.7,포천(동두천)
2023-01-14,7.3,9.4,7,9.0,해남
2023-01-15,0.7,5.0,23,3.3,논산(부여)
2023-01-15,1.8,4.6,35,2.7,무안(목포)
2023-01-15,1.7,4.9,25,3.3,상주
2023-01-15,2.0,4.6,1,4.4,신안
2023-01-15,5.8,9.0,30,7.3,제주
2023-01-15,5.5,8.3,1,5.1,창녕(밀양)
2023-01-15,-3.0,-1.7,1435,-0.4,평창
2023-01-15,-1.1,1.6,15,0.0,포천(동두천)
2023-01-15,2.4,5.1,1,4.8,해남
2023-01-16,-2.7,1.9,1438,0.4,논산(부여)
2023-01-16,-0.3,0.8,1411,0.9,무안(목포)
2023-01-16,-2.5,0.7,1450,1.6,상주
2023-01-16,1.1,2.0,1159,3.1,신안
2023-01-16,3.4,4.0,10,4.1,제주
2023-01-16,0.6,5.7,1523,1.7,창녕(밀양)
2023-01-16,-8.3,-4.5,1,-0.4,평창
2023-01-16,-5.9,-2.3,1400,0.0,포천(동두천)
2023-01-16,0.0,2.9,1255,3.6,해남
2023-01-17,-2.4,3.1,1538,0.0,논산(부여)
2023-01-17,0.0,2.6,1322,1.3,무안(목포)
2023-01-17,-2.0,3.7,1452,0.7,상주
2023-01-17,1.6,3.1,2359,4.1,신안
2023-01-17,4.3,4.9,1527,4.1,제주
2023-01-17,-0.3,6.1,1455,0.5,창녕(밀양)
2023-01-17,-9.6,-4.1,1433,-0.5,평창
2023-01-17,-6.5,-2.8,1511,-0.2,포천(동두천)
2023-01-17,0.0,5.1,1419,2.7,해남
2023-01-18,-1.0,4.0,1301,0.6,논산(부여)
2023-01-18,1.6,5.7,1231,2.3,무안(목포)
2023-01-18,-0.2,5.2,1352,1.7,상주
2023-01-18,4.3,6.9,1122,4.7,신안
2023-01-18,6.1,7.9,1349,5.9,제주
2023-01-18,0.4,6.3,1337,0.3,창녕(밀양)
2023-01-18,-7.3,-2.8,1339,-0.4,평창
2023-01-18,-4.4,1.7,1425,-0.3,포천(동두천)
2023-01-18,0.2,6.6,1453,2.6,해남
2023-01-19,-0.3,6.5,1456,1.2,논산(부여)
2023-01-19,3.0,6.9,1432,3.5,무안(목포)
2023-01-19,-1.0,5.7,1511,1.1,상주
2023-01-19,5.3,8.0,1413,4.8,신안
2023-01-19,7.1,9.5,1632,6.9,제주
2023-01-19,0.1,7.5,1535,0.7,창녕(밀양)
2023-01-19,-6.6,-2.6,1405,-0.5,평창
2023-01-19,-2.5,3.1,1452,-0.3,포천(동두천)
2023-01-19,0.7,8.1,1441,3.3,해남
2023-01-20,-0.3,3.9,251,1.2,논산(부여)
2023-01-20,1.3,5.6,359,2.3,무안(목포)
2023-01-20,-0.8,3.2,443,1.1,상주
2023-01-20,3.0,7.5,143,4.4,신안
2023-01-20,6.2,9.8,607,6.6,제주
2023-01-20,0.6,7.1,1257,0.2,창녕(밀양)
2023-01-20,-7.8,-2.3,38,-1.0,평창
2023-01-20,-5.2,0.8,107,-0.1,포천(동두천)
2023-01-20,1.2,5.6,1056,3.3,해남
2023-01-21,-3.2,3.2,1556,-0.4,논산(부여)
2023-01-21,-0.9,2.2,1521,1.8,무안(목포)
2023-01-21,-3.6,2.7,1422,-0.9,상주
2023-01-21,1.1,3.4,1355,4.0,신안
2023-01-21,2.8,5.3,1648,4.3,제주
2023-01-21,-2.0,5.7,1548,-1.2,창녕(밀양)
2023-01-21,-11.4,-4.6,1443,-4.4,평창
2023-01-21,-7.5,-0.3,1529,-0.4,포천(동두천)
2023-01-21,-0.9,4.1,1426,2.8,해남
2023-01-22,0.7,4.6,1428,0.2,논산(부여)
2023-01-22,2.7,5.3,1542,1.4,무안(목포)
2023-01-22,-1.9,2.9,1442,-0.3,상주
2023-01-22,4.4,5.7,1954,3.9,신안
2023-01-22,7.0,9.5,1123,5.5,제주
2023-01-22,-0.2,5.7,1516,-1.8,창녕(밀양)
2023-01-22,-7.3,-1.5,1517,-4.2,평창
2023-01-22,-2.1,2.5,1529,-0.2,포천(동두천)
2023-01-22,2.8,6.2,1414,2.2,해남
2023-01-23,0.8,8.6,1408,1.9,논산(부여)
2023-01-23,2.6,7.3,1258,2.7,무안(목포)
2023-01-23,0.9,9.0,1412,1.6,상주
2023-01-23,4.6,8.2,1327,4.7,신안
2023-01-23,7.8,12.0,1406,8.2,제주
2023-01-23,3.0,10.2,1410,1.6,창녕(밀양)
2023-01-23,-4.6,1.0,1352,-4.1,평창
2023-01-23,-2.4,4.2,1255,-0.3,포천(동두천)
2023-01-23,2.4,9.9,1342,3.3,해남
2023-01-24,-9.8,-2.4,1,-2.9,논산(부여)
2023-01-24,-6.5,-0.3,2,-1.5,무안(목포)
2023-01-24,-10.6,-1.4,1,-3.2,상주
2023-01-24,-4.4,0.1,30,0.3,신안
2023-01-24,-1.3,5.2,1,2.2,제주
2023-01-24,-6.0,3.7,1,-2.5,창녕(밀양)
2023-01-24,-17.6,-7.6,1,-8.3,평창
2023-01-24,-15.4,-8.7,1,-2.0,포천(동두천)
2023-01-24,-5.7,0.5,1,-0.1,해남
2023-01-25,-10.8,-4.4,1534,-3.7,논산(부여)
2023-01-25,-7.9,-3.4,1537,-0.5,무안(목포)
2023-01-25,-11.5,-5.0,1523,-4.8,상주
2023-01-25,-3.7,-1.6,2355,0.3,신안
2023-01-25,-0.7,1.8,1433,2.8,제주
2023-01-25,-7.0,-0.5,1535,-5.0,창녕(밀양)
2023-01-25,-17.8,-10.2,1433,-11.4,평창
2023-01-25,-13.6,-6.6,1514,-3.8,포천(동두천)
2023-01-25,-7.6,-2.2,1356,0.9,해남
2023-01-26,-5.4,-2.9,1421,-1.9,논산(부여)
2023-01-26,-2.0,1.7,1357,-1.0,무안(목포)
2023-01-26,-8.7,-4.6,2358,-3.3,상주
2023-01-26,3.0,5.9,1243,2.2,신안
2023-01-26,5.8,9.6,1429,5.9,제주
2023-01-26,-2.9,3.8,1507,-2.8,창녕(밀양)
2023-01-26,-9.9,-6.5,1321,-6.9,평창
2023-01-26,-7.2,-3.6,1526,-2.3,포천(동두천)
2023-01-26,-0.3,5.2,1536,1.0,해남
2023-01-27,-6.0,-1.0,1420,-2.0,논산(부여)
2023-01-27,-2.9,0.3,1,-0.6,무안(목포)
2023-01-27,-5.7,-1.8,1447,-1.5,상주
2023-01-27,-0.3,2.8,119,2.0,신안
2023-01-27,2.3,6.1,27,4.0,제주
2023-01-27,-1.3,2.1,1207,-1.4,창녕(밀양)
2023-01-27,-13.1,-8.9,1421,-5.6,평창
2023-01-27,-8.8,-3.0,1421,-2.6,포천(동두천)
2023-01-27,-2.0,1.0,102,1.7,해남
2023-01-28,-6.8,-1.4,1442,-2.2,논산(부여)
2023-01-28,-1.6,2.1,1606,1.3,무안(목포)
2023-01-28,-5.2,0.1,1350,-2.5,상주
2023-01-28,0.7,2.9,1344,1.9,신안
2023-01-28,2.4,4.7,2303,3.0,제주
2023-01-28,-3.5,1.7,1518,-2.5,창녕(밀양)
2023-01-28,-11.9,-7.7,1513,-7.1,평창
2023-01-28,-7.8,-0.9,1433,-3.3,포천(동두천)
2023-01-28,-1.1,2.7,1630,2.9,해남
2023-01-29,-1.7,5.2,1338,-0.7,논산(부여)
2023-01-29,3.2,6.5,1506,3.4,무안(목포)
2023-01-29,-0.4,4.9,1502,0.3,상주
2023-01-29,4.9,7.8,1418,3.5,신안
2023-01-29,6.7,8.3,1435,4.4,제주
2023-01-29,-1.0,6.9,1505,-1.6,창녕(밀양)
2023-01-29,-7.6,-4.1,1246,-5.8,평창
2023-01-29,-3.9,3.6,1434,-2.5,포천(동두천)
2023-01-29,2.7,7.3,1443,4.1,해남
2023-01-30,-1.5,6.0,1540,0.7,논산(부여)
2023-01-30,1.7,4.3,1424,2.3,무안(목포)
2023-01-30,-0.3,4.6,1349,0.5,상주
2023-01-30,3.4,6.9,1058,4.3,신안
2023-01-30,6.2,9.5,1158,6.5,제주
2023-01-30,0.6,7.1,1518,-0.3,창녕(밀양)
2023-01-30,-6.7,-2.8,1456,-3.5,평창
2023-01-30,-2.7,3.9,1457,-1.7,포천(동두천)
2023-01-30,0.9,6.5,1433,3.7,해남
2023-01-31,0.3,10.4,1452,0.9,논산(부여)
2023-01-31,4.4,11.6,1424,3.2,무안(목포)
2023-01-31,0.1,10.1,1541,0.6,상주
2023-01-31,7.0,12.7,1323,4.8,신안
2023-01-31,7.2,14.4,1608,5.9,제주
2023-01-31,0.3,10.5,1451,-0.8,창녕(밀양)
2023-01-31,-3.7,1.5,1450,-3.7,평창
2023-01-31,0.7,5.7,1945,-1.7,포천(동두천)
2023-01-31,1.9,12.0,1340,3.6,해남
2023-02-01,1.6,8.4,1206,1.1,논산(부여)
2023-02-01,3.9,8.5,1153,4.3,무안(목포)
2023-02-01,4.0,9.0,1322,1.7,상주
2023-02-01,5.4,9.8,115,5.2,신안
2023-02-01,8.8,13.5,1204,8.3,제주
2023-02-01,4.3,14.7,1415,1.4,창녕(밀양)
2023-02-01,-2.7,1.1,1,-2.2,평창
2023-02-01,0.0,5.0,1417,0.2,포천(동두천)
2023-02-01,3.9,10.4,1158,5.5,해남
2023-02-02,-1.4,4.0,1555,0.8,논산(부여)
2023-02-02,-0.2,2.1,1433,1.7,무안(목포)
2023-02-02,-0.1,5.5,1507,0.7,상주
2023-02-02,1.7,4.4,1140,3.7,신안
2023-02-02,5.0,8.3,1436,6.9,제주
2023-02-02,1.7,8.4,1546,1.0,창녕(밀양)
2023-02-02,-9.0,-1.3,1419,-5.4,평창
2023-02-02,-3.6,1.5,1515,-1.5,포천(동두천)
2023-02-02,0.6,5.4,1514,2.5,해남
2023-02-03,-0.8,5.2,1513,1.8,논산(부여)
2023-02-03,0.2,3.1,1429,2.3,무안(목포)
2023-02-03,0.3,6.1,1407,1.4,상주
2023-02-03,2.7,5.1,1254,3.9,신안
2023-02-03,4.8,6.6,1300,6.1,제주
2023-02-03,1.8,9.8,1556,0.9,창녕(밀양)
2023-02-03,-6.3,0.4,1354,-4.5,평창
2023-02-03,-3.0,4.1,1414,-0.6,포천(동두천)
2023-02-03,0.8,5.2,1443,4.7,해남
2023-02-04,-1.8,6.9,1543,0.7,논산(부여)
2023-02-04,1.2,5.8,1512,2.7,무안(목포)
2023-02-04,-0.1,6.6,1504,0.7,상주
2023-02-04,4.1,7.9,1316,4.2,신안
2023-02-04,5.8,9.0,1402,8.0,제주
2023-02-04,0.7,7.9,1558,0.3,창녕(밀양)
2023-02-04,-5.5,-1.3,1439,-5.2,평창
2023-02-04,-2.5,5.4,1505,-0.7,포천(동두천)
2023-02-04,0.5,7.0,1427,3.7,해남
2023-02-05,-1.0,8.4,1600,1.1,논산(부여)
2023-02-05,2.0,7.6,1641,3.8,무안(목포)
2023-02-05,0.4,8.1,1528,0.9,상주
2023-02-05,3.7,7.2,1431,4.3,신안
2023-02-05,5.9,10.5,1319,7.1,제주
2023-02-05,0.4,11.0,1536,0.6,창녕(밀양)
2023-02-05,-3.9,1.1,1501,-4.9,평창
2023-02-05,-0.7,7.4,1433,0.2,포천(동두천)
2023-02-05,-0.2,10.2,1527,4.0,해남
2023-02-06,1.6,10.9,1438,0.9,논산(부여)
2023-02-06,3.3,10.0,1423,2.2,무안(목포)
2023-02-06,1.3,10.6,1522,1.4,상주
2023-02-06,4.9,8.3,1057,4.0,신안
2023-02-06,8.2,11.2,1144,7.2,제주
2023-02-06,3.0,12.9,1450,1.6,창녕(밀양)
2023-02-06,-2.8,6.0,1424,-3.1,평창
2023-02-06,0.5,8.1,1501,1.0,포천(동두천)
2023-02-06,2.2,11.6,1255,3.9,해남
2023-02-07,2.8,11.9,1353,2.2,논산(부여)
2023-02-07,3.8,8.4,1256,5.0,무안(목포)
2023-02-07,2.6,11.8,1532,2.4,상주
2023-02-07,5.6,8.6,1117,5.8,신안
2023-02-07,10.1,14.7,1351,10.4,제주
2023-02-07,5.6,15.0,1454,3.7,창녕(밀양)
2023-02-07,-4.1,1.0,1247,-2.2,평창
2023-02-07,1.3,9.4,1413,1.1,포천(동두천)
2023-02-07,3.5,12.5,1503,5.8,해남
2023-02-08,0.7,10.0,1456,2.7,논산(부여)
2023-02-08,3.1,7.3,1307,4.9,무안(목포)
2023-02-08,3.6,10.5,1352,2.8,상주
2023-02-08,5.1,8.2,1239,5.7,신안
2023-02-08,8.6,12.8,1443,8.3,제주
2023-02-08,4.5,13.3,1359,3.0,창녕(밀양)
2023-02-08,-3.2,3.6,1313,-1.1,평창
2023-02-08,0.9,8.4,1445,1.8,포천(동두천)
2023-02-08,3.0,10.9,1320,5.2,해남
2023-02-09,3.7,10.9,1550,2.5,논산(부여)
2023-02-09,5.0,10.0,1456,4.4,무안(목포)
2023-02-09,2.2,9.8,1421,2.8,상주
2023-02-09,4.8,7.6,1637,4.9,신안
2023-02-09,9.6,13.5,1120,8.8,제주
2023-02-09,4.7,12.4,1315,2.7,창녕(밀양)
2023-02-09,-4.7,-0.2,1400,-2.9,평창
2023-02-09,2.3,9.9,1405,0.7,포천(동두천)
2023-02-09,4.3,10.4,1212,4.5,해남
2023-02-10,4.1,10.3,1513,5.6,논산(부여)
2023-02-10,3.9,6.9,1239,4.9,무안(목포)
2023-02-10,2.7,7.3,1416,3.2,상주
2023-02-10,4.7,6.9,1212,5.7,신안
2023-02-10,8.4,10.6,1515,9.9,제주
2023-02-10,4.6,10.9,1510,4.5,창녕(밀양)
2023-02-10,-1.0,3.5,1331,-0.8,평창
2023-02-10,2.0,5.9,1531,1.2,포천(동두천)
2023-02-10,4.7,9.9,1404,7.3,해남
2023-02-11,0.8,7.4,1638,2.0,논산(부여)
2023-02-11,3.6,6.6,1408,4.0,무안(목포)
2023-02-11,0.6,6.0,1439,2.4,상주
2023-02-11,4.3,5.7,1511,4.7,신안
2023-02-11,9.2,13.0,1333,9.1,제주
2023-02-11,3.6,10.6,1515,2.8,창녕(밀양)
2023-02-11,-2.3,6.4,1509,-1.1,평창
2023-02-11,0.3,7.5,1550,0.3,포천(동두천)
2023-02-11,3.0,8.8,1343,4.7,해남
2023-02-12,2.6,7.6,1533,1.9,논산(부여)
2023-02-12,5.3,8.8,1402,4.6,무안(목포)
2023-02-12,0.0,3.5,1549,2.0,상주
2023-02-12,5.2,6.7,947,4.9,신안
2023-02-12,10.9,13.7,1124,9.7,제주
2023-02-12,5.1,10.5,1419,3.4,창녕(밀양)
2023-02-12,-1.3,2.8,1306,-1.0,평창
2023-02-12,1.5,7.2,1405,0.4,포천(동두천)
2023-02-12,4.9,11.5,1235,4.5,해남
2023-02-13,6.7,11.2,1426,5.5,논산(부여)
2023-02-13,5.0,8.2,1244,6.1,무안(목포)
2023-02-13,5.1,9.9,1450,5.8,상주
2023-02-13,5.2,7.4,1208,5.6,신안
2023-02-13,9.0,10.5,322,10.5,제주
2023-02-13,7.2,9.3,1348,5.4,창녕(밀양)
2023-02-13,-1.9,-0.4,1,-0.4,평창
2023-02-13,3.9,8.5,1413,2.2,포천(동두천)
2023-02-13,5.9,9.8,1342,7.2,해남
2023-02-14,1.4,8.3,1453,3.9,논산(부여)
2023-02-14,2.0,3.9,1318,4.3,무안(목포)
2023-02-14,3.4,8.8,1444,4.4,상주
2023-02-14,3.1,5.6,1136,4.6,신안
2023-02-14,6.4,9.2,1357,9.1,제주
2023-02-14,5.4,10.5,1450,5.5,창녕(밀양)
2023-02-14,-5.6,-2.5,955,-0.6,평창
2023-02-14,0.6,6.5,1426,2.1,포천(동두천)
2023-02-14,2.7,6.3,1243,5.5,해남
2023-02-15,3.4,9.0,1509,5.0,논산(부여)
2023-02-15,2.1,4.4,1413,3.5,무안(목포)
2023-02-15,2.6,6.0,1549,4.6,상주
2023-02-15,3.7,6.8,1357,4.8,신안
2023-02-15,5.4,6.9,1112,6.5,제주
2023-02-15,4.3,7.6,1334,4.7,창녕(밀양)
2023-02-15,-5.9,-3.0,1358,-0.8,평창
2023-02-15,1.0,7.9,1540,1.5,포천(동두천)
2023-02-15,2.5,5.8,1228,4.5,해남
2023-02-16,2.4,7.6,1424,6.1,논산(부여)
2023-02-16,3.4,6.6,1551,5.2,무안(목포)
2023-02-16,3.2,8.2,1357,5.6,상주
2023-02-16,4.1,7.8,1224,6.0,신안
2023-02-16,7.0,8.2,1219,7.5,제주
2023-02-16,4.4,10.1,1453,4.8,창녕(밀양)
2023-02-16,-6.1,0.1,1327,-1.2,평창
2023-02-16,0.3,5.0,1548,1.5,포천(동두천)
2023-02-16,3.4,8.4,1321,7.0,해남
2023-02-17,4.1,10.9,1523,6.7,논산(부여)
2023-02-17,4.3,8.4,1546,5.0,무안(목포)
2023-02-17,4.0,10.8,1543,6.0,상주
2023-02-17,4.7,7.5,1348,5.9,신안
2023-02-17,9.6,12.8,1242,8.7,제주
2023-02-17,4.8,9.3,1524,3.0,창녕(밀양)
2023-02-17,-2.0,4.9,1425,-1.3,평창
2023-02-17,1.2,9.9,1536,2.0,포천(동두천)
2023-02-17,4.2,10.5,1401,5.1,해남
2023-02-18,6.2,9.0,1529,6.0,논산(부여)
2023-02-18,8.4,9.8,1413,7.3,무안(목포)
2023-02-18,5.8,7.8,1608,5.7,상주
2023-02-18,7.6,9.1,1035,6.8,신안
2023-02-18,13.5,16.2,1158,12.5,제주
2023-02-18,6.4,8.0,1445,5.7,창녕(밀양)
2023-02-18,1.7,5.5,1332,-0.9,평창
2023-02-18,2.7,5.9,1529,1.3,포천(동두천)
2023-02-18,9.0,10.6,1509,8.7,해남
2023-02-19,3.3,8.1,1432,7.1,논산(부여)
2023-02-19,4.2,8.2,1,6.0,무안(목포)
2023-02-19,4.7,9.0,1402,7.2,상주
2023-02-19,4.8,8.4,3,6.4,신안
2023-02-19,8.0,13.6,126,9.4,제주
2023-02-19,8.5,14.0,1429,8.1,창녕(밀양)
2023-02-19,-0.9,2.5,1559,-0.8,평창
2023-02-19,2.7,7.8,1513,4.7,포천(동두천)
2023-02-19,5.0,8.6,145,8.0,해남
2023-02-20,-0.6,6.2,1314,3.0,논산(부여)
2023-02-20,2.0,6.9,1212,3.3,무안(목포)
2023-02-20,0.5,6.3,1359,4.0,상주
2023-02-20,4.0,8.3,1035,5.1,신안
2023-02-20,5.9,10.1,1211,5.7,제주
2023-02-20,3.6,9.2,1500,2.1,창녕(밀양)
2023-02-20,-5.9,-1.7,1404,-3.5,평창
2023-02-20,-1.4,4.6,1422,2.6,포천(동두천)
2023-02-20,2.2,8.4,1230,4.0,해남
2023-02-21,-1.6,5.6,1630,3.2,논산(부여)
2023-02-21,-0.4,2.5,1347,2.8,무안(목포)
2023-02-21,-1.0,5.6,1437,3.6,상주
2023-02-21,1.2,3.9,1226,4.3,신안
2023-02-21,3.5,6.6,1403,5.8,제주
2023-02-21,0.8,8.1,1444,2.4,창녕(밀양)
2023-02-21,-9.3,-2.3,1259,-4.2,평창
2023-02-21,-2.3,4.6,1448,1.5,포천(동두천)
2023-02-21,-0.2,5.8,1442,4.4,해남
2023-02-22,1.0,10.0,1458,4.8,논산(부여)
2023-02-22,2.2,8.0,1350,4.1,무안(목포)
2023-02-22,1.8,10.3,1437,4.8,상주
2023-02-22,2.6,7.2,1316,4.8,신안
2023-02-22,7.3,10.7,1039,6.7,제주
2023-02-22,3.5,10.9,1519,3.8,창녕(밀양)
2023-02-22,-2.2,3.7,1510,-2.5,평창
2023-02-22,-0.7,8.5,1350,2.0,포천(동두천)
2023-02-22,2.4,10.9,1300,5.0,해남
2023-02-23,2.8,10.9,1543,6.2,논산(부여)
2023-02-23,3.1,7.0,1354,6.0,무안(목포)
2023-02-23,5.0,11.4,1532,4.7,상주
2023-02-23,4.6,7.3,1413,6.6,신안
2023-02-23,7.3,8.7,1610,9.3,제주
2023-02-23,7.7,14.3,1501,8.2,창녕(밀양)
2023-02-23,0.8,7.2,1452,0.0,평창
2023-02-23,1.9,10.2,1519,3.6,포천(동두천)
2023-02-23,4.4,9.5,1519,8.3,해남
2023-02-24,2.6,10.9,1412,5.3,논산(부여)
2023-02-24,4.2,7.3,1437,6.3,무안(목포)
2023-02-24,5.2,11.9,1445,5.8,상주
2023-02-24,5.3,8.2,1036,6.7,신안
2023-02-24,8.5,12.3,1436,10.0,제주
2023-02-24,7.4,14.1,1430,7.2,창녕(밀양)
2023-02-24,-1.5,4.4,1147,-0.4,평창
2023-02-24,2.2,9.5,1402,4.3,포천(동두천)
2023-02-24,5.5,9.8,1441,7.6,해남
2023-02-25,-0.7,7.4,1434,3.9,논산(부여)
2023-02-25,1.7,3.3,1306,4.0,무안(목포)
2023-02-25,1.8,8.1,1435,4.2,상주
2023-02-25,2.8,4.7,1150,4.7,신안
2023-02-25,4.8,7.2,1544,6.3,제주
2023-02-25,3.6,9.9,1531,3.9,창녕(밀양)
2023-02-25,-5.3,-1.8,1053,-0.3,평창
2023-02-25,-0.1,6.7,1508,3.3,포천(동두천)
2023-02-25,2.2,6.2,1314,6.4,해남
2023-02-26,0.2,10.3,1528,4.9,논산(부여)
2023-02-26,2.2,6.9,1437,4.5,무안(목포)
2023-02-26,3.3,11.3,1429,4.3,상주
2023-02-26,4.4,8.0,1233,5.6,신안
2023-02-26,5.9,10.1,1619,8.2,제주
2023-02-26,3.1,12.4,1530,4.0,창녕(밀양)
2023-02-26,-3.3,7.6,1550,-0.6,평창
2023-02-26,0.9,10.0,1452,3.4,포천(동두천)
2023-02-26,2.6,9.8,1414,6.3,해남
2023-02-27,2.1,13.6,1503,5.7,논산(부여)
2023-02-27,4.2,11.4,1519,5.7,무안(목포)
2023-02-27,6.2,16.6,1508,5.3,상주
2023-02-27,4.7,8.6,1312,6.2,신안
2023-02-27,7.8,13.7,1455,9.2,제주
2023-02-27,5.0,16.8,1605,5.1,창녕(밀양)
2023-02-27,1.1,10.1,1442,0.6,평창
2023-02-27,2.5,12.9,1438,4.0,포천(동두천)
2023-02-27,2.1,12.4,1342,6.1,해남
2023-02-28,3.7,13.4,1355,5.7,논산(부여)
2023-02-28,7.7,13.8,1418,8.8,무안(목포)
2023-02-28,8.0,15.8,1512,6.9,상주
2023-02-28,8.1,14.7,1348,7.7,신안
2023-02-28,11.4,16.4,1510,11.9,제주
2023-02-28,7.2,17.4,1523,6.9,창녕(밀양)
2023-02-28,2.5,7.8,1431,1.3,평창
2023-02-28,2.4,8.8,1522,2.7,포천(동두천)
2023-02-28,5.7,15.1,1549,8.6,해남
2023-03-01,6.2,11.6,1233,7.0,논산(부여)
2023-03-01,7.1,9.9,1034,8.2,무안(목포)
2023-03-01,7.3,12.8,1413,7.8,상주
2023-03-01,7.4,10.9,1118,8.3,신안
2023-03-01,10.9,13.7,500,11.1,제주
2023-03-01,8.0,15.4,1601,6.7,창녕(밀양)
2023-03-01,0.8,5.0,1242,0.0,평창
2023-03-01,4.9,10.8,1316,5.6,포천(동두천)
2023-03-01,7.2,11.7,1435,9.5,해남
2023-03-02,2.5,8.2,1454,5.7,논산(부여)
2023-03-02,3.0,4.9,217,6.3,무안(목포)
2023-03-02,3.1,8.1,1533,5.5,상주
2023-03-02,4.4,6.8,1257,6.3,신안
2023-03-02,6.7,9.0,1433,8.5,제주
2023-03-02,4.5,9.9,1637,6.3,창녕(밀양)
2023-03-02,-2.5,2.0,1435,-0.3,평창
2023-03-02,1.6,8.3,1447,4.1,포천(동두천)
2023-03-02,3.7,6.8,1230,8.0,해남
2023-03-03,2.3,12.4,1520,6.1,논산(부여)
2023-03-03,4.3,9.8,1530,6.9,무안(목포)
2023-03-03,5.8,13.3,1502,6.3,상주
2023-03-03,6.6,11.4,1403,6.8,신안
2023-03-03,7.6,11.7,1531,9.0,제주
2023-03-03,5.4,15.6,1520,5.7,창녕(밀양)
2023-03-03,0.6,7.5,1419,0.8,평창
2023-03-03,2.3,9.1,1607,1.8,포천(동두천)
2023-03-03,3.7,12.2,1520,8.4,해남
2023-03-04,5.2,15.7,1446,7.3,논산(부여)
2023-03-04,6.4,12.8,1335,8.9,무안(목포)
2023-03-04,6.7,15.1,1526,7.3,상주
2023-03-04,7.2,12.1,1356,7.9,신안
2023-03-04,9.7,14.7,1534,11.9,제주
2023-03-04,7.3,16.8,1513,7.5,창녕(밀양)
2023-03-04,0.0,7.5,1214,2.2,평창
2023-03-04,6.0,15.2,1515,6.1,포천(동두천)
2023-03-04,5.1,16.5,1349,9.1,해남
2023-03-05,5.5,16.6,1417,8.1,논산(부여)
2023-03-05,8.1,15.0,1239,9.4,무안(목포)
2023-03-05,7.6,16.8,1526,8.2,상주
2023-03-05,8.2,13.0,1144,8.0,신안
2023-03-05,11.0,16.0,1327,12.2,제주
2023-03-05,7.9,16.8,1422,9.3,창녕(밀양)
2023-03-05,2.2,11.3,1412,2.2,평창
2023-03-05,6.2,16.6,1426,5.9,포천(동두천)
2023-03-05,6.0,16.6,1343,9.6,해남
2023-03-06,5.5,16.5,1346,8.3,논산(부여)
2023-03-06,9.3,14.8,1423,10.6,무안(목포)
2023-03-06,8.9,18.6,1503,9.3,상주
2023-03-06,9.0,14.9,1311,9.0,신안
2023-03-06,12.3,17.3,1532,13.4,제주
2023-03-06,8.8,18.9,1423,9.8,창녕(밀양)
2023-03-06,5.2,11.4,1407,2.3,평창
2023-03-06,6.4,16.8,1442,5.8,포천(동두천)
2023-03-06,6.7,16.4,1318,10.4,해남
2023-03-07,9.1,19.0,1326,10.5,논산(부여)
2023-03-07,12.6,18.9,1356,12.6,무안(목포)
2023-03-07,11.9,22.3,1457,10.0,상주
2023-03-07,10.5,14.4,1429,10.4,신안
2023-03-07,14.6,22.4,1436,15.1,제주
2023-03-07,10.1,21.2,1435,10.0,창녕(밀양)
2023-03-07,8.9,15.2,1511,3.9,평창
2023-03-07,9.8,19.7,1545,9.1,포천(동두천)
2023-03-07,10.1,18.4,1410,12.2,해남
2023-03-08,11.7,20.6,1258,12.6,논산(부여)
2023-03-08,13.8,18.8,1350,15.0,무안(목포)
2023-03-08,13.8,23.6,1528,11.6,상주
2023-03-08,11.0,15.7,1214,11.0,신안
2023-03-08,14.8,20.5,1502,15.5,제주
2023-03-08,11.3,20.4,1410,10.9,창녕(밀양)
2023-03-08,9.3,14.3,1517,4.8,평창
2023-03-08,8.9,14.7,1043,5.9,포천(동두천)
2023-03-08,13.3,20.0,1340,13.7,해남
2023-03-09,12.2,19.2,1553,14.6,논산(부여)
2023-03-09,12.0,17.3,1515,16.1,무안(목포)
2023-03-09,13.0,22.3,1416,12.3,상주
2023-03-09,8.6,11.6,605,10.9,신안
2023-03-09,14.5,20.8,1103,17.0,제주
2023-03-09,13.2,22.8,1424,12.5,창녕(밀양)
2023-03-09,7.4,14.1,1436,4.6,평창
2023-03-09,8.6,12.4,1454,9.1,포천(동두천)
2023-03-09,13.8,20.5,1432,16.7,해남
2023-03-10,11.1,23.4,1453,14.5,논산(부여)
2023-03-10,12.4,21.5,1531,14.9,무안(목포)
2023-03-10,13.4,23.8,1518,12.7,상주
2023-03-10,8.1,13.1,1428,10.5,신안
2023-03-10,13.2,17.5,1536,16.3,제주
2023-03-10,13.4,23.5,1458,13.6,창녕(밀양)
2023-03-10,8.3,18.6,1456,4.5,평창
2023-03-10,11.3,22.4,1548,10.6,포천(동두천)
2023-03-10,11.3,23.6,1306,14.9,해남
2023-03-11,13.4,25.1,1403,14.1,논산(부여)
2023-03-11,15.2,22.2,1540,15.1,무안(목포)
2023-03-11,15.8,25.5,1514,13.4,상주
2023-03-11,9.8,12.6,1436,11.2,신안
2023-03-11,14.1,20.6,1526,17.4,제주
2023-03-11,14.2,24.9,1418,14.5,창녕(밀양)
2023-03-11,11.3,19.3,1529,5.9,평창
2023-03-11,13.4,23.4,1324,10.9,포천(동두천)
2023-03-11,13.3,23.4,1400,15.7,해남
2023-03-12,7.1,11.3,313,7.4,논산(부여)
2023-03-12,7.7,14.3,828,8.4,무안(목포)
2023-03-12,7.7,16.5,149,9.8,상주
2023-03-12,6.8,13.1,721,8.9,신안
2023-03-12,11.1,21.6,1042,11.6,제주
2023-03-12,10.8,20.9,1257,10.2,창녕(밀양)
2023-03-12,2.1,11.3,940,0.8,평창
2023-03-12,4.5,11.5,38,5.1,포천(동두천)
2023-03-12,7.9,19.3,919,9.9,해남
2023-03-13,2.7,10.1,1515,6.8,논산(부여)
2023-03-13,4.8,8.1,1613,8.0,무안(목포)
2023-03-13,4.1,10.0,1316,6.8,상주
2023-03-13,5.7,10.6,1410,7.8,신안
2023-03-13,6.7,10.4,1514,9.4,제주
2023-03-13,5.1,11.5,1644,6.2,창녕(밀양)
2023-03-13,-2.9,2.5,1614,0.4,평창
2023-03-13,1.6,8.2,1512,4.9,포천(동두천)
2023-03-13,4.0,9.8,1407,8.1,해남
2023-03-14,7.4,17.8,1517,10.7,논산(부여)
2023-03-14,8.5,14.9,1425,10.2,무안(목포)
2023-03-14,8.9,19.6,1548,9.6,상주
2023-03-14,9.3,15.2,1350,9.9,신안
2023-03-14,10.7,15.9,1344,11.8,제주
2023-03-14,8.7,16.6,1458,9.7,창녕(밀양)
2023-03-14,3.8,11.5,1522,1.7,평창
2023-03-14,7.8,15.8,1547,6.3,포천(동두천)
2023-03-14,7.7,16.8,1453,11.2,해남
2023-03-15,9.8,19.2,1213,12.7,논산(부여)
2023-03-15,12.4,19.9,1348,15.3,무안(목포)
2023-03-15,11.4,21.9,1503,12.1,상주
2023-03-15,10.1,17.7,1230,10.9,신안
2023-03-15,15.0,20.6,1508,15.6,제주
2023-03-15,12.0,21.1,1448,11.0,창녕(밀양)
2023-03-15,6.8,13.4,1344,4.6,평창
2023-03-15,7.5,12.5,1155,5.5,포천(동두천)
2023-03-15,12.4,21.1,1417,14.8,해남
2023-03-16,6.3,12.3,1419,9.0,논산(부여)
2023-03-16,6.6,11.0,1331,9.5,무안(목포)
2023-03-16,7.5,14.9,1455,10.4,상주
2023-03-16,6.1,8.6,1341,8.8,신안
2023-03-16,11.0,14.6,1626,16.3,제주
2023-03-16,11.3,17.3,1558,11.8,창녕(밀양)
2023-03-16,1.6,7.8,1401,2.5,평창
2023-03-16,3.7,10.8,1334,4.6,포천(동두천)
2023-03-16,8.2,15.4,1453,13.1,해남
2023-03-17,7.0,11.9,1603,8.2,논산(부여)
2023-03-17,6.9,9.6,1446,8.9,무안(목포)
2023-03-17,8.1,12.6,1602,9.6,상주
2023-03-17,5.5,6.7,1221,7.9,신안
2023-03-17,11.5,14.7,1137,12.9,제주
2023-03-17,10.7,15.1,1326,10.4,창녕(밀양)
2023-03-17,0.5,6.6,1415,2.2,평창
2023-03-17,6.3,14.5,1411,6.4,포천(동두천)
2023-03-17,7.7,12.1,1343,9.3,해남
2023-03-18,8.1,16.4,1500,12.2,논산(부여)
2023-03-18,7.5,10.6,1215,11.2,무안(목포)
2023-03-18,10.1,17.3,1428,12.6,상주
2023-03-18,7.5,11.2,1146,9.1,신안
2023-03-18,11.3,14.7,1233,14.3,제주
2023-03-18,11.2,18.5,1559,11.8,창녕(밀양)
2023-03-18,2.8,9.5,1148,3.1,평창
2023-03-18,7.5,16.4,1446,8.0,포천(동두천)
2023-03-18,8.4,14.5,1304,13.5,해남
2023-03-19,6.8,16.9,1624,11.8,논산(부여)
2023-03-19,7.3,12.6,1415,10.9,무안(목포)
2023-03-19,10.0,18.2,1556,11.9,상주
2023-03-19,7.4,11.5,1230,9.8,신안
2023-03-19,10.2,13.8,1524,13.7,제주
2023-03-19,10.0,19.4,1552,12.1,창녕(밀양)
2023-03-19,3.9,13.3,1434,3.9,평창
2023-03-19,7.1,17.2,1520,8.0,포천(동두천)
2023-03-19,8.2,16.8,1403,13.2,해남
2023-03-20,8.3,18.7,1447,12.9,논산(부여)
2023-03-20,9.1,15.3,1521,11.6,무안(목포)
2023-03-20,11.1,20.5,1636,12.2,상주
2023-03-20,8.1,12.7,1434,10.0,신안
2023-03-20,12.5,15.6,1452,13.7,제주
2023-03-20,10.5,19.7,1440,11.9,창녕(밀양)
2023-03-20,5.0,14.1,1515,3.3,평창
2023-03-20,7.8,18.1,1412,9.0,포천(동두천)
2023-03-20,8.5,18.0,1353,12.4,해남
2023-03-21,12.2,23.8,1620,15.7,논산(부여)
2023-03-21,14.1,21.1,1450,16.7,무안(목포)
2023-03-21,14.0,23.2,1529,18.0,상주
2023-03-21,11.5,17.2,1512,11.6,신안
2023-03-21,15.1,16.8,1511,15.8,제주
2023-03-21,14.3,23.1,1521,15.2,창녕(밀양)
2023-03-21,7.6,16.2,1255,5.1,평창
2023-03-21,11.1,22.3,1516,11.0,포천(동두천)
2023-03-21,14.1,19.6,1329,14.9,해남
2023-03-22,16.2,26.3,1447,19.3,논산(부여)
2023-03-22,14.5,19.5,1306,13.9,무안(목포)
2023-03-22,15.5,23.7,1509,18.2,상주
2023-03-22,11.6,15.2,1437,11.8,신안
2023-03-22,17.8,21.7,1200,18.7,제주
2023-03-22,16.3,22.5,1345,16.1,창녕(밀양)
2023-03-22,9.9,20.3,1334,7.0,평창
2023-03-22,14.9,26.4,1437,13.5,포천(동두천)
2023-03-22,15.5,18.7,1234,14.5,해남
2023-03-23,14.7,22.5,1616,15.7,논산(부여)
2023-03-23,10.0,13.8,1,12.3,무안(목포)
2023-03-23,14.9,17.1,1,15.1,상주
2023-03-23,8.6,10.0,254,10.2,신안
2023-03-23,13.9,16.4,1,16.1,제주
2023-03-23,15.8,17.9,1612,15.0,창녕(밀양)
2023-03-23,7.0,11.1,359,7.0,평창
2023-03-23,16.3,25.0,1506,16.5,포천(동두천)
2023-03-23,12.2,15.7,225,13.7,해남
2023-03-24,11.0,19.0,1549,14.5,논산(부여)
2023-03-24,7.5,10.2,1127,8.3,무안(목포)
2023-03-24,10.9,13.6,1538,12.5,상주
2023-03-24,6.6,9.3,1105,8.9,신안
2023-03-24,11.5,12.6,2334,13.0,제주
2023-03-24,13.3,16.3,1226,12.4,창녕(밀양)
2023-03-24,1.8,4.1,642,3.0,평창
2023-03-24,11.4,19.6,1457,13.2,포천(동두천)
2023-03-24,8.1,10.0,1136,10.6,해남
2023-03-25,10.5,15.6,1335,14.4,논산(부여)
2023-03-25,8.6,11.9,1312,11.3,무안(목포)
2023-03-25,9.4,12.3,1600,11.5,상주
2023-03-25,7.5,11.4,1149,9.6,신안
2023-03-25,12.9,14.0,1516,13.9,제주
2023-03-25,11.5,15.3,1603,13.1,창녕(밀양)
2023-03-25,2.4,3.5,1532,3.6,평창
2023-03-25,11.3,19.6,1502,13.9,포천(동두천)
2023-03-25,9.7,15.2,1246,11.7,해남
2023-03-26,8.1,16.3,1350,13.9,논산(부여)
2023-03-26,7.9,11.6,1203,10.9,무안(목포)
2023-03-26,10.6,17.5,1301,12.9,상주
2023-03-26,7.6,11.0,1207,9.7,신안
2023-03-26,11.9,14.9,1319,14.8,제주
2023-03-26,11.8,18.6,1500,13.8,창녕(밀양)
2023-03-26,1.4,4.0,1005,3.7,평창
2023-03-26,9.0,16.3,1432,12.8,포천(동두천)
2023-03-26,8.9,14.2,1320,12.4,해남
2023-03-27,5.5,14.9,1432,12.4,논산(부여)
2023-03-27,7.2,11.9,1342,11.8,무안(목포)
2023-03-27,8.3,15.8,1529,12.4,상주
2023-03-27,7.7,12.0,1210,10.1,신안
2023-03-27,10.7,14.3,1530,14.6,제주
2023-03-27,10.3,17.4,1541,13.6,창녕(밀양)
2023-03-27,0.6,9.5,1401,4.4,평창
2023-03-27,5.9,15.7,1435,10.1,포천(동두천)
2023-03-27,7.6,13.9,1458,12.4,해남
2023-03-28,6.6,16.0,1354,10.1,논산(부여)
2023-03-28,9.4,15.7,1522,12.9,무안(목포)
2023-03-28,9.2,17.9,1414,12.1,상주
2023-03-28,9.0,14.0,1422,10.6,신안
2023-03-28,12.3,16.6,1147,15.3,제주
2023-03-28,10.6,19.4,1502,13.5,창녕(밀양)
2023-03-28,3.4,11.8,1341,4.0,평창
2023-03-28,7.6,16.8,1346,9.5,포천(동두천)
2023-03-28,7.8,17.6,1344,11.8,해남
2023-03-29,10.4,21.1,1524,14.7,논산(부여)
2023-03-29,9.8,17.6,1450,13.8,무안(목포)
2023-03-29,11.8,21.4,1603,14.6,상주
2023-03-29,6.4,12.2,1308,11.7,신안
2023-03-29,13.4,16.2,1610,17.5,제주
2023-03-29,12.5,21.3,1418,14.5,창녕(밀양)
2023-03-29,6.5,16.6,1428,6.0,평창
2023-03-29,10.1,21.0,1418,11.6,포천(동두천)
2023-03-29,9.8,21.1,1406,14.8,해남
2023-03-30,12.5,23.7,1452,15.4,논산(부여)
2023-03-30,10.9,18.6,1545,14.2,무안(목포)
2023-03-30,13.9,24.2,1422,15.5,상주
2023-03-30,11.2,15.9,1308,11.5,신안
2023-03-30,14.6,17.9,1415,17.3,제주
2023-03-30,14.3,24.2,1427,15.6,창녕(밀양)
2023-03-30,11.0,18.2,1508,8.6,평창
2023-03-30,12.4,22.6,1511,13.7,포천(동두천)
2023-03-30,11.3,22.7,1315,14.6,해남
2023-03-31,13.7,24.7,1459,17.1,논산(부여)
2023-03-31,12.5,19.7,1323,15.4,무안(목포)
2023-03-31,16.0,25.2,1454,17.8,상주
2023-03-31,11.7,16.0,1052,12.0,신안
2023-03-31,16.5,20.4,1439,20.6,제주
2023-03-31,15.8,26.3,1434,18.1,창녕(밀양)
2023-03-31,8.3,16.4,1328,10.0,평창
2023-03-31,13.8,25.4,1632,14.7,포천(동두천)
2023-03-31,12.7,23.3,1354,17.2,해남
2023-04-01,14.8,26.1,1541,17.9,논산(부여)
2023-04-01,14.5,21.6,1331,16.0,무안(목포)
2023-04-01,15.5,25.2,1423,18.8,상주
2023-04-01,13.0,20.0,1311,12.9,신안
2023-04-01,16.4,19.9,1045,19.4,제주
2023-04-01,14.8,25.2,1416,17.1,창녕(밀양)
2023-04-01,7.7,18.2,1247,10.4,평창
2023-04-01,15.7,26.8,1318,16.0,포천(동두천)
2023-04-01,13.3,24.0,1312,17.0,해남
2023-04-02,15.9,23.7,1451,18.6,논산(부여)
2023-04-02,14.3,21.3,1352,17.2,무안(목포)
2023-04-02,14.8,22.8,1418,19.2,상주
2023-04-02,13.7,18.6,1324,13.4,신안
2023-04-02,16.4,19.2,1721,20.8,제주
2023-04-02,15.4,22.5,1321,17.4,창녕(밀양)
2023-04-02,6.2,14.1,1452,10.0,평창
2023-04-02,17.1,26.2,1403,17.7,포천(동두천)
2023-04-02,12.7,23.5,1425,18.2,해남
2023-04-03,17.4,24.9,1505,19.9,논산(부여)
2023-04-03,15.6,22.6,1338,17.1,무안(목포)
2023-04-03,14.0,23.4,1440,18.7,상주
2023-04-03,13.2,19.3,1232,13.6,신안
2023-04-03,16.1,20.2,1447,20.9,제주
2023-04-03,15.6,23.0,1515,17.8,창녕(밀양)
2023-04-03,7.0,15.6,1347,10.3,평창
2023-04-03,16.9,26.3,1455,18.1,포천(동두천)
2023-04-03,13.5,22.0,1308,18.2,해남
2023-04-04,15.6,23.4,1320,17.0,논산(부여)
2023-04-04,15.2,17.8,1259,14.5,무안(목포)
2023-04-04,13.8,21.8,1454,17.6,상주
2023-04-04,11.3,14.1,2156,12.2,신안
2023-04-04,18.3,20.4,1717,17.8,제주
2023-04-04,14.8,22.2,1500,17.4,창녕(밀양)
2023-04-04,10.2,19.6,1403,11.7,평창
2023-04-04,16.3,22.5,1145,15.7,포천(동두천)
2023-04-04,15.0,18.1,1313,15.2,해남
2023-04-05,12.8,16.6,1201,13.8,논산(부여)
2023-04-05,12.6,15.8,942,13.7,무안(목포)
2023-04-05,13.8,16.5,1349,14.7,상주
2023-04-05,10.8,14.3,314,13.1,신안
2023-04-05,16.2,21.5,348,16.9,제주
2023-04-05,16.0,17.3,1809,14.5,창녕(밀양)
2023-04-05,10.3,13.8,1437,10.1,평창
2023-04-05,11.5,14.4,1138,12.6,포천(동두천)
2023-04-05,13.6,17.1,515,14.9,해남
2023-04-06,9.2,11.0,1415,11.1,논산(부여)
2023-04-06,9.0,10.3,1354,10.7,무안(목포)
2023-04-06,10.3,12.7,1209,12.3,상주
2023-04-06,8.8,12.3,1341,12.2,신안
2023-04-06,11.8,13.9,1551,13.9,제주
2023-04-06,14.2,19.1,1452,16.4,창녕(밀양)
2023-04-06,5.8,9.0,1,7.6,평창
2023-04-06,8.4,9.6,1019,10.4,포천(동두천)
2023-04-06,9.7,11.6,1501,12.1,해남
2023-04-07,7.8,15.7,1500,11.6,논산(부여)
2023-04-07,8.7,12.6,1212,11.7,무안(목포)
2023-04-07,10.5,17.9,1407,14.6,상주
2023-04-07,8.8,13.4,1254,11.8,신안
2023-04-07,11.3,15.0,1316,14.4,제주
2023-04-07,13.3,19.7,1504,15.9,창녕(밀양)
2023-04-07,5.3,11.3,1344,8.0,평창
2023-04-07,7.8,16.7,1433,10.9,포천(동두천)
2023-04-07,9.4,14.9,1243,13.3,해남
2023-04-08,7.6,16.5,1449,10.7,논산(부여)
2023-04-08,8.8,13.1,1501,11.4,무안(목포)
2023-04-08,9.2,15.9,1501,14.2,상주
2023-04-08,9.6,13.2,1528,11.4,신안
2023-04-08,11.5,15.4,1450,14.8,제주
2023-04-08,10.2,17.3,1506,14.0,창녕(밀양)
2023-04-08,3.6,9.6,1555,5.2,평창
2023-04-08,7.4,16.0,1357,9.8,포천(동두천)
2023-04-08,8.6,14.5,1533,13.1,해남
2023-04-09,8.5,17.9,1431,11.9,논산(부여)
2023-04-09,10.5,15.7,1447,13.1,무안(목포)
2023-04-09,12.1,20.7,1533,17.9,상주
2023-04-09,11.2,17.1,1306,12.5,신안
2023-04-09,13.2,18.2,1344,17.0,제주
2023-04-09,11.3,21.4,1552,15.4,창녕(밀양)
2023-04-09,7.2,14.2,1516,8.5,평창
2023-04-09,9.6,19.2,1326,11.2,포천(동두천)
2023-04-09,8.8,17.3,1243,14.5,해남
2023-04-10,10.6,20.4,1417,13.8,논산(부여)
2023-04-10,12.7,17.4,1327,14.0,무안(목포)
2023-04-10,13.1,24.3,1541,18.6,상주
2023-04-10,11.0,16.0,1226,13.4,신안
2023-04-10,14.1,17.9,1433,18.5,제주
2023-04-10,12.6,21.2,1339,16.2,창녕(밀양)
2023-04-10,10.1,16.3,1410,10.3,평창
2023-04-10,12.8,20.4,1517,13.4,포천(동두천)
2023-04-10,12.0,18.7,1447,16.2,해남
2023-04-11,14.2,20.2,1127,13.0,논산(부여)
2023-04-11,15.4,20.4,1326,14.7,무안(목포)
2023-04-11,14.1,23.5,1241,16.1,상주
2023-04-11,12.7,18.5,1406,14.4,신안
2023-04-11,18.9,25.2,1325,21.7,제주
2023-04-11,16.7,23.0,1253,16.6,창녕(밀양)
2023-04-11,11.0,16.7,1223,10.6,평창
2023-04-11,-99.0,16.7,922,10.7,포천(동두천)
2023-04-11,16.6,21.1,1158,16.0,해남
2023-04-12,9.5,18.0,1426,14.0,논산(부여)
2023-04-12,11.1,16.0,1204,14.3,무안(목포)
2023-04-12,12.7,18.8,1454,15.4,상주
2023-04-12,10.3,14.3,1356,13.5,신안
2023-04-12,14.5,19.4,1623,21.5,제주
2023-04-12,15.2,21.5,1506,18.9,창녕(밀양)
2023-04-12,6.4,11.7,1502,5.8,평창
2023-04-12,9.0,16.8,1506,10.8,포천(동두천)
2023-04-12,11.9,18.5,1229,17.5,해남
2023-04-13,11.6,23.2,1534,15.3,논산(부여)
2023-04-13,13.4,21.7,1537,15.8,무안(목포)
2023-04-13,14.0,25.1,1505,16.5,상주
2023-04-13,11.9,17.5,1424,13.8,신안
2023-04-13,15.3,19.9,1707,20.6,제주
2023-04-13,14.1,24.8,1539,17.0,창녕(밀양)
2023-04-13,9.1,15.2,1231,7.1,평창
2023-04-13,11.0,18.2,1313,10.0,포천(동두천)
2023-04-13,11.4,23.3,1420,17.3,해남
2023-04-14,14.3,22.1,1559,16.7,논산(부여)
2023-04-14,13.5,15.8,1553,12.9,무안(목포)
2023-04-14,14.6,22.1,1614,16.0,상주
2023-04-14,12.2,13.6,1419,13.2,신안
2023-04-14,15.5,16.8,1615,16.7,제주
2023-04-14,13.3,19.9,1528,13.8,창녕(밀양)
2023-04-14,10.6,19.4,1424,10.0,평창
2023-04-14,14.3,19.9,1140,14.2,포천(동두천)
2023-04-14,13.6,16.7,1206,13.4,해남
2023-04-15,12.2,17.9,1704,15.6,논산(부여)
2023-04-15,12.7,16.9,1500,15.7,무안(목포)
2023-04-15,12.5,17.2,1227,13.3,상주
2023-04-15,10.5,14.9,955,14.2,신안
2023-04-15,14.7,18.6,1451,18.6,제주
2023-04-15,13.2,17.5,1307,13.7,창녕(밀양)
2023-04-15,6.6,15.3,1149,6.6,평창
2023-04-15,12.4,17.5,1549,14.2,포천(동두천)
2023-04-15,13.9,18.5,1150,18.1,해남
2023-04-16,10.8,17.3,1238,12.7,논산(부여)
2023-04-16,10.8,14.9,1343,13.6,무안(목포)
2023-04-16,11.2,17.5,1253,12.4,상주
2023-04-16,10.8,15.0,1049,14.4,신안
2023-04-16,14.0,17.4,842,17.6,제주
2023-04-16,10.8,19.8,1310,11.4,창녕(밀양)
2023-04-16,4.0,9.2,1509,6.4,평창
2023-04-16,10.7,17.4,1503,13.8,포천(동두천)
2023-04-16,11.4,17.0,1243,15.1,해남
2023-04-17,12.7,20.6,1620,16.5,논산(부여)
2023-04-17,14.2,19.8,1436,16.0,무안(목포)
2023-04-17,14.4,21.8,1503,17.7,상주
2023-04-17,12.6,17.5,1241,14.7,신안
2023-04-17,15.9,22.4,1543,19.9,제주
2023-04-17,13.1,21.5,1447,16.5,창녕(밀양)
2023-04-17,7.1,13.5,1302,8.1,평창
2023-04-17,11.9,17.9,1146,12.2,포천(동두천)
2023-04-17,13.3,20.8,1329,18.1,해남
2023-04-18,15.1,16.8,1321,15.1,논산(부여)
2023-04-18,17.5,19.4,923,16.6,무안(목포)
2023-04-18,12.5,13.8,10,14.5,상주
2023-04-18,13.5,17.2,1236,15.7,신안
2023-04-18,23.3,28.6,1201,24.9,제주
2023-04-18,16.9,21.4,1301,15.3,창녕(밀양)
2023-04-18,8.5,13.5,1736,10.9,평창
2023-04-18,12.6,19.3,1707,14.9,포천(동두천)
2023-04-18,17.4,20.2,835,17.4,해남
2023-04-19,18.9,26.7,1623,21.9,논산(부여)
2023-04-19,19.0,23.3,1519,20.4,무안(목포)
2023-04-19,17.0,25.7,1635,19.2,상주
2023-04-19,13.9,16.5,1415,16.1,신안
2023-04-19,19.1,22.7,1118,23.1,제주
2023-04-19,18.1,20.5,1046,18.7,창녕(밀양)
2023-04-19,11.6,18.7,1307,14.4,평창
2023-04-19,18.5,28.7,1634,18.7,포천(동두천)
2023-04-19,18.7,24.4,1501,20.8,해남
2023-04-20,19.2,26.4,1528,22.5,논산(부여)
2023-04-20,17.6,22.7,1321,21.7,무안(목포)
2023-04-20,20.9,28.1,1452,22.9,상주
2023-04-20,14.9,20.6,1105,17.9,신안
2023-04-20,18.5,22.1,1535,25.0,제주
2023-04-20,21.7,29.7,1506,24.1,창녕(밀양)
2023-04-20,15.3,18.9,1047,16.1,평창
2023-04-20,15.3,17.7,140,16.0,포천(동두천)
2023-04-20,18.6,25.8,1237,23.8,해남
2023-04-21,18.1,24.3,1448,22.2,논산(부여)
2023-04-21,13.9,17.4,1236,18.8,무안(목포)
2023-04-21,16.2,21.4,1518,18.8,상주
2023-04-21,11.2,14.1,1032,16.1,신안
2023-04-21,16.6,22.7,1304,23.8,제주
2023-04-21,17.6,21.8,1326,21.5,창녕(밀양)
2023-04-21,8.1,11.0,1,13.0,평창
2023-04-21,16.3,23.2,1551,17.7,포천(동두천)
2023-04-21,16.2,21.9,1310,22.6,해남
2023-04-22,17.2,22.1,1340,21.2,논산(부여)
2023-04-22,15.1,20.4,1226,18.9,무안(목포)
2023-04-22,13.9,21.9,1409,18.8,상주
2023-04-22,12.5,18.1,1314,17.5,신안
2023-04-22,15.9,18.2,1254,22.4,제주
2023-04-22,14.9,21.2,1350,20.1,창녕(밀양)
2023-04-22,6.5,11.5,1331,11.3,평창
2023-04-22,15.2,22.4,1617,16.4,포천(동두천)
2023-04-22,15.4,21.1,1357,21.8,해남
2023-04-23,16.6,21.2,1617,20.2,논산(부여)
2023-04-23,14.3,18.6,1338,15.4,무안(목포)
2023-04-23,13.5,20.7,1559,18.8,상주
2023-04-23,12.6,16.0,1233,14.9,신안
2023-04-23,15.3,17.5,1334,21.4,제주
2023-04-23,13.6,19.3,1233,16.1,창녕(밀양)
2023-04-23,6.0,12.5,1314,11.0,평창
2023-04-23,14.6,23.5,1446,16.8,포천(동두천)
2023-04-23,14.0,17.1,1358,16.1,해남
2023-04-24,14.7,19.9,1532,19.4,논산(부여)
2023-04-24,13.5,16.2,1218,15.0,무안(목포)
2023-04-24,13.1,18.2,1507,18.3,상주
2023-04-24,12.3,14.4,237,14.2,신안
2023-04-24,14.0,14.9,1,16.1,제주
2023-04-24,12.9,17.0,1325,14.2,창녕(밀양)
2023-04-24,6.7,10.9,1238,10.8,평창
2023-04-24,15.0,22.3,1348,17.9,포천(동두천)
2023-04-24,13.7,16.1,558,14.4,해남
2023-04-25,9.8,11.8,823,12.5,논산(부여)
2023-04-25,10.6,12.2,16,12.3,무안(목포)
2023-04-25,7.9,9.6,1337,11.5,상주
2023-04-25,9.5,11.4,43,12.1,신안
2023-04-25,12.5,14.1,1,14.8,제주
2023-04-25,10.0,11.7,1227,11.4,창녕(밀양)
2023-04-25,4.2,8.2,1343,6.9,평창
2023-04-25,9.3,12.1,1027,11.9,포천(동두천)
2023-04-25,10.5,12.7,109,13.0,해남
2023-04-26,8.7,15.1,1237,16.7,논산(부여)
2023-04-26,9.9,13.9,1120,14.3,무안(목포)
2023-04-26,10.5,17.4,1459,14.3,상주
2023-04-26,10.1,14.3,941,15.7,신안
2023-04-26,12.9,17.6,1228,17.3,제주
2023-04-26,12.9,20.6,1640,16.4,창녕(밀양)
2023-04-26,4.8,10.0,1646,8.2,평창
2023-04-26,9.8,15.8,1442,15.0,포천(동두천)
2023-04-26,9.3,15.8,1158,16.1,해남
2023-04-27,11.0,21.7,1444,18.8,논산(부여)
2023-04-27,12.0,18.6,1506,16.5,무안(목포)
2023-04-27,12.6,23.2,1640,19.1,상주
2023-04-27,10.3,16.1,1338,16.4,신안
2023-04-27,12.9,17.1,1704,19.8,제주
2023-04-27,14.1,22.9,1504,18.5,창녕(밀양)
2023-04-27,9.5,19.0,1449,14.4,평창
2023-04-27,11.6,21.3,1453,16.0,포천(동두천)
2023-04-27,11.3,21.0,1411,18.6,해남
2023-04-28,15.3,22.5,1305,19.5,논산(부여)
2023-04-28,16.4,20.9,1609,16.8,무안(목포)
2023-04-28,17.0,26.0,1350,24.0,상주
2023-04-28,12.9,15.3,1800,14.3,신안
2023-04-28,18.1,23.6,1513,21.0,제주
2023-04-28,16.2,23.9,1351,20.8,창녕(밀양)
2023-04-28,14.0,20.9,1434,17.6,평창
2023-04-28,13.9,22.6,1540,17.5,포천(동두천)
2023-04-28,15.9,20.6,1218,19.5,해남
2023-04-29,13.9,18.7,1,16.2,논산(부여)
2023-04-29,13.9,17.9,1,14.8,무안(목포)
2023-04-29,14.1,18.1,1,16.1,상주
2023-04-29,11.9,14.7,136,14.3,신안
2023-04-29,16.1,21.1,1136,17.6,제주
2023-04-29,16.9,22.4,1234,17.0,창녕(밀양)
2023-04-29,10.9,16.6,1218,13.3,평창
2023-04-29,12.4,14.7,816,14.2,포천(동두천)
2023-04-29,14.6,18.2,1,16.2,해남
2023-04-30,12.8,19.8,1333,18.4,논산(부여)
2023-04-30,13.1,17.3,1425,16.4,무안(목포)
2023-04-30,14.4,21.6,1556,17.9,상주
2023-04-30,14.7,19.0,1159,16.9,신안
2023-04-30,15.7,21.2,1511,19.8,제주
2023-04-30,15.1,23.8,1525,19.2,창녕(밀양)
2023-04-30,8.2,13.3,1539,12.5,평창
2023-04-30,11.6,16.3,1344,12.4,포천(동두천)
2023-04-30,12.2,19.0,1612,18.8,해남
2023-05-01,14.2,22.1,1620,20.6,논산(부여)
2023-05-01,15.4,20.6,1704,19.1,무안(목포)
2023-05-01,15.3,21.6,1446,20.4,상주
2023-05-01,14.4,19.6,1236,18.9,신안
2023-05-01,17.4,21.2,1624,22.9,제주
2023-05-01,15.5,23.5,1442,19.5,창녕(밀양)
2023-05-01,8.3,14.6,1600,12.1,평창
2023-05-01,13.6,21.7,1429,16.7,포천(동두천)
2023-05-01,13.8,22.6,1456,21.0,해남
2023-05-02,15.9,25.9,1526,22.2,논산(부여)
2023-05-02,17.4,24.5,1410,20.7,무안(목포)
2023-05-02,15.3,26.0,1558,21.5,상주
2023-05-02,15.2,21.0,1143,19.8,신안
2023-05-02,18.4,24.5,1534,24.1,제주
2023-05-02,15.8,26.0,1414,14.1,창녕(밀양)
2023-05-02,11.1,20.2,1340,14.6,평창
2023-05-02,14.9,24.4,1539,15.9,포천(동두천)
2023-05-02,15.3,24.0,1252,21.6,해남
2023-05-03,18.1,25.8,1320,22.8,논산(부여)
2023-05-03,16.9,20.0,1300,17.9,무안(목포)
2023-05-03,19.1,27.4,1429,26.0,상주
2023-05-03,13.7,15.9,1322,15.2,신안
2023-05-03,17.4,20.7,1225,18.4,제주
2023-05-03,16.8,24.2,1433,19.2,창녕(밀양)
2023-05-03,15.4,23.0,1353,19.4,평창
2023-05-03,17.6,26.6,1430,19.5,포천(동두천)
2023-05-03,16.5,19.9,1307,17.4,해남
2023-05-04,20.3,26.5,1344,24.5,논산(부여)
2023-05-04,17.0,18.0,1938,16.5,무안(목포)
2023-05-04,18.7,25.0,1347,26.2,상주
2023-05-04,13.6,15.0,1853,14.6,신안
2023-05-04,18.6,23.4,2327,18.1,제주
2023-05-04,17.8,22.2,1144,18.9,창녕(밀양)
2023-05-04,16.3,24.5,1509,21.3,평창
2023-05-04,20.5,25.9,1320,22.0,포천(동두천)
2023-05-04,17.2,18.3,1805,16.5,해남
2023-05-05,19.5,21.9,1508,20.2,논산(부여)
2023-05-05,19.6,21.4,1751,18.9,무안(목포)
2023-05-05,18.7,20.8,1425,21.0,상주
2023-05-05,14.9,17.3,1510,15.7,신안
2023-05-05,23.4,26.2,1639,21.9,제주
2023-05-05,18.9,20.2,2253,17.9,창녕(밀양)
2023-05-05,14.1,18.6,1241,15.1,평창
2023-05-05,16.6,20.7,1,17.6,포천(동두천)
2023-05-05,20.8,23.1,1253,19.7,해남
2023-05-06,15.6,20.6,112,17.9,논산(부여)
2023-05-06,15.3,18.1,1,18.0,무안(목포)
2023-05-06,13.7,19.6,152,17.0,상주
2023-05-06,12.5,15.1,1135,15.3,신안
2023-05-06,18.3,22.7,109,22.6,제주
2023-05-06,15.4,20.1,14,15.9,창녕(밀양)
2023-05-06,6.0,8.6,20,7.8,평창
2023-05-06,11.4,13.3,234,13.8,포천(동두천)
2023-05-06,16.2,19.6,1434,20.1,해남
2023-05-07,12.3,15.7,1754,15.1,논산(부여)
2023-05-07,13.2,15.8,1,15.1,무안(목포)
2023-05-07,10.9,14.5,1306,14.4,상주
2023-05-07,11.5,13.3,1323,14.1,신안
2023-05-07,14.0,15.8,1,16.4,제주
2023-05-07,12.5,14.5,956,12.0,창녕(밀양)
2023-05-07,5.1,8.9,1418,8.4,평창
2023-05-07,12.8,19.0,1619,15.1,포천(동두천)
2023-05-07,13.7,14.9,1,16.1,해남
2023-05-08,13.3,22.6,1458,17.8,논산(부여)
2023-05-08,13.8,19.0,1424,16.2,무안(목포)
2023-05-08,12.9,22.4,1603,18.5,상주
2023-05-08,12.3,16.9,1052,16.5,신안
2023-05-08,14.8,17.9,1416,18.8,제주
2023-05-08,14.6,22.0,1520,17.2,창녕(밀양)
2023-05-08,9.6,17.6,1516,13.8,평창
2023-05-08,13.9,23.4,1445,16.4,포천(동두천)
2023-05-08,13.7,21.0,1523,18.6,해남
2023-05-09,14.8,24.9,1529,19.1,논산(부여)
2023-05-09,14.9,20.6,1502,18.2,무안(목포)
2023-05-09,17.9,27.3,1423,21.9,상주
2023-05-09,13.8,18.9,1235,17.9,신안
2023-05-09,16.7,21.1,1455,22.2,제주
2023-05-09,16.4,26.6,1546,19.7,창녕(밀양)
2023-05-09,13.4,22.2,1411,16.5,평창
2023-05-09,15.9,25.6,1506,18.6,포천(동두천)
2023-05-09,14.6,22.7,1407,19.4,해남
2023-05-10,16.6,26.1,1538,20.0,논산(부여)
2023-05-10,16.5,22.8,1323,20.4,무안(목포)
2023-05-10,19.0,26.2,1442,24.0,상주
2023-05-10,15.2,19.9,1111,19.1,신안
2023-05-10,19.0,23.0,1156,24.6,제주
2023-05-10,18.6,27.4,1440,22.7,창녕(밀양)
2023-05-10,12.7,20.5,1509,17.4,평창
2023-05-10,17.1,25.9,1256,18.8,포천(동두천)
2023-05-10,16.6,25.3,1401,22.7,해남
2023-05-11,17.8,27.2,1451,21.2,논산(부여)
2023-05-11,17.3,23.1,1357,21.0,무안(목포)
2023-05-11,17.7,26.3,1559,25.1,상주
2023-05-11,15.5,20.0,1412,18.3,신안
2023-05-11,18.2,21.4,1256,24.2,제주
2023-05-11,18.1,26.6,1346,22.8,창녕(밀양)
2023-05-11,12.3,17.7,1345,19.0,평창
2023-05-11,18.0,27.1,1408,21.1,포천(동두천)
2023-05-11,16.8,25.0,1147,21.7,해남
2023-05-12,17.1,24.5,1504,21.1,논산(부여)
2023-05-12,17.4,20.5,1502,20.4,무안(목포)
2023-05-12,17.9,24.8,1421,23.9,상주
2023-05-12,14.8,18.4,1127,18.1,신안
2023-05-12,17.5,20.5,1352,21.3,제주
2023-05-12,17.8,25.5,1451,21.6,창녕(밀양)
2023-05-12,13.3,20.9,1243,18.0,평창
2023-05-12,16.7,24.7,1508,20.2,포천(동두천)
2023-05-12,16.9,21.5,1127,21.1,해남
2023-05-13,18.0,24.9,1545,24.5,논산(부여)
2023-05-13,16.8,21.1,1302,22.0,무안(목포)
2023-05-13,18.9,25.6,1603,26.1,상주
2023-05-13,14.8,19.5,1252,20.1,신안
2023-05-13,15.7,18.4,1711,19.6,제주
2023-05-13,16.7,21.4,1530,20.4,창녕(밀양)
2023-05-13,12.3,19.0,1119,16.3,평창
2023-05-13,16.1,24.1,1315,20.2,포천(동두천)
2023-05-13,16.5,22.7,1245,20.6,해남
2023-05-14,16.9,25.8,1444,24.1,논산(부여)
2023-05-14,17.3,22.4,1451,22.7,무안(목포)
2023-05-14,19.1,27.0,1423,27.3,상주
2023-05-14,15.1,20.5,1236,20.3,신안
2023-05-14,17.2,21.4,1301,21.4,제주
2023-05-14,18.7,27.2,1455,24.1,창녕(밀양)
2023-05-14,13.4,19.9,1300,18.7,평창
2023-05-14,16.0,23.8,1453,20.9,포천(동두천)
2023-05-14,16.5,23.8,1421,23.9,해남
2023-05-15,18.9,28.1,1501,24.8,논산(부여)
2023-05-15,19.2,25.7,1559,21.3,무안(목포)
2023-05-15,20.3,29.0,1500,28.2,상주
2023-05-15,15.7,19.5,1336,19.3,신안
2023-05-15,18.7,26.1,1429,20.8,제주
2023-05-15,20.3,28.2,1437,25.3,창녕(밀양)
2023-05-15,15.5,23.5,1516,20.1,평창
2023-05-15,18.5,27.5,1433,22.1,포천(동두천)
2023-05-15,17.7,25.9,1527,22.6,해남
2023-05-16,21.3,29.9,1259,27.0,논산(부여)
2023-05-16,21.2,27.9,1359,27.3,무안(목포)
2023-05-16,24.1,33.0,1504,30.2,상주
2023-05-16,16.2,21.0,1156,21.5,신안
2023-05-16,20.7,26.2,1135,24.8,제주
2023-05-16,22.4,32.9,1522,27.0,창녕(밀양)
2023-05-16,20.3,27.8,1454,22.9,평창
2023-05-16,21.9,30.8,1452,25.5,포천(동두천)
2023-05-16,20.6,30.3,1407,28.1,해남
2023-05-17,21.6,30.2,1355,27.8,논산(부여)
2023-05-17,22.6,26.8,1435,28.6,무안(목포)
2023-05-17,23.9,32.8,1442,31.2,상주
2023-05-17,17.5,21.5,1250,21.9,신안
2023-05-17,21.0,25.5,1446,25.9,제주
2023-05-17,22.4,30.5,1326,27.8,창녕(밀양)
2023-05-17,20.4,27.2,1419,21.9,평창
2023-05-17,21.7,28.7,1337,26.3,포천(동두천)
2023-05-17,22.3,28.5,1429,29.6,해남
2023-05-18,19.2,22.6,1102,21.9,논산(부여)
2023-05-18,17.9,21.4,1,19.2,무안(목포)
2023-05-18,17.9,22.1,4,20.3,상주
2023-05-18,15.5,17.5,100,17.8,신안
2023-05-18,18.6,21.7,1,21.3,제주
2023-05-18,18.7,22.4,1406,19.5,창녕(밀양)
2023-05-18,15.1,19.6,1059,16.9,평창
2023-05-18,19.5,27.7,1351,23.2,포천(동두천)
2023-05-18,18.0,21.1,24,19.4,해남
2023-05-19,20.5,26.0,1655,23.9,논산(부여)
2023-05-19,19.5,23.4,1440,24.2,무안(목포)
2023-05-19,19.8,25.4,1508,26.6,상주
2023-05-19,16.5,19.3,1248,21.2,신안
2023-05-19,19.0,23.9,1528,22.8,제주
2023-05-19,19.3,22.6,1632,18.9,창녕(밀양)
2023-05-19,11.3,14.5,1558,15.2,평창
2023-05-19,19.6,27.1,1412,22.2,포천(동두천)
2023-05-19,19.3,24.2,1202,21.7,해남
2023-05-20,19.2,26.8,1332,27.1,논산(부여)
2023-05-20,18.5,23.0,1407,23.8,무안(목포)
2023-05-20,20.5,28.8,1613,29.0,상주
2023-05-20,14.7,19.0,1247,20.4,신안
2023-05-20,19.3,23.2,1401,25.1,제주
2023-05-20,19.9,27.5,1641,24.0,창녕(밀양)
2023-05-20,16.0,23.7,1404,21.6,평창
2023-05-20,19.7,26.6,1221,24.4,포천(동두천)
2023-05-20,18.4,24.6,1241,23.7,해남
2023-05-21,17.7,22.5,1319,25.2,논산(부여)
2023-05-21,15.9,19.0,1536,20.2,무안(목포)
2023-05-21,20.1,25.5,1333,28.9,상주
2023-05-21,14.9,18.4,1449,19.3,신안
2023-05-21,17.7,21.2,1353,23.3,제주
2023-05-21,22.1,30.6,1511,26.6,창녕(밀양)
2023-05-21,15.5,20.5,1504,21.1,평창
2023-05-21,17.7,23.4,1454,25.4,포천(동두천)
2023-05-21,17.2,22.1,1505,24.7,해남
2023-05-22,16.9,23.0,1550,23.1,논산(부여)
2023-05-22,16.0,19.2,1350,17.8,무안(목포)
2023-05-22,17.7,21.7,1524,22.5,상주
2023-05-22,14.7,18.1,1608,17.9,신안
2023-05-22,17.1,21.1,1638,20.0,제주
2023-05-22,17.3,20.4,1129,17.9,창녕(밀양)
2023-05-22,11.3,16.9,1318,18.1,평창
2023-05-22,19.2,26.3,1603,26.8,포천(동두천)
2023-05-22,16.0,19.9,1451,18.6,해남
2023-05-23,18.1,26.0,1405,25.0,논산(부여)
2023-05-23,17.5,22.8,1506,22.8,무안(목포)
2023-05-23,18.5,26.1,1508,28.4,상주
2023-05-23,16.1,20.1,1056,20.9,신안
2023-05-23,18.7,23.3,1610,25.3,제주
2023-05-23,18.2,26.4,1504,25.2,창녕(밀양)
2023-05-23,10.0,18.4,1130,17.8,평창
2023-05-23,18.8,27.0,1613,26.3,포천(동두천)
2023-05-23,17.5,25.1,1428,24.9,해남
2023-05-24,18.6,26.5,1328,24.2,논산(부여)
2023-05-24,18.3,22.8,1709,21.5,무안(목포)
2023-05-24,18.3,26.2,1459,26.3,상주
2023-05-24,16.9,19.8,1147,19.0,신안
2023-05-24,18.2,21.1,1113,22.0,제주
2023-05-24,19.4,27.6,1442,25.2,창녕(밀양)
2023-05-24,13.1,22.5,1315,18.4,평창
2023-05-24,18.8,26.7,1338,24.2,포천(동두천)
2023-05-24,18.2,24.0,1302,22.3,해남
2023-05-25,19.7,27.6,1431,27.4,논산(부여)
2023-05-25,20.7,24.4,1137,25.7,무안(목포)
2023-05-25,21.8,28.6,1446,32.3,상주
2023-05-25,17.3,22.5,1258,22.3,신안
2023-05-25,21.4,26.3,1144,28.5,제주
2023-05-25,20.9,27.3,1348,27.8,창녕(밀양)
2023-05-25,14.6,21.4,1342,19.3,평창
2023-05-25,19.1,27.1,1357,25.8,포천(동두천)
2023-05-25,19.7,24.8,1553,28.3,해남
2023-05-26,21.1,26.9,1527,29.0,논산(부여)
2023-05-26,21.2,24.8,1120,23.4,무안(목포)
2023-05-26,22.3,28.1,1509,30.7,상주
2023-05-26,17.7,21.2,1152,20.4,신안
2023-05-26,22.1,26.7,1520,28.9,제주
2023-05-26,20.9,25.3,1437,24.9,창녕(밀양)
2023-05-26,16.6,22.3,1551,22.9,평창
2023-05-26,19.7,25.9,1518,26.7,포천(동두천)
2023-05-26,21.5,25.9,1127,25.9,해남
2023-05-27,20.2,22.8,1403,22.2,논산(부여)
2023-05-27,22.4,25.6,1436,24.2,무안(목포)
2023-05-27,21.1,24.4,1454,27.4,상주
2023-05-27,19.2,22.8,1159,20.8,신안
2023-05-27,23.4,26.4,1202,26.3,제주
2023-05-27,23.0,27.9,1529,25.2,창녕(밀양)
2023-05-27,15.4,19.7,1014,17.0,평창
2023-05-27,17.4,19.8,1020,20.1,포천(동두천)
2023-05-27,22.3,26.3,1339,25.5,해남
2023-05-28,20.4,22.0,1634,21.1,논산(부여)
2023-05-28,22.6,25.5,1516,23.8,무안(목포)
2023-05-28,19.8,20.7,1736,21.8,상주
2023-05-28,17.9,20.6,2330,20.4,신안
2023-05-28,24.2,26.9,1308,31.7,제주
2023-05-28,22.0,23.5,1616,22.1,창녕(밀양)
2023-05-28,16.6,19.0,1324,17.7,평창
2023-05-28,18.3,19.4,1259,20.0,포천(동두천)
2023-05-28,22.9,26.1,1122,23.9,해남
2023-05-29,20.5,22.3,1750,23.0,논산(부여)
2023-05-29,20.2,22.8,13,21.2,무안(목포)
2023-05-29,20.3,22.0,1704,22.0,상주
2023-05-29,19.0,21.7,432,20.4,신안
2023-05-29,24.3,29.9,1350,30.6,제주
2023-05-29,21.1,22.7,1451,21.2,창녕(밀양)
2023-05-29,15.9,20.2,1617,20.0,평창
2023-05-29,23.0,29.5,1622,25.6,포천(동두천)
2023-05-29,20.8,22.5,1,22.3,해남
2023-05-30,22.9,28.0,1203,25.4,논산(부여)
2023-05-30,20.0,21.6,1135,21.4,무안(목포)
2023-05-30,20.1,24.9,1415,23.1,상주
2023-05-30,17.1,18.8,1147,19.4,신안
2023-05-30,21.0,23.6,1159,23.8,제주
2023-05-30,21.1,26.6,1401,23.8,창녕(밀양)
2023-05-30,12.8,16.5,1524,16.6,평창
2023-05-30,22.2,28.1,1318,24.9,포천(동두천)
2023-05-30,19.9,21.0,1113,21.1,해남
2023-05-31,22.4,28.3,1720,24.8,논산(부여)
2023-05-31,21.7,26.9,1557,24.9,무안(목포)
2023-05-31,20.3,27.5,1549,25.9,상주
2023-05-31,18.3,21.9,1511,22.5,신안
2023-05-31,20.5,24.4,1412,23.9,제주
2023-05-31,21.7,28.9,1503,25.4,창녕(밀양)
2023-05-31,15.4,22.3,1729,19.1,평창
2023-05-31,21.3,27.2,1404,24.0,포천(동두천)
2023-05-31,20.9,25.9,1539,23.7,해남
2023-06-01,22.0,27.0,1328,25.0,논산(부여)
2023-06-01,19.8,21.2,1739,20.9,무안(목포)
2023-06-01,20.1,25.5,1503,25.2,상주
2023-06-01,17.1,19.5,1134,20.1,신안
2023-06-01,20.7,25.0,946,24.2,제주
2023-06-01,16.3,19.3,1022,17.9,창녕(밀양)
2023-06-01,17.5,22.7,1435,19.7,평창
2023-06-01,21.4,26.3,1602,25.0,포천(동두천)
2023-06-01,19.6,20.7,1720,20.9,해남
2023-06-02,21.5,27.3,1417,27.0,논산(부여)
2023-06-02,20.3,23.2,1149,24.1,무안(목포)
2023-06-02,23.0,29.2,1314,28.0,상주
2023-06-02,17.8,20.6,1528,21.1,신안
2023-06-02,21.4,25.4,1353,25.2,제주
2023-06-02,23.9,31.7,1424,26.1,창녕(밀양)
2023-06-02,16.6,23.4,1314,20.0,평창
2023-06-02,19.6,26.3,1549,23.2,포천(동두천)
2023-06-02,21.7,26.9,1235,24.2,해남
2023-06-03,21.4,28.9,1543,27.0,논산(부여)
2023-06-03,20.3,24.3,1642,24.9,무안(목포)
2023-06-03,22.8,29.2,1509,29.7,상주
2023-06-03,18.4,21.5,1102,22.5,신안
2023-06-03,21.3,24.6,1353,27.7,제주
2023-06-03,22.5,29.9,1440,26.7,창녕(밀양)
2023-06-03,17.3,23.3,1311,22.6,평창
2023-06-03,21.1,28.3,1409,25.4,포천(동두천)
2023-06-03,21.2,26.1,1410,25.6,해남
2023-06-04,21.4,29.5,1411,27.4,논산(부여)
2023-06-04,20.5,24.2,1649,24.1,무안(목포)
2023-06-04,23.6,29.3,1413,31.0,상주
2023-06-04,20.9,24.4,1222,22.2,신안
2023-06-04,23.1,28.0,1453,27.2,제주
2023-06-04,22.4,30.7,1610,27.1,창녕(밀양)
2023-06-04,16.6,23.4,1401,22.0,평창
2023-06-04,20.9,27.7,1455,26.3,포천(동두천)
2023-06-04,20.4,26.0,1301,24.5,해남
2023-06-05,21.1,26.9,1317,27.4,논산(부여)
2023-06-05,20.3,23.2,1432,22.6,무안(목포)
2023-06-05,22.9,27.8,1538,30.8,상주
2023-06-05,18.2,21.4,1255,20.8,신안
2023-06-05,20.1,22.5,152,21.9,제주
2023-06-05,21.9,27.5,1209,24.0,창녕(밀양)
2023-06-05,16.6,23.2,1330,22.4,평창
2023-06-05,20.4,27.2,1259,26.8,포천(동두천)
2023-06-05,20.2,24.1,1501,23.0,해남
2023-06-06,20.5,27.5,1409,29.4,논산(부여)
2023-06-06,19.6,23.9,1534,25.7,무안(목포)
2023-06-06,22.6,28.8,1410,32.0,상주
2023-06-06,17.9,21.2,1306,23.3,신안
2023-06-06,18.5,22.3,1709,21.8,제주
2023-06-06,22.0,28.7,1546,27.9,창녕(밀양)
2023-06-06,16.9,23.1,1436,22.2,평창
2023-06-06,19.6,25.1,1308,26.0,포천(동두천)
2023-06-06,19.9,26.2,1353,24.5,해남
2023-06-07,21.1,25.9,1419,27.3,논산(부여)
2023-06-07,19.5,23.3,1501,25.6,무안(목포)
2023-06-07,22.4,27.3,1521,29.7,상주
2023-06-07,17.5,22.2,1223,22.4,신안
2023-06-07,19.8,23.4,1538,25.2,제주
2023-06-07,23.0,30.0,1505,27.4,창녕(밀양)
2023-06-07,18.4,24.8,1432,24.5,평창
2023-06-07,20.8,24.5,1054,25.2,포천(동두천)
2023-06-07,19.7,25.7,1441,26.9,해남
2023-06-08,21.5,27.1,1441,27.8,논산(부여)
2023-06-08,22.1,26.7,1426,27.4,무안(목포)
2023-06-08,22.9,30.2,1458,30.1,상주
2023-06-08,18.3,22.6,1208,23.7,신안
2023-06-08,21.2,26.2,1455,26.9,제주
2023-06-08,22.6,29.0,1529,27.6,창녕(밀양)
2023-06-08,19.0,25.5,1236,22.0,평창
2023-06-08,19.5,23.0,1625,23.2,포천(동두천)
2023-06-08,21.8,26.5,1319,30.9,해남
2023-06-09,22.8,29.3,1516,29.0,논산(부여)
2023-06-09,22.4,27.7,1632,28.8,무안(목포)
2023-06-09,23.3,30.1,1509,30.9,상주
2023-06-09,19.7,24.5,1225,24.9,신안
2023-06-09,22.3,26.5,917,29.0,제주
2023-06-09,23.4,31.1,1448,28.7,창녕(밀양)
2023-06-09,16.2,22.8,1459,20.3,평창
2023-06-09,20.5,26.9,1514,24.8,포천(동두천)
2023-06-09,22.5,28.8,1447,29.9,해남
2023-06-10,23.1,30.2,1428,27.8,논산(부여)
2023-06-10,23.4,28.5,1157,28.0,무안(목포)
2023-06-10,21.2,31.3,1501,31.5,상주
2023-06-10,19.3,24.9,726,22.2,신안
2023-06-10,23.8,30.0,1501,30.9,제주
2023-06-10,24.5,29.9,1532,31.0,창녕(밀양)
2023-06-10,16.6,23.7,1208,20.2,평창
2023-06-10,20.1,27.5,1247,22.6,포천(동두천)
2023-06-10,23.3,27.3,936,31.9,해남
2023-06-11,23.0,28.7,1535,30.5,논산(부여)
2023-06-11,22.6,26.0,1405,29.2,무안(목포)
2023-06-11,22.1,30.0,1524,30.4,상주
2023-06-11,19.2,22.9,1244,23.8,신안
2023-06-11,21.9,25.3,1338,29.5,제주
2023-06-11,23.9,29.8,1506,29.6,창녕(밀양)
2023-06-11,15.5,23.0,1201,18.6,평창
2023-06-11,20.8,27.0,1533,25.3,포천(동두천)
2023-06-11,23.3,27.9,1252,30.6,해남
2023-06-12,22.3,29.4,1506,31.6,논산(부여)
2023-06-12,21.9,26.0,1514,29.3,무안(목포)
2023-06-12,23.5,30.2,1455,29.8,상주
2023-06-12,18.9,22.6,1211,24.8,신안
2023-06-12,22.2,25.2,1414,30.8,제주
2023-06-12,23.6,31.2,1428,30.4,창녕(밀양)
2023-06-12,15.5,20.9,1019,20.2,평창
2023-06-12,20.8,26.3,1337,24.1,포천(동두천)
2023-06-12,-99.0,29.1,1454,34.1,해남
2023-06-13,21.9,28.9,1325,31.4,논산(부여)
2023-06-13,21.9,26.4,1242,29.1,무안(목포)
2023-06-13,23.2,29.8,1626,28.8,상주
2023-06-13,19.5,23.1,1028,24.5,신안
2023-06-13,21.5,25.0,1540,27.9,제주
2023-06-13,22.6,29.6,1515,25.8,창녕(밀양)
2023-06-13,16.7,23.3,1357,21.5,평창
2023-06-13,20.5,26.0,1343,25.9,포천(동두천)
2023-06-14,21.3,28.2,1521,31.2,논산(부여)
2023-06-14,21.8,26.5,1430,28.7,무안(목포)
2023-06-14,20.3,28.7,1252,25.0,상주
2023-06-14,20.2,24.1,1210,25.0,신안
2023-06-14,22.7,26.5,1615,29.7,제주
2023-06-14,21.5,30.1,1410,25.0,창녕(밀양)
2023-06-14,13.4,19.2,953,18.4,평창
2023-06-14,19.5,26.8,1437,23.7,포천(동두천)
2023-06-15,21.3,28.6,1553,31.0,논산(부여)
2023-06-15,21.5,26.1,1614,29.6,무안(목포)
2023-06-15,21.2,28.2,1430,28.4,상주
2023-06-15,19.9,23.7,1202,25.7,신안
2023-06-15,22.3,26.1,1448,32.4,제주
2023-06-15,21.3,27.1,1343,24.4,창녕(밀양)
2023-06-15,16.0,20.5,1744,19.4,평창
2023-06-15,21.7,28.5,1518,25.4,포천(동두천)
2023-06-16,23.0,31.2,1556,32.8,논산(부여)
2023-06-16,22.3,27.6,1634,30.4,무안(목포)
2023-06-16,24.6,32.1,1507,30.9,상주
2023-06-16,20.3,25.7,1319,24.7,신안
2023-06-16,22.3,26.0,1440,31.7,제주
2023-06-16,24.5,31.8,1645,28.5,창녕(밀양)
2023-06-16,20.4,27.4,1406,25.0,평창
2023-06-16,22.7,29.0,1501,27.2,포천(동두천)
2023-06-17,24.4,31.8,1415,33.4,논산(부여)
2023-06-17,22.7,27.9,1457,30.2,무안(목포)
2023-06-17,26.9,33.4,1342,36.0,상주
2023-06-17,20.3,25.7,1223,25.3,신안
2023-06-17,23.0,27.1,1602,32.8,제주
2023-06-17,25.5,33.9,1400,29.3,창녕(밀양)
2023-06-17,22.0,29.7,1249,26.9,평창
2023-06-17,22.9,29.6,1418,27.8,포천(동두천)
2023-06-17,-99.0,30.2,1450,38.2,해남
2023-06-18,24.8,32.4,1529,34.1,논산(부여)
2023-06-18,23.2,28.1,1331,30.5,무안(목포)
2023-06-18,27.0,34.2,1544,33.5,상주
2023-06-18,21.0,24.6,932,24.8,신안
2023-06-18,23.4,26.4,1302,27.4,제주
2023-06-18,26.1,33.7,1507,31.4,창녕(밀양)
2023-06-18,20.4,26.6,955,26.7,평창
2023-06-18,24.6,32.0,1609,30.0,포천(동두천)
2023-06-18,23.2,28.9,1227,29.1,해남
2023-06-19,25.6,34.6,1423,33.1,논산(부여)
2023-06-19,24.7,31.6,1328,31.7,무안(목포)
2023-06-19,25.9,33.5,1552,33.9,상주
2023-06-19,20.8,25.9,1202,25.7,신안
2023-06-19,24.4,29.9,1400,31.4,제주
2023-06-19,25.4,32.1,1409,32.4,창녕(밀양)
2023-06-19,18.8,23.7,1304,27.4,평창
2023-06-19,26.6,33.0,1505,31.4,포천(동두천)
2023-06-19,23.6,29.5,1209,31.6,해남
2023-06-20,23.5,27.3,1517,28.9,논산(부여)
2023-06-20,22.1,26.2,953,25.2,무안(목포)
2023-06-20,23.0,27.6,1615,31.0,상주
2023-06-20,18.3,20.0,812,21.4,신안
2023-06-20,24.8,27.4,1427,28.7,제주
2023-06-20,24.0,30.5,1346,28.8,창녕(밀양)
2023-06-20,16.5,20.5,1221,21.8,평창
2023-06-20,22.9,25.3,1,25.3,포천(동두천)
2023-06-20,21.8,25.6,1100,23.6,해남
2023-06-21,21.7,25.2,1522,24.7,논산(부여)
2023-06-21,21.3,22.3,58,22.3,무안(목포)
2023-06-21,19.8,21.6,1823,22.7,상주
2023-06-21,20.0,22.6,1635,22.3,신안
2023-06-21,22.3,23.8,1140,23.4,제주
2023-06-21,21.6,23.7,1905,22.9,창녕(밀양)
2023-06-21,15.4,18.5,1231,18.2,평창
2023-06-21,19.0,21.6,1710,22.4,포천(동두천)
2023-06-21,21.8,23.6,1312,23.4,해남
2023-06-22,22.3,27.8,1604,29.0,논산(부여)
2023-06-22,22.0,25.5,1518,26.4,무안(목포)
2023-06-22,23.1,28.4,1555,25.9,상주
2023-06-22,21.4,25.2,1148,27.2,신안
2023-06-22,23.3,27.3,1431,29.7,제주
2023-06-22,24.7,29.3,1528,28.1,창녕(밀양)
2023-06-22,16.9,21.9,1237,19.1,평창
2023-06-22,20.6,25.5,1335,23.9,포천(동두천)
2023-06-22,22.6,27.2,1502,26.4,해남
2023-06-23,24.6,31.4,1509,33.4,논산(부여)
2023-06-23,23.7,28.2,1554,28.7,무안(목포)
2023-06-23,25.2,31.6,1653,30.8,상주
2023-06-23,21.2,25.7,1510,28.4,신안
2023-06-23,23.5,26.0,1910,31.1,제주
2023-06-23,24.4,30.5,1259,27.8,창녕(밀양)
2023-06-23,16.4,21.3,1259,24.5,평창
2023-06-23,22.5,28.8,1609,25.2,포천(동두천)
2023-06-23,23.7,30.4,1318,26.7,해남
2023-06-24,26.0,32.5,1523,34.1,논산(부여)
2023-06-24,24.1,28.4,1416,28.3,무안(목포)
2023-06-24,25.5,32.0,1542,32.4,상주
2023-06-24,20.2,23.4,1046,26.2,신안
2023-06-24,25.3,29.8,1411,31.1,제주
2023-06-24,24.2,31.5,1429,29.9,창녕(밀양)
2023-06-24,18.6,25.4,1407,28.3,평창
2023-06-24,24.9,30.7,1410,27.3,포천(동두천)
2023-06-24,23.4,27.0,1324,27.3,해남
2023-06-25,26.1,33.4,1502,33.8,논산(부여)
2023-06-25,22.1,24.4,1039,24.5,무안(목포)
2023-06-25,25.2,30.9,1504,32.4,상주
2023-06-25,19.5,21.8,1025,22.2,신안
2023-06-25,23.0,25.4,1553,23.3,제주
2023-06-25,23.2,29.1,1510,27.3,창녕(밀양)
2023-06-25,20.5,27.4,1423,29.5,평창
2023-06-25,26.4,32.0,1439,29.3,포천(동두천)
2023-06-25,21.9,23.1,1144,23.2,해남
2023-06-26,24.1,26.7,1641,25.6,논산(부여)
2023-06-26,24.1,25.0,1338,24.2,무안(목포)
2023-06-26,22.4,24.7,1740,24.9,상주
2023-06-26,20.3,22.2,1223,22.6,신안
2023-06-26,28.5,31.0,1233,26.6,제주
2023-06-26,24.8,28.7,1455,25.4,창녕(밀양)
2023-06-26,18.9,23.4,1630,20.6,평창
2023-06-26,22.9,26.5,46,24.1,포천(동두천)
2023-06-26,24.7,26.1,1336,24.6,해남
2023-06-27,25.8,30.5,1541,30.1,논산(부여)
2023-06-27,24.2,28.1,1517,26.2,무안(목포)
2023-06-27,26.6,31.5,1450,30.2,상주
2023-06-27,21.5,23.5,158,25.7,신안
2023-06-27,27.3,29.3,1054,26.8,제주
2023-06-27,26.8,31.0,1122,29.3,창녕(밀양)
2023-06-27,21.5,24.0,1523,23.5,평창
2023-06-27,23.1,27.3,1259,25.5,포천(동두천)
2023-06-27,24.4,26.3,1232,25.6,해남
2023-06-28,23.9,26.0,1631,26.4,논산(부여)
2023-06-28,23.3,24.5,328,24.1,무안(목포)
2023-06-28,24.5,30.0,1548,29.3,상주
2023-06-28,22.5,26.4,1300,27.0,신안
2023-06-28,28.6,31.2,1505,28.8,제주
2023-06-28,24.1,29.1,1551,26.9,창녕(밀양)
2023-06-28,22.4,26.1,1439,26.1,평창
2023-06-28,25.0,29.4,1533,28.6,포천(동두천)
2023-06-28,23.5,24.5,121,24.7,해남
2023-06-29,24.5,25.6,903,25.2,논산(부여)
2023-06-29,24.3,25.7,1352,24.6,무안(목포)
2023-06-29,24.7,26.7,908,27.0,상주
2023-06-29,23.2,28.8,1532,26.2,신안
2023-06-29,28.1,31.4,1340,30.5,제주
2023-06-29,25.7,28.7,1035,26.1,창녕(밀양)
2023-06-29,21.0,22.5,1121,21.6,평창
2023-06-29,23.5,25.0,1,24.9,포천(동두천)
2023-06-29,24.5,25.6,711,24.9,해남
2023-06-30,24.1,26.7,1513,26.4,논산(부여)
2023-06-30,23.7,25.6,1243,24.4,무안(목포)
2023-06-30,24.4,26.1,1515,26.9,상주
2023-06-30,22.1,24.6,1345,24.9,신안
2023-06-30,25.8,28.0,319,25.3,제주
2023-06-30,25.4,27.7,1436,25.9,창녕(밀양)
2023-06-30,18.0,21.2,13,20.9,평창
2023-06-30,24.5,30.1,1607,28.4,포천(동두천)
2023-06-30,23.5,26.4,1021,24.4,해남
2023-07-01,26.4,32.6,1523,29.0,논산(부여)
2023-07-01,24.4,28.5,1510,27.7,무안(목포)
2023-07-01,26.5,32.0,1709,30.1,상주
2023-07-01,22.2,25.8,1309,27.5,신안
2023-07-01,25.4,28.4,1452,27.6,제주
2023-07-01,25.7,30.8,1528,28.0,창녕(밀양)
2023-07-01,22.7,29.8,1609,26.3,평창
2023-07-01,26.6,32.4,1517,30.2,포천(동두천)
2023-07-01,24.3,30.1,1319,26.1,해남
2023-07-02,26.8,32.3,1548,29.9,논산(부여)
2023-07-02,25.5,29.8,1429,27.3,무안(목포)
2023-07-02,27.8,32.7,1350,30.2,상주
2023-07-02,21.9,25.4,1458,26.4,신안
2023-07-02,26.0,28.7,1616,29.2,제주
2023-07-02,27.2,33.7,1548,31.3,창녕(밀양)
2023-07-02,23.0,28.8,1603,26.1,평창
2023-07-02,25.8,29.9,1457,29.6,포천(동두천)
2023-07-02,24.9,29.5,1407,27.2,해남
2023-07-03,27.5,32.8,1342,31.3,논산(부여)
2023-07-03,25.7,29.3,1150,26.4,무안(목포)
2023-07-03,27.3,33.0,1603,31.3,상주
2023-07-03,21.2,22.5,215,24.5,신안
2023-07-03,25.1,26.7,1531,26.5,제주
2023-07-03,27.1,31.9,1459,31.1,창녕(밀양)
2023-07-03,21.2,26.4,1123,28.5,평창
2023-07-03,27.3,33.4,1515,31.0,포천(동두천)
2023-07-03,24.9,27.9,1118,27.0,해남
2023-07-04,24.6,25.7,126,26.3,논산(부여)
2023-07-04,24.5,25.7,1644,25.3,무안(목포)
2023-07-04,24.4,27.2,1047,27.1,상주
2023-07-04,20.9,22.5,2353,22.9,신안
2023-07-04,27.1,31.9,1522,28.6,제주
2023-07-04,25.2,29.0,1204,27.0,창녕(밀양)
2023-07-04,21.9,27.7,1453,28.4,평창
2023-07-04,25.1,28.8,1100,27.3,포천(동두천)
2023-07-04,24.1,25.0,1704,25.6,해남
2023-07-05,24.5,28.5,1338,28.0,논산(부여)
2023-07-05,24.5,27.3,1636,27.6,무안(목포)
2023-07-05,25.1,29.5,1629,28.3,상주
2023-07-05,23.4,26.6,1325,27.2,신안
2023-07-05,26.6,30.4,303,28.0,제주
2023-07-05,27.3,32.3,1525,30.4,창녕(밀양)
2023-07-05,21.3,24.5,1449,23.4,평창
2023-07-05,23.5,27.6,1406,27.1,포천(동두천)
2023-07-05,24.8,29.1,1323,26.8,해남
2023-07-06,25.7,31.8,1501,29.0,논산(부여)
2023-07-06,25.4,30.4,1402,27.9,무안(목포)
2023-07-06,25.7,33.2,1536,29.8,상주
2023-07-06,21.8,25.4,1131,26.1,신안
2023-07-06,24.9,27.5,1553,30.7,제주
2023-07-06,26.6,34.1,1558,29.4,창녕(밀양)
2023-07-06,21.9,26.2,1417,21.9,평창
2023-07-06,26.2,31.5,1402,28.7,포천(동두천)
2023-07-06,25.3,31.8,1306,28.0,해남
2023-07-07,21.7,25.5,1018,23.6,논산(부여)
2023-07-07,24.3,26.2,1752,24.5,무안(목포)
2023-07-07,20.6,25.1,1024,23.9,상주
2023-07-07,21.5,25.7,1615,23.4,신안
2023-07-07,27.1,31.5,1423,28.1,제주
2023-07-07,22.1,25.3,45,23.8,창녕(밀양)
2023-07-07,20.0,26.5,1245,22.7,평창
2023-07-07,25.6,33.1,1427,29.1,포천(동두천)
2023-07-07,24.9,26.4,1537,25.0,해남
2023-07-08,24.0,30.0,1606,27.9,논산(부여)
2023-07-08,25.8,29.0,1354,26.9,무안(목포)
2023-07-08,23.5,28.8,1548,27.4,상주
2023-07-08,22.5,26.3,1102,26.6,신안
2023-07-08,26.2,29.5,1726,26.1,제주
2023-07-08,23.6,25.8,1609,24.8,창녕(밀양)
2023-07-08,17.4,22.1,1045,21.2,평창
2023-07-08,25.1,31.3,1401,29.6,포천(동두천)
2023-07-08,25.4,27.2,1441,26.3,해남
2023-07-09,26.3,30.1,1418,28.0,논산(부여)
2023-07-09,26.1,28.6,1521,28.0,무안(목포)
2023-07-09,25.1,28.8,1344,27.3,상주
2023-07-09,22.9,26.5,2231,26.3,신안
2023-07-09,29.5,33.0,1244,28.6,제주
2023-07-09,26.5,30.0,1404,27.4,창녕(밀양)
2023-07-09,20.6,25.4,1131,21.4,평창
2023-07-09,23.7,26.2,839,26.4,포천(동두천)
2023-07-09,26.0,27.9,1658,26.5,해남
2023-07-10,26.9,31.5,1456,30.3,논산(부여)
2023-07-10,26.1,30.3,1411,28.7,무안(목포)
2023-07-10,26.0,31.8,1634,28.7,상주
2023-07-10,22.5,26.8,1305,27.2,신안
2023-07-10,29.1,37.3,1321,31.4,제주
2023-07-10,27.8,31.5,1208,28.0,창녕(밀양)
2023-07-10,22.4,26.8,1455,23.0,평창
2023-07-10,26.1,30.1,1505,28.4,포천(동두천)
2023-07-10,26.9,29.9,1500,28.6,해남
2023-07-11,24.2,26.7,1531,26.5,논산(부여)
2023-07-11,25.3,26.9,1023,25.9,무안(목포)
2023-07-11,23.5,26.3,1205,25.7,상주
2023-07-11,21.9,24.9,952,24.9,신안
2023-07-11,30.2,33.6,1302,35.2,제주
2023-07-11,25.3,30.3,1300,25.7,창녕(밀양)
2023-07-11,19.8,24.2,854,21.3,평창
2023-07-11,22.3,25.2,816,24.2,포천(동두천)
2023-07-11,26.1,27.1,1211,26.5,해남
2023-07-12,26.3,30.2,1525,28.8,논산(부여)
2023-07-12,25.6,27.2,1757,26.4,무안(목포)
2023-07-12,26.5,32.4,1451,29.1,상주
2023-07-12,22.5,25.4,1428,27.0,신안
2023-07-12,30.2,35.1,1639,39.0,제주
2023-07-12,26.5,30.1,1425,26.9,창녕(밀양)
2023-07-12,21.9,25.5,1710,24.5,평창
2023-07-12,24.6,28.7,1557,27.5,포천(동두천)
2023-07-12,26.0,27.5,1332,26.4,해남
2023-07-13,25.6,26.3,1338,26.6,논산(부여)
2023-07-13,25.9,27.1,1222,25.8,무안(목포)
2023-07-13,25.3,26.8,1541,27.7,상주
2023-07-13,22.0,22.9,2105,24.2,신안
2023-07-13,29.7,32.5,1211,32.6,제주
2023-07-13,27.0,28.8,1503,27.3,창녕(밀양)
2023-07-13,21.1,23.7,1143,21.7,평창
2023-07-13,24.2,25.8,1054,25.5,포천(동두천)
2023-07-13,26.9,27.9,1126,26.3,해남
2023-07-14,25.1,25.9,117,25.2,논산(부여)
2023-07-14,26.6,27.7,1344,25.8,무안(목포)
2023-07-14,24.6,25.2,1625,25.9,상주
2023-07-14,24.6,26.9,1344,25.9,신안
2023-07-14,30.4,32.9,1257,33.6,제주
2023-07-14,26.7,27.9,1107,25.5,창녕(밀양)
2023-07-14,22.2,24.7,1335,22.5,평창
2023-07-14,24.1,25.2,1140,24.8,포천(동두천)
2023-07-14,26.7,27.4,1349,25.7,해남
2023-07-15,23.8,25.9,1218,24.2,논산(부여)
2023-07-15,25.0,27.2,304,24.8,무안(목포)
2023-07-15,23.9,26.6,1216,26.0,상주
2023-07-15,23.3,25.0,722,24.8,신안
2023-07-15,30.8,33.5,1357,34.5,제주
2023-07-15,27.6,30.7,1449,28.0,창녕(밀양)
2023-07-15,21.4,23.4,1446,22.5,평창
2023-07-15,24.1,25.3,1154,24.7,포천(동두천)
2023-07-15,25.6,27.7,1158,25.8,해남
2023-07-16,24.6,27.8,1620,26.5,논산(부여)
2023-07-16,23.8,28.0,1621,25.4,무안(목포)
2023-07-16,24.7,28.2,1530,27.6,상주
2023-07-16,21.5,24.1,1438,24.1,신안
2023-07-16,28.2,32.1,1032,30.1,제주
2023-07-16,23.9,25.4,1554,25.1,창녕(밀양)
2023-07-16,21.1,24.2,1624,21.0,평창
2023-07-16,23.5,26.2,1229,24.9,포천(동두천)
2023-07-16,24.1,28.7,1517,26.1,해남
2023-07-17,26.1,30.8,1606,28.2,논산(부여)
2023-07-17,25.4,30.3,1307,27.0,무안(목포)
2023-07-17,26.5,32.2,1454,30.6,상주
2023-07-17,23.5,28.5,1356,26.3,신안
2023-07-17,27.8,31.4,1002,32.4,제주
2023-07-17,26.3,31.8,1454,29.2,창녕(밀양)
2023-07-17,22.0,25.7,1139,23.3,평창
2023-07-17,23.6,26.4,1625,25.4,포천(동두천)
2023-07-17,26.7,32.2,1403,28.8,해남
2023-07-18,23.6,25.2,1845,24.9,논산(부여)
2023-07-18,24.8,26.2,1457,26.4,무안(목포)
2023-07-18,23.4,25.4,1038,25.7,상주
2023-07-18,22.3,25.5,1539,24.4,신안
2023-07-18,27.5,30.9,1510,28.5,제주
2023-07-18,25.1,26.3,1040,26.2,창녕(밀양)
2023-07-18,19.8,21.1,1120,21.0,평창
2023-07-18,24.6,27.7,1656,26.9,포천(동두천)
2023-07-18,25.2,29.3,1359,26.8,해남
2023-07-19,26.2,32.7,1535,29.5,논산(부여)
2023-07-19,25.1,28.1,1302,27.7,무안(목포)
2023-07-19,26.1,32.5,1559,31.1,상주
2023-07-19,23.1,25.7,1344,26.7,신안
2023-07-19,25.4,27.8,1602,27.0,제주
2023-07-19,25.9,30.8,1526,29.7,창녕(밀양)
2023-07-19,21.0,27.4,1328,26.9,평창
2023-07-19,26.3,31.8,1520,29.9,포천(동두천)
2023-07-19,24.9,29.5,1549,27.4,해남
2023-07-20,26.2,32.0,1636,28.8,논산(부여)
2023-07-20,25.0,28.1,1351,26.9,무안(목포)
2023-07-20,27.3,32.7,1439,31.4,상주
2023-07-20,22.8,25.4,1326,26.2,신안
2023-07-20,26.0,27.6,1334,27.1,제주
2023-07-20,27.2,33.5,1438,30.1,창녕(밀양)
2023-07-20,21.6,28.2,1149,26.9,평창
2023-07-20,26.8,32.4,1429,30.8,포천(동두천)
2023-07-20,24.8,29.0,1417,27.4,해남
2023-07-21,27.3,34.3,1521,30.5,논산(부여)
2023-07-21,26.2,30.5,1209,27.0,무안(목포)
2023-07-21,26.6,33.1,1622,31.2,상주
2023-07-21,22.8,25.6,1019,25.9,신안
2023-07-21,27.6,30.5,1025,28.2,제주
2023-07-21,27.0,32.9,1510,31.7,창녕(밀양)
2023-07-21,21.8,27.7,1301,28.4,평창
2023-07-21,27.6,33.3,1528,31.9,포천(동두천)
2023-07-21,25.6,28.7,1532,27.7,해남
2023-07-22,24.6,29.3,1032,26.6,논산(부여)
2023-07-22,24.4,25.8,2122,24.3,무안(목포)
2023-07-22,25.3,30.4,1340,30.0,상주
2023-07-22,22.3,23.8,1737,23.5,신안
2023-07-22,26.7,29.6,1348,26.2,제주
2023-07-22,24.9,29.4,1550,29.7,창녕(밀양)
2023-07-22,22.9,29.2,1429,28.8,평창
2023-07-22,26.5,33.4,1335,30.5,포천(동두천)
2023-07-22,24.5,25.9,2023,25.4,해남
2023-07-23,24.9,25.9,633,25.6,논산(부여)
2023-07-23,26.0,27.4,934,26.3,무안(목포)
2023-07-23,26.4,29.2,1409,28.4,상주
2023-07-23,23.4,25.7,1314,24.9,신안
2023-07-23,29.3,31.8,1404,28.4,제주
2023-07-23,27.1,30.5,1418,29.1,창녕(밀양)
2023-07-23,22.5,25.7,1040,23.0,평창
2023-07-23,24.2,25.6,1657,25.9,포천(동두천)
2023-07-23,26.9,29.4,923,26.5,해남
2023-07-24,26.0,30.1,1644,28.6,논산(부여)
2023-07-24,24.7,28.3,1645,25.7,무안(목포)
2023-07-24,26.0,28.8,1438,28.5,상주
2023-07-24,23.3,26.4,956,25.9,신안
2023-07-24,27.6,30.4,1357,27.3,제주
2023-07-24,26.2,31.6,1319,26.8,창녕(밀양)
2023-07-24,22.6,26.3,1521,24.0,평창
2023-07-24,26.1,30.0,1425,29.0,포천(동두천)
2023-07-24,25.9,29.3,1547,27.1,해남
2023-07-25,25.3,29.7,1441,28.3,논산(부여)
2023-07-25,27.1,29.8,1318,27.8,무안(목포)
2023-07-25,25.1,31.5,1308,28.6,상주
2023-07-25,23.5,26.8,1432,26.1,신안
2023-07-25,27.4,29.5,1737,27.6,제주
2023-07-25,27.3,32.3,1200,29.5,창녕(밀양)
2023-07-25,23.2,27.1,1255,24.3,평창
2023-07-25,26.4,30.5,1330,29.5,포천(동두천)
2023-07-25,27.2,31.3,1428,29.0,해남
2023-07-26,26.0,32.2,1551,29.9,논산(부여)
2023-07-26,27.8,30.8,1115,28.9,무안(목포)
2023-07-26,25.2,32.7,1530,30.9,상주
2023-07-26,24.7,28.6,1400,29.2,신안
2023-07-26,29.3,33.0,1433,32.5,제주
2023-07-26,27.4,31.6,1632,29.9,창녕(밀양)
2023-07-26,22.6,28.9,1528,26.8,평창
2023-07-26,25.1,29.6,1701,29.2,포천(동두천)
2023-07-26,27.9,31.5,1424,31.3,해남
2023-07-27,27.5,33.3,1428,31.8,논산(부여)
2023-07-27,28.6,32.4,1505,29.6,무안(목포)
2023-07-27,26.7,33.2,1531,31.5,상주
2023-07-27,24.9,28.6,1440,30.3,신안
2023-07-27,30.0,34.0,1238,32.0,제주
2023-07-27,28.4,35.0,1419,32.6,창녕(밀양)
2023-07-27,24.1,29.1,1415,28.9,평창
2023-07-27,27.5,32.1,1505,31.2,포천(동두천)
2023-07-27,28.3,32.1,1347,31.1,해남
2023-07-28,28.3,34.0,1534,32.2,논산(부여)
2023-07-28,27.9,31.6,1413,28.7,무안(목포)
2023-07-28,27.7,33.7,1439,31.4,상주
2023-07-28,24.5,28.2,1328,28.2,신안
2023-07-28,28.9,32.1,1029,29.3,제주
2023-07-28,29.2,35.1,1351,34.7,창녕(밀양)
2023-07-28,24.6,31.1,1513,31.0,평창
2023-07-28,27.4,33.0,1351,29.5,포천(동두천)
2023-07-28,27.6,31.2,1423,31.1,해남
2023-07-29,28.9,34.4,1436,34.1,논산(부여)
2023-07-29,29.1,32.7,1456,30.3,무안(목포)
2023-07-29,28.7,34.5,1523,32.9,상주
2023-07-29,25.2,27.9,1250,28.5,신안
2023-07-29,30.5,34.9,1612,32.1,제주
2023-07-29,29.4,36.6,1545,35.7,창녕(밀양)
2023-07-29,24.1,31.6,1436,31.1,평창
2023-07-29,27.3,32.0,1234,31.2,포천(동두천)
2023-07-29,28.4,32.6,1327,32.9,해남
2023-07-30,28.2,34.0,1409,33.1,논산(부여)
2023-07-30,28.8,32.8,1358,34.2,무안(목포)
2023-07-30,29.0,34.4,1450,34.9,상주
2023-07-30,25.8,28.9,1339,31.0,신안
2023-07-30,30.0,34.1,1302,32.5,제주
2023-07-30,29.2,35.5,1339,36.5,창녕(밀양)
2023-07-30,23.8,30.5,1303,32.4,평창
2023-07-30,28.1,33.5,1431,31.5,포천(동두천)
2023-07-30,27.7,32.5,1246,32.5,해남
2023-07-31,27.8,32.6,1444,32.8,논산(부여)
2023-07-31,28.5,32.1,1351,35.1,무안(목포)
2023-07-31,28.4,33.3,1434,34.8,상주
2023-07-31,26.2,29.7,1354,31.5,신안
2023-07-31,29.7,32.7,1718,37.1,제주
2023-07-31,28.9,35.9,1419,34.8,창녕(밀양)
2023-07-31,23.6,29.3,1241,31.2,평창
2023-07-31,27.9,32.5,1310,32.1,포천(동두천)
2023-07-31,27.7,33.5,1403,30.4,해남
2023-08-01,29.2,35.0,1458,35.8,논산(부여)
2023-08-01,29.0,34.0,1510,35.4,무안(목포)
2023-08-01,28.8,34.2,1526,35.2,상주
2023-08-01,26.3,29.6,1244,31.8,신안
2023-08-01,29.0,31.1,1225,34.6,제주
2023-08-01,28.9,35.7,1416,37.2,창녕(밀양)
2023-08-01,24.0,31.1,1334,32.2,평창
2023-08-01,28.6,33.5,1351,33.4,포천(동두천)
2023-08-01,28.1,34.0,1301,32.5,해남
2023-08-02,29.1,34.7,1536,34.7,논산(부여)
2023-08-02,29.2,33.5,1415,36.6,무안(목포)
2023-08-02,29.1,35.0,1513,36.3,상주
2023-08-02,27.1,30.2,1322,35.1,신안
2023-08-02,30.2,33.8,1725,38.4,제주
2023-08-02,29.6,36.2,1553,36.7,창녕(밀양)
2023-08-02,24.8,30.0,1410,29.1,평창
2023-08-02,27.6,32.9,1601,32.5,포천(동두천)
2023-08-02,28.8,35.5,1454,34.4,해남
2023-08-03,28.9,34.6,1330,34.5,논산(부여)
2023-08-03,29.9,34.3,1337,36.5,무안(목포)
2023-08-03,30.2,35.4,1513,39.2,상주
2023-08-03,26.9,30.9,1258,36.9,신안
2023-08-03,31.0,34.8,1451,38.6,제주
2023-08-03,29.8,36.9,1349,36.1,창녕(밀양)
2023-08-03,24.6,29.3,1429,31.6,평창
2023-08-03,27.4,32.4,1314,33.0,포천(동두천)
2023-08-03,28.6,33.8,1405,35.0,해남
2023-08-04,29.7,35.5,1457,38.0,논산(부여)
2023-08-04,29.5,33.9,1314,35.0,무안(목포)
2023-08-04,30.0,35.2,1444,38.2,상주
2023-08-04,27.0,30.3,1206,37.7,신안
2023-08-04,30.7,34.2,1259,40.1,제주
2023-08-04,30.2,35.7,1530,38.6,창녕(밀양)
2023-08-04,25.0,29.8,1530,29.6,평창
2023-08-04,27.9,32.9,1505,33.9,포천(동두천)
2023-08-04,28.6,32.9,1251,33.8,해남
2023-08-05,29.8,35.2,1417,37.5,논산(부여)
2023-08-05,29.1,34.4,1422,35.4,무안(목포)
2023-08-05,30.0,35.7,1454,39.0,상주
2023-08-05,26.5,30.2,1451,37.6,신안
2023-08-05,30.2,33.3,1637,39.4,제주
2023-08-05,30.8,37.8,1443,40.2,창녕(밀양)
2023-08-05,25.6,31.8,1446,33.7,평창
2023-08-05,28.2,33.4,1503,33.9,포천(동두천)
2023-08-05,29.1,36.0,1406,34.2,해남
2023-08-06,29.8,36.2,1509,38.0,논산(부여)
2023-08-06,28.6,33.4,1408,35.3,무안(목포)
2023-08-06,30.0,35.7,1611,38.8,상주
2023-08-06,26.4,29.6,1316,37.3,신안
2023-08-06,30.0,32.8,1416,38.9,제주
2023-08-06,30.5,36.1,1624,37.6,창녕(밀양)
2023-08-06,23.1,27.5,1223,29.1,평창
2023-08-06,28.5,32.6,1703,33.7,포천(동두천)
2023-08-06,28.8,35.2,1332,33.8,해남
2023-08-07,29.6,35.8,1628,34.8,논산(부여)
2023-08-07,28.4,33.3,1311,34.7,무안(목포)
2023-08-07,29.3,36.0,1523,39.0,상주
2023-08-07,26.6,29.6,1130,37.9,신안
2023-08-07,30.5,33.1,1526,39.6,제주
2023-08-07,30.3,36.0,1527,39.7,창녕(밀양)
2023-08-07,21.3,23.7,1000,25.2,평창
2023-08-07,28.3,33.6,1528,34.4,포천(동두천)
2023-08-07,27.7,35.0,1322,29.0,해남
2023-08-08,29.7,35.4,1611,35.8,논산(부여)
2023-08-08,28.8,34.2,1159,38.5,무안(목포)
2023-08-08,29.0,33.9,1222,36.6,상주
2023-08-08,26.9,30.4,1420,38.6,신안
2023-08-08,29.7,32.5,1458,37.8,제주
2023-08-08,29.4,33.8,1529,36.8,창녕(밀양)
2023-08-08,19.3,21.2,1445,23.9,평창
2023-08-08,28.6,34.3,1441,35.4,포천(동두천)
2023-08-08,29.1,35.5,1452,31.3,해남
2023-08-09,27.3,31.8,1147,31.4,논산(부여)
2023-08-09,27.7,30.5,1153,29.8,무안(목포)
2023-08-09,25.6,29.3,1130,28.4,상주
2023-08-09,25.9,28.9,1551,34.5,신안
2023-08-09,27.3,29.0,105,27.7,제주
2023-08-09,26.2,27.9,833,26.7,창녕(밀양)
2023-08-09,18.5,19.7,2127,20.8,평창
2023-08-09,25.5,31.0,1054,29.3,포천(동두천)
2023-08-09,27.0,30.4,938,28.6,해남
2023-08-10,22.5,24.1,140,23.8,논산(부여)
2023-08-10,25.1,26.6,1430,27.0,무안(목포)
2023-08-10,22.0,23.7,1,23.8,상주
2023-08-10,24.7,26.8,1447,34.0,신안
2023-08-10,27.8,31.0,1701,31.2,제주
2023-08-10,25.1,26.5,1522,24.8,창녕(밀양)
2023-08-10,19.1,21.2,1740,19.6,평창
2023-08-10,21.1,23.6,1,23.8,포천(동두천)
2023-08-10,24.9,28.1,1329,27.6,해남
2023-08-11,25.7,30.1,1413,28.0,논산(부여)
2023-08-11,27.0,30.6,1333,32.5,무안(목포)
2023-08-11,26.2,32.6,1426,29.4,상주
2023-08-11,25.2,30.0,1129,32.8,신안
2023-08-11,29.6,34.1,1412,35.8,제주
2023-08-11,26.6,32.3,1238,29.9,창녕(밀양)
2023-08-11,21.4,26.0,1712,22.6,평창
2023-08-11,21.9,24.3,1914,24.3,포천(동두천)
2023-08-11,26.2,31.3,1505,28.9,해남
2023-08-12,24.8,28.5,1335,28.2,논산(부여)
2023-08-12,27.4,31.2,1433,33.8,무안(목포)
2023-08-12,25.1,28.6,1714,28.7,상주
2023-08-12,24.8,29.5,1314,34.9,신안
2023-08-12,29.7,33.3,1424,36.1,제주
2023-08-12,27.6,33.7,1440,30.9,창녕(밀양)
2023-08-12,20.5,24.5,1227,22.6,평창
2023-08-12,22.6,25.2,1224,24.8,포천(동두천)
2023-08-12,26.1,31.4,1306,29.1,해남
2023-08-13,26.7,31.9,1637,29.4,논산(부여)
2023-08-13,28.5,32.8,1435,32.4,무안(목포)
2023-08-13,26.4,31.1,1555,29.5,상주
2023-08-13,25.1,29.1,1357,33.9,신안
2023-08-13,29.2,32.6,1405,32.8,제주
2023-08-13,28.0,33.5,1344,32.8,창녕(밀양)
2023-08-13,20.9,25.5,1013,25.3,평창
2023-08-13,25.5,30.6,1507,27.5,포천(동두천)
2023-08-13,27.3,32.7,1455,30.1,해남
2023-08-14,27.5,33.8,1532,30.8,논산(부여)
2023-08-14,28.2,32.2,1419,31.6,무안(목포)
2023-08-14,27.9,32.4,1543,32.2,상주
2023-08-14,25.7,30.1,1217,36.1,신안
2023-08-14,28.9,32.3,1044,37.2,제주
2023-08-14,28.1,33.1,1414,33.7,창녕(밀양)
2023-08-14,20.8,26.3,1159,25.3,평창
2023-08-14,26.7,32.7,1514,29.8,포천(동두천)
2023-08-14,27.7,33.3,1449,31.4,해남
2023-08-15,27.9,33.5,1544,31.0,논산(부여)
2023-08-15,27.5,30.7,1443,30.4,무안(목포)
2023-08-15,28.3,33.7,1502,33.3,상주
2023-08-15,26.3,29.7,1049,35.8,신안
2023-08-15,29.4,32.0,1706,36.1,제주
2023-08-15,28.8,34.2,1632,36.0,창녕(밀양)
2023-08-15,19.6,21.3,955,23.8,평창
2023-08-15,26.5,30.8,1442,29.6,포천(동두천)
2023-08-15,27.7,32.5,1335,31.7,해남
2023-08-16,26.7,32.0,1335,32.4,논산(부여)
2023-08-16,27.3,31.2,1342,30.3,무안(목포)
2023-08-16,27.9,32.5,1317,32.2,상주
2023-08-16,26.1,29.4,1238,36.9,신안
2023-08-16,29.6,33.0,1510,36.0,제주
2023-08-16,27.8,32.7,1323,31.0,창녕(밀양)
2023-08-16,20.3,24.7,1245,25.0,평창
2023-08-16,25.9,31.3,1533,29.0,포천(동두천)
2023-08-16,27.5,33.4,1355,31.6,해남
2023-08-17,26.6,32.6,1549,32.5,논산(부여)
2023-08-17,27.3,31.3,1524,31.8,무안(목포)
2023-08-17,25.6,30.0,1633,28.8,상주
2023-08-17,25.5,29.4,1109,35.2,신안
2023-08-17,28.3,31.5,1332,32.1,제주
2023-08-17,27.5,31.1,1505,32.9,창녕(밀양)
2023-08-17,20.9,25.9,1304,25.2,평창
2023-08-17,26.5,32.5,1342,29.3,포천(동두천)
2023-08-17,26.7,33.5,1306,29.3,해남
2023-08-18,28.0,33.5,1516,33.2,논산(부여)
2023-08-18,27.9,31.7,1258,32.3,무안(목포)
2023-08-18,26.1,32.1,1448,32.2,상주
2023-08-18,25.8,29.1,1226,35.9,신안
2023-08-18,28.3,31.2,1407,30.3,제주
2023-08-18,26.7,29.7,1151,28.4,창녕(밀양)
2023-08-18,21.1,27.9,1257,27.4,평창
2023-08-18,27.3,33.2,1442,30.1,포천(동두천)
2023-08-18,26.1,32.4,1305,27.7,해남
2023-08-19,28.5,32.9,1620,32.3,논산(부여)
2023-08-19,28.0,32.0,1353,31.6,무안(목포)
2023-08-19,27.8,32.9,1459,32.0,상주
2023-08-19,26.1,29.6,1304,36.4,신안
2023-08-19,29.0,32.1,1359,31.1,제주
2023-08-19,26.3,30.2,1520,28.9,창녕(밀양)
2023-08-19,22.5,28.1,1204,28.5,평창
2023-08-19,27.9,32.9,1426,31.0,포천(동두천)
2023-08-19,27.2,32.7,1431,29.3,해남
2023-08-20,28.1,33.9,1539,34.6,논산(부여)
2023-08-20,28.3,32.6,1533,32.7,무안(목포)
2023-08-20,27.4,34.1,1435,32.2,상주
2023-08-20,26.4,30.7,1356,36.2,신안
2023-08-20,29.6,33.1,1322,32.0,제주
2023-08-20,28.8,35.0,1432,31.6,창녕(밀양)
2023-08-20,21.4,25.7,1312,23.4,평창
2023-08-20,26.5,30.4,1519,29.7,포천(동두천)
2023-08-20,27.4,33.0,1527,30.4,해남
2023-08-21,28.4,33.8,1354,33.4,논산(부여)
2023-08-21,29.1,33.2,1323,35.2,무안(목포)
2023-08-21,27.4,32.8,1433,31.8,상주
2023-08-21,25.7,31.3,1326,29.8,신안
2023-08-21,30.2,33.4,1642,34.7,제주
2023-08-21,29.0,34.5,1435,33.2,창녕(밀양)
2023-08-21,23.8,30.3,1404,26.5,평창
2023-08-21,27.4,32.0,1235,29.9,포천(동두천)
2023-08-21,28.1,32.7,1231,31.2,해남
2023-08-22,26.1,32.1,1322,28.5,논산(부여)
2023-08-22,28.0,32.4,1337,31.6,무안(목포)
2023-08-22,28.2,33.8,1523,33.1,상주
2023-08-22,25.2,29.3,1506,31.7,신안
2023-08-22,29.5,33.2,1437,29.8,제주
2023-08-22,28.7,34.1,1405,34.2,창녕(밀양)
2023-08-22,24.7,29.2,1351,26.5,평창
2023-08-22,25.9,31.1,1410,29.0,포천(동두천)
2023-08-22,28.5,33.0,1238,32.5,해남
2023-08-23,25.8,30.4,1254,28.6,논산(부여)
2023-08-23,24.6,28.3,1306,25.1,무안(목포)
2023-08-23,28.0,33.4,1441,32.9,상주
2023-08-23,23.3,25.4,835,25.4,신안
2023-08-23,26.8,28.8,9,26.5,제주
2023-08-23,28.2,34.5,1352,31.9,창녕(밀양)
2023-08-23,22.2,27.7,1014,25.6,평창
2023-08-23,23.4,25.5,848,26.1,포천(동두천)
2023-08-23,25.3,29.1,1202,26.9,해남
2023-08-24,25.8,30.2,1406,28.7,논산(부여)
2023-08-24,25.6,27.6,1334,26.9,무안(목포)
2023-08-24,24.6,25.6,1412,27.3,상주
2023-08-24,25.2,28.2,1213,29.3,신안
2023-08-24,27.0,29.9,1736,27.5,제주
2023-08-24,26.2,30.5,1233,26.7,창녕(밀양)
2023-08-24,19.8,22.7,1346,22.7,평창
2023-08-24,23.5,27.5,1542,26.2,포천(동두천)
2023-08-24,25.2,28.6,1131,26.5,해남
2023-08-25,25.8,31.4,1441,29.8,논산(부여)
2023-08-25,26.2,29.6,1512,27.7,무안(목포)
2023-08-25,26.7,31.6,1427,31.0,상주
2023-08-25,26.0,28.9,1123,30.9,신안
2023-08-25,28.0,31.8,1522,29.6,제주
2023-08-25,27.2,32.6,1612,31.1,창녕(밀양)
2023-08-25,21.8,26.2,1448,24.4,평창
2023-08-25,25.5,29.7,1458,29.2,포천(동두천)
2023-08-25,25.3,31.3,1443,28.1,해남
2023-08-26,24.7,31.0,1532,28.9,논산(부여)
2023-08-26,25.9,30.2,1437,28.0,무안(목포)
2023-08-26,25.4,31.4,1436,30.1,상주
2023-08-26,24.5,27.8,1230,30.1,신안
2023-08-26,27.2,30.2,1314,30.7,제주
2023-08-26,27.4,33.6,1334,30.5,창녕(밀양)
2023-08-26,20.4,26.6,1210,23.3,평창
2023-08-26,24.1,29.5,1310,27.4,포천(동두천)
2023-08-26,25.0,32.0,1410,27.6,해남
2023-08-27,25.8,31.0,1317,28.4,논산(부여)
2023-08-27,27.0,31.2,1309,28.9,무안(목포)
2023-08-27,25.5,30.6,1500,29.9,상주
2023-08-27,24.8,28.2,1527,29.4,신안
2023-08-27,28.5,32.6,1527,32.7,제주
2023-08-27,25.3,32.5,1409,26.7,창녕(밀양)
2023-08-27,18.6,22.8,1249,22.3,평창
2023-08-27,24.1,28.2,1438,27.1,포천(동두천)
2023-08-27,26.5,31.8,1332,29.8,해남
2023-08-28,26.0,30.1,1616,27.5,논산(부여)
2023-08-28,27.3,30.4,1318,28.3,무안(목포)
2023-08-28,25.5,28.6,1316,28.2,상주
2023-08-28,25.8,27.6,1406,27.2,신안
2023-08-28,29.6,33.7,1358,36.0,제주
2023-08-28,26.5,31.1,1149,28.8,창녕(밀양)
2023-08-28,18.4,20.2,2337,20.6,평창
2023-08-28,21.9,25.2,2131,23.5,포천(동두천)
2023-08-28,27.0,30.4,1437,29.5,해남
2023-08-29,24.5,28.4,1014,26.9,논산(부여)
2023-08-29,25.7,28.3,1509,27.4,무안(목포)
2023-08-29,25.4,27.7,1659,28.0,상주
2023-08-29,24.4,26.8,1254,26.7,신안
2023-08-29,28.0,32.7,1302,29.9,제주
2023-08-29,25.9,28.9,918,27.0,창녕(밀양)
2023-08-29,22.4,25.3,823,22.8,평창
2023-08-29,22.8,25.8,204,24.6,포천(동두천)
2023-08-29,27.0,31.9,1119,28.0,해남
2023-08-30,21.7,23.5,1234,25.3,논산(부여)
2023-08-30,22.0,24.0,1330,24.2,무안(목포)
2023-08-30,21.9,24.5,40,24.6,상주
2023-08-30,21.0,22.9,1244,23.8,신안
2023-08-30,23.9,26.0,10,26.4,제주
2023-08-30,25.2,26.2,1543,26.0,창녕(밀양)
2023-08-30,18.7,20.8,1343,20.9,평창
2023-08-30,22.1,26.1,1159,24.2,포천(동두천)
2023-08-30,22.6,25.9,1421,26.0,해남
2023-08-31,22.7,28.5,1553,26.7,논산(부여)
2023-08-31,23.4,26.5,1255,25.8,무안(목포)
2023-08-31,24.1,28.8,1505,29.2,상주
2023-08-31,22.6,26.1,1121,26.0,신안
2023-08-31,24.6,27.8,1400,28.1,제주
2023-08-31,25.6,29.1,1446,29.4,창녕(밀양)
2023-08-31,18.3,24.0,1504,22.4,평창
2023-08-31,22.5,28.3,1413,26.7,포천(동두천)
2023-08-31,24.1,29.4,1503,28.4,해남
2023-09-01,23.1,30.3,1447,27.0,논산(부여)
2023-09-01,24.2,28.7,1447,25.5,무안(목포)
2023-09-01,23.3,29.6,1611,27.3,상주
2023-09-01,23.3,26.0,1113,25.8,신안
2023-09-01,25.0,26.9,1228,27.2,제주
2023-09-01,24.9,29.9,1359,27.1,창녕(밀양)
2023-09-01,17.9,26.3,1412,22.0,평창
2023-09-01,22.0,27.9,1412,25.3,포천(동두천)
2023-09-01,25.1,30.9,1548,28.2,해남
2023-09-02,24.5,31.0,1458,27.7,논산(부여)
2023-09-02,24.9,28.1,1627,25.9,무안(목포)
2023-09-02,22.6,30.4,1547,26.9,상주
2023-09-02,23.2,25.7,1250,25.5,신안
2023-09-02,27.4,31.0,1725,29.5,제주
2023-09-02,25.4,31.1,1318,28.3,창녕(밀양)
2023-09-02,17.9,22.7,1432,21.9,평창
2023-09-02,22.6,29.1,1609,26.1,포천(동두천)
2023-09-02,25.3,28.9,1635,27.5,해남
2023-09-03,27.1,32.5,1425,29.6,논산(부여)
2023-09-03,27.3,31.2,1215,27.3,무안(목포)
2023-09-03,25.4,31.0,1526,29.3,상주
2023-09-03,24.6,28.1,1247,27.6,신안
2023-09-03,28.2,33.3,1416,32.3,제주
2023-09-03,26.4,33.4,1448,31.2,창녕(밀양)
2023-09-03,19.2,23.3,1552,23.1,평창
2023-09-03,24.0,29.0,1432,26.7,포천(동두천)
2023-09-03,27.1,31.6,1257,29.2,해남
2023-09-04,27.3,32.0,1529,29.1,논산(부여)
2023-09-04,26.9,31.2,1345,28.6,무안(목포)
2023-09-04,26.8,31.7,1521,30.4,상주
2023-09-04,24.8,29.5,1145,27.6,신안
2023-09-04,26.7,28.7,1421,32.7,제주
2023-09-04,-99.0,-99.0,-9,-99.0,창녕(밀양)
2023-09-04,19.8,23.6,1351,22.4,평창
2023-09-04,25.4,30.8,1456,28.2,포천(동두천)
2023-09-04,26.6,32.6,1322,29.1,해남
2023-09-05,26.8,31.4,1638,29.8,논산(부여)
2023-09-05,26.5,30.2,1337,27.8,무안(목포)
2023-09-05,25.3,30.4,1515,29.9,상주
2023-09-05,24.2,26.7,1134,27.4,신안
2023-09-05,26.9,28.9,1159,33.4,제주
2023-09-05,26.9,31.6,1421,29.9,창녕(밀양)
2023-09-05,19.8,24.3,1432,24.1,평창
2023-09-05,26.4,32.0,1446,30.2,포천(동두천)
2023-09-05,26.1,31.2,1359,29.1,해남
2023-09-06,26.4,32.5,1351,30.2,논산(부여)
2023-09-06,26.4,30.8,1402,29.4,무안(목포)
2023-09-06,24.7,31.0,1454,29.7,상주
2023-09-06,24.2,27.5,1254,28.1,신안
2023-09-06,26.9,29.9,1353,33.8,제주
2023-09-06,26.6,31.4,1358,33.4,창녕(밀양)
2023-09-06,18.0,22.7,1426,22.3,평창
2023-09-06,25.3,31.2,1619,29.1,포천(동두천)
2023-09-06,25.4,32.4,1409,30.2,해남
2023-09-07,24.9,31.1,1400,29.5,논산(부여)
2023-09-07,26.0,30.3,1439,29.2,무안(목포)
2023-09-07,22.6,29.5,1623,28.6,상주
2023-09-07,24.2,28.7,1247,28.1,신안
2023-09-07,25.8,28.4,1203,33.2,제주
2023-09-07,25.2,30.0,1326,31.4,창녕(밀양)
2023-09-07,16.7,22.1,1259,21.2,평창
2023-09-07,23.5,30.7,1508,27.8,포천(동두천)
2023-09-07,24.0,31.2,1425,28.8,해남
2023-09-08,23.0,30.0,1432,28.6,논산(부여)
2023-09-08,24.5,28.5,1353,27.8,무안(목포)
2023-09-08,22.2,29.1,1505,28.7,상주
2023-09-08,23.8,27.4,1211,27.1,신안
2023-09-08,25.1,28.0,1207,32.7,제주
2023-09-08,24.3,30.0,1408,30.7,창녕(밀양)
2023-09-08,16.5,23.7,1412,22.3,평창
2023-09-08,22.4,28.9,1451,27.4,포천(동두천)
2023-09-08,22.8,30.2,1237,28.2,해남
2023-09-09,23.2,30.5,1620,27.3,논산(부여)
2023-09-09,24.8,29.1,1447,27.9,무안(목포)
2023-09-09,22.6,30.0,1513,29.2,상주
2023-09-09,23.8,26.4,1110,27.1,신안
2023-09-09,24.9,28.2,1545,32.7,제주
2023-09-09,23.6,30.7,1521,30.8,창녕(밀양)
2023-09-09,15.9,23.5,1529,21.5,평창
2023-09-09,23.7,30.4,1447,29.1,포천(동두천)
2023-09-09,23.5,30.4,1456,28.1,해남
2023-09-10,24.2,30.8,1442,30.7,논산(부여)
2023-09-10,25.3,29.6,1451,30.0,무안(목포)
2023-09-10,22.9,30.1,1501,29.5,상주
2023-09-10,23.9,27.8,1130,27.0,신안
2023-09-10,24.9,28.2,1442,30.7,제주
2023-09-10,24.3,31.1,1310,32.3,창녕(밀양)
2023-09-10,16.9,23.3,1332,23.2,평창
2023-09-10,23.5,29.5,1549,28.2,포천(동두천)
2023-09-10,24.1,31.1,1329,28.1,해남
2023-09-11,24.4,30.7,1417,30.5,논산(부여)
2023-09-11,25.5,29.9,1531,29.7,무안(목포)
2023-09-11,24.4,30.6,1630,30.4,상주
2023-09-11,23.8,27.3,1409,27.5,신안
2023-09-11,25.7,29.3,1354,32.2,제주
2023-09-11,25.6,32.2,1345,31.0,창녕(밀양)
2023-09-11,18.5,24.4,1058,22.9,평창
2023-09-11,23.8,29.3,1335,28.1,포천(동두천)
2023-09-11,24.7,31.6,1434,29.8,해남
2023-09-12,24.0,29.9,1523,29.8,논산(부여)
2023-09-12,25.2,29.1,1443,28.8,무안(목포)
2023-09-12,25.0,30.5,1433,29.8,상주
2023-09-12,23.8,27.2,1420,26.6,신안
2023-09-12,25.8,29.5,1238,28.9,제주
2023-09-12,25.8,31.1,1529,30.2,창녕(밀양)
2023-09-12,19.9,26.5,1432,24.4,평창
2023-09-12,23.3,29.2,1351,27.0,포천(동두천)
2023-09-12,24.7,31.1,1448,29.5,해남
2023-09-13,20.5,22.3,152,23.6,논산(부여)
2023-09-13,22.6,24.5,1459,25.2,무안(목포)
2023-09-13,22.8,24.6,1348,25.7,상주
2023-09-13,20.9,23.2,1,23.0,신안
2023-09-13,27.1,32.4,1545,33.0,제주
2023-09-13,25.1,29.0,1413,27.8,창녕(밀양)
2023-09-13,16.7,18.6,644,19.5,평창
2023-09-13,20.3,23.0,1101,22.9,포천(동두천)
2023-09-13,24.0,27.7,1436,27.2,해남
2023-09-14,22.5,26.9,1430,25.6,논산(부여)
2023-09-14,22.1,23.8,1207,24.0,무안(목포)
2023-09-14,21.7,24.0,1519,24.3,상주
2023-09-14,21.3,23.2,1414,24.2,신안
2023-09-14,24.3,26.0,1219,25.7,제주
2023-09-14,23.4,25.1,1421,24.5,창녕(밀양)
2023-09-14,16.6,18.8,1313,19.2,평창
2023-09-14,21.8,26.3,1346,23.5,포천(동두천)
2023-09-14,22.3,24.5,1402,24.8,해남
2023-09-15,22.8,25.4,1427,25.0,논산(부여)
2023-09-15,24.8,29.0,1423,25.7,무안(목포)
2023-09-15,21.8,22.7,1639,24.3,상주
2023-09-15,22.3,24.1,1243,23.5,신안
2023-09-15,27.4,30.5,1422,31.0,제주
2023-09-15,24.5,27.2,1200,26.6,창녕(밀양)
2023-09-15,17.5,18.4,1254,19.4,평창
2023-09-15,21.5,24.5,1457,24.0,포천(동두천)
2023-09-15,25.2,30.0,1506,27.1,해남
2023-09-16,23.4,27.4,1150,25.1,논산(부여)
2023-09-16,24.3,26.9,937,25.5,무안(목포)
2023-09-16,22.9,26.1,1137,25.1,상주
2023-09-16,22.9,25.4,917,24.4,신안
2023-09-16,25.6,27.3,1735,27.5,제주
2023-09-16,23.7,24.6,1407,24.5,창녕(밀양)
2023-09-16,19.2,23.2,1211,21.3,평창
2023-09-16,23.1,27.4,1356,25.2,포천(동두천)
2023-09-16,23.9,25.8,927,24.8,해남
2023-09-17,24.7,28.7,1309,27.8,논산(부여)
2023-09-17,24.9,28.5,1412,28.0,무안(목포)
2023-09-17,24.6,28.7,1441,27.4,상주
2023-09-17,23.1,26.4,1305,25.7,신안
2023-09-17,24.3,26.9,1312,26.0,제주
2023-09-17,24.4,27.9,1148,25.6,창녕(밀양)
2023-09-17,19.7,24.7,1143,22.2,평창
2023-09-17,23.6,27.7,1509,26.1,포천(동두천)
2023-09-17,25.2,30.6,1436,27.9,해남
2023-09-18,24.1,29.9,1434,26.7,논산(부여)
2023-09-18,25.0,28.5,1306,27.7,무안(목포)
2023-09-18,25.1,31.2,1422,28.2,상주
2023-09-18,23.9,27.8,1255,25.8,신안
2023-09-18,25.7,29.2,1443,27.6,제주
2023-09-18,25.9,31.8,1434,29.0,창녕(밀양)
2023-09-18,20.6,25.2,1404,22.3,평창
2023-09-18,23.5,28.5,1403,26.2,포천(동두천)
2023-09-18,24.6,31.0,1344,27.0,해남
2023-09-19,22.9,27.9,1450,26.7,논산(부여)
2023-09-19,24.3,27.9,1558,26.9,무안(목포)
2023-09-19,23.9,28.2,1448,26.7,상주
2023-09-19,23.2,26.6,1321,25.9,신안
2023-09-19,25.9,29.4,1014,26.7,제주
2023-09-19,25.1,30.7,1355,27.5,창녕(밀양)
2023-09-19,19.4,24.4,1230,20.4,평창
2023-09-19,22.8,27.0,1146,24.4,포천(동두천)
2023-09-19,22.9,29.0,1419,26.0,해남
2023-09-20,21.2,22.6,933,22.8,논산(부여)
2023-09-20,24.6,27.4,1708,24.3,무안(목포)
2023-09-20,20.7,22.1,936,22.9,상주
2023-09-20,23.1,25.3,1736,24.2,신안
2023-09-20,27.5,31.7,1255,27.1,제주
2023-09-20,22.9,25.9,2229,23.5,창녕(밀양)
2023-09-20,16.1,18.2,25,18.1,평창
2023-09-20,19.8,22.2,38,22.6,포천(동두천)
2023-09-20,24.9,28.3,1507,24.9,해남
2023-09-21,19.3,22.8,1456,22.8,논산(부여)
2023-09-21,20.9,24.1,1,22.0,무안(목포)
2023-09-21,19.2,20.7,1220,22.4,상주
2023-09-21,20.8,23.4,1255,23.0,신안
2023-09-21,24.0,26.2,1204,26.2,제주
2023-09-21,21.0,24.3,242,22.6,창녕(밀양)
2023-09-21,12.5,16.2,1237,16.5,평창
2023-09-21,18.2,22.0,1208,21.3,포천(동두천)
2023-09-21,21.4,25.1,1,23.2,해남
2023-09-22,18.6,25.6,1448,22.4,논산(부여)
2023-09-22,20.7,24.7,1358,23.6,무안(목포)
2023-09-22,19.9,25.7,1539,24.3,상주
2023-09-22,20.5,23.7,1243,22.7,신안
2023-09-22,23.9,25.5,1613,26.1,제주
2023-09-22,21.5,26.9,1626,25.3,창녕(밀양)
2023-09-22,12.5,20.0,1253,17.7,평창
2023-09-22,17.7,25.4,1536,22.0,포천(동두천)
2023-09-22,20.1,26.8,1458,24.1,해남
2023-09-23,19.4,25.8,1534,21.5,논산(부여)
2023-09-23,21.4,25.1,1403,23.0,무안(목포)
2023-09-23,19.0,25.4,1432,22.7,상주
2023-09-23,21.4,23.8,1204,22.5,신안
2023-09-23,24.4,26.7,1030,26.3,제주
2023-09-23,20.9,26.5,1503,23.8,창녕(밀양)
2023-09-23,13.4,18.9,1237,16.1,평창
2023-09-23,19.6,26.2,1347,22.0,포천(동두천)
2023-09-23,19.8,26.3,1613,22.8,해남
2023-09-24,20.9,26.0,1414,22.4,논산(부여)
2023-09-24,22.3,27.4,1424,25.0,무안(목포)
2023-09-24,19.4,25.7,1315,22.9,상주
2023-09-24,21.8,23.7,1316,22.9,신안
2023-09-24,24.2,26.2,1525,26.5,제주
2023-09-24,22.3,27.0,1307,24.6,창녕(밀양)
2023-09-24,13.6,16.7,1140,17.1,평창
2023-09-24,19.5,25.4,1247,21.6,포천(동두천)
2023-09-24,22.0,26.8,1422,23.9,해남
2023-09-25,21.4,26.1,1354,23.3,논산(부여)
2023-09-25,23.3,27.5,1522,27.2,무안(목포)
2023-09-25,20.8,26.4,1331,24.3,상주
2023-09-25,21.8,24.5,1057,23.2,신안
2023-09-25,25.1,27.5,1642,29.2,제주
2023-09-25,22.9,27.6,1411,25.0,창녕(밀양)
2023-09-25,15.2,18.9,1142,18.7,평창
2023-09-25,19.7,26.3,1338,22.7,포천(동두천)
2023-09-25,23.3,28.2,1427,25.2,해남
2023-09-26,21.5,23.7,1343,22.6,논산(부여)
2023-09-26,24.2,26.4,1458,26.4,무안(목포)
2023-09-26,19.7,20.2,1535,21.9,상주
2023-09-26,23.3,26.2,956,24.2,신안
2023-09-26,26.0,29.3,1312,30.6,제주
2023-09-26,22.1,24.7,1342,23.4,창녕(밀양)
2023-09-26,16.2,17.7,1049,18.3,평창
2023-09-26,19.4,21.2,1159,21.5,포천(동두천)
2023-09-26,24.5,28.7,1138,26.7,해남
2023-09-27,22.3,24.8,1622,24.7,논산(부여)
2023-09-27,23.2,25.7,1356,26.1,무안(목포)
2023-09-27,22.0,26.5,1423,24.4,상주
2023-09-27,22.3,25.5,1341,24.4,신안
2023-09-27,25.8,28.6,1152,31.6,제주
2023-09-27,24.3,28.6,1500,27.8,창녕(밀양)
2023-09-27,17.0,18.1,1526,19.2,평창
2023-09-27,20.5,23.6,1645,22.3,포천(동두천)
2023-09-27,23.4,28.2,1321,25.4,해남
2023-09-28,22.0,27.9,1455,25.1,논산(부여)
2023-09-28,23.0,25.9,1512,27.8,무안(목포)
2023-09-28,22.6,27.2,1515,25.5,상주
2023-09-28,22.0,25.2,1133,24.6,신안
2023-09-28,25.3,28.5,1528,30.7,제주
2023-09-28,23.6,29.4,1443,28.4,창녕(밀양)
2023-09-28,18.1,22.7,1349,19.1,평창
2023-09-28,21.2,26.5,1504,24.2,포천(동두천)
2023-09-28,23.0,28.0,1431,26.4,해남
2023-09-29,19.3,25.1,1518,23.0,논산(부여)
2023-09-29,21.7,25.5,1336,24.9,무안(목포)
2023-09-29,20.7,25.8,1233,23.6,상주
2023-09-29,21.1,24.7,1332,23.4,신안
2023-09-29,24.0,27.6,1530,30.1,제주
2023-09-29,22.1,29.7,1453,27.0,창녕(밀양)
2023-09-29,15.2,21.2,1412,18.2,평창
2023-09-29,18.9,25.6,1459,22.6,포천(동두천)
2023-09-29,21.7,28.4,1452,25.6,해남
2023-09-30,18.4,24.3,1335,22.0,논산(부여)
2023-09-30,18.9,21.3,1632,21.3,무안(목포)
2023-09-30,19.3,24.8,1357,22.2,상주
2023-09-30,18.7,21.1,1159,21.7,신안
2023-09-30,20.9,23.5,1710,22.2,제주
2023-09-30,19.4,24.0,1536,23.9,창녕(밀양)
2023-09-30,14.2,19.2,1241,16.7,평창
2023-09-30,17.9,22.2,1402,20.8,포천(동두천)
2023-09-30,18.9,23.2,1319,22.8,해남
2023-10-01,17.2,24.0,1445,21.0,논산(부여)
2023-10-01,19.9,22.6,1528,21.8,무안(목포)
2023-10-01,18.1,24.0,1350,21.6,상주
2023-10-01,19.7,22.0,1234,20.8,신안
2023-10-01,22.6,26.0,1459,25.6,제주
2023-10-01,18.5,25.3,1348,23.4,창녕(밀양)
2023-10-01,11.7,18.1,1517,14.4,평창
2023-10-01,15.9,23.6,1515,20.4,포천(동두천)
2023-10-01,20.4,24.9,1404,22.4,해남
2023-10-02,15.9,24.7,1418,20.1,논산(부여)
2023-10-02,19.5,23.8,1344,21.8,무안(목포)
2023-10-02,16.2,24.3,1407,20.2,상주
2023-10-02,19.5,22.0,1109,20.3,신안
2023-10-02,21.8,24.9,1314,25.6,제주
2023-10-02,17.1,25.2,1521,21.9,창녕(밀양)
2023-10-02,9.3,18.3,1243,13.4,평창
2023-10-02,15.4,23.2,1405,19.5,포천(동두천)
2023-10-02,18.1,25.2,1550,22.9,해남
2023-10-03,15.4,20.6,1531,18.2,논산(부여)
2023-10-03,18.1,20.0,1215,18.4,무안(목포)
2023-10-03,13.6,17.7,1234,16.6,상주
2023-10-03,19.1,20.4,1158,20.0,신안
2023-10-03,21.7,23.4,1226,22.8,제주
2023-10-03,16.6,21.3,1351,18.9,창녕(밀양)
2023-10-03,9.5,16.5,1606,11.9,평창
2023-10-03,15.2,22.7,1402,18.5,포천(동두천)
2023-10-03,17.5,21.4,1353,19.5,해남
2023-10-04,17.7,24.9,1503,21.2,논산(부여)
2023-10-04,19.2,23.3,1402,22.8,무안(목포)
2023-10-04,17.0,24.7,1429,20.5,상주
2023-10-04,19.7,23.2,1229,20.9,신안
2023-10-04,22.2,25.5,1610,26.4,제주
2023-10-04,19.2,25.4,1348,23.8,창녕(밀양)
2023-10-04,12.7,19.2,1246,13.9,평창
2023-10-04,14.8,22.1,1137,16.4,포천(동두천)
2023-10-04,18.4,24.8,1337,22.4,해남
2023-10-05,15.1,20.5,1448,18.5,논산(부여)
2023-10-05,17.5,20.3,1,21.3,무안(목포)
2023-10-05,15.3,19.7,1535,18.5,상주
2023-10-05,17.4,19.5,49,18.3,신안
2023-10-05,20.1,22.8,1413,25.6,제주
2023-10-05,16.4,21.9,1510,22.3,창녕(밀양)
2023-10-05,8.7,15.0,1345,12.8,평창
2023-10-05,13.2,18.5,1456,16.4,포천(동두천)
2023-10-05,17.5,20.9,1310,21.9,해남
2023-10-06,14.7,22.1,1525,19.1,논산(부여)
2023-10-06,17.1,19.7,1306,19.6,무안(목포)
2023-10-06,15.2,22.0,1449,19.3,상주
2023-10-06,17.7,20.0,1258,18.8,신안
2023-10-06,19.1,21.8,1315,22.4,제주
2023-10-06,16.2,23.2,1439,22.3,창녕(밀양)
2023-10-06,7.4,17.3,1331,12.9,평창
2023-10-06,12.6,19.5,1353,16.1,포천(동두천)
2023-10-06,16.8,20.7,1448,19.9,해남
2023-10-07,15.6,20.5,1418,18.2,논산(부여)
2023-10-07,17.9,20.7,1332,19.4,무안(목포)
2023-10-07,15.5,20.3,1449,18.6,상주
2023-10-07,18.0,21.3,1209,19.1,신안
2023-10-07,18.9,21.0,1155,20.4,제주
2023-10-07,17.7,23.2,1235,20.4,창녕(밀양)
2023-10-07,8.8,15.2,1054,11.8,평창
2023-10-07,14.3,21.5,1521,16.3,포천(동두천)
2023-10-07,16.2,20.3,1332,19.0,해남
2023-10-08,17.5,21.1,1536,18.9,논산(부여)
2023-10-08,18.1,21.9,1452,20.6,무안(목포)
2023-10-08,16.8,21.7,1445,20.2,상주
2023-10-08,17.7,19.5,1203,19.1,신안
2023-10-08,20.1,22.9,1221,20.4,제주
2023-10-08,18.2,22.7,1405,21.1,창녕(밀양)
2023-10-08,10.1,12.8,1307,11.9,평창
2023-10-08,15.4,20.8,1158,15.9,포천(동두천)
2023-10-08,18.2,22.7,1417,20.2,해남
2023-10-09,17.5,23.5,1450,20.4,논산(부여)
2023-10-09,19.0,22.5,1337,23.6,무안(목포)
2023-10-09,16.5,22.5,1259,19.2,상주
2023-10-09,18.8,21.8,1136,20.1,신안
2023-10-09,20.9,23.6,1459,21.4,제주
2023-10-09,18.9,22.1,1338,19.6,창녕(밀양)
2023-10-09,10.3,16.4,1408,13.9,평창
2023-10-09,15.6,21.9,1446,19.1,포천(동두천)
2023-10-09,18.2,24.1,1436,20.4,해남
2023-10-10,15.6,22.8,1407,19.2,논산(부여)
2023-10-10,17.9,20.7,1320,21.1,무안(목포)
2023-10-10,17.1,23.5,1446,20.8,상주
2023-10-10,18.1,21.2,1240,19.1,신안
2023-10-10,20.5,23.4,1414,21.1,제주
2023-10-10,17.8,23.9,1343,23.1,창녕(밀양)
2023-10-10,9.3,15.8,1232,12.0,평창
2023-10-10,14.4,22.6,1506,18.9,포천(동두천)
2023-10-10,17.9,23.1,1354,20.4,해남
2023-10-11,16.0,24.4,1409,19.6,논산(부여)
2023-10-11,18.7,24.1,1307,23.1,무안(목포)
2023-10-11,14.9,22.6,1510,18.8,상주
2023-10-11,18.3,22.0,1202,19.1,신안
2023-10-11,20.5,23.3,1408,22.1,제주
2023-10-11,16.8,24.1,1414,22.9,창녕(밀양)
2023-10-11,8.5,16.8,1217,11.6,평창
2023-10-11,15.0,23.3,1420,18.1,포천(동두천)
2023-10-11,16.7,24.9,1443,20.1,해남
2023-10-12,16.0,24.1,1317,19.3,논산(부여)
2023-10-12,18.8,24.1,1451,23.3,무안(목포)
2023-10-12,14.7,23.3,1435,18.7,상주
2023-10-12,18.5,21.6,1231,19.3,신안
2023-10-12,20.1,23.8,1329,21.9,제주
2023-10-12,16.2,24.0,1348,21.6,창녕(밀양)
2023-10-12,9.2,17.7,1142,12.4,평창
2023-10-12,15.3,23.5,1452,18.4,포천(동두천)
2023-10-12,16.7,24.6,1605,20.8,해남
2023-10-13,15.8,23.0,1332,18.7,논산(부여)
2023-10-13,18.5,22.1,1345,21.4,무안(목포)
2023-10-13,16.0,23.3,1324,19.5,상주
2023-10-13,18.3,20.9,1301,19.6,신안
2023-10-13,20.3,23.0,1249,22.7,제주
2023-10-13,17.6,24.1,1311,21.5,창녕(밀양)
2023-10-13,10.7,18.9,1325,13.7,평창
2023-10-13,15.5,21.7,1459,18.2,포천(동두천)
2023-10-13,17.3,23.7,1408,20.8,해남
2023-10-14,14.7,22.3,1356,18.4,논산(부여)
2023-10-14,17.9,21.8,1334,21.1,무안(목포)
2023-10-14,14.5,21.7,1509,19.0,상주
2023-10-14,18.4,22.2,1258,18.9,신안
2023-10-14,20.7,24.4,1216,22.7,제주
2023-10-14,16.6,24.4,1307,21.8,창녕(밀양)
2023-10-14,9.4,15.6,1056,11.7,평창
2023-10-14,12.3,16.1,1602,14.5,포천(동두천)
2023-10-14,16.9,23.6,1245,21.4,해남
2023-10-15,14.6,22.7,1331,18.4,논산(부여)
2023-10-15,18.4,21.6,1416,18.6,무안(목포)
2023-10-15,16.3,21.5,1530,17.4,상주
2023-10-15,18.4,21.2,1121,18.4,신안
2023-10-15,20.1,23.4,1236,19.2,제주
2023-10-15,16.0,24.0,1415,21.4,창녕(밀양)
2023-10-15,10.5,15.3,1213,12.7,평창
2023-10-15,13.5,20.4,1351,15.4,포천(동두천)
2023-10-15,15.9,22.7,1415,18.5,해남
2023-10-16,13.0,21.3,1352,17.8,논산(부여)
2023-10-16,17.0,19.2,1302,19.7,무안(목포)
2023-10-16,15.7,21.0,1315,18.0,상주
2023-10-16,16.8,19.0,944,17.5,신안
2023-10-16,18.9,22.9,1311,19.2,제주
2023-10-16,15.1,22.8,1511,20.9,창녕(밀양)
2023-10-16,9.4,15.1,1351,11.5,평창
2023-10-16,12.7,19.7,1424,15.9,포천(동두천)
2023-10-16,15.2,21.2,1207,19.2,해남
2023-10-17,11.9,21.6,1516,16.8,논산(부여)
2023-10-17,16.2,19.7,1358,18.8,무안(목포)
2023-10-17,13.6,21.2,1500,16.0,상주
2023-10-17,16.7,19.9,1113,17.3,신안
2023-10-17,18.3,22.7,1437,20.7,제주
2023-10-17,13.8,23.0,1508,20.6,창녕(밀양)
2023-10-17,6.7,16.6,1330,9.9,평창
2023-10-17,10.9,20.3,1430,14.0,포천(동두천)
2023-10-17,14.5,21.8,1416,18.7,해남
2023-10-18,13.1,23.1,1520,17.3,논산(부여)
2023-10-18,16.6,22.1,1446,18.4,무안(목포)
2023-10-18,14.0,24.2,1540,17.4,상주
2023-10-18,17.6,22.2,1223,17.2,신안
2023-10-18,18.3,22.4,1456,20.6,제주
2023-10-18,14.7,24.2,1416,20.5,창녕(밀양)
2023-10-18,10.2,19.5,1225,10.8,평창
2023-10-18,13.9,20.9,1440,15.3,포천(동두천)
2023-10-18,13.8,24.0,1424,18.1,해남
2023-10-19,14.7,19.4,1333,16.5,논산(부여)
2023-10-19,18.2,23.0,1146,19.5,무안(목포)
2023-10-19,15.1,20.4,1359,17.8,상주
2023-10-19,18.9,23.7,1120,19.7,신안
2023-10-19,21.4,26.1,1434,23.7,제주
2023-10-19,16.3,23.5,1439,20.7,창녕(밀양)
2023-10-19,11.0,12.8,1346,11.2,평창
2023-10-19,16.1,20.1,1449,17.6,포천(동두천)
2023-10-19,17.8,24.8,1440,20.9,해남
2023-10-20,12.4,17.3,1224,15.9,논산(부여)
2023-10-20,14.3,17.1,1134,16.4,무안(목포)
2023-10-20,12.8,17.1,1234,16.3,상주
2023-10-20,14.4,17.6,1130,15.8,신안
2023-10-20,16.8,20.8,36,17.3,제주
2023-10-20,13.6,19.1,1342,17.5,창녕(밀양)
2023-10-20,6.9,10.6,1,8.8,평창
2023-10-20,10.8,15.5,1412,12.9,포천(동두천)
2023-10-20,14.7,18.7,1155,19.3,해남
2023-10-21,9.2,19.6,1314,13.2,논산(부여)
2023-10-21,14.9,17.9,1358,14.9,무안(목포)
2023-10-21,11.0,17.5,1538,13.7,상주
2023-10-21,15.7,18.3,1236,15.8,신안
2023-10-21,17.4,20.2,1440,17.4,제주
2023-10-21,12.0,18.9,1446,16.4,창녕(밀양)
2023-10-21,3.3,9.6,1512,5.7,평창
2023-10-21,8.4,16.5,1446,9.8,포천(동두천)
2023-10-21,13.6,20.1,1326,15.8,해남
2023-10-22,10.7,19.0,1502,13.8,논산(부여)
2023-10-22,15.7,19.6,1445,17.4,무안(목포)
2023-10-22,12.9,19.6,1432,14.1,상주
2023-10-22,16.4,20.5,1115,16.9,신안
2023-10-22,17.4,21.8,1534,18.4,제주
2023-10-22,11.5,19.0,1456,14.2,창녕(밀양)
2023-10-22,7.2,14.2,1327,7.0,평창
2023-10-22,9.9,18.2,1310,10.0,포천(동두천)
2023-10-22,12.6,20.3,1324,15.5,해남
2023-10-23,12.6,21.2,1452,15.7,논산(부여)
2023-10-23,15.9,21.2,1410,17.9,무안(목포)
2023-10-23,13.2,21.5,1449,16.9,상주
2023-10-23,16.6,22.3,1110,16.1,신안
2023-10-23,17.2,21.9,1110,18.8,제주
2023-10-23,13.0,22.1,1509,18.1,창녕(밀양)
2023-10-23,8.6,16.5,1333,9.8,평창
2023-10-23,12.6,20.3,1456,13.3,포천(동두천)
2023-10-23,12.8,22.1,1236,17.2,해남
2023-10-24,13.6,21.8,1456,16.7,논산(부여)
2023-10-24,16.2,21.1,1243,16.4,무안(목포)
2023-10-24,13.3,22.2,1422,16.6,상주
2023-10-24,16.8,21.6,1133,17.2,신안
2023-10-24,17.7,22.1,1356,19.8,제주
2023-10-24,13.3,22.2,1432,15.7,창녕(밀양)
2023-10-24,9.5,17.2,1303,9.9,평창
2023-10-24,13.8,20.6,1444,15.2,포천(동두천)
2023-10-24,13.9,22.9,1333,17.7,해남
2023-10-25,14.7,22.6,1454,16.8,논산(부여)
2023-10-25,17.6,22.7,1250,18.4,무안(목포)
2023-10-25,14.8,23.5,1432,17.2,상주
2023-10-25,18.4,22.1,1025,18.9,신안
2023-10-25,19.8,25.1,1513,23.4,제주
2023-10-25,14.6,24.1,1355,19.3,창녕(밀양)
2023-10-25,10.8,19.3,1356,10.9,평창
2023-10-25,14.9,21.6,1428,16.1,포천(동두천)
2023-10-25,15.4,24.5,1415,19.0,해남
2023-10-26,16.5,22.4,1523,18.4,논산(부여)
2023-10-26,18.4,22.8,1415,21.4,무안(목포)
2023-10-26,16.0,23.2,1446,17.4,상주
2023-10-26,18.9,23.0,1243,20.3,신안
2023-10-26,20.4,24.8,1303,22.1,제주
2023-10-26,14.9,24.0,1348,18.9,창녕(밀양)
2023-10-26,11.4,16.7,1435,12.0,평창
2023-10-26,14.7,19.4,1253,15.6,포천(동두천)
2023-10-26,16.6,23.9,1421,20.3,해남
2023-10-27,13.7,20.9,1514,16.2,논산(부여)
2023-10-27,15.5,17.3,1323,17.4,무안(목포)
2023-10-27,15.2,20.2,1341,16.8,상주
2023-10-27,16.1,17.8,1018,16.7,신안
2023-10-27,18.3,21.1,1455,21.3,제주
2023-10-27,14.4,20.8,1159,17.4,창녕(밀양)
2023-10-27,6.4,8.5,805,8.1,평창
2023-10-27,13.5,19.3,1508,15.5,포천(동두천)
2023-10-27,14.9,19.3,1236,19.1,해남
2023-10-28,12.8,22.0,1428,16.0,논산(부여)
2023-10-28,15.5,19.5,1522,16.1,무안(목포)
2023-10-28,11.6,20.9,1450,15.3,상주
2023-10-28,17.1,20.3,1350,18.0,신안
2023-10-28,17.2,21.7,1543,20.3,제주
2023-10-28,13.8,21.7,1353,17.3,창녕(밀양)
2023-10-28,6.0,12.7,1141,9.2,평창
2023-10-28,11.4,20.0,1408,12.7,포천(동두천)
2023-10-28,13.4,21.2,1355,17.5,해남
2023-10-29,13.2,21.6,1521,15.4,논산(부여)
2023-10-29,16.4,21.5,1312,18.0,무안(목포)
2023-10-29,11.2,19.9,1520,14.5,상주
2023-10-29,16.6,21.8,1320,17.7,신안
2023-10-29,17.9,22.5,1343,20.1,제주
2023-10-29,13.1,21.1,1402,15.9,창녕(밀양)
2023-10-29,6.1,16.1,1500,9.8,평창
2023-10-29,11.9,20.5,1323,12.4,포천(동두천)
2023-10-29,13.6,22.1,1238,15.3,해남
2023-10-30,13.4,22.0,1520,16.0,논산(부여)
2023-10-30,16.2,21.1,1408,17.0,무안(목포)
2023-10-30,12.5,22.3,1437,14.8,상주
2023-10-30,16.9,21.6,1241,17.4,신안
2023-10-30,18.2,22.7,1329,19.8,제주
2023-10-30,14.1,22.8,1432,19.2,창녕(밀양)
2023-10-30,8.1,19.0,1426,8.5,평창
2023-10-30,12.7,21.3,1448,12.9,포천(동두천)
2023-10-30,13.8,23.1,1436,17.7,해남
2023-10-31,14.5,22.0,1424,16.9,논산(부여)
2023-10-31,16.1,21.3,1459,16.3,무안(목포)
2023-10-31,13.5,23.6,1408,14.7,상주
2023-10-31,17.0,21.4,1237,17.7,신안
2023-10-31,17.7,23.5,1416,19.1,제주
2023-10-31,13.4,24.3,1515,18.1,창녕(밀양)
2023-10-31,10.1,18.2,1339,8.1,평창
2023-10-31,14.8,20.7,1323,14.8,포천(동두천)
2023-10-31,12.9,23.1,1307,16.8,해남
2023-11-01,18.5,23.5,1405,18.9,논산(부여)
2023-11-01,18.9,22.9,1349,19.9,무안(목포)
2023-11-01,14.4,23.2,1505,16.0,상주
2023-11-01,20.0,23.4,1258,19.2,신안
2023-11-01,20.0,28.4,1506,19.4,제주
2023-11-01,15.0,24.3,1432,18.0,창녕(밀양)
2023-11-01,13.5,15.3,1318,11.3,평창
2023-11-01,18.2,20.2,1552,16.6,포천(동두천)
2023-11-01,18.1,24.1,1438,19.3,해남
2023-11-02,17.8,25.7,1421,18.3,논산(부여)
2023-11-02,19.9,25.3,1317,20.6,무안(목포)
2023-11-02,15.7,27.5,1511,16.8,상주
2023-11-02,19.7,24.0,1220,19.4,신안
2023-11-02,19.8,24.4,1410,19.9,제주
2023-11-02,16.7,27.4,1515,20.1,창녕(밀양)
2023-11-02,16.6,21.6,1445,14.0,평창
2023-11-02,19.9,25.7,1326,17.9,포천(동두천)
2023-11-02,19.9,25.4,1317,22.5,해남
2023-11-03,18.3,24.2,1305,18.0,논산(부여)
2023-11-03,20.3,25.0,1337,20.8,무안(목포)
2023-11-03,16.6,25.7,1429,16.7,상주
2023-11-03,19.3,23.9,1234,20.0,신안
2023-11-03,21.2,26.4,1150,21.1,제주
2023-11-03,17.3,26.5,1438,20.5,창녕(밀양)
2023-11-03,14.8,19.6,1406,12.4,평창
2023-11-03,18.0,20.8,1120,17.1,포천(동두천)
2023-11-03,18.6,25.6,1214,20.4,해남
2023-11-04,18.7,21.1,1311,18.6,논산(부여)
2023-11-04,21.1,24.8,1320,21.8,무안(목포)
2023-11-04,16.9,20.3,1256,17.2,상주
2023-11-04,19.0,22.6,1317,22.2,신안
2023-11-04,22.3,25.4,1514,23.7,제주
2023-11-04,18.2,24.7,1317,19.4,창녕(밀양)
2023-11-04,10.5,12.3,1,11.6,평창
2023-11-04,15.7,22.0,1340,15.9,포천(동두천)
2023-11-04,20.0,25.6,1407,20.0,해남
2023-11-05,19.4,25.3,1323,18.4,논산(부여)
2023-11-05,21.1,23.0,1102,20.3,무안(목포)
2023-11-05,18.2,23.2,1351,18.9,상주
2023-11-05,19.3,21.1,2029,19.0,신안
2023-11-05,23.6,26.0,2346,22.1,제주
2023-11-05,19.9,25.0,1320,19.5,창녕(밀양)
2023-11-05,13.8,17.6,1231,13.9,평창
2023-11-05,16.5,20.3,1923,16.2,포천(동두천)
2023-11-05,21.5,23.5,2350,19.8,해남
2023-11-06,16.1,20.9,353,17.4,논산(부여)
2023-11-06,16.5,22.5,40,17.3,무안(목포)
2023-11-06,16.2,19.6,653,17.2,상주
2023-11-06,15.9,20.5,120,16.8,신안
2023-11-06,19.0,25.8,134,17.8,제주
2023-11-06,18.7,23.1,1047,18.8,창녕(밀양)
2023-11-06,10.5,17.2,433,11.2,평창
2023-11-06,12.5,18.8,404,14.7,포천(동두천)
2023-11-06,16.9,23.6,3,17.5,해남
2023-11-07,8.9,13.5,1445,12.9,논산(부여)
2023-11-07,11.5,13.6,1215,13.2,무안(목포)
2023-11-07,9.3,13.3,1437,10.7,상주
2023-11-07,12.7,14.9,1101,13.7,신안
2023-11-07,14.9,17.7,1343,14.0,제주
2023-11-07,11.7,17.4,1351,14.5,창녕(밀양)
2023-11-07,1.8,7.0,1435,3.5,평창
2023-11-07,4.2,9.4,1443,9.0,포천(동두천)
2023-11-07,12.0,15.5,1108,14.0,해남
2023-11-08,7.4,17.1,1537,11.0,논산(부여)
2023-11-08,11.7,17.6,1449,12.5,무안(목포)
2023-11-08,6.8,15.2,1507,8.4,상주
2023-11-08,12.9,16.6,1257,14.6,신안
2023-11-08,15.6,21.0,1615,15.5,제주
2023-11-08,10.0,19.9,1454,12.8,창녕(밀양)
2023-11-08,2.9,12.6,1331,4.1,평창
2023-11-08,6.4,16.0,1505,7.9,포천(동두천)
2023-11-08,10.7,19.4,1433,13.3,해남
2023-11-09,10.9,17.6,1527,12.4,논산(부여)
2023-11-09,16.1,21.2,1426,15.6,무안(목포)
2023-11-09,10.1,16.8,1516,10.6,상주
2023-11-09,15.9,19.4,1130,15.6,신안
2023-11-09,18.5,21.8,1607,17.3,제주
2023-11-09,14.2,21.7,1330,15.2,창녕(밀양)
2023-11-09,9.1,14.9,1431,7.6,평창
2023-11-09,9.4,17.4,1155,9.2,포천(동두천)
2023-11-09,16.4,21.7,1239,16.0,해남
2023-11-10,6.1,11.5,125,10.4,논산(부여)
2023-11-10,9.0,14.1,110,10.7,무안(목포)
2023-11-10,7.8,12.6,126,9.9,상주
2023-11-10,9.5,13.2,22,10.9,신안
2023-11-10,12.9,17.7,1,14.0,제주
2023-11-10,11.7,16.9,1315,13.5,창녕(밀양)
2023-11-10,3.7,10.3,1,5.4,평창
2023-11-10,2.4,8.1,1356,6.6,포천(동두천)
2023-11-10,9.5,15.2,17,12.7,해남
2023-11-11,2.2,6.7,1514,7.0,논산(부여)
2023-11-11,6.6,9.0,1421,9.1,무안(목포)
2023-11-11,3.5,7.9,1116,4.9,상주
2023-11-11,8.8,10.3,1238,9.7,신안
2023-11-11,11.0,13.4,1304,10.0,제주
2023-11-11,7.2,13.6,1504,10.2,창녕(밀양)
2023-11-11,-1.4,5.2,1432,0.8,평창
2023-11-11,0.5,6.5,1555,3.9,포천(동두천)
2023-11-11,7.0,10.4,1438,10.6,해남
2023-11-12,1.9,6.8,1349,5.7,논산(부여)
2023-11-12,7.1,9.1,1301,8.9,무안(목포)
2023-11-12,2.8,6.9,1241,3.8,상주
2023-11-12,7.5,9.0,833,8.7,신안
2023-11-12,10.2,11.4,1123,9.5,제주
2023-11-12,5.4,10.6,1408,8.1,창녕(밀양)
2023-11-12,-3.3,2.2,1425,-0.3,평창
2023-11-12,-0.1,5.8,1508,3.0,포천(동두천)
2023-11-12,7.3,9.6,1130,9.3,해남
2023-11-13,2.1,10.0,1519,5.8,논산(부여)
2023-11-13,6.4,8.4,1320,7.4,무안(목포)
2023-11-13,3.5,8.6,1442,3.3,상주
2023-11-13,7.8,9.0,1451,7.9,신안
2023-11-13,9.5,10.7,1231,9.3,제주
2023-11-13,4.8,11.8,1417,7.5,창녕(밀양)
2023-11-13,-2.5,4.0,1455,-0.9,평창
2023-11-13,0.3,7.6,1409,2.7,포천(동두천)
2023-11-13,6.6,10.2,1301,9.2,해남
2023-11-14,6.2,12.5,1406,8.3,논산(부여)
2023-11-14,9.1,11.3,1434,11.3,무안(목포)
2023-11-14,5.8,12.3,1502,5.5,상주
2023-11-14,10.5,13.3,1224,9.7,신안
2023-11-14,11.6,12.8,1734,10.0,제주
2023-11-14,5.3,13.8,1440,8.1,창녕(밀양)
2023-11-14,0.1,6.5,1330,0.1,평창
2023-11-14,2.7,11.0,1440,3.5,포천(동두천)
2023-11-14,8.2,12.6,1449,11.5,해남
2023-11-15,7.8,14.6,1411,10.0,논산(부여)
2023-11-15,9.7,13.9,1351,10.9,무안(목포)
2023-11-15,5.6,14.4,1430,6.0,상주
2023-11-15,11.5,14.4,1157,11.9,신안
2023-11-15,12.9,16.6,1432,12.6,제주
2023-11-15,6.8,15.4,1506,9.1,창녕(밀양)
2023-11-15,0.8,10.0,1404,1.3,평창
2023-11-15,4.6,12.4,1411,4.7,포천(동두천)
2023-11-15,7.2,15.2,1211,9.6,해남
2023-11-16,5.3,7.5,1650,7.5,논산(부여)
2023-11-16,8.6,10.3,2016,8.3,무안(목포)
2023-11-16,3.8,6.3,2400,5.7,상주
2023-11-16,10.5,12.3,759,10.1,신안
2023-11-16,12.0,17.2,1159,10.6,제주
2023-11-16,6.2,10.7,1334,6.7,창녕(밀양)
2023-11-16,1.3,4.1,1324,1.3,평창
2023-11-16,5.0,6.7,935,6.0,포천(동두천)
2023-11-16,7.6,11.4,956,8.9,해남
2023-11-17,2.4,6.8,224,6.6,논산(부여)
2023-11-17,5.9,9.4,19,7.7,무안(목포)
2023-11-17,3.9,8.5,1245,5.2,상주
2023-11-17,6.9,11.5,1049,7.6,신안
2023-11-17,10.0,13.4,1227,8.3,제주
2023-11-17,6.0,11.3,1333,7.8,창녕(밀양)
2023-11-17,-1.8,2.4,1305,0.1,평창
2023-11-17,0.6,5.3,1455,4.1,포천(동두천)
2023-11-17,6.0,9.7,1130,8.1,해남
2023-11-18,2.7,9.2,1449,7.0,논산(부여)
2023-11-18,6.3,8.5,1952,5.9,무안(목포)
2023-11-18,2.1,6.1,1545,3.0,상주
2023-11-18,7.1,8.7,1755,6.6,신안
2023-11-18,8.8,10.7,2054,7.5,제주
2023-11-18,4.0,9.9,1507,6.5,창녕(밀양)
2023-11-18,-5.3,-0.7,1544,-3.0,평창
2023-11-18,-0.5,5.8,1442,1.5,포천(동두천)
2023-11-18,6.0,9.0,1528,6.4,해남
2023-11-19,7.5,14.9,1446,7.7,논산(부여)
2023-11-19,11.4,14.9,1400,12.3,무안(목포)
2023-11-19,8.8,13.3,1414,6.2,상주
2023-11-19,12.4,15.8,1343,10.6,신안
2023-11-19,13.6,17.0,1455,11.2,제주
2023-11-19,6.9,15.0,1524,7.9,창녕(밀양)
2023-11-19,1.9,5.5,1526,-0.2,평창
2023-11-19,5.1,13.4,1434,3.5,포천(동두천)
2023-11-19,10.3,15.6,1319,10.2,해남
2023-11-20,5.1,14.0,1541,7.0,논산(부여)
2023-11-20,8.9,12.4,1456,12.1,무안(목포)
2023-11-20,7.2,14.2,1435,6.2,상주
2023-11-20,10.5,13.4,1229,10.7,신안
2023-11-20,12.3,15.7,1502,11.4,제주
2023-11-20,6.4,15.6,1413,8.3,창녕(밀양)
2023-11-20,1.8,9.6,1514,1.1,평창
2023-11-20,4.0,12.7,1448,3.4,포천(동두천)
2023-11-20,8.0,14.7,1445,9.9,해남
2023-11-21,4.4,14.8,1408,6.2,논산(부여)
2023-11-21,9.0,14.4,1459,9.4,무안(목포)
2023-11-21,5.4,16.7,1439,4.9,상주
2023-11-21,11.1,15.5,1300,10.0,신안
2023-11-21,12.5,18.1,1233,10.7,제주
2023-11-21,6.3,17.0,1527,7.8,창녕(밀양)
2023-11-21,4.6,13.1,1425,1.1,평창
2023-11-21,5.3,15.4,1449,3.8,포천(동두천)
2023-11-21,6.5,16.3,1416,8.6,해남
2023-11-22,6.9,14.9,1522,7.2,논산(부여)
2023-11-22,12.8,18.6,1423,12.5,무안(목포)
2023-11-22,7.2,17.5,1528,5.9,상주
2023-11-22,14.4,18.3,1256,13.5,신안
2023-11-22,14.7,20.2,1404,12.2,제주
2023-11-22,9.0,19.0,1457,9.6,창녕(밀양)
2023-11-22,6.7,13.8,1405,2.3,평창
2023-11-22,8.0,15.3,1504,6.1,포천(동두천)
2023-11-22,11.3,18.9,1401,10.5,해남
2023-11-23,11.5,18.1,1206,10.4,논산(부여)
2023-11-23,13.4,17.8,1244,13.7,무안(목포)
2023-11-23,11.7,19.3,1318,10.3,상주
2023-11-23,13.4,17.5,1148,13.7,신안
2023-11-23,17.3,22.2,1436,15.6,제주
2023-11-23,14.1,21.6,1508,12.1,창녕(밀양)
2023-11-23,7.5,12.0,1244,6.0,평창
2023-11-23,8.7,15.4,1408,8.8,포천(동두천)
2023-11-23,14.1,19.0,1315,13.9,해남
2023-11-24,2.3,6.4,1,5.1,논산(부여)
2023-11-24,4.9,8.2,20,6.5,무안(목포)
2023-11-24,1.5,6.0,1,3.7,상주
2023-11-24,6.0,9.2,3,7.1,신안
2023-11-24,8.6,12.1,1,9.0,제주
2023-11-24,5.1,11.6,1,7.0,창녕(밀양)
2023-11-24,-5.3,-0.7,1,-2.5,평창
2023-11-24,-2.1,2.9,1337,1.6,포천(동두천)
2023-11-24,5.3,8.5,1,8.0,해남
2023-11-25,-0.6,5.5,1558,2.7,논산(부여)
2023-11-25,1.9,4.1,1430,5.7,무안(목포)
2023-11-25,-0.4,6.0,1433,2.0,상주
2023-11-25,4.6,5.5,1448,5.9,신안
2023-11-25,6.3,9.7,1437,8.9,제주
2023-11-25,1.9,8.9,1516,4.0,창녕(밀양)
2023-11-25,-5.5,1.5,1318,-3.0,평창
2023-11-25,-2.9,3.6,1441,-0.1,포천(동두천)
2023-11-25,2.2,7.0,1427,6.8,해남
2023-11-26,4.2,9.5,1303,5.0,논산(부여)
2023-11-26,4.9,10.0,1543,6.4,무안(목포)
2023-11-26,4.0,10.5,1432,4.3,상주
2023-11-26,8.0,10.2,1523,8.4,신안
2023-11-26,8.9,13.8,1452,10.3,제주
2023-11-26,5.5,12.0,1405,5.3,창녕(밀양)
2023-11-26,-0.8,5.6,1437,0.0,평창
2023-11-26,2.5,7.9,1226,3.3,포천(동두천)
2023-11-26,3.4,11.7,1428,6.6,해남
2023-11-27,6.6,12.8,1536,8.2,논산(부여)
2023-11-27,9.8,13.1,1216,8.3,무안(목포)
2023-11-27,5.1,8.6,2044,6.2,상주
2023-11-27,11.5,14.1,1038,10.3,신안
2023-11-27,13.1,16.3,1333,11.7,제주
2023-11-27,8.2,15.1,1505,8.5,창녕(밀양)
2023-11-27,1.1,2.5,1551,0.1,평창
2023-11-27,5.1,7.9,1505,5.5,포천(동두천)
2023-11-27,9.7,15.5,1244,9.4,해남
2023-11-28,3.4,8.2,1343,4.6,논산(부여)
2023-11-28,7.0,9.6,106,7.8,무안(목포)
2023-11-28,4.2,7.4,5,5.0,상주
2023-11-28,8.5,10.5,1358,8.9,신안
2023-11-28,10.7,13.4,1,10.4,제주
2023-11-28,6.5,11.2,1433,6.6,창녕(밀양)
2023-11-28,-2.8,1.0,1,-1.7,평창
2023-11-28,0.0,4.0,1,1.9,포천(동두천)
2023-11-28,6.2,10.4,1248,8.3,해남
2023-11-29,3.2,7.4,1318,4.7,논산(부여)
2023-11-29,6.0,9.1,1327,7.1,무안(목포)
2023-11-29,2.7,7.4,1330,4.2,상주
2023-11-29,8.4,11.3,1118,8.3,신안
2023-11-29,11.2,13.9,1154,11.1,제주
2023-11-29,4.4,8.7,1451,4.2,창녕(밀양)
2023-11-29,-4.9,-0.3,1337,-2.3,평창
2023-11-29,-3.6,-0.6,1433,-1.0,포천(동두천)
2023-11-29,5.6,10.8,1323,7.3,해남
2023-11-30,-0.8,3.3,1411,2.8,논산(부여)
2023-11-30,1.5,4.9,1,4.3,무안(목포)
2023-11-30,-2.1,1.1,1440,1.3,상주
2023-11-30,4.2,5.8,1,5.5,신안
2023-11-30,6.6,9.1,17,7.5,제주
2023-11-30,1.4,5.8,1,3.3,창녕(밀양)
2023-11-30,-9.6,-5.0,1326,-1.3,평창
2023-11-30,-5.3,-0.4,1412,-2.3,포천(동두천)
2023-11-30,2.6,5.7,1,6.5,해남
2023-12-01,-0.7,4.5,1406,2.8,논산(부여)
2023-12-01,1.8,3.8,1503,5.1,무안(목포)
2023-12-01,-0.7,4.0,1354,1.1,상주
2023-12-01,4.8,6.7,1145,5.5,신안
2023-12-01,7.1,8.5,1512,6.1,제주
2023-12-01,1.6,7.1,1454,2.7,창녕(밀양)
2023-12-01,-7.6,-1.9,1354,-2.0,평창
2023-12-01,-4.9,1.7,1438,-2.3,포천(동두천)
2023-12-01,2.1,6.1,1337,6.7,해남
2023-12-02,2.6,9.4,1429,4.5,논산(부여)
2023-12-02,5.3,9.0,2315,5.1,무안(목포)
2023-12-02,2.8,7.8,1604,2.3,상주
2023-12-02,8.0,9.7,1402,7.2,신안
2023-12-02,9.1,10.8,2140,7.4,제주
2023-12-02,2.9,10.1,1417,3.9,창녕(밀양)
2023-12-02,-3.4,1.1,1338,-2.0,평창
2023-12-02,0.3,7.5,1253,-0.2,포천(동두천)
2023-12-02,3.8,8.7,1333,5.1,해남
2023-12-03,1.9,8.6,1447,4.1,논산(부여)
2023-12-03,6.2,8.9,126,6.8,무안(목포)
2023-12-03,3.2,8.3,1421,3.1,상주
2023-12-03,7.8,10.0,1102,8.7,신안
2023-12-03,10.1,12.9,1308,9.2,제주
2023-12-03,3.4,11.9,1419,4.1,창녕(밀양)
2023-12-03,-2.8,3.8,1434,-2.5,평창
2023-12-03,-0.7,5.9,1416,0.4,포천(동두천)
2023-12-03,5.8,10.5,1302,7.6,해남
2023-12-04,1.2,9.5,1446,3.6,논산(부여)
2023-12-04,5.1,8.6,1436,4.9,무안(목포)
2023-12-04,2.0,10.3,1434,2.4,상주
2023-12-04,7.8,10.8,1140,6.6,신안
2023-12-04,8.5,13.1,1241,7.3,제주
2023-12-04,3.0,12.2,1432,2.8,창녕(밀양)
2023-12-04,-1.6,5.0,1352,-2.8,평창
2023-12-04,1.3,8.9,1359,0.4,포천(동두천)
2023-12-04,2.7,10.9,1452,5.1,해남
2023-12-05,3.4,12.9,1418,3.8,논산(부여)
2023-12-05,8.7,14.5,1238,8.1,무안(목포)
2023-12-05,2.8,11.0,1428,2.8,상주
2023-12-05,10.6,15.2,1340,9.3,신안
2023-12-05,11.7,18.6,1208,10.2,제주
2023-12-05,4.9,14.4,1442,5.2,창녕(밀양)
2023-12-05,-2.0,8.8,1359,-2.4,평창
2023-12-05,6.2,12.6,1447,4.3,포천(동두천)
2023-12-05,5.4,15.6,1345,7.0,해남
2023-12-06,5.6,13.0,1643,4.8,논산(부여)
2023-12-06,10.0,15.3,1358,9.0,무안(목포)
2023-12-06,3.5,9.1,2126,3.5,상주
2023-12-06,11.9,15.0,1327,9.8,신안
2023-12-06,13.6,21.0,1233,10.5,제주
2023-12-06,6.4,13.3,1411,4.3,창녕(밀양)
2023-12-06,1.8,6.0,1509,-0.2,평창
2023-12-06,5.4,8.8,1325,3.4,포천(동두천)
2023-12-06,8.8,15.8,1324,7.8,해남
2023-12-07,5.6,12.4,1342,4.6,논산(부여)
2023-12-07,9.4,13.3,1442,8.7,무안(목포)
2023-12-07,6.1,12.2,1408,4.8,상주
2023-12-07,11.0,14.6,1358,8.9,신안
2023-12-07,12.0,17.1,1403,10.4,제주
2023-12-07,7.2,13.0,1406,6.2,창녕(밀양)
2023-12-07,0.8,3.2,1436,-0.6,평창
2023-12-07,5.4,11.7,1405,2.9,포천(동두천)
2023-12-07,8.0,13.8,1428,8.0,해남
2023-12-08,9.7,19.5,1459,7.3,논산(부여)
2023-12-08,14.4,19.0,1329,11.7,무안(목포)
2023-12-08,4.4,12.8,1509,4.1,상주
2023-12-08,15.2,17.5,1316,12.8,신안
2023-12-08,13.9,22.2,1022,10.8,제주
2023-12-08,9.5,18.7,1451,7.6,창녕(밀양)
2023-12-08,7.1,11.6,1404,1.5,평창
2023-12-08,11.7,16.1,1443,6.4,포천(동두천)
2023-12-08,14.7,19.7,1218,11.0,해남
2023-12-09,14.0,19.8,1444,11.2,논산(부여)
2023-12-09,16.0,19.2,1336,13.6,무안(목포)
2023-12-09,7.9,17.6,1522,5.7,상주
2023-12-09,15.0,19.0,1313,13.8,신안
2023-12-09,15.8,21.4,1224,13.4,제주
2023-12-09,11.1,19.3,1402,8.9,창녕(밀양)
2023-12-09,8.8,12.8,1249,5.4,평창
2023-12-09,13.0,16.3,1421,11.1,포천(동두천)
2023-12-09,15.3,21.0,1237,13.5,해남
2023-12-10,14.1,19.6,1419,13.4,논산(부여)
2023-12-10,13.6,18.6,1556,13.2,무안(목포)
2023-12-10,10.1,16.3,1505,7.8,상주
2023-12-10,12.1,13.4,1,13.0,신안
2023-12-10,17.0,23.1,1257,15.1,제주
2023-12-10,11.6,19.3,1412,10.5,창녕(밀양)
2023-12-10,5.2,7.8,1138,4.3,평창
2023-12-10,8.2,13.8,1445,6.3,포천(동두천)
2023-12-10,14.8,20.3,1345,13.6,해남
2023-12-11,12.2,14.3,855,11.6,논산(부여)
2023-12-11,13.5,14.6,2027,13.1,무안(목포)
2023-12-11,10.9,12.1,1,9.7,상주
2023-12-11,12.6,15.5,1713,12.5,신안
2023-12-11,17.0,21.2,1138,16.4,제주
2023-12-11,11.9,14.0,2337,10.1,창녕(밀양)
2023-12-11,3.4,5.8,1,4.0,평창
2023-12-11,6.1,10.3,142,6.4,포천(동두천)
2023-12-11,14.4,15.5,758,13.7,해남
2023-12-12,8.4,11.2,1439,9.9,논산(부여)
2023-12-12,8.5,11.5,1,10.3,무안(목포)
2023-12-12,8.2,10.3,1512,9.2,상주
2023-12-12,8.5,9.6,2,9.5,신안
2023-12-12,11.3,14.8,1,12.0,제주
2023-12-12,10.1,13.9,1,9.1,창녕(밀양)
2023-12-12,-0.9,0.9,1605,0.6,평창
2023-12-12,3.4,8.8,1508,5.1,포천(동두천)
2023-12-12,9.0,12.5,1,11.1,해남
2023-12-13,9.9,13.8,1332,10.1,논산(부여)
2023-12-13,10.9,14.5,1357,11.4,무안(목포)
2023-12-13,7.4,11.8,1434,8.5,상주
2023-12-13,11.2,12.9,1427,11.5,신안
2023-12-13,14.0,18.7,1459,13.9,제주
2023-12-13,8.5,14.6,1302,6.9,창녕(밀양)
2023-12-13,0.9,5.7,1341,0.7,평창
2023-12-13,5.0,11.1,1504,4.5,포천(동두천)
2023-12-13,11.1,15.8,1328,11.8,해남
2023-12-14,10.1,11.7,1157,10.0,논산(부여)
2023-12-14,12.3,13.2,2307,11.6,무안(목포)
2023-12-14,7.6,8.6,1201,8.1,상주
2023-12-14,13.0,15.3,2357,12.0,신안
2023-12-14,16.5,17.6,2008,15.0,제주
2023-12-14,8.8,10.2,2258,8.2,창녕(밀양)
2023-12-14,2.0,3.5,1331,1.9,평창
2023-12-14,5.6,7.0,58,5.8,포천(동두천)
2023-12-14,12.8,17.2,2350,11.8,해남
2023-12-15,9.7,12.9,1047,10.3,논산(부여)
2023-12-15,10.9,17.0,531,11.9,무안(목포)
2023-12-15,8.7,10.1,1233,9.1,상주
2023-12-15,10.3,16.7,143,11.8,신안
2023-12-15,15.3,20.8,841,14.9,제주
2023-12-15,11.7,17.7,1215,10.6,창녕(밀양)
2023-12-15,-1.4,0.6,1,0.4,평창
2023-12-15,3.1,5.0,1,4.8,포천(동두천)
2023-12-15,12.3,18.4,554,13.3,해남
2023-12-16,-1.0,6.3,1,3.5,논산(부여)
2023-12-16,0.8,6.0,1,3.9,무안(목포)
2023-12-16,-0.6,6.6,1,4.5,상주
2023-12-16,1.7,5.2,5,4.4,신안
2023-12-16,5.8,10.0,1,6.5,제주
2023-12-16,3.7,9.1,423,5.7,창녕(밀양)
2023-12-16,-8.1,-0.5,413,0.2,평창
2023-12-16,-5.0,2.7,1,0.2,포천(동두천)
2023-12-16,1.7,7.1,1,5.4,해남
2023-12-17,-7.3,-3.9,1433,2.0,논산(부여)
2023-12-17,-3.5,-1.2,335,2.4,무안(목포)
2023-12-17,-7.3,-4.0,1435,0.1,상주
2023-12-17,0.4,1.8,1354,2.5,신안
2023-12-17,2.7,3.9,1224,3.1,제주
2023-12-17,-3.5,0.2,1440,0.3,창녕(밀양)
2023-12-17,-15.0,-11.7,1447,-1.0,평창
2023-12-17,-11.0,-6.1,1500,-5.3,포천(동두천)
2023-12-17,-2.8,-1.1,1528,3.8,해남
2023-12-18,-5.4,-2.2,1254,-0.1,논산(부여)
2023-12-18,-2.4,-0.1,1446,2.6,무안(목포)
2023-12-18,-4.9,0.2,1337,-0.5,상주
2023-12-18,0.1,1.4,1851,3.1,신안
2023-12-18,3.7,5.0,1845,4.7,제주
2023-12-18,-1.5,2.1,1349,-0.7,창녕(밀양)
2023-12-18,-12.5,-7.7,1333,-3.1,평창
2023-12-18,-9.8,-4.6,1351,-4.6,포천(동두천)
2023-12-18,-1.6,1.8,1256,4.4,해남
2023-12-19,-2.1,1.0,1536,1.0,논산(부여)
2023-12-19,1.8,4.5,2257,4.5,무안(목포)
2023-12-19,-1.8,2.3,1556,0.1,상주
2023-12-19,3.3,5.5,1453,3.8,신안
2023-12-19,5.9,7.5,1357,6.0,제주
2023-12-19,1.4,6.3,1455,2.6,창녕(밀양)
2023-12-19,-7.7,-1.4,1421,-3.3,평창
2023-12-19,-5.3,-0.7,1342,-2.4,포천(동두천)
2023-12-19,1.4,5.3,1454,5.1,해남
2023-12-20,-3.8,-0.4,247,0.4,논산(부여)
2023-12-20,-0.4,4.6,58,2.2,무안(목포)
2023-12-20,-4.4,-0.3,4,-0.2,상주
2023-12-20,0.4,4.9,14,2.2,신안
2023-12-20,4.7,7.6,17,4.4,제주
2023-12-20,-1.2,2.5,1255,-0.2,창녕(밀양)
2023-12-20,-11.3,-7.4,35,-2.6,평창
2023-12-20,-8.6,-4.0,1332,-4.2,포천(동두천)
2023-12-20,0.4,4.6,216,3.6,해남
2023-12-21,-8.2,-4.0,1402,-2.0,논산(부여)
2023-12-21,-5.2,-1.6,616,1.3,무안(목포)
2023-12-21,-8.8,-5.1,1440,-1.8,상주
2023-12-21,-1.8,-0.7,142,1.7,신안
2023-12-21,1.3,3.4,1308,2.0,제주
2023-12-21,-5.3,-0.9,1506,-2.7,창녕(밀양)
2023-12-21,-16.3,-11.9,1452,-6.7,평창
2023-12-21,-12.8,-7.9,1432,-7.4,포천(동두천)
2023-12-21,-4.4,-2.5,627,3.3,해남
2023-12-22,-8.6,-4.1,1449,-2.4,논산(부여)
2023-12-22,-5.6,-2.7,214,1.7,무안(목포)
2023-12-22,-8.6,-5.3,1344,-2.8,상주
2023-12-22,-0.1,1.4,1221,2.5,신안
2023-12-22,1.6,2.5,2334,1.5,제주
2023-12-22,-5.5,-0.9,1511,-3.3,창녕(밀양)
2023-12-22,-16.4,-11.4,1413,-8.7,평창
2023-12-22,-12.8,-7.8,1446,-7.8,포천(동두천)
2023-12-22,-5.4,-1.8,1434,3.4,해남
2023-12-23,-5.3,0.7,1551,-1.0,논산(부여)
2023-12-23,-1.9,1.8,1452,2.6,무안(목포)
2023-12-23,-4.6,1.6,1427,-2.3,상주
2023-12-23,2.0,3.8,1939,2.5,신안
2023-12-23,3.6,4.8,1540,3.0,제주
2023-12-23,-3.1,3.0,1407,-2.6,창녕(밀양)
2023-12-23,-12.2,-6.0,1428,-8.5,평창
2023-12-23,-9.5,-2.1,1532,-6.3,포천(동두천)
2023-12-23,-1.0,4.2,1326,4.5,해남
2023-12-24,-2.3,1.5,1530,-0.2,논산(부여)
2023-12-24,1.1,2.7,1536,3.2,무안(목포)
2023-12-24,-2.7,2.9,1356,-1.1,상주
2023-12-24,3.4,4.7,1053,2.9,신안
2023-12-24,5.4,7.1,1037,3.8,제주
2023-12-24,-0.6,6.4,1351,0.4,창녕(밀양)
2023-12-24,-9.3,-3.9,1435,-7.1,평창
2023-12-24,-4.4,1.6,1407,-2.9,포천(동두천)
2023-12-24,1.3,4.6,1402,5.3,해남
2023-12-25,-0.9,3.3,1233,0.4,논산(부여)
2023-12-25,2.7,4.1,1342,3.3,무안(목포)
2023-12-25,-0.2,3.4,1419,-0.7,상주
2023-12-25,4.0,6.1,1232,3.9,신안
2023-12-25,6.5,7.5,1426,4.9,제주
2023-12-25,-0.9,6.4,1450,0.1,창녕(밀양)
2023-12-25,-5.9,-2.8,1310,-4.0,평창
2023-12-25,-2.5,2.0,1538,-1.6,포천(동두천)
2023-12-25,1.9,6.2,1316,4.2,해남
2023-12-26,0.8,8.0,1508,3.0,논산(부여)
2023-12-26,3.7,8.0,1221,3.9,무안(목포)
2023-12-26,2.7,6.8,1448,-0.1,상주
2023-12-26,7.4,10.9,1259,5.7,신안
2023-12-26,8.3,10.8,1206,6.2,제주
2023-12-26,0.3,9.1,1538,0.4,창녕(밀양)
2023-12-26,-3.9,-0.9,1401,-3.1,평창
2023-12-26,-0.2,6.5,1520,-1.0,포천(동두천)
2023-12-26,2.8,9.3,1324,4.1,해남
2023-12-27,1.5,8.2,1400,3.1,논산(부여)
2023-12-27,5.1,9.1,1254,5.8,무안(목포)
2023-12-27,1.4,7.6,1418,-0.2,상주
2023-12-27,7.6,11.1,1206,6.5,신안
2023-12-27,9.6,13.5,1417,8.4,제주
2023-12-27,3.4,11.9,1420,2.8,창녕(밀양)
2023-12-27,-6.4,2.3,1427,-5.2,평창
2023-12-27,-1.4,7.3,1441,-1.6,포천(동두천)
2023-12-27,4.3,10.8,1415,5.4,해남
2023-12-28,0.1,5.6,1442,2.0,논산(부여)
2023-12-28,4.0,7.1,1404,5.3,무안(목포)
2023-12-28,0.8,6.7,1340,-0.2,상주
2023-12-28,7.2,9.9,1218,6.9,신안
2023-12-28,9.7,13.9,1114,8.6,제주
2023-12-28,2.7,11.9,1455,2.1,창녕(밀양)
2023-12-28,-3.6,1.0,1418,-5.0,평창
2023-12-28,-1.2,4.2,1301,-1.5,포천(동두천)
2023-12-28,4.1,11.1,1244,5.3,해남
2023-12-29,1.5,6.5,1439,2.6,논산(부여)
2023-12-29,3.9,7.2,1323,4.6,무안(목포)
2023-12-29,1.3,7.3,1447,-0.1,상주
2023-12-29,6.9,9.4,1153,6.9,신안
2023-12-29,8.5,10.9,1344,8.5,제주
2023-12-29,2.3,10.3,1416,1.6,창녕(밀양)
2023-12-29,-4.1,2.7,1416,-5.2,평창
2023-12-29,0.1,4.6,1332,-0.2,포천(동두천)
2023-12-29,1.8,8.6,1431,3.9,해남
2023-12-30,0.8,3.5,1251,1.5,논산(부여)
2023-12-30,5.2,8.9,2358,5.1,무안(목포)
2023-12-30,0.4,3.2,1441,-0.1,상주
2023-12-30,8.1,11.2,2031,6.7,신안
2023-12-30,11.2,16.5,1422,9.0,제주
2023-12-30,3.5,11.0,1414,2.6,창녕(밀양)
2023-12-30,-3.3,-0.9,1710,-4.1,평창
2023-12-30,-0.6,1.0,2348,-0.9,포천(동두천)
2023-12-30,4.8,11.4,1235,4.7,해남
2023-12-31,4.8,6.9,652,4.7,논산(부여)
2023-12-31,6.7,9.4,109,6.1,무안(목포)
2023-12-31,2.5,6.0,1026,1.0,상주
2023-12-31,7.1,10.3,1,6.5,신안
2023-12-31,10.1,14.4,1,8.4,제주
2023-12-31,5.6,10.8,1120,5.1,창녕(밀양)
2023-12-31,-1.1,0.5,1007,-1.9,평창
2023-12-31,1.3,5.6,1544,-0.2,포천(동두천)
2023-12-31,7.2,10.6,150,6.7,해남
2024-01-01,3.8,8.3,1512,4.6,논산(부여)
2024-01-01,5.6,9.5,1410,6.9,무안(목포)
2024-01-01,2.7,8.3,1427,1.9,상주
2024-01-01,6.9,7.9,1153,6.8,신안
2024-01-01,8.5,11.3,1128,7.5,제주
2024-01-01,4.2,11.3,1429,2.6,창녕(밀양)
2024-01-01,-1.2,0.2,1358,-1.4,평창
2024-01-01,1.5,6.0,1333,-0.3,포천(동두천)
2024-01-01,4.6,9.5,1333,6.0,해남
2024-01-02,4.3,7.2,1203,5.2,논산(부여)
2024-01-02,5.4,7.4,1425,5.5,무안(목포)
2024-01-02,4.8,7.9,1246,3.6,상주
2024-01-02,7.0,8.9,1402,7.1,신안
2024-01-02,9.9,13.9,1240,8.8,제주
2024-01-02,6.1,11.5,1450,6.3,창녕(밀양)
2024-01-02,-1.6,-0.4,1335,-1.2,평창
2024-01-02,1.9,5.6,1345,0.0,포천(동두천)
2024-01-02,4.3,8.8,1140,5.8,해남
2024-01-03,2.3,6.5,1524,4.3,논산(부여)
2024-01-03,4.9,7.5,1320,6.1,무안(목포)
2024-01-03,2.9,5.9,1348,3.5,상주
2024-01-03,5.8,8.3,1325,6.1,신안
2024-01-03,8.4,9.9,202,7.3,제주
2024-01-03,4.8,8.0,1534,4.4,창녕(밀양)
2024-01-03,-3.5,-0.5,1202,-1.2,평창
2024-01-03,0.7,3.5,1609,0.4,포천(동두천)
2024-01-03,5.1,8.2,1408,6.2,해남
2024-01-04,0.4,7.1,1521,1.6,논산(부여)
2024-01-04,4.6,8.7,1606,4.9,무안(목포)
2024-01-04,1.2,6.5,1503,1.9,상주
2024-01-04,7.0,10.0,1222,6.1,신안
2024-01-04,8.2,11.7,1452,7.3,제주
2024-01-04,1.6,9.5,1515,1.7,창녕(밀양)
2024-01-04,-4.5,-0.5,1333,-1.6,평창
2024-01-04,-0.2,4.0,1401,-0.5,포천(동두천)
2024-01-04,2.0,9.4,1436,4.3,해남
2024-01-05,4.3,10.7,1443,5.0,논산(부여)
2024-01-05,7.8,12.2,1405,7.2,무안(목포)
2024-01-05,4.2,9.6,1451,2.4,상주
2024-01-05,9.4,12.2,1319,8.4,신안
2024-01-05,10.5,15.5,1418,7.6,제주
2024-01-05,2.6,12.5,1505,0.9,창녕(밀양)
2024-01-05,0.4,2.2,1249,-1.1,평창
2024-01-05,3.9,9.4,1428,1.4,포천(동두천)
2024-01-05,5.1,13.7,1400,5.9,해남
2024-01-06,0.8,7.2,1518,2.7,논산(부여)
2024-01-06,4.0,6.2,1430,5.2,무안(목포)
2024-01-06,2.7,6.6,1435,2.2,상주
2024-01-06,6.4,8.8,1230,6.8,신안
2024-01-06,9.4,11.9,1355,9.6,제주
2024-01-06,1.9,10.4,1323,0.7,창녕(밀양)
2024-01-06,-3.6,-0.4,1423,-1.5,평창
2024-01-06,-0.8,4.8,1509,0.0,포천(동두천)
2024-01-06,4.0,8.5,1420,5.0,해남
2024-01-07,-1.3,2.7,1349,-0.4,논산(부여)
2024-01-07,1.6,4.1,29,3.7,무안(목포)
2024-01-07,-1.7,0.8,208,0.4,상주
2024-01-07,3.2,5.4,17,3.7,신안
2024-01-07,6.1,8.1,56,6.0,제주
2024-01-07,-0.6,4.3,1325,-0.3,창녕(밀양)
2024-01-07,-9.2,-5.9,12,-2.2,평창
2024-01-07,-5.0,-1.5,1426,-1.3,포천(동두천)
2024-01-07,2.2,4.6,1250,3.9,해남
2024-01-08,-3.7,2.4,1546,-1.2,논산(부여)
2024-01-08,-0.4,2.3,1522,3.0,무안(목포)
2024-01-08,-2.9,2.7,1411,-0.6,상주
2024-01-08,2.6,5.4,1124,4.1,신안
2024-01-08,4.6,7.4,1233,6.4,제주
2024-01-08,-2.7,5.5,1505,-1.9,창녕(밀양)
2024-01-08,-10.1,-2.8,1423,-3.6,평창
2024-01-08,-6.0,-0.3,1450,-2.6,포천(동두천)
2024-01-08,-1.3,4.5,1516,2.9,해남
2024-01-09,1.2,6.7,1456,2.8,논산(부여)
2024-01-09,2.8,5.9,1517,3.4,무안(목포)
2024-01-09,-0.7,1.4,1211,-0.2,상주
2024-01-09,6.7,9.5,958,5.8,신안
2024-01-09,8.8,11.7,1547,6.9,제주
2024-01-09,-1.1,4.1,1535,-1.4,창녕(밀양)
2024-01-09,-3.8,-0.9,1226,-2.6,평창
2024-01-09,-2.2,-0.5,1546,-0.9,포천(동두천)
2024-01-09,2.4,7.7,1603,3.8,해남
2024-01-10,-0.2,2.8,1507,2.7,논산(부여)
2024-01-10,2.3,4.3,1,4.2,무안(목포)
2024-01-10,0.5,6.5,1450,0.7,상주
2024-01-10,4.5,5.9,1101,4.9,신안
2024-01-10,6.9,10.6,1,7.3,제주
2024-01-10,2.2,7.5,1541,1.2,창녕(밀양)
2024-01-10,-6.3,-0.9,1432,-2.3,평창
2024-01-10,-3.1,2.9,1545,-1.3,포천(동두천)
2024-01-10,2.7,6.0,1301,4.9,해남
2024-01-11,0.8,5.2,1514,1.8,논산(부여)
2024-01-11,3.4,7.2,1507,4.2,무안(목포)
2024-01-11,1.2,3.9,2359,0.5,상주
2024-01-11,6.1,8.7,1250,5.7,신안
2024-01-11,7.4,10.3,1533,6.5,제주
2024-01-11,0.5,8.5,1546,1.7,창녕(밀양)
2024-01-11,-4.6,-1.4,2337,-2.4,평창
2024-01-11,0.4,4.3,1355,-0.6,포천(동두천)
2024-01-11,1.3,8.2,1435,3.3,해남
2024-01-12,2.0,9.2,1428,3.2,논산(부여)
2024-01-12,5.2,8.0,1320,6.2,무안(목포)
2024-01-12,4.3,8.2,1331,2.2,상주
2024-01-12,7.2,9.8,1132,7.1,신안
2024-01-12,10.3,12.6,1339,8.3,제주
2024-01-12,1.7,11.0,1450,1.8,창녕(밀양)
2024-01-12,-2.5,1.1,1424,-2.0,평창
2024-01-12,-0.6,4.5,1444,-0.2,포천(동두천)
2024-01-12,5.2,10.3,1415,5.4,해남
2024-01-13,-0.7,7.7,1541,1.5,논산(부여)
2024-01-13,2.7,6.2,1503,3.8,무안(목포)
2024-01-13,1.1,7.0,1449,1.0,상주
2024-01-13,5.5,7.9,1049,5.8,신안
2024-01-13,6.6,11.0,1558,5.7,제주
2024-01-13,1.0,9.1,1529,1.1,창녕(밀양)
2024-01-13,-5.5,-1.8,1438,-3.0,평창
2024-01-13,-2.2,5.2,1546,-1.3,포천(동두천)
2024-01-13,1.4,8.5,1333,3.2,해남
2024-01-14,1.0,8.8,1326,0.5,논산(부여)
2024-01-14,5.5,14.0,1252,4.8,무안(목포)
2024-01-14,1.0,9.1,1639,0.7,상주
2024-01-14,8.6,14.7,1326,6.8,신안
2024-01-14,10.4,18.4,1327,7.7,제주
2024-01-14,5.0,14.5,1519,3.2,창녕(밀양)
2024-01-14,-2.7,2.0,1156,-2.8,평창
2024-01-14,-2.8,0.4,1704,-1.7,포천(동두천)
2024-01-14,5.8,15.2,1218,4.8,해남
2024-01-15,-1.3,4.7,1454,1.0,논산(부여)
2024-01-15,1.3,2.9,1443,3.6,무안(목포)
2024-01-15,-0.9,2.9,1513,0.7,상주
2024-01-15,3.7,5.2,1127,4.9,신안
2024-01-15,6.1,8.7,1,6.6,제주
2024-01-15,2.7,9.0,1441,2.1,창녕(밀양)
2024-01-15,-8.4,-2.1,1332,-2.2,평창
2024-01-15,-5.8,0.1,1605,-2.1,포천(동두천)
2024-01-15,1.9,5.1,1307,3.5,해남
2024-01-16,-2.5,4.7,1610,-1.4,논산(부여)
2024-01-16,1.9,4.9,1400,2.5,무안(목포)
2024-01-16,-1.1,4.8,1559,-0.3,상주
2024-01-16,4.1,5.9,1230,4.4,신안
2024-01-16,7.5,12.0,1536,6.2,제주
2024-01-16,1.6,10.4,1502,1.0,창녕(밀양)
2024-01-16,-8.2,2.2,1507,-2.8,평창
2024-01-16,-5.4,2.3,1358,-2.6,포천(동두천)
2024-01-16,3.0,8.8,1341,3.7,해남
2024-01-17,1.1,3.0,2339,1.0,논산(부여)
2024-01-17,7.9,11.3,2359,6.1,무안(목포)
2024-01-17,-0.6,2.7,1408,0.3,상주
2024-01-17,10.4,13.3,2333,8.4,신안
2024-01-17,14.0,18.7,1450,10.9,제주
2024-01-17,4.1,7.9,1515,2.2,창녕(밀양)
2024-01-17,-0.2,2.7,2305,-2.4,평창
2024-01-17,-2.1,0.7,1243,-1.3,포천(동두천)
2024-01-17,8.8,13.7,1635,6.7,해남
2024-01-18,5.5,7.5,1400,5.9,논산(부여)
2024-01-18,7.2,13.2,127,7.7,무안(목포)
2024-01-18,3.9,6.5,1421,3.2,상주
2024-01-18,7.2,13.1,1,7.8,신안
2024-01-18,13.2,17.2,119,12.1,제주
2024-01-18,7.8,10.6,1236,6.0,창녕(밀양)
2024-01-18,0.0,3.0,231,-0.8,평창
2024-01-18,2.9,8.9,1509,-0.2,포천(동두천)
2024-01-18,8.2,13.8,306,8.6,해남
2024-01-19,6.9,10.8,1249,6.4,논산(부여)
2024-01-19,6.8,7.4,1058,7.1,무안(목포)
2024-01-19,4.5,5.6,15,3.9,상주
2024-01-19,6.8,7.6,957,7.2,신안
2024-01-19,10.9,11.8,349,10.9,제주
2024-01-19,7.4,8.9,1318,6.1,창녕(밀양)
2024-01-19,-2.9,-1.8,1,-0.6,평창
2024-01-19,3.9,7.9,1343,0.1,포천(동두천)
2024-01-19,7.5,8.0,2342,7.5,해남
2024-01-20,5.0,7.2,622,4.9,논산(부여)
2024-01-20,6.5,7.6,443,6.9,무안(목포)
2024-01-20,3.5,5.3,937,3.6,상주
2024-01-20,6.2,7.3,147,6.7,신안
2024-01-20,11.1,11.9,1516,11.1,제주
2024-01-20,7.3,9.1,1039,5.4,창녕(밀양)
2024-01-20,-3.1,-2.3,1341,-0.7,평창
2024-01-20,1.6,3.9,1322,0.1,포천(동두천)
2024-01-20,7.1,8.5,339,6.8,해남
2024-01-21,3.5,7.6,1336,4.4,논산(부여)
2024-01-21,4.6,6.8,1210,6.0,무안(목포)
2024-01-21,3.8,7.4,1323,4.5,상주
2024-01-21,4.9,6.5,352,5.6,신안
2024-01-21,8.2,10.1,1153,8.8,제주
2024-01-21,7.5,9.8,1318,6.9,창녕(밀양)
2024-01-21,-3.1,-1.3,1557,-0.8,평창
2024-01-21,0.9,3.7,1200,0.4,포천(동두천)
2024-01-21,5.3,7.0,1305,6.9,해남
2024-01-22,-4.4,0.5,1,-0.3,논산(부여)
2024-01-22,-2.1,2.0,1,1.1,무안(목포)
2024-01-22,-4.6,2.2,1,0.6,상주
2024-01-22,-1.3,1.5,9,0.7,신안
2024-01-22,2.0,6.1,19,2.6,제주
2024-01-22,0.5,5.8,3,4.2,창녕(밀양)
2024-01-22,-11.8,-2.5,1,-1.0,평창
2024-01-22,-9.5,-3.3,1,-1.9,포천(동두천)
2024-01-22,-1.4,2.8,1,1.7,해남
2024-01-23,-7.0,-4.5,1259,-1.8,논산(부여)
2024-01-23,-3.9,-2.3,1220,0.4,무안(목포)
2024-01-23,-9.3,-5.6,1454,-2.6,상주
2024-01-23,-2.1,-0.6,1313,0.4,신안
2024-01-23,0.6,2.0,1253,1.1,제주
2024-01-23,-5.1,-0.2,1412,-3.4,창녕(밀양)
2024-01-23,-17.5,-14.3,1534,-2.1,평창
2024-01-23,-12.7,-8.1,1425,-5.9,포천(동두천)
2024-01-23,-3.2,-1.3,1108,1.3,해남
2024-01-24,-4.9,-1.5,1424,-0.9,논산(부여)
2024-01-24,-1.5,-0.3,1538,1.0,무안(목포)
2024-01-24,-7.1,-3.1,1426,-3.1,상주
2024-01-24,0.8,2.3,1006,1.5,신안
2024-01-24,2.9,4.2,1251,1.7,제주
2024-01-24,-3.4,1.7,1510,-0.7,창녕(밀양)
2024-01-24,-16.2,-10.9,1438,-2.9,평창
2024-01-24,-8.8,-3.3,1437,-5.3,포천(동두천)
2024-01-24,-1.1,0.8,1419,1.0,해남
2024-01-25,-4.4,2.7,1603,-0.3,논산(부여)
2024-01-25,-0.5,1.3,2302,2.4,무안(목포)
2024-01-25,-4.1,0.8,1458,-2.5,상주
2024-01-25,2.6,3.8,2357,1.9,신안
2024-01-25,4.0,4.8,1408,3.1,제주
2024-01-25,-2.4,4.3,1512,-0.2,창녕(밀양)
2024-01-25,-12.5,-4.5,1455,-3.3,평창
2024-01-25,-6.6,0.2,1553,-3.8,포천(동두천)
2024-01-25,0.0,2.8,1417,3.8,해남
2024-01-26,-2.2,4.2,1453,-0.1,논산(부여)
2024-01-26,1.8,5.3,1507,3.7,무안(목포)
2024-01-26,-0.2,4.8,1424,-1.1,상주
2024-01-26,4.3,7.3,1210,3.7,신안
2024-01-26,5.8,6.7,1409,4.3,제주
2024-01-26,0.4,8.6,1432,1.6,창녕(밀양)
2024-01-26,-7.2,-0.7,1500,-3.0,평창
2024-01-26,-3.7,4.4,1458,-2.5,포천(동두천)
2024-01-26,2.2,7.0,1403,3.9,해남
2024-01-27,-0.3,6.6,1508,1.5,논산(부여)
2024-01-27,2.3,5.8,1326,3.7,무안(목포)
2024-01-27,1.0,6.6,1443,0.0,상주
2024-01-27,5.0,7.9,1157,5.0,신안
2024-01-27,7.1,9.6,1406,6.0,제주
2024-01-27,1.3,10.1,1518,2.5,창녕(밀양)
2024-01-27,-6.8,0.4,1431,-2.8,평창
2024-01-27,-2.6,4.8,1329,-1.6,포천(동두천)
2024-01-27,1.6,7.9,1310,3.8,해남
2024-01-28,-1.3,5.8,1525,1.6,논산(부여)
2024-01-28,2.4,5.8,1430,4.3,무안(목포)
2024-01-28,0.1,4.4,1439,0.0,상주
2024-01-28,3.8,6.1,1128,4.4,신안
2024-01-28,6.1,7.9,1407,5.7,제주
2024-01-28,1.4,7.8,1536,2.7,창녕(밀양)
2024-01-28,-7.0,-1.7,1330,-2.7,평창
2024-01-28,-2.6,2.9,1448,-0.6,포천(동두천)
2024-01-28,2.3,6.9,1449,4.1,해남
2024-01-29,-1.4,6.1,1537,1.3,논산(부여)
2024-01-29,1.5,4.9,1434,3.3,무안(목포)
2024-01-29,-0.9,5.5,1442,-0.3,상주
2024-01-29,3.4,7.4,1258,3.3,신안
2024-01-29,5.7,9.9,1410,6.0,제주
2024-01-29,0.7,9.1,1541,2.1,창녕(밀양)
2024-01-29,-7.5,1.0,1443,-2.9,평창
2024-01-29,-2.6,4.1,1428,-1.4,포천(동두천)
2024-01-29,-0.1,6.8,1406,2.8,해남
2024-01-30,0.4,9.8,1513,2.2,논산(부여)
2024-01-30,4.2,9.5,1312,3.7,무안(목포)
2024-01-30,-0.8,6.9,1522,-0.2,상주
2024-01-30,4.5,6.6,2111,4.6,신안
2024-01-30,7.7,10.6,2354,6.2,제주
2024-01-30,2.8,11.6,1444,3.6,창녕(밀양)
2024-01-30,-7.3,1.7,1420,-3.1,평창
2024-01-30,-1.1,7.2,1509,-0.7,포천(동두천)
2024-01-30,3.1,10.2,1214,3.1,해남
2024-01-31,5.8,13.7,1559,6.0,논산(부여)
2024-01-31,6.9,12.5,1452,8.8,무안(목포)
2024-01-31,5.7,13.6,1515,1.9,상주
2024-01-31,6.4,9.7,1513,6.9,신안
2024-01-31,12.2,15.8,1313,12.2,제주
2024-01-31,7.8,14.7,1553,8.1,창녕(밀양)
2024-01-31,0.4,6.5,1439,-2.4,평창
2024-01-31,2.6,10.3,1505,1.4,포천(동두천)
2024-01-31,8.4,14.0,1326,8.5,해남
2024-02-01,4.2,7.3,1505,4.9,논산(부여)
2024-02-01,4.5,5.7,1337,5.8,무안(목포)
2024-02-01,5.2,8.0,1448,3.2,상주
2024-02-01,4.7,6.1,157,5.6,신안
2024-02-01,9.7,11.9,1,10.1,제주
2024-02-01,7.0,10.0,1220,6.1,창녕(밀양)
2024-02-01,-5.8,-2.5,1153,-2.4,평창
2024-02-01,1.4,7.9,1423,1.3,포천(동두천)
2024-02-01,5.2,7.2,1302,6.8,해남
2024-02-02,1.2,8.3,1430,4.2,논산(부여)
2024-02-02,3.2,6.4,1333,5.9,무안(목포)
2024-02-02,3.5,8.1,1536,3.9,상주
2024-02-02,3.9,6.2,1133,5.9,신안
2024-02-02,8.8,9.3,257,9.2,제주
2024-02-02,6.7,10.3,1502,7.2,창녕(밀양)
2024-02-02,-4.3,-1.0,1357,-1.8,평창
2024-02-02,2.0,8.1,1336,2.2,포천(동두천)
2024-02-02,4.3,8.7,1433,6.8,해남
2024-02-03,4.0,8.1,1407,4.4,논산(부여)
2024-02-03,4.1,7.3,1625,5.6,무안(목포)
2024-02-03,3.9,7.6,1409,4.4,상주
2024-02-03,4.1,5.0,1308,5.0,신안
2024-02-03,9.7,10.3,950,9.5,제주
2024-02-03,6.5,9.9,1330,5.9,창녕(밀양)
2024-02-03,-3.5,-0.7,1315,-1.6,평창
2024-02-03,2.6,8.4,1450,0.8,포천(동두천)
2024-02-03,6.1,9.5,1225,6.9,해남
2024-02-04,6.5,11.7,1353,7.8,논산(부여)
2024-02-04,6.9,10.0,1533,7.4,무안(목포)
2024-02-04,4.6,8.0,1535,5.3,상주
2024-02-04,5.8,6.7,1223,6.2,신안
2024-02-04,10.9,12.3,1327,10.4,제주
2024-02-04,6.8,11.0,1316,6.6,창녕(밀양)
2024-02-04,-2.5,-1.5,1102,-1.3,평창
2024-02-04,3.9,10.7,1456,2.4,포천(동두천)
2024-02-04,7.8,11.3,1332,7.6,해남
2024-02-05,4.2,6.2,1344,5.5,논산(부여)
2024-02-05,5.8,7.0,1440,7.4,무안(목포)
2024-02-05,3.4,6.8,1419,4.7,상주
2024-02-05,6.1,7.9,1307,6.8,신안
2024-02-05,9.9,13.2,1034,9.9,제주
2024-02-05,6.1,8.5,1402,5.4,창녕(밀양)
2024-02-05,-4.1,-0.9,257,-1.2,평창
2024-02-05,1.6,4.5,621,0.9,포천(동두천)
2024-02-05,6.7,7.9,1423,7.8,해남
2024-02-06,2.6,5.9,1446,4.6,논산(부여)
2024-02-06,4.2,6.0,1424,6.5,무안(목포)
2024-02-06,1.4,3.0,1558,3.4,상주
2024-02-06,4.8,8.2,1316,6.0,신안
2024-02-06,7.3,8.1,1,7.2,제주
2024-02-06,4.8,7.2,1536,5.8,창녕(밀양)
2024-02-06,-4.4,-0.9,1315,-1.1,평창
2024-02-06,0.0,2.2,1311,-0.1,포천(동두천)
2024-02-06,4.9,7.9,1519,7.5,해남
2024-02-07,1.2,6.1,1517,5.0,논산(부여)
2024-02-07,2.0,4.5,1233,3.7,무안(목포)
2024-02-07,1.3,5.1,1205,2.0,상주
2024-02-07,3.6,6.3,1226,4.5,신안
2024-02-07,5.7,7.4,1230,6.0,제주
2024-02-07,3.7,8.8,1534,5.5,창녕(밀양)
2024-02-07,-5.3,-2.3,1337,-1.0,평창
2024-02-07,-0.3,2.9,1449,1.1,포천(동두천)
2024-02-07,2.1,5.3,1149,4.3,해남
2024-02-08,0.2,6.6,1515,3.9,논산(부여)
2024-02-08,1.3,4.3,1426,3.4,무안(목포)
2024-02-08,1.1,7.3,1458,2.3,상주
2024-02-08,4.1,7.0,1237,5.1,신안
2024-02-08,5.4,6.9,1600,5.8,제주
2024-02-08,3.3,10.3,1428,4.2,창녕(밀양)
2024-02-08,-6.6,1.3,1509,-1.0,평창
2024-02-08,-1.0,5.9,1540,0.8,포천(동두천)
2024-02-08,1.3,6.3,1453,3.7,해남
2024-02-09,0.0,7.5,1357,2.4,논산(부여)
2024-02-09,2.5,5.9,1351,2.8,무안(목포)
2024-02-09,2.1,7.2,1516,2.4,상주
2024-02-09,4.8,7.7,1318,5.8,신안
2024-02-09,6.4,8.0,1411,6.6,제주
2024-02-09,3.8,10.8,1450,4.5,창녕(밀양)
2024-02-09,-7.0,0.4,1341,-1.1,평창
2024-02-09,-0.6,6.3,1423,0.8,포천(동두천)
2024-02-09,1.5,8.0,1425,3.7,해남
2024-02-10,0.1,8.2,1318,2.0,논산(부여)
2024-02-10,3.9,8.5,1430,4.1,무안(목포)
2024-02-10,2.1,7.6,1513,2.4,상주
2024-02-10,6.3,9.6,1339,5.9,신안
2024-02-10,7.9,10.3,1424,7.1,제주
2024-02-10,2.8,9.9,1502,3.8,창녕(밀양)
2024-02-10,-5.2,-0.7,1406,-1.1,평창
2024-02-10,0.0,7.2,1413,1.4,포천(동두천)
2024-02-10,2.0,9.6,1315,3.7,해남
2024-02-11,0.2,8.8,1443,2.9,논산(부여)
2024-02-11,3.8,7.6,1256,4.6,무안(목포)
2024-02-11,1.8,5.6,1356,1.6,상주
2024-02-11,6.3,9.0,1049,5.9,신안
2024-02-11,8.7,11.8,1446,6.9,제주
2024-02-11,2.5,10.0,1555,3.2,창녕(밀양)
2024-02-11,-5.8,-1.3,1419,-1.1,평창
2024-02-11,-1.1,4.9,1325,-0.4,포천(동두천)
2024-02-11,2.6,10.0,1331,4.4,해남
2024-02-12,1.6,11.1,1515,4.2,논산(부여)
2024-02-12,6.4,11.8,1533,6.1,무안(목포)
2024-02-12,3.4,12.3,1544,2.8,상주
2024-02-12,8.2,13.5,1256,7.5,신안
2024-02-12,8.9,14.6,1419,8.2,제주
2024-02-12,3.2,12.6,1502,4.5,창녕(밀양)
2024-02-12,-3.6,4.1,1524,-1.1,평창
2024-02-12,1.4,10.1,1515,1.5,포천(동두천)
2024-02-12,4.1,12.5,1430,6.0,해남
2024-02-13,7.8,16.6,1408,8.6,논산(부여)
2024-02-13,11.3,17.0,1458,8.6,무안(목포)
2024-02-13,6.8,16.9,1430,4.4,상주
2024-02-13,11.1,15.7,1250,10.1,신안
2024-02-13,12.8,19.7,1612,10.0,제주
2024-02-13,7.0,18.2,1534,7.9,창녕(밀양)
2024-02-13,4.3,7.6,1418,-0.9,평창
2024-02-13,7.8,14.3,1409,4.4,포천(동두천)
2024-02-13,10.3,17.3,1505,9.9,해남
2024-02-14,11.6,18.0,1510,11.8,논산(부여)
2024-02-14,13.9,16.6,1410,11.3,무안(목포)
2024-02-14,9.2,15.5,1628,7.8,상주
2024-02-14,12.9,16.9,1259,12.9,신안
2024-02-14,15.7,18.2,1522,13.0,제주
2024-02-14,9.4,15.5,1620,8.9,창녕(밀양)
2024-02-14,8.1,11.3,1419,-0.3,평창
2024-02-14,12.8,18.9,1343,9.2,포천(동두천)
2024-02-14,14.6,18.7,1250,11.8,해남
2024-02-15,5.5,12.6,231,6.3,논산(부여)
2024-02-15,6.1,12.6,1,6.6,무안(목포)
2024-02-15,5.4,11.3,1152,6.1,상주
2024-02-15,6.5,13.3,420,7.9,신안
2024-02-15,9.4,15.9,939,8.8,제주
2024-02-15,10.5,18.7,1313,10.2,창녕(밀양)
2024-02-15,-0.7,7.9,214,-0.4,평창
2024-02-15,3.6,11.8,16,4.4,포천(동두천)
2024-02-15,6.5,12.9,858,7.4,해남
2024-02-16,1.6,9.1,1527,5.2,논산(부여)
2024-02-16,3.5,9.0,1500,5.6,무안(목포)
2024-02-16,2.9,8.9,1519,5.3,상주
2024-02-16,3.8,6.9,1144,6.4,신안
2024-02-16,6.7,9.8,1708,6.2,제주
2024-02-16,5.2,11.3,1519,9.4,창녕(밀양)
2024-02-16,-3.7,-0.5,1412,-0.4,평창
2024-02-16,0.3,7.6,1550,2.6,포천(동두천)
2024-02-16,3.2,11.2,1500,6.2,해남
2024-02-17,3.9,13.2,1604,6.4,논산(부여)
2024-02-17,7.5,13.8,1416,7.5,무안(목포)
2024-02-17,3.7,13.6,1504,4.6,상주
2024-02-17,8.5,14.5,1313,8.3,신안
2024-02-17,9.7,16.8,1539,9.1,제주
2024-02-17,5.0,15.2,1619,7.4,창녕(밀양)
2024-02-17,0.9,7.1,1545,-0.3,평창
2024-02-17,2.0,10.8,1608,3.8,포천(동두천)
2024-02-17,6.8,15.4,1553,7.7,해남
2024-02-18,4.5,9.1,2355,4.2,논산(부여)
2024-02-18,12.6,17.7,2357,9.9,무안(목포)
2024-02-18,5.3,12.5,1344,4.9,상주
2024-02-18,11.7,14.6,1825,10.1,신안
2024-02-18,15.3,20.6,2213,11.8,제주
2024-02-18,7.5,14.0,2355,5.4,창녕(밀양)
2024-02-18,4.1,12.3,1341,-0.3,평창
2024-02-18,4.2,9.5,1517,2.9,포천(동두천)
2024-02-18,13.2,18.3,2327,10.2,해남
2024-02-19,9.3,13.6,1125,10.0,논산(부여)
2024-02-19,10.4,18.1,245,11.6,무안(목포)
2024-02-19,11.2,16.2,1347,10.1,상주
2024-02-19,9.5,14.8,213,10.8,신안
2024-02-19,15.1,20.7,254,14.9,제주
2024-02-19,15.9,21.4,1632,15.4,창녕(밀양)
2024-02-19,5.8,9.3,108,-0.3,평창
2024-02-19,8.6,11.1,1255,7.3,포천(동두천)
2024-02-19,11.7,18.6,239,12.7,해남
2024-02-20,5.6,7.4,1529,6.7,논산(부여)
2024-02-20,5.9,8.1,2310,6.9,무안(목포)
2024-02-20,5.6,9.1,1,7.2,상주
2024-02-20,5.2,6.9,2357,6.6,신안
2024-02-20,11.0,13.9,1740,11.4,제주
2024-02-20,9.2,14.1,304,8.3,창녕(밀양)
2024-02-20,-1.8,1.2,42,-0.4,평창
2024-02-20,3.5,7.0,1422,4.8,포천(동두천)
2024-02-20,7.2,9.7,1746,8.3,해남
2024-02-21,4.9,5.9,47,6.1,논산(부여)
2024-02-21,7.6,8.8,307,8.4,무안(목포)
2024-02-21,3.0,4.0,116,5.1,상주
2024-02-21,7.1,7.4,152,7.7,신안
2024-02-21,12.4,14.4,1346,12.6,제주
2024-02-21,6.7,7.8,1211,6.1,창녕(밀양)
2024-02-21,-3.7,-2.8,16,-0.4,평창
2024-02-21,0.5,2.5,57,1.7,포천(동두천)
2024-02-21,8.0,9.9,936,8.7,해남
2024-02-22,2.1,3.4,1348,4.3,논산(부여)
2024-02-22,5.4,6.3,1,7.4,무안(목포)
2024-02-22,1.1,3.1,1448,3.5,상주
2024-02-22,5.8,6.7,1,7.6,신안
2024-02-22,9.0,11.8,1,10.3,제주
2024-02-22,4.4,5.4,1,4.3,창녕(밀양)
2024-02-22,-6.4,-5.1,13,-0.5,평창
2024-02-22,-0.5,1.7,1331,0.9,포천(동두천)
2024-02-22,5.4,6.5,1,7.5,해남
2024-02-23,3.7,7.7,1453,6.6,논산(부여)
2024-02-23,4.5,5.3,1608,6.7,무안(목포)
2024-02-23,1.7,5.2,1401,4.3,상주
2024-02-23,4.4,5.2,15,6.2,신안
2024-02-23,7.6,8.1,115,8.7,제주
2024-02-23,4.1,6.3,1321,4.6,창녕(밀양)
2024-02-23,-6.4,-5.4,1211,-0.5,평창
2024-02-23,0.8,5.6,1430,2.8,포천(동두천)
2024-02-23,4.9,6.0,1621,7.1,해남
2024-02-24,3.2,7.6,1414,5.2,논산(부여)
2024-02-24,4.0,7.4,1406,6.2,무안(목포)
2024-02-24,1.9,5.3,1340,3.9,상주
2024-02-24,4.3,5.7,1541,5.9,신안
2024-02-24,7.7,9.1,1350,8.3,제주
2024-02-24,4.7,7.5,1305,6.1,창녕(밀양)
2024-02-24,-5.3,-3.8,1246,-0.4,평창
2024-02-24,1.0,6.4,1420,2.5,포천(동두천)
2024-02-24,4.5,7.3,1316,6.3,해남
2024-02-25,2.5,6.2,1526,4.8,논산(부여)
2024-02-25,4.0,6.6,1413,6.1,무안(목포)
2024-02-25,2.6,6.4,1558,4.7,상주
2024-02-25,5.0,7.8,1150,6.1,신안
2024-02-25,7.9,8.9,1251,8.5,제주
2024-02-25,5.7,8.7,1431,7.6,창녕(밀양)
2024-02-25,-4.3,-0.3,1314,-0.4,평창
2024-02-25,1.7,6.5,1433,3.5,포천(동두천)
2024-02-25,5.0,8.1,1400,7.2,해남
2024-02-26,3.4,9.4,1347,6.1,논산(부여)
2024-02-26,4.2,7.4,1346,6.5,무안(목포)
2024-02-26,4.4,9.4,1427,5.8,상주
2024-02-26,5.1,7.9,1204,6.7,신안
2024-02-26,7.5,10.5,1411,10.1,제주
2024-02-26,5.7,10.9,1301,7.2,창녕(밀양)
2024-02-26,-7.3,-1.9,1053,-0.4,평창
2024-02-26,2.3,10.2,1530,2.8,포천(동두천)
2024-02-26,4.6,10.3,1455,8.1,해남
2024-02-27,5.9,10.8,1458,8.0,논산(부여)
2024-02-27,7.1,12.5,1529,9.6,무안(목포)
2024-02-27,2.5,7.8,1457,4.8,상주
2024-02-27,7.5,11.4,1205,7.7,신안
2024-02-27,9.4,12.8,1433,10.7,제주
2024-02-27,4.2,8.7,1529,6.5,창녕(밀양)
2024-02-27,-5.1,-1.9,1433,-0.4,평창
2024-02-27,3.7,9.8,1445,4.5,포천(동두천)
2024-02-27,7.1,11.7,1435,9.3,해남
2024-02-28,7.0,12.0,1633,7.9,논산(부여)
2024-02-28,8.1,14.6,1532,11.4,무안(목포)
2024-02-28,3.5,10.1,1355,4.6,상주
2024-02-28,7.8,10.7,1445,9.7,신안
2024-02-28,10.2,13.0,1401,9.8,제주
2024-02-28,5.8,13.1,1521,8.6,창녕(밀양)
2024-02-28,-4.4,4.0,1414,-0.4,평창
2024-02-28,4.7,10.1,1510,4.5,포천(동두천)
2024-02-28,8.7,13.3,1410,10.5,해남
2024-02-29,5.9,7.6,1136,6.4,논산(부여)
2024-02-29,6.0,7.8,322,6.8,무안(목포)
2024-02-29,3.1,4.8,1154,4.3,상주
2024-02-29,5.6,7.0,449,6.5,신안
2024-02-29,8.2,10.9,1,8.6,제주
2024-02-29,5.1,7.6,1108,5.1,창녕(밀양)
2024-02-29,-1.7,2.2,1318,-0.4,평창
2024-02-29,3.6,9.5,1523,4.3,포천(동두천)
2024-02-29,6.7,8.7,2,7.9,해남
2024-03-01,-1.6,2.7,1,2.6,논산(부여)
2024-03-01,-0.5,3.8,1,1.9,무안(목포)
2024-03-01,-1.9,3.7,1,1.8,상주
2024-03-01,0.8,4.1,1,2.9,신안
2024-03-01,3.3,7.6,1,4.3,제주
2024-03-01,1.4,5.9,1324,4.7,창녕(밀양)
2024-03-01,-8.7,-0.5,206,-0.5,평창
2024-03-01,-4.6,-0.3,1356,1.4,포천(동두천)
2024-03-01,0.1,4.7,1,5.0,해남
2024-03-02,-0.6,5.0,1515,4.2,논산(부여)
2024-03-02,1.8,5.8,1716,4.6,무안(목포)
2024-03-02,-0.9,5.7,1456,1.9,상주
2024-03-02,3.6,7.0,1413,4.7,신안
2024-03-02,4.7,8.6,1522,7.3,제주
2024-03-02,-0.1,6.5,1544,4.6,창녕(밀양)
2024-03-02,-8.1,-3.4,2358,-0.5,평창
2024-03-02,-1.3,3.9,1504,-0.2,포천(동두천)
2024-03-02,0.9,6.7,1612,5.2,해남
2024-03-03,5.3,11.6,1257,7.9,논산(부여)
2024-03-03,7.3,10.6,1525,7.4,무안(목포)
2024-03-03,5.6,10.7,1551,5.1,상주
2024-03-03,8.2,12.3,1319,7.5,신안
2024-03-03,8.6,12.5,1537,7.7,제주
2024-03-03,4.1,11.7,1436,3.9,창녕(밀양)
2024-03-03,-1.1,1.4,1333,-0.4,평창
2024-03-03,3.1,9.1,1352,3.5,포천(동두천)
2024-03-03,4.5,11.1,1235,5.0,해남
2024-03-04,6.8,12.6,1431,8.3,논산(부여)
2024-03-04,8.6,12.3,1206,7.8,무안(목포)
2024-03-04,8.1,13.5,1519,7.5,상주
2024-03-04,8.3,11.4,1048,7.4,신안
2024-03-04,10.2,14.9,1220,8.3,제주
2024-03-04,7.0,14.4,1408,8.1,창녕(밀양)
2024-03-04,-0.1,6.4,1543,-0.4,평창
2024-03-04,3.2,12.2,1559,4.5,포천(동두천)
2024-03-04,7.1,13.9,1321,7.0,해남
2024-03-05,6.7,8.9,1,6.8,논산(부여)
2024-03-05,6.8,8.6,1,7.4,무안(목포)
2024-03-05,5.2,7.9,27,6.4,상주
2024-03-05,6.1,7.6,1,6.8,신안
2024-03-05,10.9,11.5,1033,10.7,제주
2024-03-05,7.7,8.7,1315,6.2,창녕(밀양)
2024-03-05,-0.9,2.2,1333,-0.4,평창
2024-03-05,5.6,11.8,1421,4.3,포천(동두천)
2024-03-05,8.0,8.8,358,7.8,해남
2024-03-06,7.5,12.9,1321,8.2,논산(부여)
2024-03-06,7.4,11.4,1232,8.5,무안(목포)
2024-03-06,5.6,11.7,1351,7.5,상주
2024-03-06,7.1,10.7,1306,8.8,신안
2024-03-06,10.4,12.1,1651,9.9,제주
2024-03-06,8.2,11.5,1401,8.0,창녕(밀양)
2024-03-06,-3.1,-0.5,2136,-0.4,평창
2024-03-06,4.7,10.9,1545,4.7,포천(동두천)
2024-03-06,8.4,14.3,1341,10.6,해남
2024-03-07,3.0,8.3,1418,7.4,논산(부여)
2024-03-07,4.3,7.1,1330,6.2,무안(목포)
2024-03-07,3.9,8.3,1538,6.2,상주
2024-03-07,5.5,8.8,1256,7.1,신안
2024-03-07,8.0,10.9,1315,9.4,제주
2024-03-07,6.8,12.0,1441,7.4,창녕(밀양)
2024-03-07,-2.3,1.1,1419,-0.3,평창
2024-03-07,2.7,7.3,1247,4.2,포천(동두천)
2024-03-07,4.6,8.6,1210,6.7,해남
2024-03-08,2.4,9.4,1316,6.5,논산(부여)
2024-03-08,4.9,7.6,1350,5.6,무안(목포)
2024-03-08,3.1,8.5,1505,4.4,상주
2024-03-08,5.9,8.9,1131,7.1,신안
2024-03-08,7.9,11.1,1414,9.4,제주
2024-03-08,4.8,10.6,1411,7.5,창녕(밀양)
2024-03-08,-4.3,1.1,1424,-0.3,평창
2024-03-08,1.1,7.5,1417,3.4,포천(동두천)
2024-03-08,5.1,9.4,1249,6.1,해남
2024-03-09,1.3,9.0,1532,7.1,논산(부여)
2024-03-09,3.3,6.1,1307,7.7,무안(목포)
2024-03-09,2.8,9.0,1602,4.4,상주
2024-03-09,4.9,7.9,1236,7.8,신안
2024-03-09,6.9,9.9,1540,10.7,제주
2024-03-09,4.1,10.8,1530,8.9,창녕(밀양)
2024-03-09,-6.0,-0.3,1308,-0.4,평창
2024-03-09,0.8,8.9,1538,3.7,포천(동두천)
2024-03-09,4.2,8.7,1434,7.4,해남
2024-03-10,2.7,12.7,1450,8.3,논산(부여)
2024-03-10,5.0,10.1,1456,9.2,무안(목포)
2024-03-10,4.9,13.0,1541,5.9,상주
2024-03-10,6.2,10.0,1234,8.4,신안
2024-03-10,7.7,12.0,1406,10.1,제주
2024-03-10,5.2,13.7,1502,9.7,창녕(밀양)
2024-03-10,-2.1,5.5,1430,-0.3,평창
2024-03-10,2.7,11.3,1451,4.2,포천(동두천)
2024-03-10,4.7,13.0,1443,7.5,해남
2024-03-11,5.4,12.5,1551,6.8,논산(부여)
2024-03-11,7.1,12.0,1410,6.9,무안(목포)
2024-03-11,5.7,12.3,1304,6.0,상주
2024-03-11,7.9,12.9,1101,7.6,신안
2024-03-11,9.4,13.7,1337,8.4,제주
2024-03-11,7.2,13.3,1345,8.2,창녕(밀양)
2024-03-11,1.9,4.8,1428,-0.3,평창
2024-03-11,4.5,10.7,1634,3.8,포천(동두천)
2024-03-11,6.2,13.1,1212,6.4,해남
2024-03-12,5.4,11.7,1352,7.6,논산(부여)
2024-03-12,5.6,7.7,1122,4.8,무안(목포)
2024-03-12,5.1,11.2,1145,5.1,상주
2024-03-12,7.2,10.0,942,7.6,신안
2024-03-12,9.7,13.6,1153,9.8,제주
2024-03-12,7.4,13.5,1251,9.7,창녕(밀양)
2024-03-12,-2.3,1.7,26,-0.4,평창
2024-03-12,5.9,12.6,1452,6.5,포천(동두천)
2024-03-12,4.8,9.6,1220,6.1,해남
2024-03-13,4.7,13.7,1348,9.5,논산(부여)
2024-03-13,6.6,10.5,1350,10.0,무안(목포)
2024-03-13,7.6,14.0,1424,8.1,상주
2024-03-13,8.3,11.6,1314,13.1,신안
2024-03-13,9.6,13.2,1408,10.6,제주
2024-03-13,7.4,15.6,1628,12.4,창녕(밀양)
2024-03-13,0.5,6.4,1339,-0.3,평창
2024-03-13,5.6,13.3,1304,5.5,포천(동두천)
2024-03-13,5.3,12.7,1304,8.0,해남
2024-03-14,5.5,15.7,1421,10.0,논산(부여)
2024-03-14,7.1,12.6,1311,10.4,무안(목포)
2024-03-14,9.4,17.0,1414,9.1,상주
2024-03-14,9.0,13.5,1319,10.9,신안
2024-03-14,10.6,14.7,1708,11.7,제주
2024-03-14,8.5,17.8,1612,12.0,창녕(밀양)
2024-03-14,3.0,9.3,1448,-0.3,평창
2024-03-14,7.0,16.3,1424,6.8,포천(동두천)
2024-03-14,5.7,15.3,1342,7.7,해남
2024-03-15,7.6,17.7,1447,12.1,논산(부여)
2024-03-15,8.5,15.2,1457,8.9,무안(목포)
2024-03-15,11.7,18.8,1517,10.1,상주
2024-03-15,9.0,13.1,1252,12.0,신안
2024-03-15,11.5,16.3,1535,12.9,제주
2024-03-15,10.6,21.1,1623,13.1,창녕(밀양)
2024-03-15,6.2,11.8,1441,-0.2,평창
2024-03-15,8.0,16.2,1503,7.8,포천(동두천)
2024-03-15,7.2,17.8,1500,9.1,해남
2024-03-16,9.9,20.3,1507,13.9,논산(부여)
2024-03-16,10.4,19.0,1346,10.0,무안(목포)
2024-03-16,12.6,20.5,1539,11.7,상주
2024-03-16,10.0,16.2,1222,11.0,신안
2024-03-16,13.4,17.9,1314,12.6,제주
2024-03-16,13.2,21.4,1407,14.2,창녕(밀양)
2024-03-16,5.6,14.0,1445,-0.2,평창
2024-03-16,9.5,18.1,1325,8.4,포천(동두천)
2024-03-16,9.3,20.9,1308,9.3,해남
2024-03-17,9.5,14.3,1338,14.3,논산(부여)
2024-03-17,8.0,10.3,243,10.3,무안(목포)
2024-03-17,10.9,16.0,1150,11.8,상주
2024-03-17,8.0,11.2,419,9.7,신안
2024-03-17,11.5,14.2,1306,13.0,제주
2024-03-17,14.3,21.7,1427,17.1,창녕(밀양)
2024-03-17,3.7,10.2,1413,-0.3,평창
2024-03-17,8.6,13.8,1421,10.3,포천(동두천)
2024-03-17,8.8,13.4,1120,11.2,해남
2024-03-18,6.7,15.7,1536,12.3,논산(부여)
2024-03-18,7.4,13.4,1427,9.9,무안(목포)
2024-03-18,8.9,16.0,1453,11.2,상주
2024-03-18,7.1,10.5,1345,11.4,신안
2024-03-18,11.0,14.6,1602,12.9,제주
2024-03-18,9.6,16.6,1536,14.4,창녕(밀양)
2024-03-18,1.7,7.5,1421,-0.2,평창
2024-03-18,6.2,14.1,1456,7.2,포천(동두천)
2024-03-18,8.7,15.8,1253,10.4,해남
2024-03-19,7.2,12.7,1432,10.3,논산(부여)
2024-03-19,8.2,13.2,1206,10.0,무안(목포)
2024-03-19,7.8,14.1,1138,8.5,상주
2024-03-19,9.2,13.6,1215,12.4,신안
2024-03-19,11.8,15.7,1201,15.3,제주
2024-03-19,10.0,16.9,1355,10.7,창녕(밀양)
2024-03-19,0.8,4.1,1115,-0.3,평창
2024-03-19,5.9,11.1,1446,7.1,포천(동두천)
2024-03-19,8.7,15.2,1221,9.8,해남
2024-03-20,4.7,10.1,1227,8.6,논산(부여)
2024-03-20,5.4,7.9,1510,7.4,무안(목포)
2024-03-20,5.0,9.6,1401,7.9,상주
2024-03-20,6.5,9.6,1243,9.4,신안
2024-03-20,8.2,10.8,1304,11.3,제주
2024-03-20,7.2,11.7,1415,11.2,창녕(밀양)
2024-03-20,-4.0,-0.3,1355,-0.4,평창
2024-03-20,3.7,10.6,1536,4.6,포천(동두천)
2024-03-20,6.0,9.9,1149,8.4,해남
2024-03-21,3.5,11.1,1411,9.1,논산(부여)
2024-03-21,5.8,9.7,1656,8.9,무안(목포)
2024-03-21,5.2,13.1,1547,9.1,상주
2024-03-21,6.9,11.0,1234,10.9,신안
2024-03-21,8.4,12.2,1530,13.1,제주
2024-03-21,6.5,13.3,1606,11.9,창녕(밀양)
2024-03-21,-4.4,2.9,1234,-0.4,평창
2024-03-21,3.9,12.9,1540,6.3,포천(동두천)
2024-03-21,5.5,11.8,1436,9.3,해남
2024-03-22,10.0,17.6,1348,10.4,논산(부여)
2024-03-22,12.0,16.7,1256,9.9,무안(목포)
2024-03-22,8.9,17.4,1519,11.3,상주
2024-03-22,11.3,14.5,1029,12.1,신안
2024-03-22,15.2,21.3,1510,15.7,제주
2024-03-22,9.8,15.6,1402,13.2,창녕(밀양)
2024-03-22,2.5,10.6,1407,-0.3,평창
2024-03-22,8.6,15.4,1203,7.1,포천(동두천)
2024-03-22,12.0,18.9,1316,10.4,해남
2024-03-23,14.5,21.9,1410,15.9,논산(부여)
2024-03-23,13.7,19.3,1319,15.2,무안(목포)
2024-03-23,14.7,22.7,1501,16.3,상주
2024-03-23,10.4,13.5,5,15.0,신안
2024-03-23,16.9,18.8,1,20.4,제주
2024-03-23,17.1,24.5,1410,20.7,창녕(밀양)
2024-03-23,7.4,15.3,1500,2.4,평창
2024-03-23,11.5,18.7,1607,12.3,포천(동두천)
2024-03-23,15.8,23.0,1409,15.1,해남
2024-03-24,15.1,20.2,1549,15.5,논산(부여)
2024-03-24,12.3,13.6,828,12.2,무안(목포)
2024-03-24,12.1,18.9,1515,13.7,상주
2024-03-24,10.1,12.8,644,10.8,신안
2024-03-24,14.4,15.9,200,15.6,제주
2024-03-24,12.0,13.9,1,12.2,창녕(밀양)
2024-03-24,3.5,10.9,1347,3.8,평창
2024-03-24,14.1,23.6,1550,13.0,포천(동두천)
2024-03-24,12.8,14.8,530,12.1,해남
2024-03-25,10.1,14.3,1104,10.7,논산(부여)
2024-03-25,11.3,13.3,914,12.6,무안(목포)
2024-03-25,8.7,13.2,1101,9.7,상주
2024-03-25,9.6,10.9,828,10.5,신안
2024-03-25,14.3,15.7,953,15.4,제주
2024-03-25,10.6,12.2,1231,10.7,창녕(밀양)
2024-03-25,1.5,3.2,928,0.3,평창
2024-03-25,9.1,13.6,1049,9.6,포천(동두천)
2024-03-25,11.5,13.5,923,11.8,해남
2024-03-26,7.7,13.0,1617,11.2,논산(부여)
2024-03-26,7.8,9.6,1,8.8,무안(목포)
2024-03-26,6.5,10.2,1441,9.7,상주
2024-03-26,7.3,9.4,1128,10.0,신안
2024-03-26,10.6,14.2,418,12.2,제주
2024-03-26,8.7,11.7,1431,11.0,창녕(밀양)
2024-03-26,-1.4,1.7,1715,-0.4,평창
2024-03-26,5.6,11.9,1451,9.4,포천(동두천)
2024-03-26,8.3,10.4,53,10.3,해남
2024-03-27,9.2,16.6,1537,11.4,논산(부여)
2024-03-27,10.0,14.9,1303,11.7,무안(목포)
2024-03-27,8.4,16.0,1615,10.9,상주
2024-03-27,8.7,14.1,1255,10.5,신안
2024-03-27,13.4,19.5,1423,13.9,제주
2024-03-27,9.4,17.1,1510,13.2,창녕(밀양)
2024-03-27,3.1,12.1,1512,-0.2,평창
2024-03-27,9.0,16.5,1449,10.4,포천(동두천)
2024-03-27,10.3,17.2,1331,12.4,해남
2024-03-28,9.3,10.4,1449,10.9,논산(부여)
2024-03-28,10.3,11.3,1509,10.7,무안(목포)
2024-03-28,8.4,9.8,2246,9.7,상주
2024-03-28,9.3,11.1,11,10.2,신안
2024-03-28,13.2,15.2,1341,13.5,제주
2024-03-28,10.2,12.4,1608,9.6,창녕(밀양)
2024-03-28,4.9,7.0,926,-0.3,평창
2024-03-28,9.4,12.8,1511,10.9,포천(동두천)
2024-03-28,11.4,15.0,1402,11.7,해남
2024-03-29,8.1,12.8,1321,9.0,논산(부여)
2024-03-29,10.9,15.8,1157,11.8,무안(목포)
2024-03-29,11.2,17.2,1226,11.2,상주
2024-03-29,10.7,16.0,1356,12.2,신안
2024-03-29,15.2,22.3,1301,16.2,제주
2024-03-29,12.8,20.0,1449,16.5,창녕(밀양)
2024-03-29,3.8,7.8,1021,1.4,평창
2024-03-29,6.9,13.1,1622,7.8,포천(동두천)
2024-03-29,11.1,15.4,1705,11.7,해남
2024-03-30,8.9,17.7,1411,10.7,논산(부여)
2024-03-30,12.3,20.3,1421,13.7,무안(목포)
2024-03-30,10.4,15.7,1411,10.7,상주
2024-03-30,11.4,20.7,1414,14.3,신안
2024-03-30,17.4,26.7,1538,18.8,제주
2024-03-30,11.7,19.0,1400,13.3,창녕(밀양)
2024-03-30,5.1,12.5,1411,3.6,평창
2024-03-30,6.7,16.7,1447,7.7,포천(동두천)
2024-03-30,12.8,19.8,1335,13.6,해남
2024-03-31,10.0,19.1,1650,11.2,논산(부여)
2024-03-31,10.8,17.3,1216,12.0,무안(목포)
2024-03-31,12.0,19.6,1459,13.1,상주
2024-03-31,9.2,12.7,1230,11.7,신안
2024-03-31,14.3,16.9,1403,15.8,제주
2024-03-31,12.3,20.5,1318,16.7,창녕(밀양)
2024-03-31,5.7,14.7,1349,4.6,평창
2024-03-31,8.6,16.6,1458,9.8,포천(동두천)
2024-03-31,11.7,18.6,1124,12.2,해남
2024-04-01,11.1,22.0,1522,13.5,논산(부여)
2024-04-01,12.8,19.8,1503,13.6,무안(목포)
2024-04-01,14.4,21.7,1423,14.4,상주
2024-04-01,11.4,16.0,1437,14.5,신안
2024-04-01,15.2,19.9,1507,18.1,제주
2024-04-01,14.1,24.3,1547,19.8,창녕(밀양)
2024-04-01,7.7,15.2,1604,4.7,평창
2024-04-01,10.8,20.0,1439,11.4,포천(동두천)
2024-04-01,12.0,22.6,1325,12.9,해남
2024-04-02,14.5,22.8,1629,15.2,논산(부여)
2024-04-02,15.0,21.1,1330,14.8,무안(목포)
2024-04-02,14.5,23.7,1603,15.3,상주
2024-04-02,12.1,15.6,1306,12.6,신안
2024-04-02,16.4,19.2,2317,15.4,제주
2024-04-02,15.5,24.0,1516,17.1,창녕(밀양)
2024-04-02,6.5,14.3,1151,7.2,평창
2024-04-02,14.0,25.6,1524,13.3,포천(동두천)
2024-04-02,13.5,20.2,1205,13.2,해남
2024-04-03,13.8,14.8,1526,14.7,논산(부여)
2024-04-03,13.6,14.8,225,14.0,무안(목포)
2024-04-03,12.3,13.8,1625,13.5,상주
2024-04-03,10.8,12.4,739,11.9,신안
2024-04-03,16.1,18.4,1,16.8,제주
2024-04-03,13.1,14.1,1201,12.7,창녕(밀양)
2024-04-03,3.8,7.3,739,4.2,평창
2024-04-03,14.6,21.5,1401,12.9,포천(동두천)
2024-04-03,14.6,15.5,1555,14.3,해남
2024-04-04,13.0,16.4,1157,14.1,논산(부여)
2024-04-04,11.6,14.2,1347,12.8,무안(목포)
2024-04-04,12.4,14.8,1535,13.2,상주
2024-04-04,10.5,14.4,1314,15.2,신안
2024-04-04,14.4,15.5,1632,15.8,제주
2024-04-04,13.6,17.6,1302,15.2,창녕(밀양)
2024-04-04,4.0,8.1,1340,6.4,평창
2024-04-04,15.0,21.6,1215,14.5,포천(동두천)
2024-04-04,13.0,15.0,1326,13.8,해남
2024-04-05,12.4,18.6,1342,15.2,논산(부여)
2024-04-05,12.4,17.4,1459,14.8,무안(목포)
2024-04-05,13.4,19.1,1611,14.6,상주
2024-04-05,11.0,15.4,1408,15.6,신안
2024-04-05,14.7,17.1,1425,17.3,제주
2024-04-05,14.6,20.4,1500,20.4,창녕(밀양)
2024-04-05,7.6,15.0,1333,8.4,평창
2024-04-05,13.3,19.6,1519,13.6,포천(동두천)
2024-04-05,12.9,19.9,1330,15.5,해남
2024-04-06,11.8,19.9,1648,13.9,논산(부여)
2024-04-06,11.3,15.9,1711,12.2,무안(목포)
2024-04-06,14.6,21.8,1616,15.5,상주
2024-04-06,10.5,14.2,1607,13.7,신안
2024-04-06,14.0,17.2,1513,15.6,제주
2024-04-06,13.8,21.1,1700,14.8,창녕(밀양)
2024-04-06,9.7,17.0,1611,8.8,평창
2024-04-06,11.7,20.8,1346,13.1,포천(동두천)
2024-04-06,11.1,17.8,1651,12.5,해남
2024-04-07,14.6,24.8,1545,16.8,논산(부여)
2024-04-07,13.5,20.1,1501,14.6,무안(목포)
2024-04-07,16.5,25.0,1553,16.5,상주
2024-04-07,12.7,17.7,1358,17.2,신안
2024-04-07,15.5,19.3,1607,17.3,제주
2024-04-07,16.0,25.4,1429,21.1,창녕(밀양)
2024-04-07,11.6,20.7,1419,11.5,평창
2024-04-07,13.6,24.5,1455,14.5,포천(동두천)
2024-04-07,13.7,23.0,1450,14.2,해남
2024-04-08,15.1,23.5,1403,15.5,논산(부여)
2024-04-08,13.1,18.3,1237,12.7,무안(목포)
2024-04-08,17.8,24.8,1451,17.0,상주
2024-04-08,12.6,16.5,1213,13.0,신안
2024-04-08,16.3,19.1,1142,16.2,제주
2024-04-08,17.2,24.2,1358,19.7,창녕(밀양)
2024-04-08,10.8,20.2,1158,12.0,평창
2024-04-08,15.2,24.2,1405,14.8,포천(동두천)
2024-04-08,14.0,20.3,1233,14.1,해남
2024-04-09,14.3,22.6,1512,17.4,논산(부여)
2024-04-09,12.8,17.4,1336,15.1,무안(목포)
2024-04-09,13.6,19.9,1423,16.8,상주
2024-04-09,11.2,14.8,1155,15.3,신안
2024-04-09,15.4,20.3,1350,18.1,제주
2024-04-09,13.6,18.2,1320,19.2,창녕(밀양)
2024-04-09,2.1,5.8,1259,9.0,평창
2024-04-09,14.1,21.3,1440,16.0,포천(동두천)
2024-04-09,13.2,20.9,1216,14.3,해남
2024-04-10,14.0,20.1,1608,18.1,논산(부여)
2024-04-10,13.8,19.1,1600,15.9,무안(목포)
2024-04-10,12.4,19.3,1618,16.0,상주
2024-04-10,13.1,18.6,1437,16.9,신안
2024-04-10,14.8,19.1,1635,18.7,제주
2024-04-10,12.1,20.8,1555,19.4,창녕(밀양)
2024-04-10,7.6,16.5,1505,9.5,평창
2024-04-10,13.1,18.6,1502,14.3,포천(동두천)
2024-04-10,13.6,19.2,1513,16.1,해남
2024-04-11,14.9,22.5,1531,18.6,논산(부여)
2024-04-11,15.5,19.8,1512,16.6,무안(목포)
2024-04-11,15.2,23.0,1553,17.5,상주
2024-04-11,14.4,20.5,1510,18.2,신안
2024-04-11,16.2,21.0,1318,16.4,제주
2024-04-11,14.4,20.5,1415,17.0,창녕(밀양)
2024-04-11,9.7,15.5,1328,9.6,평창
2024-04-11,13.5,20.6,1630,13.9,포천(동두천)
2024-04-11,14.7,19.8,1548,14.5,해남
2024-04-12,16.9,25.4,1603,21.9,논산(부여)
2024-04-12,16.1,22.0,1350,16.9,무안(목포)
2024-04-12,16.9,26.2,1432,19.1,상주
2024-04-12,15.5,22.0,1201,17.3,신안
2024-04-12,16.9,20.0,1749,18.4,제주
2024-04-12,16.8,26.3,1523,23.0,창녕(밀양)
2024-04-12,12.1,22.4,1346,13.8,평창
2024-04-12,15.9,25.2,1450,17.5,포천(동두천)
2024-04-12,15.8,24.1,1358,17.4,해남
2024-04-13,17.9,28.0,1507,22.4,논산(부여)
2024-04-13,16.6,22.9,1504,18.4,무안(목포)
2024-04-13,19.2,28.5,1456,21.2,상주
2024-04-13,15.4,20.1,1517,20.9,신안
2024-04-13,18.0,22.1,1657,22.9,제주
2024-04-13,18.1,28.3,1436,24.1,창녕(밀양)
2024-04-13,13.7,23.4,1318,15.4,평창
2024-04-13,17.8,28.7,1505,18.8,포천(동두천)
2024-04-13,16.0,26.0,1309,17.8,해남
2024-04-14,18.6,27.7,1538,22.4,논산(부여)
2024-04-14,19.0,24.0,1255,17.7,무안(목포)
2024-04-14,19.3,27.3,1421,20.7,상주
2024-04-14,15.7,19.1,1153,17.3,신안
2024-04-14,19.5,22.8,1149,20.9,제주
2024-04-14,18.0,27.3,1248,22.8,창녕(밀양)
2024-04-14,14.7,23.4,1220,16.0,평창
2024-04-14,19.5,30.4,1415,20.2,포천(동두천)
2024-04-14,17.4,22.9,1234,16.5,해남
2024-04-15,15.0,18.6,650,16.0,논산(부여)
2024-04-15,15.6,19.7,5,16.7,무안(목포)
2024-04-15,14.9,17.0,22,15.8,상주
2024-04-15,13.6,16.6,1102,15.6,신안
2024-04-15,18.0,23.6,958,19.3,제주
2024-04-15,15.8,19.3,1014,16.2,창녕(밀양)
2024-04-15,12.9,17.7,905,11.9,평창
2024-04-15,15.4,20.7,732,15.2,포천(동두천)
2024-04-15,16.0,18.9,11,16.7,해남
2024-04-16,13.4,18.6,1456,17.8,논산(부여)
2024-04-16,12.7,17.0,1546,17.1,무안(목포)
2024-04-16,15.7,21.4,1444,17.7,상주
2024-04-16,12.6,17.7,1309,17.9,신안
2024-04-16,16.0,20.3,1204,20.8,제주
2024-04-16,18.0,25.0,1439,20.4,창녕(밀양)
2024-04-16,10.6,14.0,1420,10.8,평창
2024-04-16,12.4,17.0,1622,14.9,포천(동두천)
2024-04-16,13.7,19.6,1342,17.5,해남
2024-04-17,15.2,23.4,1545,19.1,논산(부여)
2024-04-17,13.3,19.2,1542,16.5,무안(목포)
2024-04-17,16.7,24.1,1553,18.8,상주
2024-04-17,11.7,15.0,1055,16.0,신안
2024-04-17,14.7,17.2,1056,18.0,제주
2024-04-17,16.3,24.2,1457,19.7,창녕(밀양)
2024-04-17,9.0,17.6,1251,12.5,평창
2024-04-17,14.1,22.6,1441,17.6,포천(동두천)
2024-04-17,13.8,21.1,1420,16.0,해남
2024-04-18,16.0,26.1,1445,19.3,논산(부여)
2024-04-18,14.6,19.2,1431,17.8,무안(목포)
2024-04-18,18.3,26.0,1450,19.9,상주
2024-04-18,13.3,16.9,1543,17.7,신안
2024-04-18,16.3,21.1,1518,22.4,제주
2024-04-18,17.6,26.1,1441,22.1,창녕(밀양)
2024-04-18,10.6,19.8,1142,11.8,평창
2024-04-18,16.7,27.0,1455,19.0,포천(동두천)
2024-04-18,14.2,22.2,1503,16.7,해남
2024-04-19,16.0,25.2,1540,20.3,논산(부여)
2024-04-19,17.5,23.5,1550,17.6,무안(목포)
2024-04-19,20.3,27.5,1423,21.4,상주
2024-04-19,15.9,21.7,1541,18.1,신안
2024-04-19,17.7,21.8,1351,21.8,제주
2024-04-19,18.7,28.4,1450,23.2,창녕(밀양)
2024-04-19,13.5,22.6,1355,15.6,평창
2024-04-19,16.8,25.3,1521,19.1,포천(동두천)
2024-04-19,16.2,25.5,1220,18.1,해남
2024-04-20,13.7,14.5,1150,15.3,논산(부여)
2024-04-20,15.4,17.8,416,15.8,무안(목포)
2024-04-20,13.8,19.2,1,15.9,상주
2024-04-20,13.8,16.6,310,14.7,신안
2024-04-20,18.0,21.9,1543,20.3,제주
2024-04-20,15.2,17.5,1053,15.6,창녕(밀양)
2024-04-20,8.5,9.6,19,10.1,평창
2024-04-20,13.6,17.9,1038,14.7,포천(동두천)
2024-04-20,15.9,18.3,308,15.5,해남
2024-04-21,16.0,18.6,1342,16.8,논산(부여)
2024-04-21,14.5,15.6,1512,16.0,무안(목포)
2024-04-21,14.7,17.2,1648,16.3,상주
2024-04-21,13.8,16.2,1333,16.5,신안
2024-04-21,15.5,16.1,1610,16.7,제주
2024-04-21,16.5,19.2,1129,16.2,창녕(밀양)
2024-04-21,8.9,10.6,1402,10.4,평창
2024-04-21,16.5,22.3,1230,17.1,포천(동두천)
2024-04-21,15.3,16.9,1356,16.0,해남
2024-04-22,17.4,22.0,1308,18.7,논산(부여)
2024-04-22,15.9,18.3,1325,17.4,무안(목포)
2024-04-22,15.8,21.2,1530,18.8,상주
2024-04-22,15.1,19.6,1519,18.6,신안
2024-04-22,16.4,18.3,1022,17.5,제주
2024-04-22,15.8,18.2,1657,15.0,창녕(밀양)
2024-04-22,8.6,12.3,1528,12.6,평창
2024-04-22,17.1,23.1,1630,18.8,포천(동두천)
2024-04-22,16.7,19.6,1051,17.5,해남
2024-04-23,15.8,21.8,1342,18.0,논산(부여)
2024-04-23,14.8,18.7,1328,15.9,무안(목포)
2024-04-23,14.6,22.1,1333,19.0,상주
2024-04-23,13.7,16.6,1203,15.3,신안
2024-04-23,15.3,16.5,1304,16.4,제주
2024-04-23,15.1,20.6,1321,18.3,창녕(밀양)
2024-04-23,7.4,10.5,1419,11.2,평창
2024-04-23,15.9,24.0,1319,19.0,포천(동두천)
2024-04-23,14.4,18.2,1357,16.2,해남
2024-04-24,13.0,16.9,1556,16.3,논산(부여)
2024-04-24,13.4,15.6,1252,16.2,무안(목포)
2024-04-24,13.1,16.5,1353,15.8,상주
2024-04-24,13.2,16.6,1112,18.2,신안
2024-04-24,15.9,19.1,1243,20.0,제주
2024-04-24,14.7,21.4,1521,18.0,창녕(밀양)
2024-04-24,7.0,9.1,1727,8.5,평창
2024-04-24,12.7,18.6,1555,16.0,포천(동두천)
2024-04-24,13.8,18.5,1440,17.0,해남
2024-04-25,14.2,23.5,1556,18.6,논산(부여)
2024-04-25,14.4,19.9,1330,17.8,무안(목포)
2024-04-25,16.5,25.0,1618,20.1,상주
2024-04-25,13.0,18.2,1532,18.6,신안
2024-04-25,16.0,20.6,1547,22.5,제주
2024-04-25,17.6,27.8,1536,21.4,창녕(밀양)
2024-04-25,13.5,21.1,1515,13.8,평창
2024-04-25,13.8,21.4,1542,18.6,포천(동두천)
2024-04-25,15.4,23.6,1405,18.8,해남
2024-04-26,16.2,26.3,1430,20.6,논산(부여)
2024-04-26,15.4,20.7,1618,18.4,무안(목포)
2024-04-26,18.2,26.5,1610,19.8,상주
2024-04-26,14.6,19.8,1517,18.1,신안
2024-04-26,16.7,19.4,1731,19.5,제주
2024-04-26,16.9,24.7,1551,18.1,창녕(밀양)
2024-04-26,15.1,24.8,1252,16.0,평창
2024-04-26,16.7,26.5,1417,20.2,포천(동두천)
2024-04-26,15.3,22.5,1315,17.5,해남
2024-04-27,17.5,27.4,1500,22.3,논산(부여)
2024-04-27,16.4,23.5,1332,19.6,무안(목포)
2024-04-27,20.9,29.4,1514,22.8,상주
2024-04-27,14.7,19.8,1216,19.7,신안
2024-04-27,18.6,22.5,1722,27.2,제주
2024-04-27,19.4,29.8,1513,23.9,창녕(밀양)
2024-04-27,15.9,26.1,1317,17.1,평창
2024-04-27,17.3,27.8,1609,21.6,포천(동두천)
2024-04-27,16.9,27.1,1352,20.8,해남
2024-04-28,18.3,28.9,1422,22.1,논산(부여)
2024-04-28,18.4,25.2,1521,20.3,무안(목포)
2024-04-28,19.5,28.4,1453,22.1,상주
2024-04-28,16.6,23.2,1404,20.6,신안
2024-04-28,19.2,22.6,1156,22.6,제주
2024-04-28,20.0,30.0,1451,24.1,창녕(밀양)
2024-04-28,10.9,18.2,1108,15.8,평창
2024-04-28,19.3,28.8,1358,22.3,포천(동두천)
2024-04-28,18.3,26.5,1415,22.0,해남
2024-04-29,17.4,19.8,1245,19.0,논산(부여)
2024-04-29,16.2,17.9,1,17.7,무안(목포)
2024-04-29,15.0,17.7,1,18.4,상주
2024-04-29,14.3,17.5,28,15.1,신안
2024-04-29,18.0,20.6,1145,19.6,제주
2024-04-29,15.5,17.1,1,15.8,창녕(밀양)
2024-04-29,7.0,9.2,1042,10.5,평창
2024-04-29,19.5,27.3,1542,23.7,포천(동두천)
2024-04-29,16.6,18.6,1048,17.4,해남
2024-04-30,15.6,20.6,1149,20.5,논산(부여)
2024-04-30,14.0,16.9,1340,17.6,무안(목포)
2024-04-30,17.0,21.7,1458,21.1,상주
2024-04-30,12.6,15.3,1137,14.9,신안
2024-04-30,16.5,20.1,1210,20.0,제주
2024-04-30,17.4,23.5,1539,21.0,창녕(밀양)
2024-04-30,6.9,16.5,1044,10.3,평창
2024-04-30,17.2,23.9,1425,22.2,포천(동두천)
2024-04-30,15.2,19.3,1352,18.1,해남
2024-05-01,16.0,22.4,1555,22.0,논산(부여)
2024-05-01,13.9,16.1,1236,16.0,무안(목포)
2024-05-01,13.7,20.8,1629,19.2,상주
2024-05-01,13.7,18.2,1346,17.7,신안
2024-05-01,15.4,18.1,1608,17.2,제주
2024-05-01,14.3,19.1,1232,16.7,창녕(밀양)
2024-05-01,7.2,13.0,1310,14.4,평창
2024-05-01,16.6,23.9,1638,21.6,포천(동두천)
2024-05-01,14.1,17.2,1612,16.1,해남
2024-05-02,15.8,24.7,1532,21.3,논산(부여)
2024-05-02,15.3,19.6,1321,18.7,무안(목포)
2024-05-02,15.7,25.0,1628,20.6,상주
2024-05-02,14.9,18.4,1043,20.4,신안
2024-05-02,16.1,19.3,1434,19.8,제주
2024-05-02,15.1,24.3,1609,21.4,창녕(밀양)
2024-05-02,11.5,21.7,1506,15.5,평창
2024-05-02,17.1,25.6,1516,23.3,포천(동두천)
2024-05-02,15.0,22.4,1311,16.8,해남
2024-05-03,16.8,27.3,1544,23.6,논산(부여)
2024-05-03,16.7,23.6,1425,19.4,무안(목포)
2024-05-03,19.0,27.5,1649,23.1,상주
2024-05-03,15.1,19.4,1217,19.6,신안
2024-05-03,17.0,20.3,1453,22.0,제주
2024-05-03,17.6,28.4,1431,23.2,창녕(밀양)
2024-05-03,13.8,24.7,1359,17.7,평창
2024-05-03,18.6,28.2,1458,24.1,포천(동두천)
2024-05-03,16.2,26.2,1402,20.4,해남
2024-05-04,19.5,27.8,1545,26.1,논산(부여)
2024-05-04,19.2,24.5,1507,19.3,무안(목포)
2024-05-04,19.2,28.5,1621,24.2,상주
2024-05-04,16.6,20.2,1435,19.4,신안
2024-05-04,20.8,24.6,1159,21.4,제주
2024-05-04,19.0,27.7,1406,24.1,창녕(밀양)
2024-05-04,16.6,27.4,1442,19.2,평창
2024-05-04,19.6,28.8,1405,23.9,포천(동두천)
2024-05-04,17.7,24.1,1347,19.2,해남
2024-05-05,18.4,20.4,7,19.8,논산(부여)
2024-05-05,18.7,20.2,1556,19.0,무안(목포)
2024-05-05,17.4,17.8,57,19.0,상주
2024-05-05,16.9,18.9,1157,17.3,신안
2024-05-05,21.9,25.9,1213,20.9,제주
2024-05-05,18.2,20.9,856,18.1,창녕(밀양)
2024-05-05,15.7,17.0,1038,15.4,평창
2024-05-05,16.9,18.2,1,18.8,포천(동두천)
2024-05-05,19.3,21.5,1616,19.2,해남
2024-05-06,14.7,15.9,1,17.4,논산(부여)
2024-05-06,15.2,17.5,1305,16.8,무안(목포)
2024-05-06,16.6,20.7,1341,20.3,상주
2024-05-06,15.0,18.9,1414,16.3,신안
2024-05-06,18.1,21.4,1324,21.0,제주
2024-05-06,19.6,24.1,1422,20.8,창녕(밀양)
2024-05-06,11.9,15.8,12,14.1,평창
2024-05-06,13.3,15.1,1,16.0,포천(동두천)
2024-05-06,16.0,19.4,1322,16.5,해남
2024-05-07,13.5,16.1,1255,16.5,논산(부여)
2024-05-07,15.1,17.7,1214,16.9,무안(목포)
2024-05-07,12.7,15.1,1332,16.6,상주
2024-05-07,15.3,18.5,1114,18.9,신안
2024-05-07,17.7,21.2,1300,22.1,제주
2024-05-07,15.1,21.2,1229,16.2,창녕(밀양)
2024-05-07,6.9,10.0,1,11.2,평창
2024-05-07,12.9,17.3,1453,16.3,포천(동두천)
2024-05-07,16.2,19.9,1204,19.6,해남
2024-05-08,14.8,21.2,1623,20.1,논산(부여)
2024-05-08,14.2,17.9,1519,18.2,무안(목포)
2024-05-08,13.4,20.0,1617,19.5,상주
2024-05-08,13.5,17.3,1204,17.2,신안
2024-05-08,14.9,17.0,1724,17.0,제주
2024-05-08,14.1,18.9,1540,18.0,창녕(밀양)
2024-05-08,6.8,13.2,1600,13.5,평창
2024-05-08,14.1,22.1,1604,18.0,포천(동두천)
2024-05-08,14.1,18.9,1537,17.9,해남
2024-05-09,14.6,22.0,1444,19.6,논산(부여)
2024-05-09,15.6,20.3,1538,17.6,무안(목포)
2024-05-09,16.0,23.8,1420,20.5,상주
2024-05-09,15.6,20.5,1309,19.4,신안
2024-05-09,16.7,21.1,1544,22.0,제주
2024-05-09,16.0,25.0,1456,21.2,창녕(밀양)
2024-05-09,10.5,18.0,1339,13.3,평창
2024-05-09,15.2,21.7,1436,18.5,포천(동두천)
2024-05-09,14.5,22.7,1323,20.6,해남
2024-05-10,16.1,24.8,1521,21.1,논산(부여)
2024-05-10,17.2,22.8,1318,19.4,무안(목포)
2024-05-10,19.3,28.0,1515,22.9,상주
2024-05-10,16.3,22.5,1319,20.4,신안
2024-05-10,17.3,20.6,1353,23.3,제주
2024-05-10,18.6,28.0,1435,23.5,창녕(밀양)
2024-05-10,15.6,22.1,1418,16.6,평창
2024-05-10,16.7,23.7,1613,20.8,포천(동두천)
2024-05-10,16.2,24.5,1333,22.2,해남
2024-05-11,17.6,23.9,1222,19.8,논산(부여)
2024-05-11,18.9,23.6,1245,19.1,무안(목포)
2024-05-11,18.8,26.6,1433,23.2,상주
2024-05-11,15.7,18.5,1013,17.1,신안
2024-05-11,20.1,25.9,1241,21.1,제주
2024-05-11,19.3,24.2,1228,22.0,창녕(밀양)
2024-05-11,15.1,21.0,1424,16.4,평창
2024-05-11,16.3,20.7,1308,16.5,포천(동두천)
2024-05-11,19.3,25.6,1223,20.1,해남
2024-05-12,16.1,23.0,1238,20.9,논산(부여)
2024-05-12,16.2,20.1,1301,18.4,무안(목포)
2024-05-12,17.8,23.5,1524,22.8,상주
2024-05-12,14.7,18.2,1145,18.0,신안
2024-05-12,17.5,19.9,150,18.9,제주
2024-05-12,19.0,24.4,1454,20.9,창녕(밀양)
2024-05-12,11.8,17.8,1332,16.8,평창
2024-05-12,16.3,22.8,1548,20.0,포천(동두천)
2024-05-12,17.3,22.5,1404,19.5,해남
2024-05-13,16.4,25.6,1421,21.5,논산(부여)
2024-05-13,16.8,21.8,1426,18.7,무안(목포)
2024-05-13,18.5,26.5,1533,23.0,상주
2024-05-13,15.9,19.5,1340,19.7,신안
2024-05-13,17.8,22.0,1506,22.7,제주
2024-05-13,18.1,26.4,1559,23.2,창녕(밀양)
2024-05-13,12.6,20.6,1606,17.6,평창
2024-05-13,16.9,25.1,1351,20.6,포천(동두천)
2024-05-13,16.7,24.3,1305,21.5,해남
2024-05-14,16.6,25.3,1448,22.4,논산(부여)
2024-05-14,17.6,23.1,1547,19.4,무안(목포)
2024-05-14,19.2,26.8,1436,24.1,상주
2024-05-14,17.0,21.8,1159,20.1,신안
2024-05-14,18.0,22.8,1729,24.6,제주
2024-05-14,19.1,28.2,1600,23.9,창녕(밀양)
2024-05-14,15.0,22.3,1525,18.5,평창
2024-05-14,17.3,25.2,1415,21.4,포천(동두천)
2024-05-14,16.8,25.5,1418,22.7,해남
2024-05-15,12.5,22.3,1202,17.9,논산(부여)
2024-05-15,14.6,20.0,1151,15.5,무안(목포)
2024-05-15,16.3,26.0,1504,24.1,상주
2024-05-15,14.3,20.1,853,14.9,신안
2024-05-15,17.5,23.5,1054,23.7,제주
2024-05-15,18.4,27.7,1455,24.7,창녕(밀양)
2024-05-15,8.6,17.8,954,12.8,평창
2024-05-15,10.1,15.7,958,13.1,포천(동두천)
2024-05-15,14.3,22.7,1235,17.3,해남
2024-05-16,14.4,20.6,1330,20.3,논산(부여)
2024-05-16,16.2,19.7,1316,18.1,무안(목포)
2024-05-16,14.1,20.9,1635,19.6,상주
2024-05-16,17.3,20.3,1323,20.0,신안
2024-05-16,19.0,22.7,1640,23.5,제주
2024-05-16,15.7,22.9,1625,20.7,창녕(밀양)
2024-05-16,7.3,14.1,1415,9.7,평창
2024-05-16,12.5,20.2,1408,17.4,포천(동두천)
2024-05-16,16.3,22.1,1408,22.4,해남
2024-05-17,18.0,25.5,1436,23.0,논산(부여)
2024-05-17,19.1,24.0,1419,20.7,무안(목포)
2024-05-17,19.1,27.7,1517,22.1,상주
2024-05-17,17.4,23.0,1430,21.1,신안
2024-05-17,19.9,27.0,1049,25.8,제주
2024-05-17,17.9,27.9,1429,22.6,창녕(밀양)
2024-05-17,13.5,19.8,1227,12.4,평창
2024-05-17,16.3,24.3,1523,19.0,포천(동두천)
2024-05-17,17.6,23.5,1356,22.2,해남
2024-05-18,19.0,26.9,1516,24.7,논산(부여)
2024-05-18,20.4,25.4,1555,22.4,무안(목포)
2024-05-18,20.4,29.0,1536,24.9,상주
2024-05-18,18.6,24.5,1329,24.5,신안
2024-05-18,20.3,26.7,1724,27.3,제주
2024-05-18,19.9,29.5,1500,24.8,창녕(밀양)
2024-05-18,17.2,24.2,1444,17.5,평창
2024-05-18,19.5,26.1,1350,23.4,포천(동두천)
2024-05-18,19.9,26.1,1505,26.8,해남
2024-05-19,20.0,28.9,1343,25.7,논산(부여)
2024-05-19,20.2,26.5,1453,22.8,무안(목포)
2024-05-19,22.7,30.5,1436,27.2,상주
2024-05-19,18.8,24.0,1234,24.5,신안
2024-05-19,20.1,23.5,1151,27.7,제주
2024-05-19,21.9,31.5,1516,26.4,창녕(밀양)
2024-05-19,17.4,22.8,1000,20.4,평창
2024-05-19,20.1,28.1,1402,24.4,포천(동두천)
2024-05-19,19.4,28.8,1413,25.7,해남
2024-05-20,18.4,26.5,1603,24.3,논산(부여)
2024-05-20,19.6,25.3,1453,23.1,무안(목포)
2024-05-20,20.4,26.1,1505,24.3,상주
2024-05-20,19.2,24.1,1338,25.7,신안
2024-05-20,21.6,25.5,1731,26.6,제주
2024-05-20,22.6,31.0,1521,27.3,창녕(밀양)
2024-05-20,14.2,19.2,1437,16.4,평창
2024-05-20,18.3,21.5,1139,19.6,포천(동두천)
2024-05-20,19.7,28.2,1516,27.4,해남
2024-05-21,20.5,27.4,1617,25.5,논산(부여)
2024-05-21,19.0,23.2,1455,23.9,무안(목포)
2024-05-21,17.7,23.2,1634,21.6,상주
2024-05-21,16.7,21.9,1532,21.7,신안
2024-05-21,19.9,23.5,1606,26.9,제주
2024-05-21,19.8,25.7,1419,24.7,창녕(밀양)
2024-05-21,12.2,19.0,1500,19.6,평창
2024-05-21,20.7,27.6,1429,25.2,포천(동두천)
2024-05-21,18.7,24.7,1401,25.9,해남
2024-05-22,21.0,28.5,1455,27.6,논산(부여)
2024-05-22,19.6,24.9,1516,23.8,무안(목포)
2024-05-22,20.6,29.6,1520,25.4,상주
2024-05-22,16.8,23.6,1334,22.1,신안
2024-05-22,19.9,23.0,1535,25.1,제주
2024-05-22,20.8,29.4,1524,27.2,창녕(밀양)
2024-05-22,16.2,25.3,1328,20.1,평창
2024-05-22,19.4,25.8,1403,24.3,포천(동두천)
2024-05-22,19.8,27.5,1533,26.7,해남
2024-05-23,20.5,28.8,1438,27.2,논산(부여)
2024-05-23,19.7,24.5,1445,25.2,무안(목포)
2024-05-23,23.2,29.9,1430,28.2,상주
2024-05-23,16.0,19.1,1327,23.2,신안
2024-05-23,20.4,24.6,1621,28.3,제주
2024-05-23,24.5,33.4,1521,30.1,창녕(밀양)
2024-05-23,19.5,26.5,1413,22.3,평창
2024-05-23,19.0,26.2,1545,25.4,포천(동두천)
2024-05-23,21.1,28.2,1336,28.6,해남
2024-05-24,19.2,28.1,1549,26.4,논산(부여)
2024-05-24,18.4,23.4,1425,24.5,무안(목포)
2024-05-24,22.1,30.1,1421,27.7,상주
2024-05-24,17.0,20.5,1420,21.9,신안
2024-05-24,20.0,23.6,1315,29.2,제주
2024-05-24,23.0,32.0,1424,28.7,창녕(밀양)
2024-05-24,11.5,16.3,12,15.2,평창
2024-05-24,18.1,22.6,1451,23.1,포천(동두천)
2024-05-24,20.6,28.3,1516,28.8,해남
2024-05-25,20.1,25.0,1446,25.6,논산(부여)
2024-05-25,20.9,26.2,1439,25.3,무안(목포)
2024-05-25,19.0,23.6,1514,25.3,상주
2024-05-25,18.2,23.5,1307,24.0,신안
2024-05-25,21.2,25.7,1226,31.3,제주
2024-05-25,20.8,25.5,1446,26.2,창녕(밀양)
2024-05-25,12.8,19.2,1351,17.7,평창
2024-05-25,19.4,24.4,1138,23.1,포천(동두천)
2024-05-25,20.5,24.7,1430,28.2,해남
2024-05-26,19.6,25.8,1150,22.5,논산(부여)
2024-05-26,20.4,24.4,1228,23.0,무안(목포)
2024-05-26,19.2,27.0,1510,25.6,상주
2024-05-26,18.2,20.4,2048,19.4,신안
2024-05-26,22.2,26.6,1151,25.7,제주
2024-05-26,20.5,26.6,1235,25.2,창녕(밀양)
2024-05-26,16.7,23.2,1326,19.5,평창
2024-05-26,19.0,24.0,1001,22.4,포천(동두천)
2024-05-26,20.3,22.8,1147,21.8,해남
2024-05-27,17.5,23.4,1303,21.4,논산(부여)
2024-05-27,18.4,21.8,1329,21.1,무안(목포)
2024-05-27,19.3,23.3,1655,23.1,상주
2024-05-27,17.4,21.7,1245,21.7,신안
2024-05-27,20.5,23.9,1137,24.6,제주
2024-05-27,22.1,25.8,1501,24.8,창녕(밀양)
2024-05-27,13.4,18.6,1241,17.4,평창
2024-05-27,17.5,22.5,1450,21.0,포천(동두천)
2024-05-27,19.6,24.1,1219,24.0,해남
2024-05-28,18.5,26.1,1458,22.6,논산(부여)
2024-05-28,18.7,22.2,1336,23.0,무안(목포)
2024-05-28,17.8,24.8,1315,20.9,상주
2024-05-28,16.9,19.6,1057,22.1,신안
2024-05-28,19.9,23.7,1503,-99.0,제주
2024-05-28,19.8,26.2,1357,22.3,창녕(밀양)
2024-05-28,10.1,15.2,1546,18.6,평창
2024-05-28,18.5,25.6,1613,23.2,포천(동두천)
2024-05-28,19.8,24.9,1148,26.5,해남
2024-05-29,19.7,27.7,1340,23.7,논산(부여)
2024-05-29,20.2,25.5,1447,24.3,무안(목포)
2024-05-29,20.0,28.3,1453,25.1,상주
2024-05-29,19.2,24.7,1406,24.6,신안
2024-05-29,19.8,24.0,1318,21.5,제주
2024-05-29,20.3,29.8,1505,25.2,창녕(밀양)
2024-05-29,15.1,23.6,1334,20.3,평창
2024-05-29,19.6,27.2,1312,26.8,포천(동두천)
2024-05-29,19.6,26.1,1421,27.2,해남
2024-05-30,20.1,25.5,1225,22.3,논산(부여)
2024-05-30,20.1,25.2,1302,23.8,무안(목포)
2024-05-30,20.6,25.4,1245,23.2,상주
2024-05-30,18.2,24.2,1225,19.0,신안
2024-05-30,20.0,23.6,1103,25.6,제주
2024-05-30,20.7,26.6,1424,22.9,창녕(밀양)
2024-05-30,15.0,22.4,1150,17.5,평창
2024-05-30,18.5,23.7,1353,22.3,포천(동두천)
2024-05-30,19.6,25.7,1343,23.8,해남
2024-05-31,20.5,26.8,1428,26.2,논산(부여)
2024-05-31,19.1,23.0,1612,22.6,무안(목포)
2024-05-31,22.4,27.7,1534,27.8,상주
2024-05-31,18.3,22.1,1113,23.4,신안
2024-05-31,19.4,22.8,1610,24.1,제주
2024-05-31,23.1,29.9,1554,30.0,창녕(밀양)
2024-05-31,16.5,24.0,1514,24.3,평창
2024-05-31,19.2,25.7,1516,27.5,포천(동두천)
2024-05-31,19.6,25.3,1412,23.7,해남
2024-06-01,19.8,25.8,1451,25.7,논산(부여)
2024-06-01,18.7,21.5,1510,23.3,무안(목포)
2024-06-01,20.8,26.2,1528,26.8,상주
2024-06-01,18.1,20.3,1201,23.3,신안
2024-06-01,19.8,22.8,1626,24.2,제주
2024-06-01,21.8,27.8,1354,28.0,창녕(밀양)
2024-06-01,12.2,16.2,1226,16.4,평창
2024-06-01,20.1,26.0,1615,28.8,포천(동두천)
2024-06-01,19.2,23.6,1621,24.4,해남
2024-06-02,19.0,26.7,1601,24.7,논산(부여)
2024-06-02,19.0,23.9,1345,23.2,무안(목포)
2024-06-02,20.2,26.3,1450,26.5,상주
2024-06-02,19.4,23.5,1401,23.9,신안
2024-06-02,20.2,23.7,1428,25.2,제주
2024-06-02,20.6,27.4,1423,27.0,창녕(밀양)
2024-06-02,10.9,14.1,1218,15.8,평창
2024-06-02,18.8,25.5,1525,25.0,포천(동두천)
2024-06-02,19.7,26.1,1355,24.7,해남
2024-06-03,20.1,28.2,1603,27.1,논산(부여)
2024-06-03,20.6,25.4,1430,24.7,무안(목포)
2024-06-03,19.6,26.2,1604,28.0,상주
2024-06-03,19.8,25.9,1434,24.7,신안
2024-06-03,21.5,24.4,1502,28.5,제주
2024-06-03,20.3,26.6,1533,27.4,창녕(밀양)
2024-06-03,10.9,16.9,1318,18.9,평창
2024-06-03,20.0,27.8,1447,29.5,포천(동두천)
2024-06-03,19.7,25.8,1139,24.0,해남
2024-06-04,20.5,28.4,1516,28.2,논산(부여)
2024-06-04,20.0,23.9,1340,25.7,무안(목포)
2024-06-04,19.7,26.4,1632,28.6,상주
2024-06-04,19.0,25.3,1311,25.0,신안
2024-06-04,20.2,23.8,1431,29.6,제주
2024-06-04,20.5,27.3,1650,29.8,창녕(밀양)
2024-06-04,13.1,21.3,1619,21.6,평창
2024-06-04,20.6,28.9,1555,30.1,포천(동두천)
2024-06-04,20.1,25.3,1143,28.2,해남
2024-06-05,21.4,28.7,1437,26.9,논산(부여)
2024-06-05,20.0,24.1,1244,23.5,무안(목포)
2024-06-05,21.4,29.5,1555,28.5,상주
2024-06-05,18.8,22.5,1037,22.3,신안
2024-06-05,19.9,22.5,1250,24.1,제주
2024-06-05,21.4,29.8,1308,27.9,창녕(밀양)
2024-06-05,16.3,24.4,1236,24.3,평창
2024-06-05,22.0,29.7,1416,30.8,포천(동두천)
2024-06-05,19.7,25.9,1150,24.4,해남
2024-06-06,21.2,29.1,1429,28.2,논산(부여)
2024-06-06,21.0,24.7,1532,24.1,무안(목포)
2024-06-06,21.5,28.0,1632,27.4,상주
2024-06-06,20.5,26.0,1156,24.8,신안
2024-06-06,20.2,22.5,1029,22.2,제주
2024-06-06,21.6,27.9,1226,26.5,창녕(밀양)
2024-06-06,16.8,24.1,1359,25.7,평창
2024-06-06,22.8,30.7,1434,30.5,포천(동두천)
2024-06-06,19.9,23.7,1227,23.8,해남
2024-06-07,21.5,28.0,1330,26.8,논산(부여)
2024-06-07,21.7,25.9,1317,24.5,무안(목포)
2024-06-07,22.9,29.2,1505,29.1,상주
2024-06-07,20.0,23.8,1222,23.6,신안
2024-06-07,22.6,25.4,1331,26.6,제주
2024-06-07,23.2,29.9,1409,30.2,창녕(밀양)
2024-06-07,16.5,23.6,1225,21.3,평창
2024-06-07,21.6,26.8,1435,28.7,포천(동두천)
2024-06-07,21.4,26.4,1228,27.5,해남
2024-06-08,20.8,26.3,1659,25.4,논산(부여)
2024-06-08,20.9,22.3,1618,22.4,무안(목포)
2024-06-08,20.0,22.8,1019,24.3,상주
2024-06-08,20.5,25.0,1349,25.0,신안
2024-06-08,21.3,23.4,1650,23.9,제주
2024-06-08,19.1,21.8,2,21.1,창녕(밀양)
2024-06-08,16.2,17.7,1512,18.0,평창
2024-06-08,18.3,22.2,1600,21.7,포천(동두천)
2024-06-08,20.8,22.4,1433,22.4,해남
2024-06-09,22.5,29.4,1411,29.4,논산(부여)
2024-06-09,21.9,25.5,1745,23.8,무안(목포)
2024-06-09,23.0,29.3,1609,26.2,상주
2024-06-09,20.8,24.6,1535,26.9,신안
2024-06-09,21.5,26.1,1701,25.3,제주
2024-06-09,23.0,28.2,1518,26.2,창녕(밀양)
2024-06-09,19.6,26.7,1402,23.9,평창
2024-06-09,21.0,28.7,1457,27.1,포천(동두천)
2024-06-09,22.6,27.5,1509,25.8,해남
2024-06-10,23.2,30.4,1419,30.0,논산(부여)
2024-06-10,23.2,28.5,1436,25.9,무안(목포)
2024-06-10,25.6,32.0,1539,29.4,상주
2024-06-10,21.2,26.5,1554,26.6,신안
2024-06-10,23.6,29.2,1330,28.3,제주
2024-06-10,25.1,32.8,1436,28.5,창녕(밀양)
2024-06-10,20.9,26.3,1426,25.8,평창
2024-06-10,23.2,29.8,1455,29.8,포천(동두천)
2024-06-10,22.1,28.9,1314,27.3,해남
2024-06-11,23.6,30.8,1329,30.9,논산(부여)
2024-06-11,22.4,26.9,1453,26.3,무안(목포)
2024-06-11,26.4,32.6,1510,31.3,상주
2024-06-11,20.5,24.6,1313,24.1,신안
2024-06-11,21.7,24.8,1406,28.1,제주
2024-06-11,25.9,34.0,1524,28.4,창녕(밀양)
2024-06-11,22.3,29.5,1439,28.5,평창
2024-06-11,24.6,31.2,1408,33.4,포천(동두천)
2024-06-11,22.0,28.6,1523,28.6,해남
2024-06-12,24.1,32.6,1610,31.8,논산(부여)
2024-06-12,23.1,28.3,1448,27.6,무안(목포)
2024-06-12,26.6,33.1,1554,32.3,상주
2024-06-12,20.0,25.9,1703,24.2,신안
2024-06-12,22.1,26.1,1634,26.7,제주
2024-06-12,26.1,33.4,1447,30.7,창녕(밀양)
2024-06-12,21.4,30.0,1508,28.1,평창
2024-06-12,23.1,31.2,1427,31.7,포천(동두천)
2024-06-12,22.8,30.1,1350,28.3,해남
2024-06-13,25.1,33.8,1523,32.7,논산(부여)
2024-06-13,23.9,29.7,1309,28.3,무안(목포)
2024-06-13,27.3,35.0,1502,33.6,상주
2024-06-13,22.4,27.0,1127,29.1,신안
2024-06-13,23.7,28.8,1538,31.5,제주
2024-06-13,26.7,34.6,1315,29.7,창녕(밀양)
2024-06-13,20.1,28.1,1136,27.8,평창
2024-06-13,24.4,32.7,1421,33.7,포천(동두천)
2024-06-13,24.2,32.3,1244,31.1,해남
2024-06-14,25.0,32.3,1554,32.2,논산(부여)
2024-06-14,24.7,28.9,1335,28.2,무안(목포)
2024-06-14,26.8,33.5,1602,28.8,상주
2024-06-14,22.1,27.9,1612,25.7,신안
2024-06-14,25.4,31.4,1417,33.0,제주
2024-06-14,26.0,34.0,1503,30.4,창녕(밀양)
2024-06-14,21.6,28.9,1223,26.3,평창
2024-06-14,24.5,31.9,1505,33.4,포천(동두천)
2024-06-14,24.5,31.2,1325,32.3,해남
2024-06-15,24.1,28.6,1630,29.3,논산(부여)
2024-06-15,24.6,28.9,1312,29.8,무안(목포)
2024-06-15,24.5,31.5,1423,31.3,상주
2024-06-15,24.0,28.8,1258,31.1,신안
2024-06-15,24.9,27.5,1814,34.2,제주
2024-06-15,25.9,33.9,1446,31.1,창녕(밀양)
2024-06-15,19.4,23.3,1512,21.6,평창
2024-06-15,22.7,28.3,1602,30.5,포천(동두천)
2024-06-15,24.8,29.8,1309,32.9,해남
2024-06-16,23.4,30.1,1353,32.0,논산(부여)
2024-06-16,23.3,26.4,1544,27.9,무안(목포)
2024-06-16,24.6,30.2,1520,29.7,상주
2024-06-16,23.4,27.6,1515,29.9,신안
2024-06-16,25.0,28.8,1452,39.2,제주
2024-06-16,25.8,31.6,1548,30.0,창녕(밀양)
2024-06-16,19.3,25.1,1433,22.6,평창
2024-06-16,22.8,29.9,1522,30.4,포천(동두천)
2024-06-16,23.7,29.2,1344,33.1,해남
2024-06-17,21.8,28.4,1604,27.9,논산(부여)
2024-06-17,22.1,26.2,1637,24.7,무안(목포)
2024-06-17,23.9,29.2,1335,21.9,상주
2024-06-17,21.2,25.2,1512,25.0,신안
2024-06-17,22.5,24.6,1231,23.8,제주
2024-06-17,22.8,29.2,1342,25.2,창녕(밀양)
2024-06-17,19.8,26.5,1317,23.8,평창
2024-06-17,22.9,29.6,1228,32.3,포천(동두천)
2024-06-17,21.2,26.1,1808,24.6,해남
2024-06-18,23.2,33.7,1524,31.9,논산(부여)
2024-06-18,23.6,29.7,1254,28.5,무안(목포)
2024-06-18,27.4,35.2,1437,31.7,상주
2024-06-18,23.9,29.0,1436,29.9,신안
2024-06-18,25.0,31.2,1351,32.4,제주
2024-06-18,26.3,35.2,1446,31.1,창녕(밀양)
2024-06-18,22.0,30.0,1315,28.1,평창
2024-06-18,24.3,32.9,1455,34.6,포천(동두천)
2024-06-18,23.3,32.0,1428,32.0,해남
2024-06-19,25.3,35.8,1509,32.2,논산(부여)
2024-06-19,25.3,32.6,1317,29.9,무안(목포)
2024-06-19,28.0,35.5,1525,32.8,상주
2024-06-19,23.7,29.4,1230,29.2,신안
2024-06-19,24.9,29.0,1257,31.2,제주
2024-06-19,27.5,35.8,1537,31.9,창녕(밀양)
2024-06-19,22.5,30.6,1204,30.4,평창
2024-06-19,26.3,35.1,1345,36.0,포천(동두천)
2024-06-19,24.3,33.5,1220,31.8,해남
2024-06-20,24.2,31.2,1445,31.1,논산(부여)
2024-06-20,22.6,23.5,1549,23.7,무안(목포)
2024-06-20,24.1,30.4,1107,30.8,상주
2024-06-20,20.0,21.1,1954,20.0,신안
2024-06-20,22.6,24.5,1707,23.0,제주
2024-06-20,23.5,27.0,1326,25.4,창녕(밀양)
2024-06-20,21.2,29.8,1118,25.6,평창
2024-06-20,27.3,35.2,1520,35.8,포천(동두천)
2024-06-20,21.8,22.9,1605,22.8,해남
2024-06-21,25.2,31.6,1413,32.5,논산(부여)
2024-06-21,24.8,31.0,1343,29.3,무안(목포)
2024-06-21,25.2,32.0,1723,32.1,상주
2024-06-21,21.8,25.5,1500,25.2,신안
2024-06-21,24.9,28.5,1443,26.4,제주
2024-06-21,25.9,31.0,1448,30.8,창녕(밀양)
2024-06-21,20.8,27.3,1408,29.5,평창
2024-06-21,25.8,33.7,1309,33.4,포천(동두천)
2024-06-21,23.8,29.0,1423,26.6,해남
2024-06-22,23.1,24.5,946,25.3,논산(부여)
2024-06-22,23.4,24.3,1500,24.2,무안(목포)
2024-06-22,22.9,24.6,25,25.5,상주
2024-06-22,22.1,25.3,1615,22.6,신안
2024-06-22,25.9,29.4,1601,26.4,제주
2024-06-22,23.7,25.3,1612,24.5,창녕(밀양)
2024-06-22,18.7,22.6,1005,21.7,평창
2024-06-22,22.7,24.7,827,25.3,포천(동두천)
2024-06-22,23.8,25.5,1332,24.1,해남
2024-06-23,24.4,29.2,1614,27.6,논산(부여)
2024-06-23,23.3,26.1,1627,24.9,무안(목포)
2024-06-23,24.6,28.4,1654,26.2,상주
2024-06-23,23.5,27.5,1537,27.4,신안
2024-06-23,24.6,27.4,1718,25.4,제주
2024-06-23,26.1,30.3,1521,26.2,창녕(밀양)
2024-06-23,19.7,24.6,1616,21.5,평창
2024-06-23,24.1,30.2,1440,29.2,포천(동두천)
2024-06-23,23.8,27.9,1603,25.3,해남
2024-06-24,24.4,29.1,1315,28.4,논산(부여)
2024-06-24,23.7,27.5,1501,25.7,무안(목포)
2024-06-24,26.3,32.0,1501,28.4,상주
2024-06-24,23.7,27.4,1408,28.5,신안
2024-06-24,25.6,29.8,1313,27.4,제주
2024-06-24,25.7,30.5,1431,27.1,창녕(밀양)
2024-06-24,20.4,25.6,1433,21.7,평창
2024-06-24,23.3,29.1,1325,28.2,포천(동두천)
2024-06-24,24.3,28.0,1538,26.0,해남
2024-06-25,21.6,28.7,1533,26.4,논산(부여)
2024-06-25,22.8,26.7,1442,25.0,무안(목포)
2024-06-25,23.6,28.2,1651,27.7,상주
2024-06-25,22.3,26.0,1432,26.7,신안
2024-06-25,22.6,23.8,1,24.5,제주
2024-06-25,24.5,29.5,1517,26.7,창녕(밀양)
2024-06-25,17.2,22.0,1437,18.2,평창
2024-06-25,21.6,27.5,1423,28.2,포천(동두천)
2024-06-25,23.2,28.5,1615,25.6,해남
2024-06-26,23.4,30.6,1655,30.0,논산(부여)
2024-06-26,23.4,28.6,1421,26.5,무안(목포)
2024-06-26,24.2,30.7,1525,29.7,상주
2024-06-26,22.5,26.3,1125,27.5,신안
2024-06-26,23.1,26.4,1436,26.2,제주
2024-06-26,23.8,30.5,1527,28.8,창녕(밀양)
2024-06-26,18.2,24.6,1256,23.4,평창
2024-06-26,23.7,31.0,1610,30.3,포천(동두천)
2024-06-26,22.5,30.4,1517,27.9,해남
2024-06-27,23.2,28.6,1757,27.3,논산(부여)
2024-06-27,20.9,22.5,1047,22.2,무안(목포)
2024-06-27,21.8,26.8,1528,26.1,상주
2024-06-27,19.6,20.8,1017,19.8,신안
2024-06-27,22.0,23.7,1146,23.3,제주
2024-06-27,21.0,24.7,1348,23.1,창녕(밀양)
2024-06-27,19.2,25.4,1130,22.2,평창
2024-06-27,24.5,31.4,1335,30.9,포천(동두천)
2024-06-27,19.8,22.6,1017,21.7,해남
2024-06-28,24.8,31.8,1439,32.1,논산(부여)
2024-06-28,24.1,29.6,1424,26.0,무안(목포)
2024-06-28,25.1,33.5,1511,31.7,상주
2024-06-28,22.6,28.0,1421,27.5,신안
2024-06-28,24.1,27.7,1411,26.7,제주
2024-06-28,25.0,33.4,1604,33.7,창녕(밀양)
2024-06-28,19.0,26.6,1434,25.4,평창
2024-06-28,25.0,32.9,1505,33.8,포천(동두천)
2024-06-28,23.8,29.2,1408,28.0,해남
2024-06-29,24.3,29.0,1329,27.6,논산(부여)
2024-06-29,23.8,25.2,1840,24.0,무안(목포)
2024-06-29,24.7,31.5,1232,31.0,상주
2024-06-29,21.9,23.5,1316,21.7,신안
2024-06-29,25.5,28.5,1736,24.5,제주
2024-06-29,24.0,27.5,1059,26.0,창녕(밀양)
2024-06-29,21.8,29.2,1424,26.4,평창
2024-06-29,25.2,32.8,1502,34.0,포천(동두천)
2024-06-29,24.1,25.8,1546,24.1,해남
2024-06-30,24.4,28.0,1640,26.6,논산(부여)
2024-06-30,23.6,25.1,243,24.1,무안(목포)
2024-06-30,24.6,27.4,1607,25.5,상주
2024-06-30,23.8,26.3,1257,24.7,신안
2024-06-30,26.8,28.0,15,26.2,제주
2024-06-30,25.6,27.5,1421,25.2,창녕(밀양)
2024-06-30,20.8,22.6,1028,20.5,평창
2024-06-30,23.2,26.8,1705,24.6,포천(동두천)
2024-06-30,24.1,25.3,1233,24.6,해남
2024-07-01,25.3,31.3,1538,28.8,논산(부여)
2024-07-01,24.3,27.5,1817,26.4,무안(목포)
2024-07-01,26.4,31.8,1621,28.8,상주
2024-07-01,23.3,26.8,1421,26.4,신안
2024-07-01,25.6,28.0,1207,27.1,제주
2024-07-01,27.5,32.6,1505,29.7,창녕(밀양)
2024-07-01,21.5,26.9,1230,22.8,평창
2024-07-01,24.6,29.6,1530,27.5,포천(동두천)
2024-07-01,25.1,29.3,1546,26.8,해남
2024-07-02,25.0,29.3,1853,25.6,논산(부여)
2024-07-02,26.2,29.1,1356,26.6,무안(목포)
2024-07-02,22.2,23.7,1,23.8,상주
2024-07-02,23.1,25.9,1259,24.0,신안
2024-07-02,29.7,33.2,1349,29.6,제주
2024-07-02,26.1,29.5,1435,26.9,창녕(밀양)
2024-07-02,18.0,19.1,1,19.2,평창
2024-07-02,22.5,24.2,2159,23.0,포천(동두천)
2024-07-02,26.9,30.4,1251,26.2,해남
2024-07-03,25.5,29.1,1410,28.0,논산(부여)
2024-07-03,25.9,29.5,1618,28.5,무안(목포)
2024-07-03,26.1,30.7,1339,26.8,상주
2024-07-03,24.8,28.9,1453,27.7,신안
2024-07-03,29.1,31.8,1413,33.4,제주
2024-07-03,27.9,32.0,1519,28.8,창녕(밀양)
2024-07-03,21.1,23.3,1123,20.9,평창
2024-07-03,23.6,25.4,1729,24.4,포천(동두천)
2024-07-03,26.4,30.4,1334,28.8,해남
2024-07-04,27.3,32.0,1347,29.0,논산(부여)
2024-07-04,26.0,29.6,1324,29.4,무안(목포)
2024-07-04,27.3,33.7,1511,28.3,상주
2024-07-04,23.6,25.3,1423,25.5,신안
2024-07-04,27.2,30.0,1404,35.0,제주
2024-07-04,28.3,34.4,1545,31.0,창녕(밀양)
2024-07-04,22.8,25.7,1547,22.2,평창
2024-07-04,24.9,29.2,1641,27.8,포천(동두천)
2024-07-04,26.2,30.2,1201,29.3,해남
2024-07-05,25.4,29.6,1607,29.1,논산(부여)
2024-07-05,26.1,29.1,1530,29.0,무안(목포)
2024-07-05,26.3,30.5,1546,29.4,상주
2024-07-05,25.0,28.7,1330,27.2,신안
2024-07-05,28.7,34.0,1523,31.6,제주
2024-07-05,28.9,33.6,1415,31.3,창녕(밀양)
2024-07-05,21.2,25.3,1,22.5,평창
2024-07-05,23.2,26.3,1304,26.5,포천(동두천)
2024-07-05,26.5,30.1,1537,28.2,해남
2024-07-06,27.3,31.7,1340,28.4,논산(부여)
2024-07-06,26.7,29.1,1116,28.3,무안(목포)
2024-07-06,27.7,32.0,1657,28.3,상주
2024-07-06,24.7,27.9,1602,26.1,신안
2024-07-06,30.6,34.8,1330,32.5,제주
2024-07-06,27.8,31.9,1321,29.5,창녕(밀양)
2024-07-06,22.8,29.1,1443,22.8,평창
2024-07-06,23.7,28.5,1504,24.7,포천(동두천)
2024-07-06,26.7,27.9,1108,27.3,해남
2024-07-07,25.7,27.7,1523,26.8,논산(부여)
2024-07-07,26.3,28.2,1533,27.9,무안(목포)
2024-07-07,26.0,29.6,4,27.2,상주
2024-07-07,24.9,27.8,925,25.8,신안
2024-07-07,30.7,34.5,1614,32.4,제주
2024-07-07,28.6,32.2,1515,30.1,창녕(밀양)
2024-07-07,20.9,24.5,5,20.6,평창
2024-07-07,24.0,27.3,1243,26.5,포천(동두천)
2024-07-07,26.0,26.8,847,26.4,해남
2024-07-08,24.7,26.7,2050,26.1,논산(부여)
2024-07-08,26.0,27.1,1045,26.3,무안(목포)
2024-07-08,23.8,25.0,108,24.8,상주
2024-07-08,24.0,28.2,1136,24.2,신안
2024-07-08,31.3,35.1,1443,35.0,제주
2024-07-08,27.6,30.1,1312,28.0,창녕(밀양)
2024-07-08,20.6,21.5,501,21.1,평창
2024-07-08,23.3,25.0,1631,24.9,포천(동두천)
2024-07-08,25.9,26.9,942,26.1,해남
2024-07-09,23.8,24.6,946,25.4,논산(부여)
2024-07-09,25.5,26.8,1218,26.0,무안(목포)
2024-07-09,23.6,25.5,1117,24.8,상주
2024-07-09,23.8,25.3,1158,24.0,신안
2024-07-09,31.0,34.1,1228,35.4,제주
2024-07-09,25.2,27.7,119,26.0,창녕(밀양)
2024-07-09,20.7,24.8,1230,22.0,평창
2024-07-09,24.0,28.2,1315,26.8,포천(동두천)
2024-07-09,26.3,27.9,1430,26.6,해남
2024-07-10,23.9,27.4,1559,27.0,논산(부여)
2024-07-10,24.0,26.4,159,25.9,무안(목포)
2024-07-10,23.1,26.6,1614,25.5,상주
2024-07-10,23.8,26.7,1305,24.0,신안
2024-07-10,26.2,29.7,1,27.1,제주
2024-07-10,26.2,30.1,1303,26.9,창녕(밀양)
2024-07-10,19.5,22.6,1300,23.2,평창
2024-07-10,25.2,30.7,1521,27.7,포천(동두천)
2024-07-10,24.4,27.1,1,26.4,해남
2024-07-11,23.9,27.2,1625,26.4,논산(부여)
2024-07-11,23.3,25.5,1318,25.4,무안(목포)
2024-07-11,25.7,29.8,1439,27.5,상주
2024-07-11,22.7,25.1,1252,23.9,신안
2024-07-11,24.0,25.5,1204,26.2,제주
2024-07-11,24.7,28.7,1450,27.3,창녕(밀양)
2024-07-11,20.5,27.4,1555,24.4,평창
2024-07-11,25.0,30.5,1252,28.2,포천(동두천)
2024-07-11,23.4,26.0,1046,25.1,해남
2024-07-12,25.5,31.0,1641,28.7,논산(부여)
2024-07-12,24.0,27.3,1355,27.8,무안(목포)
2024-07-12,26.7,31.8,1635,28.7,상주
2024-07-12,23.7,27.6,1323,24.7,신안
2024-07-12,24.7,27.1,1125,27.9,제주
2024-07-12,26.3,33.1,1523,30.3,창녕(밀양)
2024-07-12,21.2,26.3,1240,25.4,평창
2024-07-12,25.5,30.4,1454,29.7,포천(동두천)
2024-07-12,24.2,28.9,1410,26.8,해남
2024-07-13,25.9,30.8,1502,29.2,논산(부여)
2024-07-13,25.0,28.4,1425,26.7,무안(목포)
2024-07-13,26.6,31.3,1335,27.9,상주
2024-07-13,22.7,25.5,1448,24.7,신안
2024-07-13,25.2,27.5,1623,26.5,제주
2024-07-13,25.9,30.7,1335,28.7,창녕(밀양)
2024-07-13,20.1,25.7,1159,24.4,평창
2024-07-13,26.7,32.4,1447,29.7,포천(동두천)
2024-07-13,24.5,28.2,1143,26.6,해남
2024-07-14,26.1,31.7,1324,30.1,논산(부여)
2024-07-14,24.8,27.3,1547,27.3,무안(목포)
2024-07-14,24.2,26.6,1140,26.2,상주
2024-07-14,22.3,24.3,1214,22.7,신안
2024-07-14,26.2,29.7,1408,26.8,제주
2024-07-14,24.3,27.2,1504,26.2,창녕(밀양)
2024-07-14,17.8,20.3,1414,21.3,평창
2024-07-14,26.9,31.5,1623,29.5,포천(동두천)
2024-07-14,24.7,26.7,1440,26.7,해남
2024-07-15,26.8,31.9,1554,29.4,논산(부여)
2024-07-15,25.6,29.2,1400,27.4,무안(목포)
2024-07-15,25.5,29.0,1424,27.5,상주
2024-07-15,22.8,25.6,1145,23.5,신안
2024-07-15,25.7,28.1,1122,27.7,제주
2024-07-15,25.4,28.6,1421,28.1,창녕(밀양)
2024-07-15,19.2,22.1,1502,21.9,평창
2024-07-15,26.8,31.3,1612,29.1,포천(동두천)
2024-07-15,24.6,27.1,1213,27.6,해남
2024-07-16,24.5,26.5,1616,26.9,논산(부여)
2024-07-16,25.6,27.6,1345,25.8,무안(목포)
2024-07-16,24.1,28.0,1242,25.8,상주
2024-07-16,23.5,25.1,1518,24.2,신안
2024-07-16,29.8,33.3,1203,29.9,제주
2024-07-16,24.5,27.4,1323,26.3,창녕(밀양)
2024-07-16,21.2,25.8,1208,23.9,평창
2024-07-16,26.0,30.5,1355,29.9,포천(동두천)
2024-07-16,25.6,27.7,1132,25.6,해남
2024-07-17,27.2,31.2,1559,28.0,논산(부여)
2024-07-17,27.3,29.7,1445,28.0,무안(목포)
2024-07-17,25.6,29.7,1329,27.2,상주
2024-07-17,24.0,25.2,1108,24.8,신안
2024-07-17,30.1,35.2,1601,32.5,제주
2024-07-17,26.6,31.3,1512,28.1,창녕(밀양)
2024-07-17,21.7,25.2,1629,21.4,평창
2024-07-17,-99.0,26.0,1410,24.6,포천(동두천)
2024-07-17,28.1,30.4,1130,28.0,해남
2024-07-18,25.9,27.6,353,26.3,논산(부여)
2024-07-18,26.6,28.1,1220,26.9,무안(목포)
2024-07-18,26.1,28.7,1730,27.2,상주
2024-07-18,25.3,27.5,1455,25.2,신안
2024-07-18,30.1,34.2,1442,30.9,제주
2024-07-18,27.8,29.6,919,27.2,창녕(밀양)
2024-07-18,22.0,23.7,417,21.7,평창
2024-07-18,-99.0,24.6,1715,24.2,포천(동두천)
2024-07-18,26.9,28.8,1541,28.0,해남
2024-07-19,25.1,28.6,1543,27.4,논산(부여)
2024-07-19,24.8,28.0,1501,27.6,무안(목포)
2024-07-19,26.4,30.7,1548,27.9,상주
2024-07-19,23.6,28.2,1356,23.7,신안
2024-07-19,28.0,34.2,1455,29.8,제주
2024-07-19,26.1,28.9,1400,27.1,창녕(밀양)
2024-07-19,22.6,26.5,1706,23.9,평창
2024-07-19,26.0,30.5,1434,28.5,포천(동두천)
2024-07-19,24.7,28.8,1530,28.0,해남
2024-07-20,26.3,31.4,1628,28.2,논산(부여)
2024-07-20,27.5,30.2,1316,28.1,무안(목포)
2024-07-20,25.7,29.3,1610,29.0,상주
2024-07-20,25.6,28.3,1232,25.5,신안
2024-07-20,31.1,35.5,1305,32.7,제주
2024-07-20,26.8,31.7,1606,29.4,창녕(밀양)
2024-07-20,22.9,25.3,2148,22.6,평창
2024-07-20,26.0,30.1,1604,28.8,포천(동두천)
2024-07-20,28.2,31.5,1527,29.0,해남
2024-07-21,27.5,31.5,1536,28.9,논산(부여)
2024-07-21,27.3,30.9,1532,28.9,무안(목포)
2024-07-21,28.3,32.9,1556,30.0,상주
2024-07-21,25.7,29.9,1252,27.1,신안
2024-07-21,30.4,35.1,1312,30.5,제주
2024-07-21,29.3,34.0,1521,31.4,창녕(밀양)
2024-07-21,22.7,26.2,1612,22.6,평창
2024-07-21,25.1,28.3,1735,26.6,포천(동두천)
2024-07-21,27.5,31.0,1213,29.5,해남
2024-07-22,28.8,31.6,1607,29.9,논산(부여)
2024-07-22,28.1,30.9,1612,29.2,무안(목포)
2024-07-22,29.1,33.4,1359,31.4,상주
2024-07-22,25.1,26.4,1427,25.8,신안
2024-07-22,29.7,33.0,1317,35.0,제주
2024-07-22,29.8,34.2,1509,32.1,창녕(밀양)
2024-07-22,24.1,25.2,1523,22.9,평창
2024-07-22,25.4,27.0,52,25.7,포천(동두천)
2024-07-22,28.8,31.6,1324,29.6,해남
2024-07-23,26.9,28.6,1351,28.2,논산(부여)
2024-07-23,28.7,32.2,1507,31.7,무안(목포)
2024-07-23,27.8,30.0,857,29.1,상주
2024-07-23,25.4,28.1,1341,26.2,신안
2024-07-23,29.9,32.7,1534,35.8,제주
2024-07-23,30.0,33.2,1159,30.7,창녕(밀양)
2024-07-23,22.6,25.1,5,23.7,평창
2024-07-23,25.2,26.7,1230,26.1,포천(동두천)
2024-07-23,29.2,32.4,1506,31.2,해남
2024-07-24,28.3,33.2,1335,30.9,논산(부여)
2024-07-24,29.2,32.1,1610,32.9,무안(목포)
2024-07-24,27.4,31.6,1248,30.2,상주
2024-07-24,27.2,31.4,1231,28.6,신안
2024-07-24,30.3,33.0,1312,36.6,제주
2024-07-24,27.6,31.6,1222,28.9,창녕(밀양)
2024-07-24,23.3,27.2,1618,22.9,평창
2024-07-24,27.1,30.6,1409,29.0,포천(동두천)
2024-07-24,29.4,32.8,1359,32.6,해남
2024-07-25,27.9,34.2,1421,31.7,논산(부여)
2024-07-25,29.6,33.0,1447,33.8,무안(목포)
2024-07-25,27.6,33.9,1406,31.0,상주
2024-07-25,26.1,29.6,1407,27.5,신안
2024-07-25,30.6,34.5,1115,32.2,제주
2024-07-25,29.9,35.4,1358,33.0,창녕(밀양)
2024-07-25,24.7,29.3,1431,25.9,평창
2024-07-25,27.6,31.9,1407,30.3,포천(동두천)
2024-07-25,29.1,32.2,1453,33.6,해남
2024-07-26,27.8,33.6,1248,29.9,논산(부여)
2024-07-26,27.6,30.2,1619,30.0,무안(목포)
2024-07-26,28.2,33.2,1450,30.3,상주
2024-07-26,25.2,28.7,1413,26.5,신안
2024-07-26,28.2,29.6,1347,28.7,제주
2024-07-26,29.6,34.2,1333,31.9,창녕(밀양)
2024-07-26,25.8,30.8,1327,28.2,평창
2024-07-26,27.4,32.8,1314,31.2,포천(동두천)
2024-07-26,27.0,28.8,1536,28.5,해남
2024-07-27,28.6,33.0,1201,30.6,논산(부여)
2024-07-27,28.9,32.4,1603,32.2,무안(목포)
2024-07-27,28.1,33.4,1426,30.8,상주
2024-07-27,27.0,30.7,1318,27.7,신안
2024-07-27,30.5,34.6,1807,30.9,제주
2024-07-27,30.3,33.5,1349,37.9,창녕(밀양)
2024-07-27,24.9,29.1,1302,25.6,평창
2024-07-27,27.8,31.5,1428,30.1,포천(동두천)
2024-07-27,28.8,32.5,1521,29.9,해남
2024-07-28,29.2,33.9,1316,31.4,논산(부여)
2024-07-28,29.3,32.3,1458,32.5,무안(목포)
2024-07-28,29.6,34.7,1513,32.6,상주
2024-07-28,27.2,30.1,1055,29.0,신안
2024-07-28,30.1,32.7,1723,31.9,제주
2024-07-28,29.9,34.6,1304,36.6,창녕(밀양)
2024-07-28,25.0,28.5,1438,25.4,평창
2024-07-28,28.4,31.6,1509,30.4,포천(동두천)
2024-07-28,29.2,33.0,1241,32.0,해남
2024-07-29,28.1,31.6,1306,30.5,논산(부여)
2024-07-29,28.6,31.2,1434,33.2,무안(목포)
2024-07-29,29.1,33.2,1431,31.2,상주
2024-07-29,27.7,32.2,1328,32.0,신안
2024-07-29,30.0,33.3,1619,33.5,제주
2024-07-29,30.3,35.4,1437,39.6,창녕(밀양)
2024-07-29,23.8,25.2,1431,23.8,평창
2024-07-29,26.0,27.5,4,26.5,포천(동두천)
2024-07-29,28.5,31.7,1335,31.3,해남
2024-07-30,28.5,31.9,1516,31.4,논산(부여)
2024-07-30,28.4,31.5,1545,33.2,무안(목포)
2024-07-30,29.2,32.7,1617,31.2,상주
2024-07-30,28.4,32.3,1354,34.4,신안
2024-07-30,30.6,33.9,1455,35.6,제주
2024-07-30,30.3,36.0,1549,40.6,창녕(밀양)
2024-07-30,23.3,25.1,1715,23.0,평창
2024-07-30,27.1,30.5,1310,28.4,포천(동두천)
2024-07-30,28.2,32.2,1534,31.7,해남
2024-07-31,28.6,33.3,1436,31.8,논산(부여)
2024-07-31,29.4,32.7,1436,35.0,무안(목포)
2024-07-31,29.5,34.0,1641,32.1,상주
2024-07-31,28.5,33.3,1216,33.9,신안
2024-07-31,30.2,32.7,1413,36.7,제주
2024-07-31,30.6,36.4,1334,40.1,창녕(밀양)
2024-07-31,24.6,29.2,1429,27.0,평창
2024-07-31,27.8,32.2,1428,29.9,포천(동두천)
2024-07-31,28.8,32.4,1124,32.3,해남
2024-08-01,29.4,33.5,1459,33.5,논산(부여)
2024-08-01,29.4,32.6,1441,32.9,무안(목포)
2024-08-01,29.9,34.3,1532,33.2,상주
2024-08-01,29.1,33.3,1314,35.7,신안
2024-08-01,30.8,33.5,1514,37.7,제주
2024-08-01,30.3,35.6,1437,41.4,창녕(밀양)
2024-08-01,25.5,29.1,1522,27.4,평창
2024-08-01,28.3,31.5,1334,30.1,포천(동두천)
2024-08-01,29.2,32.6,1246,32.4,해남
2024-08-02,29.5,33.5,1551,33.1,논산(부여)
2024-08-02,29.5,33.4,1600,34.1,무안(목포)
2024-08-02,30.4,35.1,1526,34.1,상주
2024-08-02,28.9,33.4,1533,32.4,신안
2024-08-02,31.0,34.7,1600,37.7,제주
2024-08-02,31.3,36.6,1543,42.2,창녕(밀양)
2024-08-02,25.9,30.0,1446,28.1,평창
2024-08-02,28.3,31.7,1625,29.5,포천(동두천)
2024-08-02,29.2,33.4,1456,32.3,해남
2024-08-03,29.9,34.7,1423,33.8,논산(부여)
2024-08-03,30.0,33.5,1612,35.5,무안(목포)
2024-08-03,30.8,35.5,1430,34.0,상주
2024-08-03,30.1,34.0,1501,36.1,신안
2024-08-03,31.2,33.6,1322,37.0,제주
2024-08-03,31.5,37.7,1350,39.8,창녕(밀양)
2024-08-03,25.3,31.3,1540,29.4,평창
2024-08-03,28.7,33.5,1432,31.1,포천(동두천)
2024-08-03,29.8,34.7,1344,32.2,해남
2024-08-04,29.7,35.5,1606,35.0,논산(부여)
2024-08-04,30.2,33.9,1430,36.5,무안(목포)
2024-08-04,29.9,35.7,1501,35.5,상주
2024-08-04,29.4,33.1,1454,34.1,신안
2024-08-04,31.1,34.5,1628,38.3,제주
2024-08-04,29.7,35.8,1457,38.2,창녕(밀양)
2024-08-04,23.6,28.2,1134,30.0,평창
2024-08-04,29.7,35.2,1414,33.2,포천(동두천)
2024-08-04,30.0,35.0,1305,31.9,해남
2024-08-05,27.7,34.1,1210,31.5,논산(부여)
2024-08-05,28.1,33.8,1206,31.9,무안(목포)
2024-08-05,28.1,34.9,1521,33.5,상주
2024-08-05,28.5,33.5,1425,33.8,신안
2024-08-05,30.4,33.1,1034,34.6,제주
2024-08-05,28.9,36.1,1339,32.4,창녕(밀양)
2024-08-05,23.5,30.7,1111,26.1,평창
2024-08-05,28.5,33.1,1506,31.5,포천(동두천)
2024-08-05,28.3,33.5,1424,33.3,해남
2024-08-06,27.8,33.6,1407,30.8,논산(부여)
2024-08-06,28.7,32.6,1419,30.3,무안(목포)
2024-08-06,27.6,33.9,1606,30.6,상주
2024-08-06,28.2,33.1,1426,33.6,신안
2024-08-06,30.3,32.3,848,35.9,제주
2024-08-06,28.9,35.9,1510,34.0,창녕(밀양)
2024-08-06,23.9,30.1,1608,26.7,평창
2024-08-06,27.7,32.5,1606,30.8,포천(동두천)
2024-08-06,29.0,34.3,1450,32.6,해남
2024-08-07,28.9,34.6,1346,32.5,논산(부여)
2024-08-07,29.2,32.9,1437,32.2,무안(목포)
2024-08-07,28.6,34.6,1359,31.7,상주
2024-08-07,29.1,33.0,1337,35.0,신안
2024-08-07,30.3,33.2,1504,37.9,제주
2024-08-07,30.3,36.5,1448,36.8,창녕(밀양)
2024-08-07,24.1,29.2,1141,26.8,평창
2024-08-07,27.8,32.4,1514,31.0,포천(동두천)
2024-08-07,29.3,34.6,1326,33.7,해남
2024-08-08,26.3,29.0,1706,29.8,논산(부여)
2024-08-08,28.2,32.2,1301,29.9,무안(목포)
2024-08-08,28.0,32.1,1211,31.0,상주
2024-08-08,27.8,33.2,1225,32.9,신안
2024-08-08,30.6,33.5,1513,38.6,제주
2024-08-08,30.3,35.5,1520,37.8,창녕(밀양)
2024-08-08,23.3,27.5,1155,24.1,평창
2024-08-08,27.5,31.2,1621,30.6,포천(동두천)
2024-08-08,28.3,34.2,1309,31.9,해남
2024-08-09,28.1,33.9,1506,32.9,논산(부여)
2024-08-09,28.9,32.5,1552,34.2,무안(목포)
2024-08-09,28.2,34.0,1601,32.2,상주
2024-08-09,28.9,33.4,1337,34.8,신안
2024-08-09,30.7,32.9,1219,38.9,제주
2024-08-09,29.0,36.0,1429,37.9,창녕(밀양)
2024-08-09,23.1,29.0,1336,27.0,평창
2024-08-09,28.0,32.4,1250,31.8,포천(동두천)
2024-08-09,28.9,34.5,1349,34.1,해남
2024-08-10,28.8,34.5,1346,32.9,논산(부여)
2024-08-10,29.4,33.3,1459,34.7,무안(목포)
2024-08-10,28.2,33.7,1442,32.4,상주
2024-08-10,28.5,33.9,1558,34.3,신안
2024-08-10,30.9,34.4,1725,37.8,제주
2024-08-10,29.3,36.2,1350,35.4,창녕(밀양)
2024-08-10,23.4,28.8,1408,29.6,평창
2024-08-10,28.0,33.3,1315,31.4,포천(동두천)
2024-08-10,28.7,34.1,1253,34.6,해남
2024-08-11,29.3,34.6,1614,34.7,논산(부여)
2024-08-11,29.5,33.5,1333,35.8,무안(목포)
2024-08-11,28.9,33.9,1557,33.0,상주
2024-08-11,27.2,31.8,1302,30.3,신안
2024-08-11,30.9,34.9,1344,38.9,제주
2024-08-11,29.3,35.9,1503,38.4,창녕(밀양)
2024-08-11,23.8,29.9,1146,27.8,평창
2024-08-11,28.8,32.7,1236,34.2,포천(동두천)
2024-08-11,28.9,33.0,1441,34.4,해남
2024-08-12,29.4,35.5,1605,32.8,논산(부여)
2024-08-12,29.5,33.3,1224,34.6,무안(목포)
2024-08-12,29.2,34.9,1645,34.7,상주
2024-08-12,28.0,33.5,1432,33.1,신안
2024-08-12,30.1,33.3,1329,38.3,제주
2024-08-12,29.3,36.4,1417,38.0,창녕(밀양)
2024-08-12,22.9,28.7,1259,29.4,평창
2024-08-12,28.7,33.0,1341,32.3,포천(동두천)
2024-08-12,28.4,34.4,1437,34.8,해남
2024-08-13,29.5,35.3,1613,34.3,논산(부여)
2024-08-13,28.0,31.5,1258,30.9,무안(목포)
2024-08-13,28.7,34.6,1636,35.8,상주
2024-08-13,28.6,34.4,1242,34.2,신안
2024-08-13,29.8,32.8,1343,37.7,제주
2024-08-13,29.0,35.9,1539,38.0,창녕(밀양)
2024-08-13,22.4,28.9,1217,29.0,평창
2024-08-13,29.5,34.9,1421,35.4,포천(동두천)
2024-08-13,27.6,33.2,1427,32.3,해남
2024-08-14,29.2,35.0,1502,34.4,논산(부여)
2024-08-14,28.6,32.3,1407,34.6,무안(목포)
2024-08-14,28.2,34.5,1533,35.9,상주
2024-08-14,28.8,34.0,1358,33.5,신안
2024-08-14,28.7,31.1,1742,30.8,제주
2024-08-14,29.0,35.4,1255,37.2,창녕(밀양)
2024-08-14,22.0,27.5,1233,29.5,평창
2024-08-14,27.9,35.2,1341,33.7,포천(동두천)
2024-08-14,28.2,34.4,1323,34.4,해남
2024-08-15,28.5,34.7,1518,34.1,논산(부여)
2024-08-15,27.7,32.4,1355,29.8,무안(목포)
2024-08-15,28.6,33.9,1547,36.0,상주
2024-08-15,29.3,34.4,1230,34.2,신안
2024-08-15,27.6,32.0,1242,28.1,제주
2024-08-15,28.3,36.1,1554,35.3,창녕(밀양)
2024-08-15,21.4,27.3,1321,28.8,평창
2024-08-15,26.8,33.2,1526,30.5,포천(동두천)
2024-08-15,27.6,34.8,1330,31.8,해남
2024-08-16,28.6,34.8,1602,34.6,논산(부여)
2024-08-16,26.4,30.3,1025,28.9,무안(목포)
2024-08-16,28.1,33.1,1544,35.2,상주
2024-08-16,28.6,33.8,1318,32.9,신안
2024-08-16,28.3,32.1,1654,30.0,제주
2024-08-16,28.4,35.9,1524,35.1,창녕(밀양)
2024-08-16,21.1,26.5,1406,26.5,평창
2024-08-16,28.0,33.4,1526,30.5,포천(동두천)
2024-08-16,27.0,33.7,1258,32.1,해남
2024-08-17,28.7,34.5,1406,33.7,논산(부여)
2024-08-17,26.8,31.6,1242,28.2,무안(목포)
2024-08-17,28.3,35.3,1510,36.1,상주
2024-08-17,29.2,35.1,1409,34.1,신안
2024-08-17,29.4,33.0,1539,31.5,제주
2024-08-17,28.0,36.4,1422,35.4,창녕(밀양)
2024-08-17,22.0,27.5,1232,28.8,평창
2024-08-17,27.8,33.5,1346,30.6,포천(동두천)
2024-08-17,26.7,33.5,1250,29.4,해남
2024-08-18,27.6,34.0,1251,32.5,논산(부여)
2024-08-18,27.4,31.2,1609,29.0,무안(목포)
2024-08-18,28.2,34.5,1505,34.7,상주
2024-08-18,29.4,35.2,1409,33.8,신안
2024-08-18,29.5,32.9,1351,32.6,제주
2024-08-18,28.8,35.8,1555,36.2,창녕(밀양)
2024-08-18,22.8,29.3,1256,30.4,평창
2024-08-18,28.4,33.9,1510,32.1,포천(동두천)
2024-08-18,27.8,33.4,1250,31.2,해남
2024-08-19,29.0,34.6,1511,34.6,논산(부여)
2024-08-19,29.3,33.4,1528,33.7,무안(목포)
2024-08-19,29.1,34.6,1608,36.0,상주
2024-08-19,28.6,32.7,1458,32.7,신안
2024-08-19,30.6,35.0,1430,35.0,제주
2024-08-19,29.4,35.1,1408,36.9,창녕(밀양)
2024-08-19,23.7,29.4,1312,31.8,평창
2024-08-19,28.6,34.1,1438,33.3,포천(동두천)
2024-08-19,28.8,33.7,1432,33.0,해남
2024-08-20,29.9,35.7,1459,34.6,논산(부여)
2024-08-20,28.9,32.7,1337,31.7,무안(목포)
2024-08-20,28.5,34.4,1443,35.7,상주
2024-08-20,28.5,31.9,1039,31.6,신안
2024-08-20,30.4,32.8,1032,30.9,제주
2024-08-20,28.9,35.0,1306,32.9,창녕(밀양)
2024-08-20,22.8,27.2,1216,26.2,평창
2024-08-20,29.8,34.6,1323,32.9,포천(동두천)
2024-08-20,28.5,33.0,1231,31.1,해남
2024-08-21,28.9,32.4,1610,29.8,논산(부여)
2024-08-21,29.6,32.1,1555,32.3,무안(목포)
2024-08-21,27.5,30.8,1308,30.1,상주
2024-08-21,28.4,32.1,1220,31.2,신안
2024-08-21,31.3,34.3,1436,31.8,제주
2024-08-21,28.0,32.4,1239,28.5,창녕(밀양)
2024-08-21,23.8,25.3,1524,23.9,평창
2024-08-21,26.8,29.9,4,28.0,포천(동두천)
2024-08-21,30.2,34.2,1401,31.2,해남
2024-08-22,27.3,31.2,1307,29.6,논산(부여)
2024-08-22,28.3,31.4,1344,29.6,무안(목포)
2024-08-22,27.8,32.7,1313,30.9,상주
2024-08-22,28.0,31.7,1532,31.0,신안
2024-08-22,30.7,34.3,955,32.0,제주
2024-08-22,28.7,34.1,1201,30.0,창녕(밀양)
2024-08-22,25.4,30.4,1340,25.4,평창
2024-08-22,27.1,30.0,846,28.5,포천(동두천)
2024-08-22,28.2,31.7,1539,30.1,해남
2024-08-23,27.5,32.6,1328,30.3,논산(부여)
2024-08-23,28.3,31.8,1357,32.6,무안(목포)
2024-08-23,28.0,33.5,1444,30.8,상주
2024-08-23,27.9,32.2,1137,30.6,신안
2024-08-23,30.1,33.0,1450,34.1,제주
2024-08-23,28.8,34.4,1431,32.4,창녕(밀양)
2024-08-23,23.8,28.6,1452,27.0,평창
2024-08-23,27.1,31.2,1449,29.3,포천(동두천)
2024-08-23,27.7,32.7,1451,30.0,해남
2024-08-24,27.3,32.8,1402,30.8,논산(부여)
2024-08-24,28.4,32.3,1527,32.7,무안(목포)
2024-08-24,28.4,34.2,1505,31.0,상주
2024-08-24,27.7,32.0,1258,31.0,신안
2024-08-24,29.7,32.3,1443,34.3,제주
2024-08-24,29.2,35.1,1423,33.6,창녕(밀양)
2024-08-24,23.6,30.2,1322,28.6,평창
2024-08-24,26.9,30.9,1346,29.3,포천(동두천)
2024-08-24,28.0,33.5,1506,31.3,해남
2024-08-25,27.2,32.5,1500,30.4,논산(부여)
2024-08-25,28.2,31.8,1546,33.2,무안(목포)
2024-08-25,28.4,33.5,1438,31.6,상주
2024-08-25,28.5,32.4,1324,31.2,신안
2024-08-25,29.7,32.8,1445,35.5,제주
2024-08-25,28.9,35.1,1448,33.8,창녕(밀양)
2024-08-25,22.3,27.4,1402,27.4,평창
2024-08-25,27.1,32.5,1532,30.3,포천(동두천)
2024-08-25,28.0,33.7,1337,31.2,해남
2024-08-26,27.5,32.4,1245,30.5,논산(부여)
2024-08-26,28.4,32.4,1553,33.6,무안(목포)
2024-08-26,27.4,32.0,1341,30.8,상주
2024-08-26,28.3,32.6,1131,31.4,신안
2024-08-26,29.3,32.1,1404,34.5,제주
2024-08-26,28.8,35.1,1412,34.1,창녕(밀양)
2024-08-26,21.6,26.0,1316,25.8,평창
2024-08-26,26.4,30.7,1457,29.1,포천(동두천)
2024-08-26,27.5,32.8,1146,30.3,해남
2024-08-27,26.3,28.4,1251,28.5,논산(부여)
2024-08-27,27.7,31.4,1300,30.9,무안(목포)
2024-08-27,24.9,29.0,1128,27.6,상주
2024-08-27,27.5,31.3,1323,-99.0,신안
2024-08-27,29.5,31.9,1136,35.0,제주
2024-08-27,26.5,33.4,1249,28.8,창녕(밀양)
2024-08-27,19.2,21.5,1315,21.6,평창
2024-08-27,24.5,29.2,1604,27.0,포천(동두천)
2024-08-27,28.1,34.0,1436,32.5,해남
2024-08-28,27.2,32.4,1414,30.2,논산(부여)
2024-08-28,27.7,33.2,1432,31.3,무안(목포)
2024-08-28,25.2,29.7,1247,27.9,상주
2024-08-28,28.0,31.0,1456,33.2,신안
2024-08-28,28.1,29.6,1502,30.4,제주
2024-08-28,27.0,30.5,1320,28.6,창녕(밀양)
2024-08-28,19.4,24.1,1530,22.2,평창
2024-08-28,25.0,31.2,1716,-99.0,포천(동두천)
2024-08-28,28.7,33.5,1416,31.6,해남
2024-08-29,28.3,33.9,1438,31.4,논산(부여)
2024-08-29,28.0,31.7,1457,31.7,무안(목포)
2024-08-29,26.0,32.1,1347,30.1,상주
2024-08-29,27.8,31.4,1151,31.7,신안
2024-08-29,29.4,33.3,1458,34.5,제주
2024-08-29,28.3,32.3,1229,30.2,창녕(밀양)
2024-08-29,20.1,21.2,1410,21.8,평창
2024-08-29,25.9,31.8,1532,29.3,포천(동두천)
2024-08-29,28.4,34.4,1433,31.6,해남
2024-08-30,27.7,34.1,1343,31.8,논산(부여)
2024-08-30,27.4,30.5,1216,31.7,무안(목포)
2024-08-30,27.6,34.4,1504,29.9,상주
2024-08-30,26.8,30.3,1329,31.1,신안
2024-08-30,29.5,33.0,1541,35.6,제주
2024-08-30,29.5,34.4,1349,30.8,창녕(밀양)
2024-08-30,20.9,24.4,1443,24.7,평창
2024-08-30,26.0,32.5,1505,31.5,포천(동두천)
2024-08-30,27.7,33.3,1335,32.1,해남
2024-08-31,26.3,32.4,1513,31.0,논산(부여)
2024-08-31,26.2,29.3,1312,31.9,무안(목포)
2024-08-31,27.2,32.5,1532,29.8,상주
2024-08-31,26.7,30.7,1253,31.0,신안
2024-08-31,28.2,32.0,1439,34.9,제주
2024-08-31,27.8,34.3,1535,32.5,창녕(밀양)
2024-08-31,19.6,25.2,1348,24.4,평창
2024-08-31,25.0,32.1,1537,31.1,포천(동두천)
2024-08-31,25.9,31.4,1251,31.2,해남
2024-09-01,26.3,32.0,1519,31.8,논산(부여)
2024-09-01,26.8,29.9,1559,33.0,무안(목포)
2024-09-01,26.5,33.2,1439,30.9,상주
2024-09-01,26.4,30.8,1510,30.3,신안
2024-09-01,28.0,31.9,1359,34.6,제주
2024-09-01,27.4,33.7,1332,30.8,창녕(밀양)
2024-09-01,21.1,27.1,1509,23.4,평창
2024-09-01,24.5,30.5,1257,30.3,포천(동두천)
2024-09-01,26.3,32.5,1204,31.3,해남
2024-09-02,23.9,26.5,1449,27.4,논산(부여)
2024-09-02,25.5,27.7,1047,26.4,무안(목포)
2024-09-02,25.1,28.3,1150,28.0,상주
2024-09-02,25.5,31.0,1037,27.5,신안
2024-09-02,28.2,31.5,1238,34.4,제주
2024-09-02,27.2,32.2,1349,31.5,창녕(밀양)
2024-09-02,18.5,22.8,1055,21.4,평창
2024-09-02,21.6,24.8,1628,24.2,포천(동두천)
2024-09-02,25.2,30.4,1333,29.2,해남
2024-09-03,26.9,31.6,1518,30.0,논산(부여)
2024-09-03,26.9,30.9,1322,30.1,무안(목포)
2024-09-03,25.7,30.1,1459,29.4,상주
2024-09-03,25.7,31.3,1424,28.2,신안
2024-09-03,27.8,33.0,1055,31.1,제주
2024-09-03,25.4,29.4,1421,29.6,창녕(밀양)
2024-09-03,17.6,21.7,1404,22.5,평창
2024-09-03,24.2,30.5,1604,27.6,포천(동두천)
2024-09-03,26.4,30.9,1249,29.3,해남
2024-09-04,26.6,33.0,1451,31.3,논산(부여)
2024-09-04,26.9,31.3,1604,31.9,무안(목포)
2024-09-04,24.7,31.8,1507,29.5,상주
2024-09-04,25.6,29.8,1130,28.5,신안
2024-09-04,27.8,30.4,1730,34.6,제주
2024-09-04,25.4,33.0,1407,30.8,창녕(밀양)
2024-09-04,18.2,25.6,1407,22.1,평창
2024-09-04,25.5,31.4,1533,30.5,포천(동두천)
2024-09-04,26.3,31.0,1427,31.2,해남
2024-09-05,25.8,31.6,1331,31.3,논산(부여)
2024-09-05,27.6,31.5,1523,34.7,무안(목포)
2024-09-05,26.8,34.2,1420,32.3,상주
2024-09-05,27.5,34.1,1422,31.3,신안
2024-09-05,28.6,31.9,1527,31.1,제주
2024-09-05,26.9,34.3,1530,33.5,창녕(밀양)
2024-09-05,20.4,25.8,1326,21.2,평창
2024-09-05,24.9,27.6,851,27.2,포천(동두천)
2024-09-05,26.8,32.8,1435,31.7,해남
2024-09-06,25.2,27.8,1354,28.2,논산(부여)
2024-09-06,27.4,30.6,1421,32.3,무안(목포)
2024-09-06,25.3,27.0,921,27.9,상주
2024-09-06,27.0,30.7,1209,29.2,신안
2024-09-06,29.3,33.0,1335,31.4,제주
2024-09-06,26.0,32.1,1347,27.5,창녕(밀양)
2024-09-06,17.6,19.2,1,19.9,평창
2024-09-06,22.9,25.3,1230,24.6,포천(동두천)
2024-09-06,27.5,33.0,1445,29.0,해남
2024-09-07,26.1,32.2,1519,29.8,논산(부여)
2024-09-07,26.3,29.4,1348,28.5,무안(목포)
2024-09-07,23.7,28.0,1651,26.2,상주
2024-09-07,26.2,30.2,1022,29.9,신안
2024-09-07,28.9,33.2,1221,33.6,제주
2024-09-07,26.7,32.1,1434,29.6,창녕(밀양)
2024-09-07,19.0,26.7,1341,21.8,평창
2024-09-07,24.4,30.4,1444,28.9,포천(동두천)
2024-09-07,26.1,32.0,1256,27.4,해남
2024-09-08,25.5,32.6,1451,29.7,논산(부여)
2024-09-08,26.5,31.1,1515,32.1,무안(목포)
2024-09-08,27.6,33.2,1450,30.6,상주
2024-09-08,25.4,30.3,1408,29.6,신안
2024-09-08,28.4,32.1,1319,29.4,제주
2024-09-08,27.9,34.2,1309,30.7,창녕(밀양)
2024-09-08,19.4,25.3,1216,22.9,평창
2024-09-08,25.1,31.9,1528,30.1,포천(동두천)
2024-09-08,26.6,32.8,1502,30.1,해남
2024-09-09,27.8,34.4,1600,31.4,논산(부여)
2024-09-09,27.7,32.7,1311,32.3,무안(목포)
2024-09-09,28.2,33.7,1459,32.4,상주
2024-09-09,26.9,33.2,1353,30.1,신안
2024-09-09,28.7,31.4,1337,33.4,제주
2024-09-09,28.6,33.6,1306,31.6,창녕(밀양)
2024-09-09,21.0,26.5,1032,23.3,평창
2024-09-09,26.0,31.8,1249,29.8,포천(동두천)
2024-09-09,27.3,33.5,1441,32.0,해남
2024-09-10,29.1,35.5,1436,32.4,논산(부여)
2024-09-10,29.3,34.2,1500,34.2,무안(목포)
2024-09-10,27.7,34.8,1520,33.2,상주
2024-09-10,27.6,32.2,1416,31.9,신안
2024-09-10,28.8,30.5,1142,31.5,제주
2024-09-10,28.5,36.5,1348,33.3,창녕(밀양)
2024-09-10,23.1,30.5,1525,24.1,평창
2024-09-10,27.0,33.4,1356,31.4,포천(동두천)
2024-09-10,28.3,34.0,1423,32.8,해남
2024-09-11,26.9,34.1,1515,31.4,논산(부여)
2024-09-11,28.2,32.0,1155,28.5,무안(목포)
2024-09-11,26.7,32.4,1335,30.1,상주
2024-09-11,27.6,33.8,1354,30.6,신안
2024-09-11,29.5,33.1,1153,30.4,제주
2024-09-11,27.6,32.4,1501,30.3,창녕(밀양)
2024-09-11,21.6,26.7,1204,23.3,평창
2024-09-11,27.1,35.0,1341,31.7,포천(동두천)
2024-09-11,27.6,32.1,1056,29.3,해남
2024-09-12,26.3,30.4,1157,27.9,논산(부여)
2024-09-12,29.3,33.4,1437,34.4,무안(목포)
2024-09-12,25.5,28.0,1342,27.4,상주
2024-09-12,27.4,31.0,1428,28.7,신안
2024-09-12,30.4,35.1,1541,31.6,제주
2024-09-12,27.8,34.1,1353,30.3,창녕(밀양)
2024-09-12,19.5,21.0,1,21.9,평창
2024-09-12,23.9,26.2,1358,26.0,포천(동두천)
2024-09-12,28.3,32.7,1303,30.2,해남
2024-09-13,27.2,32.9,1437,30.4,논산(부여)
2024-09-13,28.7,32.6,1529,34.7,무안(목포)
2024-09-13,28.0,33.5,1429,30.1,상주
2024-09-13,28.7,35.1,1315,29.7,신안
2024-09-13,29.1,32.3,1402,31.1,제주
2024-09-13,29.0,35.3,1406,33.3,창녕(밀양)
2024-09-13,22.1,26.5,1249,23.3,평창
2024-09-13,24.6,27.8,1241,25.9,포천(동두천)
2024-09-13,27.8,33.7,1401,30.6,해남
2024-09-14,28.6,33.9,1514,33.8,논산(부여)
2024-09-14,28.5,33.0,1421,35.1,무안(목포)
2024-09-14,28.9,34.3,1525,30.6,상주
2024-09-14,28.3,32.6,1245,31.0,신안
2024-09-14,29.3,32.3,1428,33.9,제주
2024-09-14,29.5,36.2,1554,34.2,창녕(밀양)
2024-09-14,20.5,24.7,1741,22.8,평창
2024-09-14,26.4,30.6,1512,28.5,포천(동두천)
2024-09-14,28.0,34.5,1409,30.0,해남
2024-09-15,29.7,35.3,1524,35.5,논산(부여)
2024-09-15,28.7,34.3,1249,31.5,무안(목포)
2024-09-15,27.9,33.5,1517,29.5,상주
2024-09-15,27.9,31.6,1329,30.4,신안
2024-09-15,29.7,32.5,1505,30.4,제주
2024-09-15,28.0,31.8,1023,31.1,창녕(밀양)
2024-09-15,18.4,19.9,1045,21.1,평창
2024-09-15,24.8,29.0,1318,27.0,포천(동두천)
2024-09-15,28.9,34.2,1304,31.0,해남
2024-09-16,28.3,32.5,1223,32.6,논산(부여)
2024-09-16,28.5,29.7,1154,29.1,무안(목포)
2024-09-16,26.2,28.7,1401,27.9,상주
2024-09-16,27.0,29.1,938,27.5,신안
2024-09-16,28.8,31.6,1651,29.5,제주
2024-09-16,27.6,30.2,1247,31.5,창녕(밀양)
2024-09-16,19.4,22.9,1448,22.6,평창
2024-09-16,23.5,29.3,1502,26.0,포천(동두천)
2024-09-16,27.7,28.9,149,27.9,해남
2024-09-17,29.5,35.6,1400,35.6,논산(부여)
2024-09-17,29.0,33.4,1243,31.2,무안(목포)
2024-09-17,28.9,34.5,1510,30.7,상주
2024-09-17,28.7,34.0,1158,29.7,신안
2024-09-17,28.2,30.9,1622,28.4,제주
2024-09-17,30.1,36.8,1531,35.2,창녕(밀양)
2024-09-17,23.5,29.0,1213,24.8,평창
2024-09-17,26.2,31.4,1419,27.7,포천(동두천)
2024-09-17,27.8,34.1,1303,28.4,해남
2024-09-18,27.9,34.8,1249,34.7,논산(부여)
2024-09-18,29.2,33.8,1316,29.0,무안(목포)
2024-09-18,27.1,33.9,1315,30.0,상주
2024-09-18,29.2,34.5,1402,31.0,신안
2024-09-18,30.0,35.0,1427,29.8,제주
2024-09-18,29.6,36.5,1506,34.6,창녕(밀양)
2024-09-18,22.7,29.7,1125,24.5,평창
2024-09-18,27.2,31.8,1455,29.5,포천(동두천)
2024-09-18,28.5,33.8,1316,29.8,해남
2024-09-19,28.4,34.8,1450,32.0,논산(부여)
2024-09-19,29.1,34.9,1400,31.5,무안(목포)
2024-09-19,26.2,29.6,1540,28.3,상주
2024-09-19,28.3,33.8,1415,30.1,신안
2024-09-19,29.1,33.1,1206,29.3,제주
2024-09-19,30.0,37.4,1356,34.4,창녕(밀양)
2024-09-19,23.5,27.8,1227,23.6,평창
2024-09-19,27.4,30.7,1521,28.9,포천(동두천)
2024-09-19,28.7,34.2,1252,29.9,해남
2024-09-20,25.9,27.5,20,27.4,논산(부여)
2024-09-20,27.4,30.6,1245,29.6,무안(목포)
2024-09-20,25.4,27.3,1404,27.2,상주
2024-09-20,27.0,31.1,1219,27.9,신안
2024-09-20,28.4,32.1,1640,28.2,제주
2024-09-20,26.3,28.2,1103,27.0,창녕(밀양)
2024-09-20,19.8,25.7,1057,21.8,평창
2024-09-20,22.7,27.6,1109,25.2,포천(동두천)
2024-09-20,28.1,31.3,1236,28.6,해남
2024-09-21,22.8,26.7,22,24.9,논산(부여)
2024-09-21,25.3,27.9,429,25.3,무안(목포)
2024-09-21,20.0,24.7,201,23.0,상주
2024-09-21,25.2,27.1,812,25.3,신안
2024-09-21,27.4,29.5,1647,27.4,제주
2024-09-21,22.6,25.5,58,23.5,창녕(밀양)
2024-09-21,15.2,16.2,2029,16.5,평창
2024-09-21,18.2,22.9,1300,20.6,포천(동두천)
2024-09-21,25.7,28.3,749,26.5,해남
2024-09-22,22.2,27.0,1417,25.4,논산(부여)
2024-09-22,22.2,23.7,1559,24.0,무안(목포)
2024-09-22,21.5,26.7,1235,24.6,상주
2024-09-22,23.4,26.3,1324,27.2,신안
2024-09-22,23.7,25.4,1,24.9,제주
2024-09-22,22.6,24.9,1429,23.2,창녕(밀양)
2024-09-22,13.6,15.6,1231,17.2,평창
2024-09-22,19.1,25.1,1351,21.1,포천(동두천)
2024-09-22,22.2,23.3,1,25.3,해남
2024-09-23,21.0,26.7,1454,24.5,논산(부여)
2024-09-23,22.9,27.0,1428,27.5,무안(목포)
2024-09-23,19.5,25.2,1446,23.4,상주
2024-09-23,23.7,28.3,1435,28.1,신안
2024-09-23,24.2,26.9,1456,25.6,제주
2024-09-23,20.9,25.0,1416,22.6,창녕(밀양)
2024-09-23,12.5,16.6,1229,16.5,평창
2024-09-23,18.6,24.5,1446,20.8,포천(동두천)
2024-09-23,22.6,27.3,1355,25.4,해남
2024-09-24,20.6,27.4,1603,24.4,논산(부여)
2024-09-24,22.7,27.0,1638,26.0,무안(목포)
2024-09-24,18.9,26.4,1535,22.8,상주
2024-09-24,22.7,26.4,1302,25.2,신안
2024-09-24,23.8,26.2,1117,24.2,제주
2024-09-24,21.0,27.6,1256,22.0,창녕(밀양)
2024-09-24,12.5,18.7,1238,18.1,평창
2024-09-24,18.3,25.6,1428,20.5,포천(동두천)
2024-09-24,22.2,28.5,1258,24.2,해남
2024-09-25,22.6,28.4,1534,25.8,논산(부여)
2024-09-25,24.5,29.8,1505,27.8,무안(목포)
2024-09-25,21.6,27.8,1558,24.0,상주
2024-09-25,24.4,30.1,1400,26.7,신안
2024-09-25,25.0,28.5,1626,26.0,제주
2024-09-25,22.9,30.8,1329,24.2,창녕(밀양)
2024-09-25,15.9,22.3,1325,19.8,평창
2024-09-25,20.8,26.3,1211,22.3,포천(동두천)
2024-09-25,23.1,29.8,1333,25.9,해남
2024-09-26,23.2,29.1,1459,25.9,논산(부여)
2024-09-26,24.7,28.4,1440,26.9,무안(목포)
2024-09-26,23.0,29.3,1501,24.7,상주
2024-09-26,24.5,29.3,1216,26.4,신안
2024-09-26,25.6,28.8,1315,27.4,제주
2024-09-26,23.4,30.3,1501,24.7,창녕(밀양)
2024-09-26,17.4,24.3,1509,20.8,평창
2024-09-26,21.3,27.2,1414,23.3,포천(동두천)
2024-09-26,24.2,29.8,1305,26.2,해남
2024-09-27,22.4,28.8,1519,25.6,논산(부여)
2024-09-27,23.5,26.9,1403,26.4,무안(목포)
2024-09-27,23.0,29.0,1407,25.5,상주
2024-09-27,23.6,27.2,1235,26.6,신안
2024-09-27,25.5,28.5,1332,28.3,제주
2024-09-27,24.1,30.3,1237,25.4,창녕(밀양)
2024-09-27,16.5,21.2,1219,19.7,평창
2024-09-27,20.8,27.1,1451,23.5,포천(동두천)
2024-09-27,23.3,29.0,1436,26.5,해남
2024-09-28,23.8,29.5,1503,26.6,논산(부여)
2024-09-28,24.2,28.7,1221,24.3,무안(목포)
2024-09-28,22.0,26.5,1439,25.2,상주
2024-09-28,24.6,30.6,1412,28.4,신안
2024-09-28,25.3,27.9,1642,26.7,제주
2024-09-28,23.2,28.2,1336,24.4,창녕(밀양)
2024-09-28,15.0,18.1,1431,18.7,평창
2024-09-28,21.4,27.2,1532,23.2,포천(동두천)
2024-09-28,23.7,29.6,1501,26.3,해남
2024-09-29,22.7,28.5,1403,26.3,논산(부여)
2024-09-29,24.3,28.7,1343,27.6,무안(목포)
2024-09-29,20.9,27.1,1340,23.7,상주
2024-09-29,24.3,29.2,1543,26.7,신안
2024-09-29,25.0,28.1,1443,26.8,제주
2024-09-29,21.9,27.2,1445,22.7,창녕(밀양)
2024-09-29,14.1,19.2,1515,17.5,평창
2024-09-29,22.0,28.1,1520,24.7,포천(동두천)
2024-09-29,23.8,28.8,1350,25.3,해남
2024-09-30,20.9,28.0,1506,25.0,논산(부여)
2024-09-30,23.6,28.4,1327,25.7,무안(목포)
2024-09-30,19.1,26.8,1533,22.8,상주
2024-09-30,23.7,29.1,1114,26.1,신안
2024-09-30,24.4,26.9,1324,26.7,제주
2024-09-30,21.7,29.0,1422,22.8,창녕(밀양)
2024-09-30,13.9,23.4,1431,17.2,평창
2024-09-30,21.0,27.5,1528,24.2,포천(동두천)
2024-09-30,23.0,29.3,1356,25.7,해남
2024-10-01,17.5,20.7,1233,20.1,논산(부여)
2024-10-01,20.9,25.1,1008,21.0,무안(목포)
2024-10-01,17.8,23.6,1147,20.9,상주
2024-10-01,20.7,24.9,854,21.3,신안
2024-10-01,23.3,28.3,1119,24.6,제주
2024-10-01,22.1,29.2,1313,23.9,창녕(밀양)
2024-10-01,13.4,17.9,1010,14.1,평창
2024-10-01,16.4,20.7,1522,19.6,포천(동두천)
2024-10-01,20.5,27.2,1039,23.6,해남
2024-10-02,14.1,20.6,1454,19.6,논산(부여)
2024-10-02,16.9,19.4,27,20.6,무안(목포)
2024-10-02,14.8,21.1,1431,19.2,상주
2024-10-02,18.5,22.0,1024,20.8,신안
2024-10-02,20.3,22.7,1350,21.0,제주
2024-10-02,19.0,23.4,1455,22.1,창녕(밀양)
2024-10-02,8.9,14.1,1224,11.9,평창
2024-10-02,12.4,19.2,1353,16.9,포천(동두천)
2024-10-02,16.9,21.1,1329,22.7,해남
2024-10-03,12.4,15.8,1127,16.0,논산(부여)
2024-10-03,15.1,17.8,1723,17.6,무안(목포)
2024-10-03,13.1,18.5,1252,16.5,상주
2024-10-03,18.4,22.2,1300,20.1,신안
2024-10-03,19.1,20.6,650,19.2,제주
2024-10-03,18.2,22.0,1348,20.4,창녕(밀양)
2024-10-03,9.9,13.7,1135,11.4,평창
2024-10-03,13.8,21.7,1404,16.5,포천(동두천)
2024-10-03,13.4,16.7,1605,18.2,해남
2024-10-04,14.8,23.1,1548,19.4,논산(부여)
2024-10-04,17.8,23.5,1542,20.8,무안(목포)
2024-10-04,14.5,22.3,1514,17.7,상주
2024-10-04,19.4,23.1,1415,21.6,신안
2024-10-04,21.1,24.2,1527,22.8,제주
2024-10-04,18.0,24.8,1448,19.6,창녕(밀양)
2024-10-04,10.3,17.0,1339,14.8,평창
2024-10-04,14.7,23.0,1418,18.0,포천(동두천)
2024-10-04,15.8,24.9,1504,21.0,해남
2024-10-05,16.0,23.6,1559,20.1,논산(부여)
2024-10-05,18.8,24.1,1417,21.7,무안(목포)
2024-10-05,14.6,22.5,1623,17.9,상주
2024-10-05,19.9,24.4,1352,22.8,신안
2024-10-05,22.5,24.9,1551,24.1,제주
2024-10-05,18.2,25.6,1440,19.2,창녕(밀양)
2024-10-05,10.5,19.1,1335,14.5,평창
2024-10-05,14.1,22.7,1518,17.1,포천(동두천)
2024-10-05,17.2,25.7,1306,21.1,해남
2024-10-06,16.2,18.9,1639,18.2,논산(부여)
2024-10-06,17.8,21.2,1134,18.8,무안(목포)
2024-10-06,15.9,19.2,1317,18.0,상주
2024-10-06,19.4,21.6,1024,19.7,신안
2024-10-06,21.1,24.5,1126,23.1,제주
2024-10-06,18.2,23.0,1210,19.1,창녕(밀양)
2024-10-06,10.4,15.1,1136,12.6,평창
2024-10-06,12.5,16.3,1505,15.4,포천(동두천)
2024-10-06,17.0,22.7,1248,19.4,해남
2024-10-07,16.7,20.1,1333,19.4,논산(부여)
2024-10-07,17.6,19.9,1537,19.2,무안(목포)
2024-10-07,16.8,20.1,1335,18.8,상주
2024-10-07,18.2,20.9,1257,17.7,신안
2024-10-07,19.0,21.1,1235,20.7,제주
2024-10-07,17.0,19.5,1351,19.0,창녕(밀양)
2024-10-07,11.7,16.6,1211,14.7,평창
2024-10-07,14.6,20.1,1422,17.4,포천(동두천)
2024-10-07,16.5,20.0,1521,19.9,해남
2024-10-08,17.1,23.8,1503,21.2,논산(부여)
2024-10-08,18.9,22.5,1433,21.5,무안(목포)
2024-10-08,17.2,23.5,1532,19.5,상주
2024-10-08,19.5,23.0,1044,21.4,신안
2024-10-08,21.3,24.3,1238,21.0,제주
2024-10-08,19.2,25.1,1454,20.0,창녕(밀양)
2024-10-08,10.9,13.0,1119,13.3,평창
2024-10-08,14.9,22.8,1344,17.5,포천(동두천)
2024-10-08,17.6,24.2,1457,21.0,해남
2024-10-09,17.3,23.9,1339,20.5,논산(부여)
2024-10-09,19.1,24.0,1353,21.2,무안(목포)
2024-10-09,16.2,22.9,1414,19.4,상주
2024-10-09,19.2,22.7,1129,21.5,신안
2024-10-09,19.2,20.6,1304,20.3,제주
2024-10-09,18.4,24.1,1232,18.5,창녕(밀양)
2024-10-09,10.8,14.7,1434,14.2,평창
2024-10-09,15.9,23.3,1359,18.2,포천(동두천)
2024-10-09,18.1,24.3,1315,20.3,해남
2024-10-10,16.4,23.3,1324,19.8,논산(부여)
2024-10-10,18.7,22.9,1438,22.5,무안(목포)
2024-10-10,15.7,23.5,1501,18.3,상주
2024-10-10,19.3,23.7,1322,23.5,신안
2024-10-10,20.3,23.9,1328,21.3,제주
2024-10-10,17.7,25.9,1307,20.4,창녕(밀양)
2024-10-10,10.1,18.5,1206,12.3,평창
2024-10-10,16.3,23.2,1435,20.2,포천(동두천)
2024-10-10,18.7,24.3,1353,22.2,해남
2024-10-11,16.6,24.6,1359,19.7,논산(부여)
2024-10-11,19.2,23.2,1437,20.8,무안(목포)
2024-10-11,15.9,24.2,1506,19.4,상주
2024-10-11,19.8,24.3,1222,22.5,신안
2024-10-11,20.4,24.2,1519,20.7,제주
2024-10-11,17.8,25.6,1414,19.3,창녕(밀양)
2024-10-11,10.9,20.1,1323,13.9,평창
2024-10-11,15.8,24.5,1408,19.4,포천(동두천)
2024-10-11,17.2,25.2,1450,20.4,해남
2024-10-12,16.5,25.1,1506,20.6,논산(부여)
2024-10-12,19.2,24.3,1448,20.9,무안(목포)
2024-10-12,15.7,24.7,1441,18.6,상주
2024-10-12,19.9,23.7,1340,21.5,신안
2024-10-12,21.1,25.4,1405,20.7,제주
2024-10-12,17.8,26.1,1338,19.2,창녕(밀양)
2024-10-12,11.1,21.2,1422,13.6,평창
2024-10-12,15.3,23.8,1430,18.7,포천(동두천)
2024-10-12,17.1,26.3,1517,20.8,해남
2024-10-13,16.6,23.5,1301,19.2,논산(부여)
2024-10-13,19.6,23.5,1330,20.3,무안(목포)
2024-10-13,15.3,22.3,1425,18.6,상주
2024-10-13,20.3,24.0,1021,22.0,신안
2024-10-13,22.6,26.0,1416,21.6,제주
2024-10-13,18.1,25.6,1300,18.9,창녕(밀양)
2024-10-13,11.5,18.4,1121,12.8,평창
2024-10-13,15.8,23.6,1328,17.6,포천(동두천)
2024-10-13,18.4,24.9,1313,19.0,해남
2024-10-14,17.1,18.8,1232,18.4,논산(부여)
2024-10-14,19.3,22.5,1245,19.8,무안(목포)
2024-10-14,16.7,19.6,1307,18.6,상주
2024-10-14,19.6,20.4,43,19.3,신안
2024-10-14,23.7,28.2,1444,22.9,제주
2024-10-14,19.2,23.7,1254,19.8,창녕(밀양)
2024-10-14,13.1,18.6,1418,13.4,평창
2024-10-14,17.4,21.7,1231,19.3,포천(동두천)
2024-10-14,20.5,22.6,1103,20.6,해남
2024-10-15,18.6,20.9,1524,20.5,논산(부여)
2024-10-15,20.9,22.7,1111,20.7,무안(목포)
2024-10-15,17.6,20.1,1716,18.8,상주
2024-10-15,20.8,22.0,1106,20.9,신안
2024-10-15,23.3,26.1,1117,23.6,제주
2024-10-15,20.7,24.7,1443,21.7,창녕(밀양)
2024-10-15,14.3,17.6,1256,14.4,평창
2024-10-15,17.4,20.8,1148,18.5,포천(동두천)
2024-10-15,21.3,24.4,1121,21.9,해남
2024-10-16,18.2,22.9,1133,21.5,논산(부여)
2024-10-16,19.9,23.8,1240,20.0,무안(목포)
2024-10-16,17.5,23.1,1438,19.8,상주
2024-10-16,20.1,23.1,1404,22.6,신안
2024-10-16,22.9,25.4,1325,23.6,제주
2024-10-16,19.9,26.0,1403,20.4,창녕(밀양)
2024-10-16,12.2,17.6,1203,14.3,평창
2024-10-16,16.2,24.1,1425,19.5,포천(동두천)
2024-10-16,20.0,26.8,1345,21.6,해남
2024-10-17,18.5,25.3,1515,21.4,논산(부여)
2024-10-17,20.6,25.2,1508,22.3,무안(목포)
2024-10-17,17.0,22.9,1517,18.7,상주
2024-10-17,20.8,24.0,1121,23.7,신안
2024-10-17,23.1,24.2,1310,22.6,제주
2024-10-17,18.9,23.9,1425,19.6,창녕(밀양)
2024-10-17,12.6,21.0,1413,14.8,평창
2024-10-17,16.1,24.9,1422,18.2,포천(동두천)
2024-10-17,19.8,24.4,1345,20.9,해남
2024-10-18,19.6,23.2,1815,19.6,논산(부여)
2024-10-18,23.3,26.1,1545,23.0,무안(목포)
2024-10-18,17.4,19.2,1214,18.8,상주
2024-10-18,22.8,24.8,1231,23.4,신안
2024-10-18,26.5,31.3,1611,25.3,제주
2024-10-18,20.9,25.1,1400,20.6,창녕(밀양)
2024-10-18,12.1,16.6,1150,12.5,평창
2024-10-18,15.1,16.5,940,16.3,포천(동두천)
2024-10-18,23.5,27.6,1420,22.6,해남
2024-10-19,17.7,23.0,18,19.5,논산(부여)
2024-10-19,19.3,24.1,13,20.4,무안(목포)
2024-10-19,16.8,22.8,1102,18.9,상주
2024-10-19,18.5,23.7,111,19.3,신안
2024-10-19,21.7,26.2,1,22.5,제주
2024-10-19,18.8,28.5,1104,19.8,창녕(밀양)
2024-10-19,8.7,13.3,1,11.5,평창
2024-10-19,15.2,19.5,1149,17.2,포천(동두천)
2024-10-19,19.9,24.5,10,21.8,해남
2024-10-20,13.2,17.9,1251,16.7,논산(부여)
2024-10-20,15.9,20.1,1453,22.1,무안(목포)
2024-10-20,12.5,15.1,1038,15.3,상주
2024-10-20,17.0,20.6,1247,19.2,신안
2024-10-20,19.0,20.2,1318,18.9,제주
2024-10-20,14.7,16.9,1227,16.2,창녕(밀양)
2024-10-20,6.0,7.5,1352,7.9,평창
2024-10-20,11.5,17.2,1503,13.0,포천(동두천)
2024-10-20,15.6,19.5,1449,18.3,해남
2024-10-21,14.1,20.0,1531,17.3,논산(부여)
2024-10-21,17.2,21.9,1339,18.8,무안(목포)
2024-10-21,14.6,18.8,1144,17.1,상주
2024-10-21,17.7,20.7,1416,19.1,신안
2024-10-21,21.1,22.9,929,21.1,제주
2024-10-21,16.2,20.7,1355,17.9,창녕(밀양)
2024-10-21,11.2,16.1,1312,12.0,평창
2024-10-21,12.8,18.1,1417,14.1,포천(동두천)
2024-10-21,18.4,23.9,1209,18.7,해남
2024-10-22,16.9,18.6,1519,18.2,논산(부여)
2024-10-22,18.5,20.9,1145,18.8,무안(목포)
2024-10-22,16.4,18.3,2347,17.6,상주
2024-10-22,19.1,22.2,1149,19.5,신안
2024-10-22,21.7,24.4,1338,22.9,제주
2024-10-22,18.6,20.9,1550,18.9,창녕(밀양)
2024-10-22,12.5,14.6,2040,12.9,평창
2024-10-22,13.9,15.3,2244,15.4,포천(동두천)
2024-10-22,19.6,22.5,1334,20.3,해남
2024-10-23,13.8,18.5,1341,16.6,논산(부여)
2024-10-23,15.7,17.4,123,18.0,무안(목포)
2024-10-23,14.3,18.6,12,16.1,상주
2024-10-23,15.5,17.3,1,16.7,신안
2024-10-23,17.7,20.9,1338,18.0,제주
2024-10-23,16.9,21.4,1416,18.4,창녕(밀양)
2024-10-23,8.7,14.0,23,9.8,평창
2024-10-23,11.4,16.3,1501,14.7,포천(동두천)
2024-10-23,15.6,18.5,1139,18.8,해남
2024-10-24,11.4,19.7,1454,16.6,논산(부여)
2024-10-24,14.3,18.5,1355,15.9,무안(목포)
2024-10-24,12.4,20.6,1449,14.2,상주
2024-10-24,16.4,18.4,1058,19.0,신안
2024-10-24,17.3,20.3,1423,16.5,제주
2024-10-24,13.5,21.8,1521,15.6,창녕(밀양)
2024-10-24,6.6,16.0,1237,8.8,평창
2024-10-24,10.1,17.9,1527,12.5,포천(동두천)
2024-10-24,13.8,20.9,1448,16.6,해남
2024-10-25,14.8,21.7,1424,16.7,논산(부여)
2024-10-25,16.2,20.4,1429,16.1,무안(목포)
2024-10-25,12.4,20.5,1442,14.4,상주
2024-10-25,17.6,19.9,1448,20.3,신안
2024-10-25,21.5,25.0,1411,20.6,제주
2024-10-25,16.0,23.6,1346,16.1,창녕(밀양)
2024-10-25,7.4,16.2,1354,9.1,평창
2024-10-25,12.5,22.3,1348,13.7,포천(동두천)
2024-10-25,15.6,21.6,1329,16.0,해남
2024-10-26,16.0,24.5,1542,19.7,논산(부여)
2024-10-26,18.8,24.8,1507,21.3,무안(목포)
2024-10-26,16.3,22.1,1351,17.6,상주
2024-10-26,19.1,23.9,1456,21.3,신안
2024-10-26,21.5,23.0,1540,21.1,제주
2024-10-26,16.5,24.0,1222,17.8,창녕(밀양)
2024-10-26,8.3,15.4,1113,9.4,평창
2024-10-26,14.9,24.2,1507,15.1,포천(동두천)
2024-10-26,17.8,24.1,1351,19.0,해남
2024-10-27,14.9,18.7,1507,16.7,논산(부여)
2024-10-27,16.8,19.0,1413,16.9,무안(목포)
2024-10-27,13.9,16.7,1626,15.6,상주
2024-10-27,17.5,19.2,1249,16.6,신안
2024-10-27,19.3,21.4,1,20.4,제주
2024-10-27,15.3,19.2,1451,16.5,창녕(밀양)
2024-10-27,9.1,15.3,1356,9.8,평창
2024-10-27,14.4,17.2,1439,15.2,포천(동두천)
2024-10-27,17.2,20.2,1415,18.7,해남
2024-10-28,15.1,18.9,1443,16.7,논산(부여)
2024-10-28,16.5,18.7,1231,17.5,무안(목포)
2024-10-28,13.6,16.2,1509,15.2,상주
2024-10-28,16.3,19.4,1426,17.6,신안
2024-10-28,17.8,19.0,1159,17.5,제주
2024-10-28,16.3,20.2,1157,16.3,창녕(밀양)
2024-10-28,7.9,10.3,458,9.3,평창
2024-10-28,14.1,19.5,1509,15.1,포천(동두천)
2024-10-28,16.0,20.2,1518,18.6,해남
2024-10-29,14.8,19.8,1520,16.9,논산(부여)
2024-10-29,16.9,20.5,1406,19.5,무안(목포)
2024-10-29,13.2,19.7,1426,15.0,상주
2024-10-29,17.0,20.1,1356,18.6,신안
2024-10-29,19.3,22.7,1300,20.1,제주
2024-10-29,16.7,21.8,1214,17.2,창녕(밀양)
2024-10-29,7.1,13.7,1317,10.3,평창
2024-10-29,13.5,18.9,1349,14.7,포천(동두천)
2024-10-29,16.3,22.1,1326,18.2,해남
2024-10-30,14.2,22.1,1424,17.3,논산(부여)
2024-10-30,16.4,20.1,1357,17.4,무안(목포)
2024-10-30,13.3,22.6,1440,14.7,상주
2024-10-30,17.8,20.7,1132,20.4,신안
2024-10-30,19.7,23.1,1501,19.0,제주
2024-10-30,14.8,22.9,1402,16.3,창녕(밀양)
2024-10-30,9.1,17.2,1230,9.6,평창
2024-10-30,13.5,20.7,1433,14.0,포천(동두천)
2024-10-30,15.0,23.0,1434,17.7,해남
2024-10-31,14.2,22.9,1448,17.8,논산(부여)
2024-10-31,17.3,22.7,1317,17.7,무안(목포)
2024-10-31,12.8,21.1,1455,14.3,상주
2024-10-31,18.3,21.6,1409,20.3,신안
2024-10-31,20.3,23.2,1109,19.2,제주
2024-10-31,15.8,22.7,1432,16.1,창녕(밀양)
2024-10-31,7.4,18.7,1404,8.5,평창
2024-10-31,13.8,22.1,1348,13.7,포천(동두천)
2024-10-31,17.1,22.8,1346,17.8,해남
2024-11-01,14.0,15.5,2359,14.4,논산(부여)
2024-11-01,14.8,17.1,59,15.9,무안(목포)
2024-11-01,11.9,13.1,1446,13.8,상주
2024-11-01,15.5,18.1,1,15.3,신안
2024-11-01,18.5,19.8,12,18.5,제주
2024-11-01,14.4,15.3,1338,14.5,창녕(밀양)
2024-11-01,8.2,13.8,1303,8.2,평창
2024-11-01,13.6,18.8,1445,14.2,포천(동두천)
2024-11-01,15.5,18.2,3,16.8,해남
2024-11-02,17.1,24.0,1444,19.0,논산(부여)
2024-11-02,17.1,20.6,1514,17.5,무안(목포)
2024-11-02,16.3,23.6,1500,16.9,상주
2024-11-02,17.7,20.1,1220,19.4,신안
2024-11-02,19.3,20.9,1534,19.5,제주
2024-11-02,17.2,21.2,1538,16.5,창녕(밀양)
2024-11-02,10.2,12.8,1046,10.4,평창
2024-11-02,16.5,24.3,1423,14.5,포천(동두천)
2024-11-02,17.5,22.0,1314,18.8,해남
2024-11-03,14.8,23.4,1425,18.4,논산(부여)
2024-11-03,17.8,23.3,1419,17.9,무안(목포)
2024-11-03,13.3,20.4,1510,15.1,상주
2024-11-03,18.6,23.2,1335,19.7,신안
2024-11-03,18.9,22.9,1114,17.5,제주
2024-11-03,15.1,22.2,1454,16.2,창녕(밀양)
2024-11-03,10.3,17.4,1400,10.8,평창
2024-11-03,15.5,23.2,1327,14.0,포천(동두천)
2024-11-03,16.3,22.7,1251,17.4,해남
2024-11-04,14.5,22.3,1303,16.9,논산(부여)
2024-11-04,15.5,19.7,1406,15.8,무안(목포)
2024-11-04,13.6,21.6,1448,14.1,상주
2024-11-04,16.4,19.6,1106,16.9,신안
2024-11-04,18.3,23.6,1108,16.5,제주
2024-11-04,14.3,21.7,1521,15.3,창녕(밀양)
2024-11-04,11.4,15.8,1357,10.4,평창
2024-11-04,13.5,18.8,1251,14.7,포천(동두천)
2024-11-04,14.9,21.2,1428,16.1,해남
2024-11-05,9.0,16.0,1350,13.3,논산(부여)
2024-11-05,12.6,14.6,1238,12.3,무안(목포)
2024-11-05,11.1,16.2,1307,12.2,상주
2024-11-05,13.4,14.5,1017,14.8,신안
2024-11-05,15.1,17.7,1412,13.7,제주
2024-11-05,13.2,19.3,1405,13.5,창녕(밀양)
2024-11-05,5.5,8.7,1500,8.3,평창
2024-11-05,8.3,15.4,1338,9.1,포천(동두천)
2024-11-05,12.8,15.9,1236,14.4,해남
2024-11-06,6.5,14.7,1502,11.8,논산(부여)
2024-11-06,10.4,13.8,1305,10.4,무안(목포)
2024-11-06,8.3,14.7,1346,8.3,상주
2024-11-06,13.1,15.2,938,14.2,신안
2024-11-06,14.2,17.0,1112,12.5,제주
2024-11-06,9.4,15.4,1303,10.1,창녕(밀양)
2024-11-06,1.2,9.5,1342,4.1,평창
2024-11-06,5.5,12.5,1506,6.2,포천(동두천)
2024-11-06,10.6,15.0,1408,12.2,해남
2024-11-07,6.5,16.7,1504,11.7,논산(부여)
2024-11-07,10.3,14.6,1422,10.6,무안(목포)
2024-11-07,6.8,16.1,1502,8.1,상주
2024-11-07,12.7,15.6,1353,14.5,신안
2024-11-07,13.8,18.2,1244,9.0,제주
2024-11-07,9.7,19.2,1454,10.9,창녕(밀양)
2024-11-07,2.4,12.4,1322,4.4,평창
2024-11-07,5.2,14.7,1511,5.9,포천(동두천)
2024-11-07,8.8,18.0,1437,11.7,해남
2024-11-08,8.8,18.6,1454,12.9,논산(부여)
2024-11-08,12.9,16.7,1433,12.8,무안(목포)
2024-11-08,10.4,18.5,1517,10.3,상주
2024-11-08,14.3,17.7,1050,15.8,신안
2024-11-08,17.7,21.6,1147,-99.0,제주
2024-11-08,12.6,19.7,1253,12.7,창녕(밀양)
2024-11-08,4.1,10.8,1209,7.3,평창
2024-11-08,7.1,17.5,1449,6.7,포천(동두천)
2024-11-08,12.3,19.9,1127,14.0,해남
2024-11-09,11.2,19.5,1423,13.6,논산(부여)
2024-11-09,13.9,18.4,1323,12.9,무안(목포)
2024-11-09,12.2,19.2,1259,12.7,상주
2024-11-09,15.1,18.6,1339,16.4,신안
2024-11-09,18.1,20.3,1125,-99.0,제주
2024-11-09,13.1,21.0,1320,13.1,창녕(밀양)
2024-11-09,5.1,13.1,1137,6.8,평창
2024-11-09,9.8,20.0,1506,8.9,포천(동두천)
2024-11-09,12.2,20.1,1415,13.6,해남
2024-11-10,12.7,21.3,1458,15.1,논산(부여)
2024-11-10,14.8,17.2,1501,14.2,무안(목포)
2024-11-10,11.7,18.1,1557,12.6,상주
2024-11-10,16.1,18.3,1440,16.5,신안
2024-11-10,18.2,19.8,1243,-99.0,제주
2024-11-10,13.0,18.2,1438,13.1,창녕(밀양)
2024-11-10,6.4,15.7,1511,7.8,평창
2024-11-10,11.9,21.2,1355,11.3,포천(동두천)
2024-11-10,14.7,18.2,1303,15.0,해남
2024-11-11,11.9,21.7,1519,15.1,논산(부여)
2024-11-11,14.6,19.1,1443,14.3,무안(목포)
2024-11-11,10.9,19.5,1507,11.9,상주
2024-11-11,16.3,20.0,1201,18.6,신안
2024-11-11,17.3,21.1,1334,-99.0,제주
2024-11-11,14.3,22.0,1420,15.2,창녕(밀양)
2024-11-11,7.4,15.5,1214,7.8,평창
2024-11-11,12.4,21.4,1443,11.0,포천(동두천)
2024-11-11,12.7,21.8,1446,14.3,해남
2024-11-12,13.0,20.6,1423,15.8,논산(부여)
2024-11-12,14.4,18.3,1348,14.1,무안(목포)
2024-11-12,14.2,20.7,1451,12.7,상주
2024-11-12,16.1,19.7,1118,16.7,신안
2024-11-12,17.5,20.9,1259,-99.0,제주
2024-11-12,13.1,21.7,1445,13.7,창녕(밀양)
2024-11-12,9.7,17.0,1358,8.5,평창
2024-11-12,12.2,19.4,1355,11.7,포천(동두천)
2024-11-12,13.2,19.9,1302,14.1,해남
2024-11-13,11.5,21.0,1422,14.1,논산(부여)
2024-11-13,15.5,22.6,1409,15.0,무안(목포)
2024-11-13,11.6,19.7,1446,11.8,상주
2024-11-13,16.0,19.2,1602,18.5,신안
2024-11-13,17.5,22.9,1448,-99.0,제주
2024-11-13,12.7,21.5,1419,12.2,창녕(밀양)
2024-11-13,8.0,13.0,1305,8.8,평창
2024-11-13,11.7,21.3,1257,10.5,포천(동두천)
2024-11-13,14.0,22.0,1245,14.0,해남
2024-11-14,13.0,19.1,1244,13.6,논산(부여)
2024-11-14,16.6,20.9,1523,15.5,무안(목포)
2024-11-14,12.0,18.3,1340,13.3,상주
2024-11-14,17.6,21.4,1453,20.6,신안
2024-11-14,18.7,23.5,1307,-99.0,제주
2024-11-14,13.4,19.5,1317,13.4,창녕(밀양)
2024-11-14,8.0,13.9,1115,7.9,평창
2024-11-14,13.3,16.7,1022,12.7,포천(동두천)
2024-11-14,16.6,21.4,1358,16.2,해남
2024-11-15,14.7,20.7,1500,16.7,논산(부여)
2024-11-15,17.3,20.6,1405,17.0,무안(목포)
2024-11-15,12.9,17.7,1422,14.0,상주
2024-11-15,17.3,20.1,1246,18.1,신안
2024-11-15,18.2,20.2,1234,-99.0,제주
2024-11-15,14.7,19.8,1530,14.7,창녕(밀양)
2024-11-15,9.9,14.6,1210,10.7,평창
2024-11-15,15.5,21.4,1441,15.1,포천(동두천)
2024-11-15,17.1,20.4,1337,16.9,해남
2024-11-16,16.2,23.0,1417,18.1,논산(부여)
2024-11-16,17.5,22.6,1416,16.9,무안(목포)
2024-11-16,15.2,21.6,1504,14.7,상주
2024-11-16,17.7,23.4,1358,19.0,신안
2024-11-16,20.4,23.6,1144,-99.0,제주
2024-11-16,16.1,23.5,1409,16.3,창녕(밀양)
2024-11-16,12.8,18.0,1301,11.8,평창
2024-11-16,15.7,22.5,1217,15.0,포천(동두천)
2024-11-16,18.6,23.4,1430,17.7,해남
2024-11-17,9.9,15.4,152,11.2,논산(부여)
2024-11-17,12.4,16.9,1,12.2,무안(목포)
2024-11-17,10.3,17.2,1,11.3,상주
2024-11-17,12.2,16.5,40,12.9,신안
2024-11-17,15.8,19.3,1,-99.0,제주
2024-11-17,12.8,17.5,1001,11.5,창녕(밀양)
2024-11-17,5.7,12.1,1,8.1,평창
2024-11-17,6.6,13.1,1,8.5,포천(동두천)
2024-11-17,12.7,17.4,4,14.6,해남
2024-11-18,3.8,9.0,1444,8.1,논산(부여)
2024-11-18,6.0,9.4,1,7.6,무안(목포)
2024-11-18,3.2,9.2,1427,4.7,상주
2024-11-18,8.5,9.9,145,10.3,신안
2024-11-18,9.9,12.4,1516,-99.0,제주
2024-11-18,6.4,10.8,1437,7.1,창녕(밀양)
2024-11-18,-2.3,1.6,1313,2.0,평창
2024-11-18,1.9,7.5,1404,2.4,포천(동두천)
2024-11-18,5.5,10.6,1417,10.2,해남
2024-11-19,4.0,12.3,1349,6.8,논산(부여)
2024-11-19,7.7,12.2,1238,8.9,무안(목포)
2024-11-19,3.5,11.4,1416,1.3,상주
2024-11-19,9.8,12.9,1143,10.5,신안
2024-11-19,12.8,16.0,1314,14.2,제주
2024-11-19,7.9,13.8,1434,8.2,창녕(밀양)
2024-11-19,0.1,5.6,1351,1.0,평창
2024-11-19,3.0,12.0,1508,3.4,포천(동두천)
2024-11-19,7.5,15.4,1429,10.8,해남
2024-11-20,5.6,12.6,1506,7.7,논산(부여)
2024-11-20,9.8,12.8,1433,10.3,무안(목포)
2024-11-20,7.5,13.4,1242,-6.4,상주
2024-11-20,11.3,14.0,1213,11.3,신안
2024-11-20,12.7,14.1,1,13.6,제주
2024-11-20,7.8,15.5,1328,8.4,창녕(밀양)
2024-11-20,2.9,8.4,1227,2.4,평창
2024-11-20,4.1,9.8,1300,4.6,포천(동두천)
2024-11-20,10.6,14.6,1404,12.9,해남
2024-11-21,8.4,16.0,1531,10.1,논산(부여)
2024-11-21,11.2,15.1,1241,10.4,무안(목포)
2024-11-21,9.3,14.2,1254,-99.0,상주
2024-11-21,12.9,16.5,1318,13.1,신안
2024-11-21,14.6,18.2,1400,13.8,제주
2024-11-21,8.0,16.7,1321,7.9,창녕(밀양)
2024-11-21,3.4,7.5,1446,2.9,평창
2024-11-21,8.5,14.5,1345,8.2,포천(동두천)
2024-11-21,8.5,15.4,1253,10.4,해남
2024-11-22,6.3,13.5,1355,9.7,논산(부여)
2024-11-22,10.4,12.5,1037,10.5,무안(목포)
2024-11-22,7.7,12.5,1411,7.1,상주
2024-11-22,11.5,13.6,257,13.8,신안
2024-11-22,13.4,16.4,1110,12.5,제주
2024-11-22,7.2,15.5,1431,7.5,창녕(밀양)
2024-11-22,1.6,5.9,1133,2.6,평창
2024-11-22,5.3,11.2,1340,4.2,포천(동두천)
2024-11-22,9.5,14.0,1110,11.2,해남
2024-11-23,4.2,12.7,1409,7.7,논산(부여)
2024-11-23,7.4,11.0,1420,7.9,무안(목포)
2024-11-23,4.1,12.3,1423,5.4,상주
2024-11-23,9.9,12.3,1250,10.7,신안
2024-11-23,11.3,12.6,1415,11.7,제주
2024-11-23,7.5,15.0,1355,6.8,창녕(밀양)
2024-11-23,-0.6,3.0,1121,1.8,평창
2024-11-23,4.0,12.9,1413,3.1,포천(동두천)
2024-11-23,5.6,12.5,1313,9.9,해남
2024-11-24,4.8,14.1,1417,8.3,논산(부여)
2024-11-24,9.5,14.0,1446,10.1,무안(목포)
2024-11-24,5.2,13.0,1441,5.9,상주
2024-11-24,11.8,13.9,1129,14.1,신안
2024-11-24,11.8,14.8,1626,12.1,제주
2024-11-24,8.4,15.9,1431,9.1,창녕(밀양)
2024-11-24,-0.4,8.6,1430,2.0,평창
2024-11-24,4.4,13.3,1430,3.5,포천(동두천)
2024-11-24,8.3,16.4,1511,10.7,해남
2024-11-25,9.4,17.5,1456,10.6,논산(부여)
2024-11-25,12.9,16.7,1306,11.6,무안(목포)
2024-11-25,7.6,14.0,1404,6.9,상주
2024-11-25,14.2,17.2,1154,14.1,신안
2024-11-25,15.7,17.9,1016,13.1,제주
2024-11-25,9.2,16.4,1254,8.6,창녕(밀양)
2024-11-25,2.9,11.5,1408,2.2,평창
2024-11-25,8.3,16.0,1403,5.8,포천(동두천)
2024-11-25,13.6,17.0,1158,12.2,해남
2024-11-26,8.4,12.1,1111,9.3,논산(부여)
2024-11-26,9.8,15.5,201,10.1,무안(목포)
2024-11-26,7.7,10.6,803,8.2,상주
2024-11-26,9.2,14.8,37,9.9,신안
2024-11-26,12.4,17.9,119,12.1,제주
2024-11-26,10.1,14.2,1153,9.6,창녕(밀양)
2024-11-26,2.2,7.0,103,3.2,평창
2024-11-26,5.1,12.4,57,7.4,포천(동두천)
2024-11-26,10.3,16.0,103,12.1,해남
2024-11-27,4.9,7.8,1140,5.3,논산(부여)
2024-11-27,6.1,8.3,1204,5.3,무안(목포)
2024-11-27,2.0,5.4,12,4.7,상주
2024-11-27,6.1,8.6,1132,5.6,신안
2024-11-27,9.3,11.1,459,8.9,제주
2024-11-27,5.8,8.4,1507,5.5,창녕(밀양)
2024-11-27,-4.8,-1.8,1,0.5,평창
2024-11-27,-1.3,0.8,3,2.5,포천(동두천)
2024-11-27,5.8,8.0,6,8.2,해남
2024-11-28,4.8,10.2,1118,5.5,논산(부여)
2024-11-28,7.7,10.6,1143,6.1,무안(목포)
2024-11-28,3.2,8.6,1217,4.6,상주
2024-11-28,7.7,11.8,1150,7.4,신안
2024-11-28,9.7,10.8,1529,8.6,제주
2024-11-28,5.4,10.3,1418,5.2,창녕(밀양)
2024-11-28,-4.2,-2.6,1102,0.6,평창
2024-11-28,-0.4,3.9,1558,2.6,포천(동두천)
2024-11-28,7.1,11.2,1305,7.7,해남
2024-11-29,2.5,4.4,1456,6.2,논산(부여)
2024-11-29,8.6,11.1,2317,5.9,무안(목포)
2024-11-29,2.7,6.5,1318,4.4,상주
2024-11-29,9.0,11.4,2359,8.7,신안
2024-11-29,10.4,12.5,2348,8.2,제주
2024-11-29,5.3,8.9,1351,5.9,창녕(밀양)
2024-11-29,-5.1,-1.7,1312,0.3,평창
2024-11-29,-1.7,2.4,1312,0.2,포천(동두천)
2024-11-29,8.2,10.7,2352,7.5,해남
2024-11-30,2.6,10.3,1544,5.5,논산(부여)
2024-11-30,9.4,12.7,1424,8.2,무안(목포)
2024-11-30,5.6,9.8,1407,4.4,상주
2024-11-30,11.1,14.9,1338,13.3,신안
2024-11-30,12.1,15.3,1440,10.3,제주
2024-11-30,6.0,14.1,1430,5.8,창녕(밀양)
2024-11-30,-0.4,3.1,1311,0.5,평창
2024-11-30,1.3,7.9,1347,1.8,포천(동두천)
2024-11-30,8.0,13.4,1337,9.2,해남
2024-12-01,5.2,11.5,1506,7.0,논산(부여)
2024-12-01,9.8,14.4,1329,8.4,무안(목포)
2024-12-01,7.5,14.3,1411,6.8,상주
2024-12-01,11.7,15.9,1059,11.5,신안
2024-12-01,12.7,17.8,1158,10.1,제주
2024-12-01,6.9,15.3,1428,6.5,창녕(밀양)
2024-12-01,2.6,7.0,1326,1.9,평창
2024-12-01,4.8,10.0,1603,5.0,포천(동두천)
2024-12-01,7.5,15.9,1152,8.2,해남
2024-12-02,6.9,16.6,1345,8.5,논산(부여)
2024-12-02,10.9,17.1,1211,9.8,무안(목포)
2024-12-02,7.9,16.7,1506,7.6,상주
2024-12-02,12.7,17.6,1104,13.4,신안
2024-12-02,15.3,19.8,1405,12.1,제주
2024-12-02,8.8,18.3,1415,7.6,창녕(밀양)
2024-12-02,5.0,7.9,1120,3.2,평창
2024-12-02,6.3,13.5,1411,5.9,포천(동두천)
2024-12-02,10.1,18.1,1218,9.9,해남
2024-12-03,1.5,7.3,1349,4.8,논산(부여)
2024-12-03,5.6,8.0,1227,6.0,무안(목포)
2024-12-03,3.3,7.5,1408,4.3,상주
2024-12-03,7.2,9.6,1113,7.8,신안
2024-12-03,9.8,12.6,1,10.5,제주
2024-12-03,7.1,12.3,1403,6.0,창녕(밀양)
2024-12-03,-2.3,1.7,1228,-0.6,평창
2024-12-03,-0.1,5.3,1352,0.5,포천(동두천)
2024-12-03,6.0,9.9,1302,8.3,해남
2024-12-04,3.1,9.0,1411,7.1,논산(부여)
2024-12-04,5.4,8.9,1032,6.1,무안(목포)
2024-12-04,3.9,8.2,1300,3.7,상주
2024-12-04,8.6,11.2,1421,10.9,신안
2024-12-04,9.3,12.5,1302,8.4,제주
2024-12-04,4.0,10.7,1403,3.8,창녕(밀양)
2024-12-04,-2.9,0.4,1232,-2.0,평창
2024-12-04,0.0,6.7,1420,0.7,포천(동두천)
2024-12-04,4.0,10.6,1401,6.8,해남
2024-12-05,4.0,11.3,1345,6.2,논산(부여)
2024-12-05,9.0,10.2,1204,7.7,무안(목포)
2024-12-05,5.3,9.6,1356,4.3,상주
2024-12-05,9.5,11.5,1223,10.8,신안
2024-12-05,11.3,13.2,1202,9.9,제주
2024-12-05,4.9,11.1,1412,4.0,창녕(밀양)
2024-12-05,-2.0,1.2,1416,-2.1,평창
2024-12-05,1.3,8.7,1332,0.7,포천(동두천)
2024-12-05,6.8,11.8,1215,7.2,해남
2024-12-06,3.4,9.4,1332,5.2,논산(부여)
2024-12-06,7.6,10.5,1114,7.7,무안(목포)
2024-12-06,4.3,8.6,1348,3.9,상주
2024-12-06,8.9,12.2,1150,9.0,신안
2024-12-06,11.2,13.2,1225,10.4,제주
2024-12-06,4.3,10.5,1434,3.5,창녕(밀양)
2024-12-06,-2.8,0.8,1224,-2.2,평창
2024-12-06,0.8,5.4,1345,-0.3,포천(동두천)
2024-12-06,7.3,11.5,1243,7.4,해남
2024-12-07,1.0,6.1,1413,2.2,논산(부여)
2024-12-07,4.1,8.0,1032,5.2,무안(목포)
2024-12-07,1.9,6.4,1435,1.7,상주
2024-12-07,6.1,10.1,932,6.7,신안
2024-12-07,9.2,12.9,1238,9.5,제주
2024-12-07,2.8,8.3,1447,1.6,창녕(밀양)
2024-12-07,-5.3,-1.0,1413,-3.3,평창
2024-12-07,-2.2,4.1,1424,-2.0,포천(동두천)
2024-12-07,3.1,9.9,1130,5.5,해남
2024-12-08,-0.3,5.8,1354,2.7,논산(부여)
2024-12-08,3.9,5.6,649,5.1,무안(목포)
2024-12-08,0.5,4.5,1414,1.1,상주
2024-12-08,6.6,7.7,1313,5.9,신안
2024-12-08,7.7,8.5,3,6.8,제주
2024-12-08,2.6,7.8,1425,1.5,창녕(밀양)
2024-12-08,-6.4,-0.9,1331,-3.6,평창
2024-12-08,-2.4,4.4,1412,-2.3,포천(동두천)
2024-12-08,3.2,7.5,1314,6.2,해남
2024-12-09,0.9,5.2,1508,3.3,논산(부여)
2024-12-09,4.9,8.6,1346,6.0,무안(목포)
2024-12-09,2.2,8.0,1319,1.2,상주
2024-12-09,7.4,9.6,1351,8.2,신안
2024-12-09,9.1,10.8,1244,8.4,제주
2024-12-09,2.6,9.4,1415,1.8,창녕(밀양)
2024-12-09,-5.3,2.5,1401,-3.6,평창
2024-12-09,-1.9,6.4,1456,-1.8,포천(동두천)
2024-12-09,3.1,9.2,1447,6.6,해남
2024-12-10,3.1,9.2,1341,5.2,논산(부여)
2024-12-10,6.1,8.4,1423,5.7,무안(목포)
2024-12-10,3.7,9.6,1420,1.9,상주
2024-12-10,8.1,11.4,1126,8.2,신안
2024-12-10,9.8,13.1,1424,9.6,제주
2024-12-10,2.7,10.7,1435,2.0,창녕(밀양)
2024-12-10,-3.2,3.4,1308,-3.1,평창
2024-12-10,-0.6,7.1,1329,-1.3,포천(동두천)
2024-12-10,4.3,10.1,1332,6.6,해남
2024-12-11,1.9,9.2,1507,4.3,논산(부여)
2024-12-11,5.8,8.2,1435,6.1,무안(목포)
2024-12-11,4.1,9.6,1514,2.8,상주
2024-12-11,8.2,10.6,1216,9.0,신안
2024-12-11,9.4,12.0,1534,9.3,제주
2024-12-11,3.7,12.2,1358,2.7,창녕(밀양)
2024-12-11,-2.4,2.0,1055,-1.3,평창
2024-12-11,0.8,6.7,1536,0.2,포천(동두천)
2024-12-11,6.0,10.3,1356,7.0,해남
2024-12-12,0.0,7.2,1407,2.0,논산(부여)
2024-12-12,4.2,6.8,1312,4.0,무안(목포)
2024-12-12,2.2,6.8,1413,1.5,상주
2024-12-12,6.5,8.6,1149,6.5,신안
2024-12-12,8.6,11.5,1446,9.9,제주
2024-12-12,2.7,10.3,1352,1.7,창녕(밀양)
2024-12-12,-2.7,2.8,1354,-1.2,평창
2024-12-12,-1.4,4.9,1400,-1.6,포천(동두천)
2024-12-12,4.5,8.8,1339,5.7,해남
2024-12-13,-0.8,3.9,1222,1.2,논산(부여)
2024-12-13,3.0,7.7,1339,3.9,무안(목포)
2024-12-13,1.9,7.3,1223,1.5,상주
2024-12-13,5.9,8.6,1314,5.6,신안
2024-12-13,7.7,10.3,1318,7.5,제주
2024-12-13,2.6,8.6,1431,1.5,창녕(밀양)
2024-12-13,-4.0,1.5,1356,-3.1,평창
2024-12-13,-0.8,5.1,1531,-0.8,포천(동두천)
2024-12-13,2.9,9.3,1355,5.5,해남
2024-12-14,-1.0,5.3,1413,0.7,논산(부여)
2024-12-14,3.5,5.7,1147,3.5,무안(목포)
2024-12-14,0.4,4.3,1329,0.2,상주
2024-12-14,5.2,6.4,1342,4.9,신안
2024-12-14,6.9,8.3,1036,6.5,제주
2024-12-14,1.8,7.3,1422,0.8,창녕(밀양)
2024-12-14,-6.9,-2.1,1318,-4.9,평창
2024-12-14,-3.1,2.5,1425,-2.6,포천(동두천)
2024-12-14,2.3,6.8,1252,4.5,해남
2024-12-15,1.4,4.3,1559,2.4,논산(부여)
2024-12-15,5.7,7.4,1310,4.1,무안(목포)
2024-12-15,1.7,4.0,1116,1.7,상주
2024-12-15,6.5,8.3,1317,6.4,신안
2024-12-15,8.6,9.6,1301,7.4,제주
2024-12-15,2.4,8.7,1332,1.2,창녕(밀양)
2024-12-15,-4.6,-1.3,1222,-3.9,평창
2024-12-15,-1.2,6.2,1258,-1.4,포천(동두천)
2024-12-15,5.3,8.3,1210,4.8,해남
2024-12-16,2.1,6.8,1437,4.1,논산(부여)
2024-12-16,5.8,8.6,1456,6.3,무안(목포)
2024-12-16,2.4,6.8,1437,1.4,상주
2024-12-16,7.3,10.2,1206,7.9,신안
2024-12-16,9.3,10.7,1301,8.2,제주
2024-12-16,2.5,9.1,1459,1.4,창녕(밀양)
2024-12-16,-5.3,-1.9,1453,-3.9,평창
2024-12-16,-3.0,2.6,1242,-2.7,포천(동두천)
2024-12-16,4.0,9.3,1255,6.6,해남
2024-12-17,1.2,6.7,1506,3.3,논산(부여)
2024-12-17,5.2,7.9,1200,5.8,무안(목포)
2024-12-17,1.6,6.8,1404,1.5,상주
2024-12-17,6.7,9.3,1045,8.4,신안
2024-12-17,9.6,13.0,1251,8.5,제주
2024-12-17,2.9,8.9,1505,2.3,창녕(밀양)
2024-12-17,-5.8,-1.8,1239,-4.5,평창
2024-12-17,-3.1,3.2,1450,-3.3,포천(동두천)
2024-12-17,2.6,9.9,1241,5.1,해남
2024-12-18,-1.6,2.6,1340,2.4,논산(부여)
2024-12-18,1.6,3.5,3,3.8,무안(목포)
2024-12-18,-1.5,2.1,1456,-0.7,상주
2024-12-18,4.1,5.7,34,3.5,신안
2024-12-18,6.4,8.9,1,5.4,제주
2024-12-18,0.1,5.7,1421,0.1,창녕(밀양)
2024-12-18,-7.9,-1.5,1318,-4.6,평창
2024-12-18,-5.9,0.2,1435,-4.5,포천(동두천)
2024-12-18,2.2,4.9,1418,4.9,해남
2024-12-19,-3.0,5.0,1449,1.2,논산(부여)
2024-12-19,0.1,3.5,1444,1.3,무안(목포)
2024-12-19,-1.4,5.5,1504,-1.2,상주
2024-12-19,4.5,7.4,1145,6.0,신안
2024-12-19,5.6,9.0,1339,6.6,제주
2024-12-19,0.1,8.2,1516,-0.1,창녕(밀양)
2024-12-19,-6.2,3.0,1504,-4.3,평창
2024-12-19,-4.4,3.7,1455,-4.1,포천(동두천)
2024-12-19,0.0,5.7,1438,3.3,해남
2024-12-20,-1.1,2.7,1605,0.0,논산(부여)
2024-12-20,2.9,7.3,1545,2.9,무안(목포)
2024-12-20,0.1,6.4,1320,-0.1,상주
2024-12-20,7.0,9.5,1206,6.2,신안
2024-12-20,7.1,9.6,1350,6.0,제주
2024-12-20,1.3,9.5,1330,0.6,창녕(밀양)
2024-12-20,-3.8,0.2,1311,-3.8,평창
2024-12-20,-1.2,3.2,1439,-1.7,포천(동두천)
2024-12-20,0.9,8.8,1533,2.5,해남
2024-12-21,0.4,2.9,1022,1.3,논산(부여)
2024-12-21,4.2,7.2,309,3.9,무안(목포)
2024-12-21,0.0,3.5,1259,1.2,상주
2024-12-21,4.7,7.7,145,4.6,신안
2024-12-21,7.3,9.9,407,5.8,제주
2024-12-21,1.3,6.8,1025,0.7,창녕(밀양)
2024-12-21,-5.3,-2.6,1058,-1.6,평창
2024-12-21,-2.6,-0.3,19,-0.5,포천(동두천)
2024-12-21,4.2,6.7,1228,4.1,해남
2024-12-22,-2.1,3.3,1452,1.7,논산(부여)
2024-12-22,1.7,3.2,1547,2.6,무안(목포)
2024-12-22,-2.6,1.2,1450,-1.7,상주
2024-12-22,4.5,5.4,1334,4.3,신안
2024-12-22,5.4,5.9,41,4.8,제주
2024-12-22,-0.2,5.4,1338,-0.8,창녕(밀양)
2024-12-22,-10.0,-6.5,1444,-2.3,평창
2024-12-22,-5.7,0.0,1530,-1.0,포천(동두천)
2024-12-22,1.7,5.2,1356,4.5,해남
2024-12-23,-1.9,6.6,1614,0.0,논산(부여)
2024-12-23,3.7,7.9,1434,3.4,무안(목포)
2024-12-23,1.3,7.1,1339,-0.9,상주
2024-12-23,6.8,10.0,1151,8.9,신안
2024-12-23,7.6,9.8,1431,6.8,제주
2024-12-23,1.4,9.0,1402,-0.5,창녕(밀양)
2024-12-23,-6.2,-1.2,1325,-2.7,평창
2024-12-23,-3.7,4.7,1423,-1.3,포천(동두천)
2024-12-23,1.5,9.6,1338,3.2,해남
2024-12-24,-0.7,6.4,1456,2.0,논산(부여)
2024-12-24,4.4,6.9,1310,4.7,무안(목포)
2024-12-24,0.7,5.9,1430,-0.6,상주
2024-12-24,6.2,8.6,1124,6.6,신안
2024-12-24,8.1,11.3,1417,8.4,제주
2024-12-24,0.5,9.5,1454,0.1,창녕(밀양)
2024-12-24,-6.2,0.7,1439,-2.8,평창
2024-12-24,-3.6,3.0,1428,-1.5,포천(동두천)
2024-12-24,3.7,8.7,1422,5.3,해남
2024-12-25,2.0,8.7,1354,3.2,논산(부여)
2024-12-25,4.1,8.7,1527,3.9,무안(목포)
2024-12-25,1.4,6.7,1343,0.3,상주
2024-12-25,7.2,10.4,1229,7.4,신안
2024-12-25,8.9,12.5,1254,9.1,제주
2024-12-25,2.3,10.0,1519,1.4,창녕(밀양)
2024-12-25,-4.1,-1.8,1521,-2.2,평창
2024-12-25,-0.6,5.4,1358,-0.9,포천(동두천)
2024-12-25,1.8,9.1,1245,2.9,해남
2024-12-26,1.5,6.1,1217,3.1,논산(부여)
2024-12-26,4.8,7.4,1004,4.6,무안(목포)
2024-12-26,2.8,5.8,1258,1.6,상주
2024-12-26,5.9,9.1,115,6.5,신안
2024-12-26,8.7,11.3,1206,9.5,제주
2024-12-26,2.9,10.1,1354,0.4,창녕(밀양)
2024-12-26,-4.0,-0.9,1347,-1.9,평창
2024-12-26,-1.7,2.2,352,-0.9,포천(동두천)
2024-12-26,4.6,8.7,1232,4.6,해남
2024-12-27,-0.3,3.3,1526,2.6,논산(부여)
2024-12-27,3.2,4.8,1512,5.2,무안(목포)
2024-12-27,-1.5,2.2,1315,-1.2,상주
2024-12-27,4.9,7.1,1427,6.2,신안
2024-12-27,6.8,8.2,1403,8.0,제주
2024-12-27,0.1,5.8,1436,-0.6,창녕(밀양)
2024-12-27,-8.7,-4.5,1418,-4.0,평창
2024-12-27,-4.8,1.6,1435,-2.3,포천(동두천)
2024-12-27,3.9,6.1,1255,4.6,해남
2024-12-28,-1.1,1.4,1517,1.4,논산(부여)
2024-12-28,1.0,3.7,1,2.3,무안(목포)
2024-12-28,-2.1,1.5,1332,-0.9,상주
2024-12-28,2.7,4.7,1233,1.8,신안
2024-12-28,5.7,6.9,19,5.6,제주
2024-12-28,0.3,4.5,1417,-0.2,창녕(밀양)
2024-12-28,-9.3,-5.9,1517,-4.7,평창
2024-12-28,-4.7,0.6,1454,-2.7,포천(동두천)
2024-12-28,1.9,5.3,1534,3.7,해남
2024-12-29,1.7,7.4,1518,3.4,논산(부여)
2024-12-29,5.1,8.5,1354,4.8,무안(목포)
2024-12-29,0.8,6.1,1506,-0.3,상주
2024-12-29,6.4,10.3,1357,6.4,신안
2024-12-29,8.2,11.5,1451,10.1,제주
2024-12-29,0.4,8.7,1414,-0.2,창녕(밀양)
2024-12-29,-4.9,-1.5,1412,-3.9,평창
2024-12-29,-2.4,4.6,1354,-2.2,포천(동두천)
2024-12-29,3.4,9.3,1441,4.9,해남
2024-12-30,4.6,11.2,1432,4.1,논산(부여)
2024-12-30,7.3,12.0,1338,6.4,무안(목포)
2024-12-30,3.0,8.9,1536,1.2,상주
2024-12-30,9.4,12.9,1229,9.9,신안
2024-12-30,10.1,14.5,1440,9.8,제주
2024-12-30,3.8,12.0,1530,2.4,창녕(밀양)
2024-12-30,0.3,2.2,1349,-1.3,평창
2024-12-30,3.7,10.4,1335,0.3,포천(동두천)
2024-12-30,5.3,12.9,1212,5.9,해남
2024-12-31,1.8,6.6,1503,3.3,논산(부여)
2024-12-31,4.1,7.5,217,3.9,무안(목포)
2024-12-31,2.8,6.8,29,1.0,상주
2024-12-31,5.9,8.7,15,6.8,신안
2024-12-31,8.2,11.0,15,10.1,제주
2024-12-31,3.4,8.6,1344,1.5,창녕(밀양)
2024-12-31,-3.6,-0.5,1,-3.1,평창
2024-12-31,-0.8,4.2,1358,-0.9,포천(동두천)
2024-12-31,4.2,7.4,321,5.9,해남
2025-01-01,0.1,10.2,1453,2.6,논산(부여)
2025-01-01,4.1,9.1,1423,3.8,무안(목포)
2025-01-01,3.0,8.8,1420,0.6,상주
2025-01-01,7.4,10.8,1208,8.4,신안
2025-01-01,7.3,11.3,1326,8.2,제주
2025-01-01,0.1,9.8,1551,-0.3,창녕(밀양)
2025-01-01,-2.8,0.9,1406,-3.2,평창
2025-01-01,0.0,7.9,1435,-0.6,포천(동두천)
2025-01-01,1.4,10.1,1348,3.7,해남
2025-01-02,-0.4,8.4,1429,2.0,논산(부여)
2025-01-02,3.5,7.3,1339,3.6,무안(목포)
2025-01-02,1.8,8.4,1432,0.6,상주
2025-01-02,6.9,9.5,1230,7.8,신안
2025-01-02,8.6,12.2,1258,8.9,제주
2025-01-02,1.6,10.9,1402,0.5,창녕(밀양)
2025-01-02,-5.1,1.7,1343,-4.3,평창
2025-01-02,-1.5,5.8,1449,-1.8,포천(동두천)
2025-01-02,2.3,9.5,1416,4.3,해남
2025-01-03,-0.7,5.3,1501,2.3,논산(부여)
2025-01-03,3.0,4.5,2253,3.1,무안(목포)
2025-01-03,0.1,4.1,1410,-0.7,상주
2025-01-03,4.6,6.8,1130,6.7,신안
2025-01-03,6.3,8.6,1423,7.3,제주
2025-01-03,0.9,5.1,1409,0.2,창녕(밀양)
2025-01-03,-7.0,-3.0,1324,-5.6,평창
2025-01-03,-3.8,2.1,1329,-3.2,포천(동두천)
2025-01-03,1.8,5.8,1342,3.8,해남
2025-01-04,-1.4,5.6,1416,1.4,논산(부여)
2025-01-04,3.9,6.9,1349,4.3,무안(목포)
2025-01-04,0.1,5.8,1507,0.1,상주
2025-01-04,5.4,9.4,1437,6.6,신안
2025-01-04,6.7,10.3,1331,8.3,제주
2025-01-04,-0.5,7.8,1527,-0.3,창녕(밀양)
2025-01-04,-5.9,-0.7,1422,-4.9,평창
2025-01-04,-2.6,5.0,1445,-2.7,포천(동두천)
2025-01-04,2.0,7.6,1302,4.5,해남
2025-01-05,0.6,5.2,1455,1.0,논산(부여)
2025-01-05,4.5,8.2,1427,4.1,무안(목포)
2025-01-05,-3.1,-1.4,1619,-0.9,상주
2025-01-05,8.3,11.2,1311,7.7,신안
2025-01-05,8.1,12.1,1335,7.2,제주
2025-01-05,0.9,6.2,1509,0.0,창녕(밀양)
2025-01-05,-3.4,-1.1,1305,-3.4,평창
2025-01-05,-0.1,1.8,1526,-1.0,포천(동두천)
2025-01-05,3.1,9.0,1504,4.1,해남
2025-01-06,1.6,5.6,1117,3.1,논산(부여)
2025-01-06,4.1,6.5,1240,3.3,무안(목포)
2025-01-06,0.4,5.0,1517,-0.1,상주
2025-01-06,5.7,9.6,1,6.3,신안
2025-01-06,8.2,11.1,551,6.9,제주
2025-01-06,2.0,10.1,1256,0.0,창녕(밀양)
2025-01-06,-3.8,-1.0,1247,-1.6,평창
2025-01-06,-1.0,2.7,1326,-0.2,포천(동두천)
2025-01-06,3.1,7.5,1242,3.6,해남
2025-01-07,-2.2,2.0,1426,0.6,논산(부여)
2025-01-07,1.8,5.1,1540,2.1,무안(목포)
2025-01-07,-1.6,2.5,1353,-0.9,상주
2025-01-07,4.6,7.0,1114,4.3,신안
2025-01-07,6.5,7.7,1252,5.8,제주
2025-01-07,0.4,5.4,1351,-0.9,창녕(밀양)
2025-01-07,-9.4,-6.5,1355,-1.9,평창
2025-01-07,-5.2,0.0,1351,-0.5,포천(동두천)
2025-01-07,2.7,6.3,1551,3.2,해남
2025-01-08,-2.4,0.8,1452,0.8,논산(부여)
2025-01-08,3.4,8.2,1503,4.1,무안(목포)
2025-01-08,-1.7,1.2,1129,-1.0,상주
2025-01-08,5.3,9.9,1245,7.0,신안
2025-01-08,6.8,7.9,1028,6.1,제주
2025-01-08,0.5,7.5,1535,-0.6,창녕(밀양)
2025-01-08,-9.3,-6.0,1410,-3.3,평창
2025-01-08,-6.4,0.4,1441,-1.5,포천(동두천)
2025-01-08,3.3,9.0,1403,4.3,해남
2025-01-09,-8.3,-3.4,2,0.2,논산(부여)
2025-01-09,-3.7,-0.2,212,0.5,무안(목포)
2025-01-09,-8.3,-3.3,7,-3.5,상주
2025-01-09,-0.7,1.7,915,0.1,신안
2025-01-09,2.2,5.0,1233,2.4,제주
2025-01-09,-4.4,-0.5,1457,-2.6,창녕(밀양)
2025-01-09,-16.2,-11.9,1,-6.8,평창
2025-01-09,-11.3,-7.9,1327,-2.5,포천(동두천)
2025-01-09,-3.0,0.8,10,2.5,해남
2025-01-10,-7.4,-0.5,1500,-0.5,논산(부여)
2025-01-10,-4.2,-1.0,1556,1.9,무안(목포)
2025-01-10,-7.7,-2.4,1515,-4.6,상주
2025-01-10,1.4,2.7,1434,1.4,신안
2025-01-10,2.6,4.3,2257,2.2,제주
2025-01-10,-5.4,0.9,1439,-4.5,창녕(밀양)
2025-01-10,-15.9,-7.6,1440,-7.8,평창
2025-01-10,-10.9,-4.1,1619,-3.4,포천(동두천)
2025-01-10,-3.4,1.4,1504,2.6,해남
2025-01-11,-3.2,0.3,1318,0.2,논산(부여)
2025-01-11,-0.7,1.0,1413,2.0,무안(목포)
2025-01-11,-4.4,0.6,1249,-3.2,상주
2025-01-11,2.4,3.5,1227,2.0,신안
2025-01-11,4.7,5.8,1250,3.6,제주
2025-01-11,-2.4,4.0,1428,-2.5,창녕(밀양)
2025-01-11,-12.5,-3.5,1407,-6.7,평창
2025-01-11,-8.7,-1.2,1516,-3.4,포천(동두천)
2025-01-11,-1.3,3.5,1248,2.2,해남
2025-01-12,-2.7,3.8,1602,1.2,논산(부여)
2025-01-12,0.5,3.1,1431,2.2,무안(목포)
2025-01-12,-1.4,3.5,1342,-2.4,상주
2025-01-12,3.4,6.4,1409,4.0,신안
2025-01-12,5.4,7.3,1253,4.7,제주
2025-01-12,-1.8,4.9,1433,-2.4,창녕(밀양)
2025-01-12,-9.3,-2.0,1452,-6.0,평창
2025-01-12,-6.7,1.2,1448,-3.2,포천(동두천)
2025-01-12,-0.2,4.7,1450,2.2,해남
2025-01-13,-0.6,5.7,1433,1.9,논산(부여)
2025-01-13,2.9,7.7,1427,3.7,무안(목포)
2025-01-13,0.7,5.0,1302,-1.6,상주
2025-01-13,5.3,8.9,1528,5.1,신안
2025-01-13,6.8,10.0,1523,7.8,제주
2025-01-13,-1.3,7.5,1417,-1.6,창녕(밀양)
2025-01-13,-5.8,-2.8,1458,-4.5,평창
2025-01-13,-3.0,3.0,1336,-2.3,포천(동두천)
2025-01-13,0.1,7.9,1443,3.3,해남
2025-01-14,3.4,9.9,1303,3.3,논산(부여)
2025-01-14,4.9,10.0,1348,4.6,무안(목포)
2025-01-14,3.6,9.9,1356,0.3,상주
2025-01-14,8.0,11.9,1242,8.9,신안
2025-01-14,10.3,14.4,1451,9.6,제주
2025-01-14,2.4,12.3,1506,0.5,창녕(밀양)
2025-01-14,-2.4,0.4,1334,-1.8,평창
2025-01-14,-0.3,4.9,1423,-0.5,포천(동두천)
2025-01-14,4.2,11.9,1339,4.5,해남
2025-01-15,-1.6,2.8,1,2.2,논산(부여)
2025-01-15,1.3,3.3,314,2.4,무안(목포)
2025-01-15,-2.1,1.2,1,-1.3,상주
2025-01-15,2.6,5.9,1,3.8,신안
2025-01-15,4.8,8.2,1,6.1,제주
2025-01-15,0.3,4.1,1458,0.2,창녕(밀양)
2025-01-15,-9.5,-5.4,4,-3.5,평창
2025-01-15,-4.6,-0.6,1459,-2.3,포천(동두천)
2025-01-15,1.6,4.2,40,2.9,해남
2025-01-16,0.6,6.4,1441,3.2,논산(부여)
2025-01-16,2.3,6.3,1433,3.7,무안(목포)
2025-01-16,0.0,3.7,1554,-1.0,상주
2025-01-16,4.7,7.8,1231,4.7,신안
2025-01-16,6.2,8.0,1441,6.8,제주
2025-01-16,-0.7,7.2,1601,-0.9,창녕(밀양)
2025-01-16,-7.4,-4.0,1347,-3.9,평창
2025-01-16,-3.2,1.4,1307,-1.9,포천(동두천)
2025-01-16,1.8,8.0,1438,4.5,해남
2025-01-17,-0.3,6.6,1553,2.6,논산(부여)
2025-01-17,2.2,4.8,1337,3.9,무안(목포)
2025-01-17,1.1,7.6,1512,-0.6,상주
2025-01-17,4.4,6.9,1159,6.9,신안
2025-01-17,6.0,8.8,1526,8.6,제주
2025-01-17,0.2,8.6,1507,0.0,창녕(밀양)
2025-01-17,-7.6,1.7,1521,-5.0,평창
2025-01-17,-3.2,4.9,1501,-2.4,포천(동두천)
2025-01-17,1.9,7.3,1457,4.2,해남
2025-01-18,-1.3,7.8,1425,0.9,논산(부여)
2025-01-18,1.9,7.3,1519,3.3,무안(목포)
2025-01-18,2.1,11.0,1444,-0.7,상주
2025-01-18,4.7,7.8,1030,4.7,신안
2025-01-18,5.8,11.0,1601,5.7,제주
2025-01-18,1.0,11.4,1444,0.1,창녕(밀양)
2025-01-18,-3.6,4.4,1413,-4.3,평창
2025-01-18,-2.0,6.3,1427,-2.1,포천(동두천)
2025-01-18,0.0,9.3,1508,2.7,해남
2025-01-19,-0.3,8.9,1633,1.0,논산(부여)
2025-01-19,4.3,10.1,1617,3.1,무안(목포)
2025-01-19,0.9,8.9,1319,-0.6,상주
2025-01-19,7.6,12.0,1018,8.7,신안
2025-01-19,8.1,13.3,1342,7.5,제주
2025-01-19,1.2,11.8,1503,0.4,창녕(밀양)
2025-01-19,-2.7,2.5,1508,-3.2,평창
2025-01-19,1.6,8.2,1351,-0.8,포천(동두천)
2025-01-19,1.7,11.2,1306,3.1,해남
2025-01-20,0.4,8.9,1432,2.0,논산(부여)
2025-01-20,4.3,8.1,1437,5.6,무안(목포)
2025-01-20,1.2,7.8,1421,-0.2,상주
2025-01-20,6.5,8.8,1134,7.7,신안
2025-01-20,9.1,11.8,1236,9.1,제주
2025-01-20,1.4,10.7,1425,-0.1,창녕(밀양)
2025-01-20,-4.1,4.0,1321,-3.1,평창
2025-01-20,2.0,7.5,1348,0.7,포천(동두천)
2025-01-20,2.3,9.0,1345,3.8,해남
2025-01-21,-0.2,8.7,1452,2.0,논산(부여)
2025-01-21,3.8,7.9,1528,4.1,무안(목포)
2025-01-21,2.1,9.0,1449,0.2,상주
2025-01-21,6.0,10.2,1201,7.4,신안
2025-01-21,7.6,11.4,1449,8.7,제주
2025-01-21,2.0,11.3,1502,0.8,창녕(밀양)
2025-01-21,-3.8,3.9,1456,-2.9,평창
2025-01-21,-0.5,6.8,1502,0.2,포천(동두천)
2025-01-21,1.2,9.3,1356,3.8,해남
2025-01-22,1.6,9.3,1514,2.0,논산(부여)
2025-01-22,4.3,8.5,1519,4.5,무안(목포)
2025-01-22,1.9,9.1,1454,0.4,상주
2025-01-22,6.9,9.8,1349,6.3,신안
2025-01-22,8.1,12.9,1426,7.7,제주
2025-01-22,2.5,11.7,1558,1.4,창녕(밀양)
2025-01-22,-1.6,2.4,1338,-2.4,평창
2025-01-22,2.2,8.2,1436,1.1,포천(동두천)
2025-01-22,1.6,9.4,1454,2.4,해남
2025-01-23,1.4,10.4,1629,3.1,논산(부여)
2025-01-23,3.8,8.8,1427,4.5,무안(목포)
2025-01-23,3.5,11.3,1456,1.3,상주
2025-01-23,5.8,8.1,1336,7.3,신안
2025-01-23,9.0,14.4,1322,8.8,제주
2025-01-23,3.7,13.5,1522,2.2,창녕(밀양)
2025-01-23,-4.3,4.8,1456,-3.3,평창
2025-01-23,-0.8,6.9,1554,-0.1,포천(동두천)
2025-01-23,2.2,11.7,1437,5.3,해남
2025-01-24,1.1,10.6,1552,1.8,논산(부여)
2025-01-24,4.1,9.5,1449,5.0,무안(목포)
2025-01-24,0.7,10.0,1516,-0.3,상주
2025-01-24,6.2,8.4,1405,7.2,신안
2025-01-24,9.7,13.3,1146,9.8,제주
2025-01-24,3.1,13.3,1504,2.2,창녕(밀양)
2025-01-24,-4.6,2.2,1342,-2.7,평창
2025-01-24,0.0,9.5,1457,-0.5,포천(동두천)
2025-01-24,2.3,13.0,1345,5.1,해남
2025-01-25,4.9,11.9,1417,3.0,논산(부여)
2025-01-25,4.8,10.6,1357,5.5,무안(목포)
2025-01-25,2.5,10.6,1447,1.9,상주
2025-01-25,6.8,9.9,1514,8.7,신안
2025-01-25,9.7,12.0,1154,8.4,제주
2025-01-25,4.4,9.4,1524,1.9,창녕(밀양)
2025-01-25,-2.7,-1.7,217,-1.2,평창
2025-01-25,2.3,10.8,1442,0.3,포천(동두천)
2025-01-25,3.9,12.9,1459,5.9,해남
2025-01-26,4.3,8.0,1512,2.8,논산(부여)
2025-01-26,5.2,7.9,1537,4.2,무안(목포)
2025-01-26,3.3,8.5,1242,2.5,상주
2025-01-26,6.2,9.4,1328,6.1,신안
2025-01-26,8.0,8.7,1,7.9,제주
2025-01-26,4.8,8.1,1337,3.1,창녕(밀양)
2025-01-26,-3.6,-1.5,1527,-1.3,평창
2025-01-26,2.3,6.9,1346,0.1,포천(동두천)
2025-01-26,4.2,8.8,1433,4.2,해남
2025-01-27,0.3,3.4,1,3.3,논산(부여)
2025-01-27,1.3,4.8,144,3.1,무안(목포)
2025-01-27,-0.4,3.0,1,2.2,상주
2025-01-27,1.8,4.8,234,2.7,신안
2025-01-27,4.6,8.3,1,5.0,제주
2025-01-27,2.3,6.8,1311,3.0,창녕(밀양)
2025-01-27,-5.7,0.2,1034,-1.4,평창
2025-01-27,-1.6,3.4,1,-0.2,포천(동두천)
2025-01-27,1.8,6.0,106,3.8,해남
2025-01-28,-1.4,1.1,1541,0.8,논산(부여)
2025-01-28,-0.5,2.0,1408,1.3,무안(목포)
2025-01-28,-1.8,0.5,1405,0.9,상주
2025-01-28,0.5,2.6,1355,0.8,신안
2025-01-28,3.1,5.2,1313,3.3,제주
2025-01-28,1.2,4.5,1427,0.3,창녕(밀양)
2025-01-28,-9.6,-8.4,131,-3.0,평창
2025-01-28,-5.7,-4.2,1,-0.2,포천(동두천)
2025-01-28,-0.1,2.0,1230,1.5,해남
2025-01-29,-3.9,0.2,1125,1.0,논산(부여)
2025-01-29,0.0,1.9,1155,0.8,무안(목포)
2025-01-29,-2.9,0.0,1446,0.9,상주
2025-01-29,1.1,4.0,1317,1.3,신안
2025-01-29,3.7,5.3,1436,3.5,제주
2025-01-29,0.6,4.8,1424,1.2,창녕(밀양)
2025-01-29,-10.6,-8.0,1319,-4.9,평창
2025-01-29,-6.4,-2.3,1438,-0.3,포천(동두천)
2025-01-29,-0.3,3.2,1304,1.9,해남
2025-01-30,-3.8,2.3,1545,1.2,논산(부여)
2025-01-30,2.4,7.3,1424,3.6,무안(목포)
2025-01-30,-1.8,3.0,1517,-0.8,상주
2025-01-30,5.2,10.8,1224,7.0,신안
2025-01-30,4.5,9.8,1454,5.4,제주
2025-01-30,-0.7,7.5,1613,0.1,창녕(밀양)
2025-01-30,-8.1,-4.0,1422,-5.6,평창
2025-01-30,-6.0,-0.3,1408,-0.7,포천(동두천)
2025-01-30,0.2,7.8,1422,3.1,해남
2025-01-31,-0.1,6.6,1528,0.9,논산(부여)
2025-01-31,4.2,8.2,1505,5.2,무안(목포)
2025-01-31,1.0,5.1,1507,1.5,상주
2025-01-31,7.0,9.7,1246,7.7,신안
2025-01-31,8.4,14.7,1359,7.1,제주
2025-01-31,2.6,9.6,1433,1.7,창녕(밀양)
2025-01-31,-3.7,-1.3,1239,-3.0,평창
2025-01-31,-2.6,-0.7,1656,-0.4,포천(동두천)
2025-01-31,3.7,8.9,1436,2.9,해남
2025-02-01,2.9,8.1,1601,3.0,논산(부여)
2025-02-01,4.8,6.1,1631,5.4,무안(목포)
2025-02-01,1.9,4.6,1504,2.6,상주
2025-02-01,5.9,7.1,1513,6.7,신안
2025-02-01,8.8,10.1,133,8.4,제주
2025-02-01,4.9,6.7,1649,3.0,창녕(밀양)
2025-02-01,-3.4,-1.7,1137,-1.3,평창
2025-02-01,-0.8,6.8,1518,-0.4,포천(동두천)
2025-02-01,5.8,6.7,1439,5.8,해남
2025-02-02,1.8,8.7,1500,3.6,논산(부여)
2025-02-02,3.9,5.9,1235,5.5,무안(목포)
2025-02-02,1.8,9.1,1416,2.1,상주
2025-02-02,5.6,7.9,1422,7.3,신안
2025-02-02,8.7,11.2,1236,9.5,제주
2025-02-02,4.3,10.8,1559,3.6,창녕(밀양)
2025-02-02,-3.9,3.7,1322,-0.9,평창
2025-02-02,0.0,7.1,1436,-0.8,포천(동두천)
2025-02-02,4.3,8.2,1430,6.4,해남
2025-02-03,-1.2,1.9,329,2.1,논산(부여)
2025-02-03,0.1,4.2,156,2.4,무안(목포)
2025-02-03,-1.8,1.7,1,0.7,상주
2025-02-03,2.1,5.2,16,3.2,신안
2025-02-03,4.6,7.5,357,5.9,제주
2025-02-03,1.2,4.9,1353,2.1,창녕(밀양)
2025-02-03,-8.3,-3.0,1,-4.3,평창
2025-02-03,-5.2,0.0,7,-1.4,포천(동두천)
2025-02-03,0.9,4.3,318,4.3,해남
2025-02-04,-5.4,-2.4,1300,-1.4,논산(부여)
2025-02-04,-2.6,-1.6,1726,0.2,무안(목포)
2025-02-04,-6.9,-3.0,1439,-1.7,상주
2025-02-04,-1.2,0.6,1158,-1.2,신안
2025-02-04,1.3,2.5,1543,1.9,제주
2025-02-04,-3.1,1.3,1456,-0.9,창녕(밀양)
2025-02-04,-14.5,-9.8,1510,-8.7,평창
2025-02-04,-10.3,-5.1,1503,-4.8,포천(동두천)
2025-02-04,-2.1,-0.3,1442,1.2,해남
2025-02-05,-6.2,-1.9,1334,-0.4,논산(부여)
2025-02-05,-3.2,0.6,1456,0.2,무안(목포)
2025-02-05,-6.4,-2.0,1457,-2.0,상주
2025-02-05,-0.5,3.8,1243,-0.8,신안
2025-02-05,2.6,4.2,1233,2.8,제주
2025-02-05,-4.0,1.9,1344,-2.5,창녕(밀양)
2025-02-05,-14.3,-9.9,1549,-9.6,평창
2025-02-05,-10.0,-3.1,1346,-5.7,포천(동두천)
2025-02-05,-2.9,1.6,1552,1.4,해남
2025-02-06,-4.6,1.3,1504,0.4,논산(부여)
2025-02-06,-1.7,1.9,1411,0.5,무안(목포)
2025-02-06,-4.6,0.3,1432,-2.1,상주
2025-02-06,1.5,5.0,1311,3.1,신안
2025-02-06,3.1,4.7,1513,2.9,제주
2025-02-06,-2.5,2.9,1528,-1.8,창녕(밀양)
2025-02-06,-11.7,-7.0,1339,-7.8,평창
2025-02-06,-8.2,-0.8,1304,-4.6,포천(동두천)
2025-02-06,-1.9,2.5,1423,3.8,해남
2025-02-07,-5.8,-0.7,732,0.3,논산(부여)
2025-02-07,-3.1,2.2,647,0.1,무안(목포)
2025-02-07,-6.5,-1.9,912,-1.3,상주
2025-02-07,-0.8,4.3,522,0.3,신안
2025-02-07,2.0,5.9,740,2.6,제주
2025-02-07,-4.0,2.1,1041,-2.8,창녕(밀양)
2025-02-07,-14.8,-11.4,918,-7.7,평창
2025-02-07,-9.3,-6.1,1428,-2.9,포천(동두천)
2025-02-07,-2.8,1.7,811,0.8,해남
2025-02-08,-6.2,-0.9,1540,-0.1,논산(부여)
2025-02-08,-3.5,-2.1,1941,0.0,무안(목포)
2025-02-08,-7.2,-2.5,1511,-2.5,상주
2025-02-08,-0.4,1.6,1236,0.9,신안
2025-02-08,0.9,2.2,1536,0.9,제주
2025-02-08,-4.5,2.1,1527,-2.4,창녕(밀양)
2025-02-08,-14.5,-7.4,1501,-7.9,평창
2025-02-08,-9.3,-2.8,1508,-4.6,포천(동두천)
2025-02-08,-2.8,-0.1,1616,0.9,해남
2025-02-09,-4.5,1.4,1631,0.7,논산(부여)
2025-02-09,-1.8,0.1,1528,0.1,무안(목포)
2025-02-09,-3.7,1.6,1424,-1.9,상주
2025-02-09,0.8,4.5,1337,0.9,신안
2025-02-09,2.8,4.2,1244,2.1,제주
2025-02-09,-3.1,4.5,1437,-1.3,창녕(밀양)
2025-02-09,-11.1,-4.5,1520,-7.1,평창
2025-02-09,-6.7,1.1,1452,-3.8,포천(동두천)
2025-02-09,-1.0,2.7,1255,3.6,해남
2025-02-10,-3.4,3.4,1516,-0.2,논산(부여)
2025-02-10,-0.4,2.3,1442,2.0,무안(목포)
2025-02-10,-2.4,3.1,1446,-1.2,상주
2025-02-10,1.8,5.4,1414,3.4,신안
2025-02-10,3.6,6.5,1524,4.1,제주
2025-02-10,-1.6,6.1,1552,-0.5,창녕(밀양)
2025-02-10,-8.3,-3.8,1337,-6.1,평창
2025-02-10,-5.1,3.5,1526,-2.5,포천(동두천)
2025-02-10,-0.6,5.0,1427,3.5,해남
2025-02-11,-0.9,8.4,1538,2.0,논산(부여)
2025-02-11,3.4,9.9,1539,4.7,무안(목포)
2025-02-11,-1.7,7.1,1447,-1.2,상주
2025-02-11,4.9,9.3,1223,5.5,신안
2025-02-11,6.4,11.7,1342,6.6,제주
2025-02-11,0.2,10.0,1528,0.6,창녕(밀양)
2025-02-11,-5.6,1.7,1507,-4.0,평창
2025-02-11,-1.8,6.6,1458,-1.8,포천(동두천)
2025-02-11,2.5,9.9,1243,3.7,해남
2025-02-12,1.0,4.7,1730,0.2,논산(부여)
2025-02-12,4.2,7.9,1352,4.5,무안(목포)
2025-02-12,-0.3,4.1,1908,-0.4,상주
2025-02-12,5.9,10.4,1226,6.1,신안
2025-02-12,9.4,13.3,824,8.9,제주
2025-02-12,1.1,4.7,2158,-1.2,창녕(밀양)
2025-02-12,-2.9,0.2,1306,-1.9,평창
2025-02-12,-1.2,0.8,1609,-0.3,포천(동두천)
2025-02-12,5.4,9.6,1342,4.8,해남
2025-02-13,-0.3,7.0,1442,2.5,논산(부여)
2025-02-13,2.1,5.3,1348,4.2,무안(목포)
2025-02-13,0.8,5.7,1533,-0.6,상주
2025-02-13,4.2,7.4,1336,6.1,신안
2025-02-13,4.8,8.0,1504,7.4,제주
2025-02-13,1.4,7.8,1537,-99.0,창녕(밀양)
2025-02-13,-5.5,-1.3,1421,-3.7,평창
2025-02-13,-1.4,5.3,1354,-1.0,포천(동두천)
2025-02-13,1.9,6.4,1431,4.2,해남
2025-02-14,1.2,10.2,1433,3.3,논산(부여)
2025-02-14,3.6,8.8,1427,4.7,무안(목포)
2025-02-14,3.6,10.1,1538,0.0,상주
2025-02-14,6.2,12.5,1258,6.8,신안
2025-02-14,6.2,10.8,1339,6.8,제주
2025-02-14,2.0,11.9,1552,-99.0,창녕(밀양)
2025-02-14,-1.3,5.1,1434,-1.1,평창
2025-02-14,1.6,10.4,1510,0.6,포천(동두천)
2025-02-14,2.3,10.5,1423,4.5,해남
2025-02-15,0.7,8.1,1553,2.1,논산(부여)
2025-02-15,3.6,6.6,1229,2.9,무안(목포)
2025-02-15,2.6,9.7,1506,0.1,상주
2025-02-15,5.7,9.0,1147,5.1,신안
2025-02-15,7.8,9.9,1331,7.5,제주
2025-02-15,2.3,8.6,1540,-99.0,창녕(밀양)
2025-02-15,-1.5,5.0,1432,-0.9,평창
2025-02-15,2.1,7.7,1541,0.8,포천(동두천)
2025-02-15,2.4,8.5,1306,3.3,해남
2025-02-16,3.5,10.9,1417,3.9,논산(부여)
2025-02-16,5.5,11.3,1450,5.1,무안(목포)
2025-02-16,4.5,12.6,1456,2.3,상주
2025-02-16,7.8,13.9,1220,8.6,신안
2025-02-16,9.2,13.4,1426,9.8,제주
2025-02-16,5.4,15.1,1614,-99.0,창녕(밀양)
2025-02-16,0.2,5.2,1415,-0.4,평창
2025-02-16,2.5,8.9,1346,1.2,포천(동두천)
2025-02-16,4.9,12.3,1414,7.2,해남
2025-02-17,1.3,6.4,1330,2.8,논산(부여)
2025-02-17,2.4,5.2,1321,2.7,무안(목포)
2025-02-17,0.9,6.4,1427,1.6,상주
2025-02-17,3.8,6.9,1234,5.5,신안
2025-02-17,5.6,7.7,1247,8.0,제주
2025-02-17,3.9,8.3,1515,-99.0,창녕(밀양)
2025-02-17,-5.1,-0.7,117,-1.9,평창
2025-02-17,-0.9,4.9,1429,0.4,포천(동두천)
2025-02-17,2.9,6.8,1353,4.0,해남
2025-02-18,-1.0,4.7,1404,1.1,논산(부여)
2025-02-18,1.1,2.8,1417,2.1,무안(목포)
2025-02-18,-1.4,3.4,1438,0.6,상주
2025-02-18,2.8,4.8,1210,4.9,신안
2025-02-18,4.1,6.2,1401,8.0,제주
2025-02-18,0.9,5.6,1458,-99.0,창녕(밀양)
2025-02-18,-7.7,-3.2,1514,-4.5,평창
2025-02-18,-3.0,3.2,1336,-0.5,포천(동두천)
2025-02-18,1.4,4.7,1441,4.8,해남
2025-02-19,-2.6,3.4,1354,1.6,논산(부여)
2025-02-19,0.4,2.2,1021,1.6,무안(목포)
2025-02-19,-2.0,3.5,1435,0.1,상주
2025-02-19,2.4,4.1,1201,3.9,신안
2025-02-19,4.2,6.7,1517,8.6,제주
2025-02-19,0.4,6.5,1453,0.5,창녕(밀양)
2025-02-19,-9.0,-2.7,1443,-4.8,평창
2025-02-19,-4.1,2.6,1409,-1.0,포천(동두천)
2025-02-19,1.0,3.9,1120,4.6,해남
2025-02-20,-2.8,4.0,1432,1.5,논산(부여)
2025-02-20,0.1,2.5,1231,1.5,무안(목포)
2025-02-20,-2.2,3.8,1407,-0.2,상주
2025-02-20,2.4,4.6,1152,3.8,신안
2025-02-20,3.7,6.8,1353,7.7,제주
2025-02-20,0.7,6.6,1619,0.4,창녕(밀양)
2025-02-20,-9.3,-2.6,1419,-5.0,평창
2025-02-20,-4.2,3.1,1426,-1.1,포천(동두천)
2025-02-20,0.2,5.1,1315,4.0,해남
2025-02-21,-2.2,4.3,1444,1.9,논산(부여)
2025-02-21,0.0,2.6,1404,2.3,무안(목포)
2025-02-21,-1.8,3.8,1521,-0.1,상주
2025-02-21,2.1,4.8,1254,4.3,신안
2025-02-21,3.7,6.5,1313,8.1,제주
2025-02-21,0.1,5.7,1522,0.9,창녕(밀양)
2025-02-21,-9.0,-2.3,1440,-4.8,평창
2025-02-21,-4.1,2.8,1535,-1.1,포천(동두천)
2025-02-21,0.7,4.4,1414,5.8,해남
2025-02-22,-1.7,4.4,1516,3.4,논산(부여)
2025-02-22,0.3,2.4,1338,1.8,무안(목포)
2025-02-22,-1.0,4.0,1507,0.4,상주
2025-02-22,2.2,5.3,1237,3.3,신안
2025-02-22,3.5,5.7,1226,5.7,제주
2025-02-22,0.0,6.4,1508,0.7,창녕(밀양)
2025-02-22,-7.5,-1.7,1448,-3.7,평창
2025-02-22,-3.7,3.2,1531,-0.8,포천(동두천)
2025-02-22,-0.2,4.6,1433,5.2,해남
2025-02-23,-3.1,1.9,1516,0.6,논산(부여)
2025-02-23,-0.7,1.6,1224,0.2,무안(목포)
2025-02-23,-2.8,2.0,1402,-0.2,상주
2025-02-23,1.2,3.4,1245,2.0,신안
2025-02-23,2.4,4.4,1259,4.7,제주
2025-02-23,-0.5,4.8,1447,-0.2,창녕(밀양)
2025-02-23,-9.1,-4.2,1533,-5.0,평창
2025-02-23,-4.6,1.8,1558,-1.1,포천(동두천)
2025-02-23,0.1,3.2,1130,3.6,해남
2025-02-24,-1.9,6.4,1419,2.4,논산(부여)
2025-02-24,0.6,3.2,1529,0.5,무안(목포)
2025-02-24,-0.8,5.8,1604,0.1,상주
2025-02-24,2.3,5.4,1258,3.4,신안
2025-02-24,3.4,6.3,1438,5.5,제주
2025-02-24,0.2,8.2,1529,0.4,창녕(밀양)
2025-02-24,-7.2,-1.2,1525,-3.8,평창
2025-02-24,-2.8,5.5,1533,-0.4,포천(동두천)
2025-02-24,0.7,5.3,1247,3.1,해남
2025-02-25,0.1,6.8,1339,2.2,논산(부여)
2025-02-25,2.7,6.3,1233,2.8,무안(목포)
2025-02-25,2.6,9.1,1503,1.3,상주
2025-02-25,4.9,9.0,1256,4.6,신안
2025-02-25,4.9,9.2,1416,5.1,제주
2025-02-25,3.2,12.0,1549,1.4,창녕(밀양)
2025-02-25,-3.3,1.0,1537,-2.4,평창
2025-02-25,0.2,5.7,1150,-0.5,포천(동두천)
2025-02-25,1.0,7.8,1244,3.5,해남
2025-02-26,3.4,11.4,1309,4.9,논산(부여)
2025-02-26,4.6,8.9,1317,6.3,무안(목포)
2025-02-26,5.9,11.1,1348,3.7,상주
2025-02-26,6.1,10.5,1445,8.9,신안
2025-02-26,8.5,12.2,1431,11.0,제주
2025-02-26,4.5,13.8,1449,3.8,창녕(밀양)
2025-02-26,-0.4,4.3,1503,0.2,평창
2025-02-26,2.8,10.0,1411,2.4,포천(동두천)
2025-02-26,2.7,11.5,1323,6.5,해남
2025-02-27,4.3,15.3,1618,5.0,논산(부여)
2025-02-27,6.6,15.2,1410,7.2,무안(목포)
2025-02-27,5.4,15.0,1538,3.4,상주
2025-02-27,7.2,13.5,1436,7.8,신안
2025-02-27,8.0,12.9,1255,7.7,제주
2025-02-27,5.5,14.5,1604,3.6,창녕(밀양)
2025-02-27,2.3,7.9,1602,0.9,평창
2025-02-27,3.1,13.9,1510,2.0,포천(동두천)
2025-02-27,5.0,14.6,1327,6.4,해남
2025-02-28,7.6,15.7,1421,10.1,논산(부여)
2025-02-28,9.0,14.1,1615,11.5,무안(목포)
2025-02-28,10.0,16.7,1402,7.4,상주
2025-02-28,8.3,12.6,1145,10.2,신안
2025-02-28,11.8,15.0,1222,12.9,제주
2025-02-28,10.5,19.2,1535,10.5,창녕(밀양)
2025-02-28,2.8,8.7,1623,2.4,평창
2025-02-28,5.0,14.2,1522,2.8,포천(동두천)
2025-02-28,9.0,15.9,1509,11.3,해남
2025-03-01,4.9,8.6,2105,5.0,논산(부여)
2025-03-01,11.0,14.0,1209,10.1,무안(목포)
2025-03-01,5.1,8.8,1432,4.7,상주
2025-03-01,9.3,12.3,1707,9.5,신안
2025-03-01,14.8,21.3,1527,14.9,제주
2025-03-01,9.2,16.0,1407,6.4,창녕(밀양)
2025-03-01,1.8,12.8,1402,1.1,평창
2025-03-01,5.5,14.0,1553,2.6,포천(동두천)
2025-03-01,10.9,14.8,1015,8.9,해남
2025-03-02,9.9,15.2,1416,9.5,논산(부여)
2025-03-02,13.8,16.7,1436,13.7,무안(목포)
2025-03-02,7.0,9.8,1506,6.9,상주
2025-03-02,10.6,13.7,1252,11.0,신안
2025-03-02,16.0,19.6,1108,16.5,제주
2025-03-02,10.8,15.8,1245,8.6,창녕(밀양)
2025-03-02,-0.2,6.6,857,-0.2,평창
2025-03-02,4.8,14.3,1307,3.2,포천(동두천)
2025-03-02,13.7,16.7,1240,11.7,해남
2025-03-03,4.6,7.6,1326,6.5,논산(부여)
2025-03-03,6.7,11.3,1,7.7,무안(목포)
2025-03-03,1.4,3.4,1330,1.5,상주
2025-03-03,5.6,8.9,31,5.9,신안
2025-03-03,9.0,13.8,1,10.2,제주
2025-03-03,4.6,7.4,59,3.8,창녕(밀양)
2025-03-03,-5.5,-4.5,1,-0.6,평창
2025-03-03,1.7,5.7,1338,3.0,포천(동두천)
2025-03-03,6.3,10.9,4,7.9,해남
2025-03-04,3.9,6.6,1632,4.9,논산(부여)
2025-03-04,4.3,6.6,1642,6.1,무안(목포)
2025-03-04,0.9,2.7,1839,1.7,상주
2025-03-04,3.8,4.6,1348,5.2,신안
2025-03-04,7.3,8.6,1242,8.3,제주
2025-03-04,4.3,6.0,1552,3.1,창녕(밀양)
2025-03-04,-4.2,-3.3,1705,-0.6,평창
2025-03-04,0.8,2.1,918,-0.3,포천(동두천)
2025-03-04,5.4,9.0,1627,8.3,해남
2025-03-05,5.2,7.7,1523,6.0,논산(부여)
2025-03-05,5.2,7.3,1236,6.6,무안(목포)
2025-03-05,3.4,7.9,1426,4.8,상주
2025-03-05,5.2,7.8,1115,5.5,신안
2025-03-05,7.8,9.2,1153,8.2,제주
2025-03-05,6.5,10.0,1354,5.8,창녕(밀양)
2025-03-05,-3.0,-0.7,1235,-0.5,평창
2025-03-05,3.7,9.0,1541,3.7,포천(동두천)
2025-03-05,5.7,8.3,1039,7.5,해남
2025-03-06,4.2,11.2,1536,6.8,논산(부여)
2025-03-06,4.7,8.0,1341,6.2,무안(목포)
2025-03-06,4.0,10.0,1514,5.0,상주
2025-03-06,5.6,8.5,1208,8.3,신안
2025-03-06,7.8,10.5,1332,9.9,제주
2025-03-06,6.3,10.4,1549,6.0,창녕(밀양)
2025-03-06,-5.8,1.3,1302,-0.6,평창
2025-03-06,4.1,11.7,1502,4.2,포천(동두천)
2025-03-06,5.4,10.0,1420,8.9,해남
2025-03-07,3.6,11.7,1532,5.9,논산(부여)
2025-03-07,5.2,11.1,1333,6.3,무안(목포)
2025-03-07,4.0,10.3,1522,5.1,상주
2025-03-07,5.5,9.8,1319,9.4,신안
2025-03-07,8.4,12.6,1424,11.1,제주
2025-03-07,5.4,12.1,1351,4.1,창녕(밀양)
2025-03-07,-4.6,3.3,1226,-0.6,평창
2025-03-07,3.6,11.0,1458,3.8,포천(동두천)
2025-03-07,4.8,12.1,1409,6.6,해남
2025-03-08,4.4,11.0,1500,7.6,논산(부여)
2025-03-08,5.4,8.6,1715,5.3,무안(목포)
2025-03-08,6.1,11.9,1437,7.0,상주
2025-03-08,5.4,9.8,1426,7.7,신안
2025-03-08,8.8,12.4,1153,8.8,제주
2025-03-08,7.3,13.8,1349,8.2,창녕(밀양)
2025-03-08,-0.4,4.4,1430,-0.5,평창
2025-03-08,4.3,11.9,1440,5.0,포천(동두천)
2025-03-08,5.7,9.4,1456,7.0,해남
2025-03-09,5.1,14.0,1541,7.0,논산(부여)
2025-03-09,6.1,11.5,1331,6.4,무안(목포)
2025-03-09,6.2,14.1,1548,6.1,상주
2025-03-09,6.4,10.7,1519,9.3,신안
2025-03-09,9.2,12.8,1302,11.1,제주
2025-03-09,6.6,15.8,1435,6.6,창녕(밀양)
2025-03-09,-1.8,8.2,1345,-0.5,평창
2025-03-09,4.9,14.0,1441,5.2,포천(동두천)
2025-03-09,5.1,14.1,1449,8.0,해남
2025-03-10,5.9,15.4,1525,7.9,논산(부여)
2025-03-10,8.2,13.1,1228,6.5,무안(목포)
2025-03-10,5.9,14.6,1631,6.2,상주
2025-03-10,7.2,12.3,1618,7.6,신안
2025-03-10,10.8,13.2,1406,10.4,제주
2025-03-10,7.2,14.9,1356,5.7,창녕(밀양)
2025-03-10,1.1,8.9,1445,-0.3,평창
2025-03-10,5.8,15.8,1352,5.5,포천(동두천)
2025-03-10,6.6,13.1,1646,7.0,해남
2025-03-11,7.9,17.4,1612,10.2,논산(부여)
2025-03-11,9.4,16.0,1611,8.5,무안(목포)
2025-03-11,9.3,18.6,1602,7.4,상주
2025-03-11,8.8,14.2,1440,12.6,신안
2025-03-11,12.4,15.0,1357,15.9,제주
2025-03-11,9.3,19.4,1552,8.6,창녕(밀양)
2025-03-11,4.9,14.6,1413,-0.3,평창
2025-03-11,7.0,16.5,1510,6.6,포천(동두천)
2025-03-11,8.3,18.3,1508,11.0,해남
2025-03-12,7.5,15.4,1430,10.6,논산(부여)
2025-03-12,8.6,14.5,1543,8.7,무안(목포)
2025-03-12,11.0,16.8,1443,9.3,상주
2025-03-12,9.0,13.7,1510,12.5,신안
2025-03-12,11.8,14.1,1435,12.5,제주
2025-03-12,11.2,20.2,1552,9.7,창녕(밀양)
2025-03-12,5.4,8.8,1201,-0.3,평창
2025-03-12,6.7,11.7,1035,6.0,포천(동두천)
2025-03-12,8.7,15.6,1521,10.5,해남
2025-03-13,9.3,17.5,1513,10.0,논산(부여)
2025-03-13,9.1,14.9,1234,9.9,무안(목포)
2025-03-13,10.6,18.0,1548,9.1,상주
2025-03-13,8.3,12.3,1458,11.2,신안
2025-03-13,12.0,14.5,1717,14.4,제주
2025-03-13,11.5,18.1,1500,10.1,창녕(밀양)
2025-03-13,4.0,12.3,1448,-0.2,평창
2025-03-13,7.5,17.1,1552,7.5,포천(동두천)
2025-03-13,10.2,19.2,1534,13.5,해남
2025-03-14,12.4,20.8,1619,12.0,논산(부여)
2025-03-14,12.1,18.8,1351,11.4,무안(목포)
2025-03-14,10.2,19.7,1513,9.4,상주
2025-03-14,10.1,14.3,1405,15.4,신안
2025-03-14,13.0,15.7,1459,16.2,제주
2025-03-14,11.1,19.6,1348,11.1,창녕(밀양)
2025-03-14,1.4,6.3,1246,-0.3,평창
2025-03-14,10.2,19.7,1535,7.8,포천(동두천)
2025-03-14,11.4,20.0,1355,13.3,해남
2025-03-15,10.1,14.3,1431,12.2,논산(부여)
2025-03-15,8.8,11.8,1232,8.6,무안(목포)
2025-03-15,7.6,11.2,1310,8.3,상주
2025-03-15,8.1,11.4,1359,9.5,신안
2025-03-15,9.7,12.3,1,9.7,제주
2025-03-15,8.6,10.3,115,6.5,창녕(밀양)
2025-03-15,1.4,4.3,1105,-0.4,평창
2025-03-15,10.2,17.5,1522,10.0,포천(동두천)
2025-03-15,9.0,12.7,43,9.8,해남
2025-03-16,4.6,8.0,1441,8.4,논산(부여)
2025-03-16,4.6,6.8,117,6.4,무안(목포)
2025-03-16,4.2,6.8,1115,7.0,상주
2025-03-16,4.7,6.8,1101,5.5,신안
2025-03-16,6.8,10.0,11,6.5,제주
2025-03-16,6.2,10.4,1120,5.9,창녕(밀양)
2025-03-16,-1.3,2.0,1110,-0.4,평창
2025-03-16,3.0,7.7,1417,6.0,포천(동두천)
2025-03-16,4.9,7.6,1000,7.8,해남
2025-03-17,3.1,8.6,1453,7.6,논산(부여)
2025-03-17,3.9,6.6,1601,6.1,무안(목포)
2025-03-17,3.1,8.3,1558,5.2,상주
2025-03-17,5.4,9.1,1412,9.6,신안
2025-03-17,5.6,8.6,1657,6.8,제주
2025-03-17,4.8,11.1,1455,4.6,창녕(밀양)
2025-03-17,-3.7,-1.0,1512,-0.4,평창
2025-03-17,1.8,7.5,1356,3.8,포천(동두천)
2025-03-17,3.1,7.6,1419,7.4,해남
2025-03-18,1.6,4.4,1625,4.1,논산(부여)
2025-03-18,2.4,4.8,56,2.1,무안(목포)
2025-03-18,1.4,6.4,1526,5.2,상주
2025-03-18,3.3,5.5,1243,4.3,신안
2025-03-18,5.8,7.8,205,7.2,제주
2025-03-18,3.3,6.6,1234,3.2,창녕(밀양)
2025-03-18,-5.6,-1.5,1224,-0.4,평창
2025-03-18,1.1,6.1,1511,4.6,포천(동두천)
2025-03-18,2.9,5.9,1423,4.7,해남
2025-03-19,1.5,7.9,1524,5.8,논산(부여)
2025-03-19,3.5,6.7,1450,5.3,무안(목포)
2025-03-19,3.0,8.3,1509,5.9,상주
2025-03-19,5.0,8.8,1305,7.4,신안
2025-03-19,5.8,9.0,1604,8.7,제주
2025-03-19,4.1,10.1,1529,5.3,창녕(밀양)
2025-03-19,-6.8,0.5,1511,-0.4,평창
2025-03-19,1.4,8.3,1427,3.3,포천(동두천)
2025-03-19,3.0,8.3,1450,7.8,해남
2025-03-20,5.4,14.4,1420,8.2,논산(부여)
2025-03-20,7.8,12.5,1254,7.7,무안(목포)
2025-03-20,8.5,16.6,1510,8.4,상주
2025-03-20,10.8,13.6,1422,12.8,신안
2025-03-20,11.1,15.1,1432,12.7,제주
2025-03-20,8.0,17.6,1526,8.3,창녕(밀양)
2025-03-20,1.8,6.4,1800,-0.3,평창
2025-03-20,7.0,15.2,1412,7.8,포천(동두천)
2025-03-20,6.6,14.5,1333,8.9,해남
2025-03-21,9.7,18.9,1335,11.7,논산(부여)
2025-03-21,12.2,17.7,1217,11.2,무안(목포)
2025-03-21,14.3,23.0,1503,11.4,상주
2025-03-21,13.4,18.0,1050,16.3,신안
2025-03-21,17.0,21.0,1424,18.7,제주
2025-03-21,13.6,23.0,1559,12.2,창녕(밀양)
2025-03-21,7.2,12.3,1557,-0.2,평창
2025-03-21,11.4,20.7,1449,11.5,포천(동두천)
2025-03-21,11.1,19.5,1247,12.7,해남
2025-03-22,11.1,21.7,1253,12.6,논산(부여)
2025-03-22,12.5,18.8,1538,12.4,무안(목포)
2025-03-22,17.4,24.5,1318,12.9,상주
2025-03-22,15.8,18.5,1156,19.5,신안
2025-03-22,18.9,22.4,1424,20.8,제주
2025-03-22,15.7,26.2,1424,13.5,창녕(밀양)
2025-03-22,10.3,15.8,1525,2.4,평창
2025-03-22,12.1,22.2,1354,11.2,포천(동두천)
2025-03-22,10.7,21.4,1138,14.3,해남
2025-03-23,12.4,25.2,1437,14.0,논산(부여)
2025-03-23,14.1,20.3,1643,12.5,무안(목포)
2025-03-23,18.6,27.5,1445,14.4,상주
2025-03-23,15.9,22.7,1455,19.3,신안
2025-03-23,19.6,25.0,1213,22.9,제주
2025-03-23,15.7,27.2,1440,15.0,창녕(밀양)
2025-03-23,10.0,19.7,1401,4.2,평창
2025-03-23,13.6,24.9,1459,12.6,포천(동두천)
2025-03-23,12.5,22.3,1348,13.7,해남
2025-03-24,14.0,19.9,1352,15.5,논산(부여)
2025-03-24,14.6,19.1,1143,14.6,무안(목포)
2025-03-24,17.7,25.0,1258,15.1,상주
2025-03-24,16.1,20.1,1155,18.5,신안
2025-03-24,20.4,24.5,1626,21.2,제주
2025-03-24,15.5,23.3,1234,15.4,창녕(밀양)
2025-03-24,11.7,17.1,1446,5.9,평창
2025-03-24,14.4,22.4,1316,14.2,포천(동두천)
2025-03-24,15.6,21.8,1201,18.0,해남
2025-03-25,13.4,25.0,1333,15.3,논산(부여)
2025-03-25,14.2,22.9,1446,14.9,무안(목포)
2025-03-25,16.7,27.4,1452,15.4,상주
2025-03-25,13.5,25.1,1327,15.8,신안
2025-03-25,20.7,28.8,1515,22.1,제주
2025-03-25,16.3,25.9,1344,16.2,창녕(밀양)
2025-03-25,9.6,18.4,1450,6.1,평창
2025-03-25,11.5,21.2,1402,11.1,포천(동두천)
2025-03-25,14.4,24.6,1531,17.7,해남
2025-03-26,16.3,27.8,1630,16.2,논산(부여)
2025-03-26,16.6,24.9,1435,15.6,무안(목포)
2025-03-26,16.7,26.1,1545,14.6,상주
2025-03-26,13.0,19.1,1115,15.3,신안
2025-03-26,17.8,22.1,1446,21.7,제주
2025-03-26,16.1,24.3,1446,16.9,창녕(밀양)
2025-03-26,7.7,18.0,1249,6.3,평창
2025-03-26,13.6,23.6,1608,13.3,포천(동두천)
2025-03-26,15.6,23.6,1406,18.3,해남
2025-03-27,14.4,20.5,402,15.9,논산(부여)
2025-03-27,12.4,18.9,251,12.8,무안(목포)
2025-03-27,15.1,23.6,1146,14.8,상주
2025-03-27,9.4,14.2,239,10.8,신안
2025-03-27,16.3,25.2,141,17.8,제주
2025-03-27,18.8,23.9,1352,17.2,창녕(밀양)
2025-03-27,11.5,16.0,1605,8.9,평창
2025-03-27,12.6,19.7,1528,13.6,포천(동두천)
2025-03-27,14.0,21.7,255,15.1,해남
2025-03-28,7.0,12.5,1412,12.7,논산(부여)
2025-03-28,5.8,7.4,1250,9.0,무안(목포)
2025-03-28,8.0,12.9,1505,11.3,상주
2025-03-28,5.8,8.0,1202,7.9,신안
2025-03-28,8.4,10.8,1323,11.7,제주
2025-03-28,11.0,15.4,1,12.6,창녕(밀양)
2025-03-28,-0.2,3.5,1,1.5,평창
2025-03-28,6.1,13.8,1447,9.0,포천(동두천)
2025-03-28,6.8,9.5,1257,15.0,해남
2025-03-29,2.6,9.3,1117,8.3,논산(부여)
2025-03-29,4.5,8.2,1113,5.7,무안(목포)
2025-03-29,4.0,10.1,1206,8.7,상주
2025-03-29,5.1,10.2,1140,7.0,신안
2025-03-29,7.7,10.9,1136,11.0,제주
2025-03-29,7.0,12.7,1405,9.7,창녕(밀양)
2025-03-29,-3.8,3.0,1218,-0.6,평창
2025-03-29,1.8,8.5,1328,5.0,포천(동두천)
2025-03-29,4.4,8.6,1200,6.1,해남
2025-03-30,3.1,9.7,1520,9.9,논산(부여)
2025-03-30,4.5,7.4,1400,7.7,무안(목포)
2025-03-30,4.1,9.7,1433,8.7,상주
2025-03-30,6.0,9.6,1359,9.9,신안
2025-03-30,6.9,10.0,1527,11.7,제주
2025-03-30,5.1,10.4,1423,8.8,창녕(밀양)
2025-03-30,-3.2,1.7,1453,1.6,평창
2025-03-30,2.2,8.8,1533,4.5,포천(동두천)
2025-03-30,3.7,9.0,1428,10.9,해남
2025-03-31,6.0,14.0,1323,11.7,논산(부여)
2025-03-31,6.9,11.8,1307,10.2,무안(목포)
2025-03-31,7.6,14.6,1611,9.7,상주
2025-03-31,8.5,13.5,1337,11.6,신안
2025-03-31,9.1,13.1,1418,14.6,제주
2025-03-31,6.5,14.7,1629,11.2,창녕(밀양)
2025-03-31,2.2,9.4,1457,3.6,평창
2025-03-31,5.6,14.7,1507,7.8,포천(동두천)
2025-03-31,6.1,13.8,1235,12.1,해남
2025-04-01,8.3,18.0,1555,13.5,논산(부여)
2025-04-01,8.5,14.4,1305,11.1,무안(목포)
2025-04-01,10.0,18.4,1501,11.8,상주
2025-04-01,8.7,13.6,1409,13.5,신안
2025-04-01,10.6,14.4,1345,15.0,제주
2025-04-01,9.1,18.8,1541,12.3,창녕(밀양)
2025-04-01,3.9,12.9,1311,4.5,평창
2025-04-01,8.3,17.8,1426,10.8,포천(동두천)
2025-04-01,7.2,17.2,1355,13.7,해남
2025-04-02,7.5,16.8,1313,11.3,논산(부여)
2025-04-02,8.6,15.4,1343,10.2,무안(목포)
2025-04-02,8.0,19.4,1358,11.5,상주
2025-04-02,8.8,14.2,1051,10.4,신안
2025-04-02,11.7,16.9,1518,16.6,제주
2025-04-02,9.5,19.3,1406,14.1,창녕(밀양)
2025-04-02,3.2,10.7,1034,4.3,평창
2025-04-02,6.8,15.9,1145,8.5,포천(동두천)
2025-04-02,8.0,17.6,1235,13.1,해남
2025-04-03,9.3,16.2,1442,14.3,논산(부여)
2025-04-03,8.2,11.8,1550,12.4,무안(목포)
2025-04-03,8.0,15.8,1609,11.2,상주
2025-04-03,7.3,11.0,1331,9.0,신안
2025-04-03,10.1,13.2,1232,15.3,제주
2025-04-03,9.3,16.6,1625,12.0,창녕(밀양)
2025-04-03,3.1,8.9,1503,6.1,평창
2025-04-03,8.3,17.7,1520,11.2,포천(동두천)
2025-04-03,8.5,14.0,1344,13.7,해남
2025-04-04,10.1,17.6,1405,15.9,논산(부여)
2025-04-04,9.1,13.8,1358,12.7,무안(목포)
2025-04-04,10.4,19.1,1519,12.3,상주
2025-04-04,9.1,15.7,1324,13.1,신안
2025-04-04,10.5,13.9,1550,14.0,제주
2025-04-04,10.3,18.3,1414,12.0,창녕(밀양)
2025-04-04,4.4,12.5,1446,4.3,평창
2025-04-04,9.6,17.8,1424,12.0,포천(동두천)
2025-04-04,8.0,16.8,1338,13.9,해남
2025-04-05,8.5,11.0,919,9.8,논산(부여)
2025-04-05,10.0,12.5,1021,10.8,무안(목포)
2025-04-05,9.2,14.3,1153,10.6,상주
2025-04-05,9.6,15.3,1432,11.5,신안
2025-04-05,13.1,18.7,1628,14.3,제주
2025-04-05,10.4,15.5,1309,9.0,창녕(밀양)
2025-04-05,4.0,10.3,1141,3.8,평창
2025-04-05,6.1,8.1,47,8.2,포천(동두천)
2025-04-05,11.0,14.0,955,12.1,해남
2025-04-06,9.1,16.9,1324,13.0,논산(부여)
2025-04-06,9.9,14.8,1429,12.3,무안(목포)
2025-04-06,11.6,18.5,1620,13.1,상주
2025-04-06,10.4,16.8,1216,15.1,신안
2025-04-06,12.1,17.0,1506,16.3,제주
2025-04-06,12.6,20.8,1445,15.3,창녕(밀양)
2025-04-06,5.8,10.3,1559,5.9,평창
2025-04-06,9.8,17.4,1458,12.2,포천(동두천)
2025-04-06,8.1,17.1,1408,14.3,해남
2025-04-07,11.4,20.3,1456,14.5,논산(부여)
2025-04-07,12.6,18.6,1215,13.1,무안(목포)
2025-04-07,15.4,23.2,1617,14.2,상주
2025-04-07,11.2,17.0,1220,14.5,신안
2025-04-07,14.3,20.2,1611,17.3,제주
2025-04-07,13.4,24.1,1513,16.8,창녕(밀양)
2025-04-07,9.8,15.5,1539,7.0,평창
2025-04-07,12.5,20.8,1355,12.1,포천(동두천)
2025-04-07,11.7,19.2,1047,15.6,해남
2025-04-08,13.8,20.9,1321,17.0,논산(부여)
2025-04-08,13.1,17.6,1345,15.1,무안(목포)
2025-04-08,15.9,22.5,1452,15.4,상주
2025-04-08,12.2,17.2,453,17.4,신안
2025-04-08,18.5,23.5,950,20.3,제주
2025-04-08,16.5,27.0,1427,18.9,창녕(밀양)
2025-04-08,7.8,14.1,1308,8.8,평창
2025-04-08,13.6,20.6,1422,14.9,포천(동두천)
2025-04-08,14.3,21.5,1416,19.9,해남
2025-04-09,10.9,19.9,1331,13.4,논산(부여)
2025-04-09,12.5,20.4,1358,14.1,무안(목포)
2025-04-09,13.5,22.2,1510,15.0,상주
2025-04-09,11.2,16.6,1044,13.9,신안
2025-04-09,15.5,22.0,1418,18.7,제주
2025-04-09,13.8,21.8,1349,15.8,창녕(밀양)
2025-04-09,7.3,15.5,1610,6.9,평창
2025-04-09,11.5,18.9,1327,12.2,포천(동두천)
2025-04-09,13.0,20.9,1410,15.1,해남
2025-04-10,13.2,19.6,1604,16.9,논산(부여)
2025-04-10,10.9,13.6,1419,15.2,무안(목포)
2025-04-10,15.0,20.0,1322,15.1,상주
2025-04-10,9.6,13.3,1331,14.7,신안
2025-04-10,13.8,18.3,1051,19.3,제주
2025-04-10,16.2,24.2,1406,18.3,창녕(밀양)
2025-04-10,7.2,13.5,1548,9.0,평창
2025-04-10,12.1,20.4,1523,13.9,포천(동두천)
2025-04-10,12.0,16.9,1434,20.4,해남
2025-04-11,13.1,24.9,1602,17.7,논산(부여)
2025-04-11,13.0,19.5,1648,16.3,무안(목포)
2025-04-11,16.4,25.8,1427,17.4,상주
2025-04-11,11.1,17.5,1404,15.8,신안
2025-04-11,14.1,18.4,1603,19.1,제주
2025-04-11,15.7,26.1,1458,20.2,창녕(밀양)
2025-04-11,9.0,19.2,1245,10.1,평창
2025-04-11,14.9,25.8,1416,15.5,포천(동두천)
2025-04-11,12.5,22.1,1315,17.4,해남
2025-04-12,12.1,22.6,1318,13.9,논산(부여)
2025-04-12,12.4,17.5,1010,13.3,무안(목포)
2025-04-12,12.9,22.9,1329,15.7,상주
2025-04-12,10.4,14.7,1107,10.7,신안
2025-04-12,15.8,20.3,1159,16.3,제주
2025-04-12,13.8,21.3,1241,14.7,창녕(밀양)
2025-04-12,10.5,19.5,1401,9.0,평창
2025-04-12,11.5,23.3,1139,12.2,포천(동두천)
2025-04-12,12.9,17.3,1312,14.4,해남
2025-04-13,6.1,10.4,1100,9.7,논산(부여)
2025-04-13,8.2,10.8,1100,9.8,무안(목포)
2025-04-13,4.9,10.9,1340,11.1,상주
2025-04-13,8.3,12.0,1120,10.5,신안
2025-04-13,10.7,14.0,1233,12.2,제주
2025-04-13,8.9,14.1,17,11.9,창녕(밀양)
2025-04-13,-0.8,9.8,1,1.3,평창
2025-04-13,4.2,8.1,1148,7.1,포천(동두천)
2025-04-13,7.7,11.9,1435,10.6,해남
2025-04-14,5.7,8.9,1151,8.5,논산(부여)
2025-04-14,8.7,11.7,1014,8.6,무안(목포)
2025-04-14,3.8,8.5,1105,8.5,상주
2025-04-14,9.1,13.0,1029,12.1,신안
2025-04-14,12.1,15.6,1100,15.3,제주
2025-04-14,6.7,12.4,1323,8.9,창녕(밀양)
2025-04-14,0.1,3.0,1607,3.9,평창
2025-04-14,3.5,7.2,1306,7.0,포천(동두천)
2025-04-14,9.2,14.3,1122,8.9,해남
2025-04-15,7.8,14.6,1352,12.3,논산(부여)
2025-04-15,9.5,12.8,1616,12.1,무안(목포)
2025-04-15,9.2,15.4,1612,11.8,상주
2025-04-15,10.4,14.6,1429,16.2,신안
2025-04-15,12.2,16.1,1545,16.5,제주
2025-04-15,10.6,17.0,1421,13.7,창녕(밀양)
2025-04-15,3.8,9.1,1319,5.0,평창
2025-04-15,7.6,15.6,1549,10.5,포천(동두천)
2025-04-15,9.4,14.8,1414,14.7,해남
2025-04-16,14.1,23.6,1446,14.5,논산(부여)
2025-04-16,15.3,21.6,1519,14.2,무안(목포)
2025-04-16,15.6,25.6,1506,14.2,상주
2025-04-16,14.6,22.0,1025,17.6,신안
2025-04-16,20.5,24.8,1237,18.9,제주
2025-04-16,14.9,24.0,1342,14.5,창녕(밀양)
2025-04-16,10.8,19.1,1433,9.6,평창
2025-04-16,14.1,22.6,1509,13.9,포천(동두천)
2025-04-16,15.3,21.0,1456,17.9,해남
2025-04-17,19.8,26.9,1411,19.2,논산(부여)
2025-04-17,17.4,20.0,1300,19.0,무안(목포)
2025-04-17,18.2,26.0,1316,17.0,상주
2025-04-17,13.0,16.8,1439,15.7,신안
2025-04-17,20.8,25.0,1319,22.5,제주
2025-04-17,17.7,22.5,1421,17.3,창녕(밀양)
2025-04-17,17.6,23.5,1357,14.8,평창
2025-04-17,18.4,26.3,1315,16.6,포천(동두천)
2025-04-17,19.4,23.1,1111,24.2,해남
2025-04-18,18.5,24.7,1514,20.7,논산(부여)
2025-04-18,17.7,21.1,1605,19.8,무안(목포)
2025-04-18,21.1,28.7,1431,19.6,상주
2025-04-18,15.0,21.5,437,18.3,신안
2025-04-18,22.0,27.5,1541,26.9,제주
2025-04-18,21.2,27.6,1346,22.4,창녕(밀양)
2025-04-18,16.5,22.6,1401,16.3,평창
2025-04-18,17.6,24.6,1536,17.7,포천(동두천)
2025-04-18,17.5,20.6,1405,20.0,해남
2025-04-19,18.7,24.9,1209,19.6,논산(부여)
2025-04-19,18.4,22.7,1234,21.0,무안(목포)
2025-04-19,21.3,29.2,1359,21.1,상주
2025-04-19,13.9,16.6,1403,15.6,신안
2025-04-19,18.9,23.4,1340,26.0,제주
2025-04-19,20.1,24.4,1304,20.5,창녕(밀양)
2025-04-19,16.3,22.4,1441,16.1,평창
2025-04-19,14.5,18.7,1126,15.1,포천(동두천)
2025-04-19,19.9,25.0,1239,22.9,해남
2025-04-20,17.4,24.4,1623,21.0,논산(부여)
2025-04-20,15.5,19.6,1536,18.7,무안(목포)
2025-04-20,16.5,19.7,1111,18.2,상주
2025-04-20,11.0,14.7,1316,15.6,신안
2025-04-20,18.3,19.8,1513,26.0,제주
2025-04-20,16.8,19.3,115,17.2,창녕(밀양)
2025-04-20,9.2,13.8,1314,13.5,평창
2025-04-20,16.2,25.3,1631,18.6,포천(동두천)
2025-04-20,17.4,24.1,1312,19.1,해남
2025-04-21,20.0,27.5,1553,22.3,논산(부여)
2025-04-21,18.9,24.2,1347,20.7,무안(목포)
2025-04-21,18.1,25.7,1440,19.2,상주
2025-04-21,13.3,16.4,1318,14.4,신안
2025-04-21,20.9,26.9,1529,28.3,제주
2025-04-21,18.9,26.2,1523,22.0,창녕(밀양)
2025-04-21,14.5,23.8,1406,16.9,평창
2025-04-21,19.1,27.0,1411,18.7,포천(동두천)
2025-04-21,17.5,22.4,1546,20.3,해남
2025-04-22,17.7,18.7,630,19.1,논산(부여)
2025-04-22,16.0,18.9,1124,17.2,무안(목포)
2025-04-22,15.2,16.7,1,16.5,상주
2025-04-22,12.4,17.1,1357,14.7,신안
2025-04-22,19.0,24.1,1150,22.1,제주
2025-04-22,16.5,19.3,1242,16.5,창녕(밀양)
2025-04-22,11.9,15.6,1415,12.9,평창
2025-04-22,15.9,18.3,54,16.8,포천(동두천)
2025-04-22,16.3,19.2,1215,17.5,해남
2025-04-23,16.7,24.1,1455,21.1,논산(부여)
2025-04-23,14.8,19.3,1248,17.6,무안(목포)
2025-04-23,18.2,23.3,1629,19.7,상주
2025-04-23,12.3,16.9,1236,18.4,신안
2025-04-23,15.6,18.7,1438,21.5,제주
2025-04-23,17.6,23.2,1318,21.0,창녕(밀양)
2025-04-23,8.3,13.2,1421,12.6,평창
2025-04-23,16.1,24.0,1515,18.0,포천(동두천)
2025-04-23,14.5,19.0,1604,18.4,해남
2025-04-24,13.6,21.0,1229,18.3,논산(부여)
2025-04-24,13.7,17.7,1254,18.1,무안(목포)
2025-04-24,16.9,24.8,1401,20.5,상주
2025-04-24,12.2,19.3,1232,17.8,신안
2025-04-24,16.1,19.9,1452,23.1,제주
2025-04-24,19.5,27.6,1552,25.5,창녕(밀양)
2025-04-24,11.9,18.5,1309,12.7,평창
2025-04-24,14.2,21.2,1354,16.7,포천(동두천)
2025-04-24,15.3,20.5,1401,22.7,해남
2025-04-25,10.6,19.5,1349,16.4,논산(부여)
2025-04-25,12.5,16.8,1253,15.6,무안(목포)
2025-04-25,13.5,19.7,1430,16.9,상주
2025-04-25,11.4,16.2,1405,16.3,신안
2025-04-25,14.5,19.0,1527,21.5,제주
2025-04-25,15.7,22.6,1452,20.7,창녕(밀양)
2025-04-25,8.2,14.0,1516,9.0,평창
2025-04-25,12.3,19.3,1545,14.0,포천(동두천)
2025-04-25,12.8,19.3,1234,18.7,해남
2025-04-26,12.1,22.1,1405,17.4,논산(부여)
2025-04-26,14.0,20.1,1526,17.0,무안(목포)
2025-04-26,15.8,24.1,1438,18.9,상주
2025-04-26,13.0,18.9,1428,17.6,신안
2025-04-26,15.7,20.2,1506,22.4,제주
2025-04-26,15.3,25.9,1554,19.5,창녕(밀양)
2025-04-26,11.0,17.2,1423,11.2,평창
2025-04-26,13.4,21.7,1502,16.1,포천(동두천)
2025-04-26,12.4,22.1,1203,20.8,해남
2025-04-27,14.6,24.2,1317,18.0,논산(부여)
2025-04-27,16.3,24.3,1350,18.3,무안(목포)
2025-04-27,17.3,26.3,1310,17.3,상주
2025-04-27,14.0,20.8,1259,17.1,신안
2025-04-27,16.6,21.0,1310,21.4,제주
2025-04-27,17.7,27.6,1505,22.3,창녕(밀양)
2025-04-27,13.5,17.7,1512,12.0,평창
2025-04-27,14.1,20.3,1104,15.6,포천(동두천)
2025-04-27,15.4,25.9,1357,20.3,해남
2025-04-28,13.0,22.3,1337,19.7,논산(부여)
2025-04-28,14.1,17.3,1127,18.7,무안(목포)
2025-04-28,16.5,22.6,1327,21.3,상주
2025-04-28,12.5,15.9,1523,18.2,신안
2025-04-28,15.5,19.5,1230,21.7,제주
2025-04-28,18.4,27.4,1619,22.5,창녕(밀양)
2025-04-28,9.2,16.5,1535,12.5,평창
2025-04-28,14.0,21.8,1355,18.0,포천(동두천)
2025-04-28,15.1,20.1,1139,22.4,해남
2025-04-29,12.1,21.1,1403,19.1,논산(부여)
2025-04-29,13.8,19.2,1623,18.0,무안(목포)
2025-04-29,14.6,22.8,1439,20.9,상주
2025-04-29,13.2,19.2,1441,20.1,신안
2025-04-29,14.5,17.9,1752,21.7,제주
2025-04-29,15.3,24.5,1529,20.2,창녕(밀양)
2025-04-29,9.1,17.7,1600,13.0,평창
2025-04-29,13.3,22.2,1443,17.7,포천(동두천)
2025-04-29,12.1,21.2,1521,20.9,해남
2025-04-30,15.6,27.1,1455,21.6,논산(부여)
2025-04-30,17.1,23.3,1413,20.2,무안(목포)
2025-04-30,18.5,29.1,1528,23.1,상주
2025-04-30,15.0,21.3,1410,21.4,신안
2025-04-30,16.5,20.5,1535,23.6,제주
2025-04-30,17.3,28.0,1404,21.0,창녕(밀양)
2025-04-30,14.7,23.8,1530,16.6,평창
2025-04-30,16.9,26.6,1258,20.2,포천(동두천)
2025-04-30,15.7,24.8,1236,23.3,해남
2025-05-01,13.3,21.7,1106,15.5,논산(부여)
2025-05-01,15.0,20.3,926,16.2,무안(목포)
2025-05-01,14.5,22.4,1132,17.4,상주
2025-05-01,13.4,18.1,1103,16.2,신안
2025-05-01,16.9,22.6,1015,19.7,제주
2025-05-01,16.0,23.6,1346,16.4,창녕(밀양)
2025-05-01,12.2,19.5,1121,11.0,평창
2025-05-01,12.4,17.1,824,13.2,포천(동두천)
2025-05-01,15.8,20.2,957,16.9,해남
2025-05-02,12.2,19.9,1405,15.4,논산(부여)
2025-05-02,13.2,16.9,1514,15.5,무안(목포)
2025-05-02,14.1,20.0,1507,18.2,상주
2025-05-02,13.1,17.6,1046,20.3,신안
2025-05-02,15.3,18.9,1402,20.0,제주
2025-05-02,16.4,23.8,1606,21.0,창녕(밀양)
2025-05-02,9.2,14.4,1545,11.2,평창
2025-05-02,13.1,20.2,1550,15.5,포천(동두천)
2025-05-02,12.8,18.5,1432,19.2,해남
2025-05-03,10.0,15.2,1516,13.0,논산(부여)
2025-05-03,12.6,16.7,1017,13.4,무안(목포)
2025-05-03,10.3,13.6,1,12.9,상주
2025-05-03,11.9,17.5,941,16.0,신안
2025-05-03,16.8,24.9,937,18.4,제주
2025-05-03,12.1,15.7,1735,11.3,창녕(밀양)
2025-05-03,6.2,8.5,1321,7.6,평창
2025-05-03,10.0,14.3,1657,12.6,포천(동두천)
2025-05-03,13.5,18.5,945,14.4,해남
2025-05-04,12.5,21.0,1215,16.2,논산(부여)
2025-05-04,14.0,19.2,1411,17.1,무안(목포)
2025-05-04,14.6,21.9,1411,16.5,상주
2025-05-04,14.0,19.4,1107,20.3,신안
2025-05-04,14.9,18.9,1550,22.6,제주
2025-05-04,14.5,24.1,1558,17.7,창녕(밀양)
2025-05-04,9.6,15.4,1547,10.3,평창
2025-05-04,12.9,20.9,1502,15.7,포천(동두천)
2025-05-04,12.8,20.8,1505,20.7,해남
2025-05-05,10.8,16.8,1359,13.3,논산(부여)
2025-05-05,12.5,16.2,1335,13.6,무안(목포)
2025-05-05,10.6,15.7,1415,13.4,상주
2025-05-05,11.3,14.8,1154,10.7,신안
2025-05-05,15.4,21.1,1121,15.7,제주
2025-05-05,14.2,21.7,1458,17.4,창녕(밀양)
2025-05-05,6.1,14.2,1149,9.5,평창
2025-05-05,10.3,14.0,1010,12.6,포천(동두천)
2025-05-05,11.6,18.9,912,15.1,해남
2025-05-06,13.0,18.5,1626,14.8,논산(부여)
2025-05-06,12.3,15.2,1621,13.6,무안(목포)
2025-05-06,11.6,14.6,1526,13.4,상주
2025-05-06,12.3,17.1,1220,16.9,신안
2025-05-06,13.8,15.4,1346,15.4,제주
2025-05-06,12.9,16.6,1401,14.1,창녕(밀양)
2025-05-06,5.8,11.9,1107,9.3,평창
2025-05-06,13.2,21.2,1511,16.2,포천(동두천)
2025-05-06,12.1,15.9,1626,13.4,해남
2025-05-07,13.0,21.5,1411,17.8,논산(부여)
2025-05-07,13.7,19.0,1536,16.5,무안(목포)
2025-05-07,15.0,23.6,1512,18.9,상주
2025-05-07,12.9,17.7,1212,20.1,신안
2025-05-07,14.3,18.4,1427,19.7,제주
2025-05-07,14.7,23.4,1601,18.6,창녕(밀양)
2025-05-07,7.6,16.8,1119,11.5,평창
2025-05-07,14.4,22.7,1502,18.3,포천(동두천)
2025-05-07,13.0,21.2,1328,17.6,해남
2025-05-08,16.1,24.9,1540,20.5,논산(부여)
2025-05-08,16.6,22.6,1414,18.9,무안(목포)
2025-05-08,17.7,25.1,1433,21.2,상주
2025-05-08,14.9,21.0,1255,19.4,신안
2025-05-08,18.1,24.4,1304,22.5,제주
2025-05-08,17.2,24.6,1320,21.8,창녕(밀양)
2025-05-08,12.3,21.7,1555,15.2,평창
2025-05-08,16.2,24.8,1415,19.8,포천(동두천)
2025-05-08,15.3,21.7,1218,20.9,해남
2025-05-09,15.0,17.2,1703,16.5,논산(부여)
2025-05-09,15.3,17.1,1811,15.5,무안(목포)
2025-05-09,13.6,17.3,1,15.6,상주
2025-05-09,13.9,17.8,1703,14.1,신안
2025-05-09,18.6,23.1,1312,18.9,제주
2025-05-09,15.4,17.1,2358,15.8,창녕(밀양)
2025-05-09,10.2,13.0,906,11.6,평창
2025-05-09,13.4,15.6,1,15.3,포천(동두천)
2025-05-09,16.0,17.8,1734,15.8,해남
2025-05-10,12.4,15.4,1,14.3,논산(부여)
2025-05-10,13.2,14.2,1336,13.9,무안(목포)
2025-05-10,13.8,16.2,1156,15.4,상주
2025-05-10,13.3,16.3,1229,16.1,신안
2025-05-10,14.9,18.0,1338,17.0,제주
2025-05-10,17.0,20.8,1147,17.9,창녕(밀양)
2025-05-10,9.4,11.6,356,11.4,평창
2025-05-10,12.3,13.2,1755,14.5,포천(동두천)
2025-05-10,13.5,15.8,1420,16.1,해남
2025-05-11,14.3,20.2,1517,18.2,논산(부여)
2025-05-11,14.9,18.7,1553,17.2,무안(목포)
2025-05-11,15.1,22.0,1443,17.8,상주
2025-05-11,15.7,22.0,1424,20.8,신안
2025-05-11,16.6,21.1,1419,19.8,제주
2025-05-11,15.1,23.0,1525,19.2,창녕(밀양)
2025-05-11,10.0,14.6,1023,12.2,평창
2025-05-11,14.1,20.9,1633,18.0,포천(동두천)
2025-05-11,13.9,20.7,1535,16.6,해남
2025-05-12,16.4,24.0,1544,20.4,논산(부여)
2025-05-12,16.9,22.4,1451,19.1,무안(목포)
2025-05-12,17.7,25.3,1508,19.9,상주
2025-05-12,14.6,19.4,1501,19.2,신안
2025-05-12,17.8,22.0,948,23.3,제주
2025-05-12,16.6,26.6,1509,21.5,창녕(밀양)
2025-05-12,13.1,19.9,1424,14.4,평창
2025-05-12,15.7,23.4,1456,18.9,포천(동두천)
2025-05-12,15.6,22.8,1359,22.4,해남
2025-05-13,17.8,26.7,1245,21.0,논산(부여)
2025-05-13,19.1,24.7,1630,20.5,무안(목포)
2025-05-13,18.0,28.2,1347,20.3,상주
2025-05-13,15.3,20.9,1510,22.1,신안
2025-05-13,17.6,21.5,1439,24.1,제주
2025-05-13,18.4,28.1,1444,21.9,창녕(밀양)
2025-05-13,15.2,22.1,1534,12.1,평창
2025-05-13,18.1,26.1,1326,18.2,포천(동두천)
2025-05-13,17.4,24.9,1435,23.5,해남
2025-05-14,19.4,26.9,1403,22.1,논산(부여)
2025-05-14,19.7,24.0,1317,21.2,무안(목포)
2025-05-14,20.2,28.6,1454,23.7,상주
2025-05-14,16.7,20.7,1317,20.7,신안
2025-05-14,20.0,24.3,1323,24.5,제주
2025-05-14,19.4,27.2,1314,24.3,창녕(밀양)
2025-05-14,17.6,24.4,1410,16.9,평창
2025-05-14,19.3,26.7,1326,21.3,포천(동두천)
2025-05-14,18.2,23.1,1414,22.7,해남
2025-05-15,19.1,20.9,1301,20.8,논산(부여)
2025-05-15,19.7,20.5,1609,19.7,무안(목포)
2025-05-15,20.2,24.7,1731,20.8,상주
2025-05-15,16.1,17.4,1438,18.4,신안
2025-05-15,21.6,25.8,1544,25.5,제주
2025-05-15,20.2,22.4,1537,20.9,창녕(밀양)
2025-05-15,16.3,19.3,1527,15.8,평창
2025-05-15,18.4,23.4,1552,20.7,포천(동두천)
2025-05-15,19.6,21.1,352,20.4,해남
2025-05-16,19.8,24.1,1257,20.5,논산(부여)
2025-05-16,19.3,22.3,1109,19.7,무안(목포)
2025-05-16,19.1,22.5,1238,20.3,상주
2025-05-16,16.4,18.5,1246,16.9,신안
2025-05-16,21.6,23.2,2341,20.9,제주
2025-05-16,20.0,23.1,1159,21.5,창녕(밀양)
2025-05-16,17.3,21.6,1205,17.5,평창
2025-05-16,18.3,22.0,1041,19.6,포천(동두천)
2025-05-16,19.3,21.5,903,20.1,해남
2025-05-17,18.6,24.7,1457,23.0,논산(부여)
2025-05-17,17.1,20.9,1529,20.8,무안(목포)
2025-05-17,20.9,26.8,1549,24.2,상주
2025-05-17,15.7,18.9,1240,22.0,신안
2025-05-17,19.0,21.9,1436,23.6,제주
2025-05-17,22.0,28.5,1445,29.5,창녕(밀양)
2025-05-17,16.3,22.5,1527,19.3,평창
2025-05-17,17.3,24.1,1146,20.4,포천(동두천)
2025-05-17,17.8,22.3,1543,22.0,해남
2025-05-18,15.7,23.1,1505,20.0,논산(부여)
2025-05-18,15.6,20.0,1450,19.3,무안(목포)
2025-05-18,16.4,21.7,1359,19.8,상주
2025-05-18,13.4,17.2,1246,20.1,신안
2025-05-18,16.2,19.1,1245,23.3,제주
2025-05-18,19.5,26.4,1500,25.7,창녕(밀양)
2025-05-18,12.4,18.1,1337,15.3,평창
2025-05-18,15.0,21.4,1429,19.7,포천(동두천)
2025-05-18,16.7,22.4,1452,22.4,해남
2025-05-19,17.7,22.0,1820,19.5,논산(부여)
2025-05-19,18.9,23.9,1536,20.6,무안(목포)
2025-05-19,18.8,26.2,1400,24.5,상주
2025-05-19,15.0,19.3,1202,18.3,신안
2025-05-19,19.5,24.6,1459,26.9,제주
2025-05-19,20.3,27.1,1411,26.2,창녕(밀양)
2025-05-19,13.4,19.3,1330,15.8,평창
2025-05-19,14.9,21.1,1445,16.8,포천(동두천)
2025-05-19,18.9,23.9,1518,20.8,해남
2025-05-20,23.8,29.3,1445,24.7,논산(부여)
2025-05-20,21.8,25.4,1518,22.5,무안(목포)
2025-05-20,25.9,32.9,1641,32.4,상주
2025-05-20,16.8,19.3,1456,18.5,신안
2025-05-20,21.2,26.3,1312,29.3,제주
2025-05-20,24.2,30.3,1440,28.8,창녕(밀양)
2025-05-20,19.7,24.5,1709,20.4,평창
2025-05-20,20.1,24.7,1609,20.8,포천(동두천)
2025-05-20,22.3,26.5,1411,23.7,해남
2025-05-21,24.4,31.1,1436,26.2,논산(부여)
2025-05-21,22.4,25.2,1548,23.0,무안(목포)
2025-05-21,24.8,29.2,1150,31.2,상주
2025-05-21,17.8,21.9,1530,20.8,신안
2025-05-21,20.3,24.3,759,22.4,제주
2025-05-21,24.8,29.4,1305,28.7,창녕(밀양)
2025-05-21,17.1,23.7,1007,20.8,평창
2025-05-21,24.1,29.6,1309,25.9,포천(동두천)
2025-05-21,22.1,24.2,1350,23.0,해남
2025-05-22,21.1,23.4,1338,23.2,논산(부여)
2025-05-22,18.8,21.6,1255,21.9,무안(목포)
2025-05-22,19.3,25.5,958,22.6,상주
2025-05-22,16.5,19.8,1148,20.8,신안
2025-05-22,20.5,24.4,1238,23.5,제주
2025-05-22,19.7,24.1,1035,22.9,창녕(밀양)
2025-05-22,10.5,16.2,1610,15.6,평창
2025-05-22,21.8,28.1,1532,26.1,포천(동두천)
2025-05-22,20.2,26.4,1247,23.0,해남
2025-05-23,19.1,24.3,1535,21.6,논산(부여)
2025-05-23,18.7,20.6,1334,19.7,무안(목포)
2025-05-23,17.8,23.4,1359,22.4,상주
2025-05-23,14.6,15.9,1254,15.9,신안
2025-05-23,18.0,19.9,26,18.9,제주
2025-05-23,19.1,23.5,1417,23.1,창녕(밀양)
2025-05-23,9.1,13.0,1127,12.2,평창
2025-05-23,17.3,21.9,1402,19.4,포천(동두천)
2025-05-23,18.1,19.8,1252,19.5,해남
2025-05-24,16.0,18.1,1125,19.5,논산(부여)
2025-05-24,16.8,19.1,927,18.4,무안(목포)
2025-05-24,14.4,18.2,1029,17.9,상주
2025-05-24,14.5,17.1,1144,17.1,신안
2025-05-24,15.5,18.0,1516,17.3,제주
2025-05-24,15.3,17.6,1,15.7,창녕(밀양)
2025-05-24,7.2,8.1,1,9.8,평창
2025-05-24,15.0,18.8,1658,17.9,포천(동두천)
2025-05-24,17.1,21.8,1153,20.2,해남
2025-05-25,16.5,24.0,1515,23.2,논산(부여)
2025-05-25,16.4,20.6,1246,21.2,무안(목포)
2025-05-25,17.2,24.7,1545,22.6,상주
2025-05-25,15.9,19.9,1126,22.2,신안
2025-05-25,17.0,20.7,1542,22.4,제주
2025-05-25,17.5,26.1,1547,22.0,창녕(밀양)
2025-05-25,10.7,19.0,1532,15.0,평창
2025-05-25,15.9,23.4,1536,20.8,포천(동두천)
2025-05-25,17.0,23.4,1418,25.8,해남
2025-05-26,17.9,25.8,1532,25.1,논산(부여)
2025-05-26,18.4,22.8,1538,22.7,무안(목포)
2025-05-26,19.4,26.7,1612,24.9,상주
2025-05-26,19.2,24.4,1446,25.0,신안
2025-05-26,19.0,23.1,1506,25.5,제주
2025-05-26,19.1,27.1,1507,24.9,창녕(밀양)
2025-05-26,12.6,21.5,1224,16.9,평창
2025-05-26,18.1,26.2,1404,23.4,포천(동두천)
2025-05-26,17.9,24.7,1247,25.4,해남
2025-05-27,18.4,26.3,1528,25.0,논산(부여)
2025-05-27,19.0,24.0,1540,22.9,무안(목포)
2025-05-27,20.1,27.8,1516,26.6,상주
2025-05-27,19.7,23.7,1318,25.1,신안
2025-05-27,19.8,24.2,1623,27.2,제주
2025-05-27,19.7,28.6,1510,24.8,창녕(밀양)
2025-05-27,13.2,20.2,1115,16.8,평창
2025-05-27,19.3,26.8,1543,24.7,포천(동두천)
2025-05-27,18.6,26.3,1428,25.9,해남
2025-05-28,19.6,27.6,1551,23.7,논산(부여)
2025-05-28,19.9,26.9,1400,23.9,무안(목포)
2025-05-28,20.2,28.7,1545,26.5,상주
2025-05-28,19.2,24.6,1348,25.6,신안
2025-05-28,20.1,23.7,1240,26.8,제주
2025-05-28,19.8,28.7,1416,24.9,창녕(밀양)
2025-05-28,13.0,20.5,1043,15.7,평창
2025-05-28,19.5,26.7,1523,25.2,포천(동두천)
2025-05-28,19.4,29.1,1354,26.1,해남
2025-05-29,20.0,28.0,1456,25.3,논산(부여)
2025-05-29,19.8,24.4,1312,24.2,무안(목포)
2025-05-29,18.2,27.1,1436,23.2,상주
2025-05-29,18.3,23.4,1038,25.0,신안
2025-05-29,19.3,23.6,1642,28.3,제주
2025-05-29,19.0,29.0,1455,24.6,창녕(밀양)
2025-05-29,12.5,19.5,1128,19.0,평창
2025-05-29,20.2,27.6,1525,27.1,포천(동두천)
2025-05-29,19.8,27.8,1406,27.7,해남
2025-05-30,19.6,27.2,1600,24.7,논산(부여)
2025-05-30,19.0,23.3,1337,23.3,무안(목포)
2025-05-30,18.0,24.7,1626,21.6,상주
2025-05-30,18.3,22.4,1154,23.6,신안
2025-05-30,19.4,23.2,1658,28.7,제주
2025-05-30,19.8,27.2,1608,25.7,창녕(밀양)
2025-05-30,9.9,17.5,1246,15.2,평창
2025-05-30,20.4,27.8,1501,26.9,포천(동두천)
2025-05-30,19.1,25.8,1347,26.6,해남
2025-05-31,18.6,25.6,1434,23.8,논산(부여)
2025-05-31,18.5,23.1,1502,23.6,무안(목포)
2025-05-31,19.6,27.3,1530,27.8,상주
2025-05-31,17.3,22.0,1308,21.7,신안
2025-05-31,18.6,22.2,1336,25.6,제주
2025-05-31,20.3,28.5,1629,25.5,창녕(밀양)
2025-05-31,12.1,22.1,1122,15.8,평창
2025-05-31,19.6,26.5,1359,25.8,포천(동두천)
2025-05-31,18.4,24.6,1404,25.4,해남
2025-06-01,20.8,29.1,1455,27.4,논산(부여)
2025-06-01,19.9,26.0,1535,25.1,무안(목포)
2025-06-01,22.8,30.6,1534,29.6,상주
2025-06-01,18.6,23.6,1347,23.9,신안
2025-06-01,20.1,23.5,1730,30.0,제주
2025-06-01,22.2,31.0,1502,28.0,창녕(밀양)
2025-06-01,16.2,25.1,1126,20.3,평창
2025-06-01,21.3,29.4,1503,29.5,포천(동두천)
2025-06-01,19.9,28.5,1433,28.1,해남
2025-06-02,19.6,23.3,1441,23.8,논산(부여)
2025-06-02,17.6,19.3,903,19.9,무안(목포)
2025-06-02,20.3,24.2,1557,23.1,상주
2025-06-02,15.6,17.7,420,16.3,신안
2025-06-02,18.6,20.0,1325,20.4,제주
2025-06-02,19.7,23.4,1315,22.1,창녕(밀양)
2025-06-02,15.2,19.0,1122,16.8,평창
2025-06-02,18.7,21.3,1239,21.3,포천(동두천)
2025-06-02,17.3,19.3,826,19.4,해남
2025-06-03,19.7,26.0,1200,26.8,논산(부여)
2025-06-03,18.7,21.5,1147,23.1,무안(목포)
2025-06-03,21.6,27.9,1351,27.5,상주
2025-06-03,18.1,21.3,1259,22.7,신안
2025-06-03,19.1,22.4,1446,25.1,제주
2025-06-03,22.8,29.8,1615,28.2,창녕(밀양)
2025-06-03,16.2,21.9,1450,18.5,평창
2025-06-03,19.8,26.1,1200,28.3,포천(동두천)
2025-06-03,19.3,24.1,1429,26.4,해남
2025-06-04,19.5,27.3,1506,26.8,논산(부여)
2025-06-04,19.9,25.1,1540,24.5,무안(목포)
2025-06-04,21.6,28.1,1404,29.1,상주
2025-06-04,20.0,24.9,1222,24.5,신안
2025-06-04,21.8,27.9,1054,26.1,제주
2025-06-04,22.0,30.4,1409,26.3,창녕(밀양)
2025-06-04,15.0,20.8,1340,17.0,평창
2025-06-04,18.8,26.2,1446,25.2,포천(동두천)
2025-06-04,19.5,26.6,1533,27.2,해남
2025-06-05,19.2,27.4,1528,26.9,논산(부여)
2025-06-05,21.1,26.6,1609,24.5,무안(목포)
2025-06-05,21.9,28.5,1520,31.4,상주
2025-06-05,19.6,24.0,1209,25.1,신안
2025-06-05,21.2,25.0,1519,29.0,제주
2025-06-05,22.7,31.1,1546,27.9,창녕(밀양)
2025-06-05,17.2,23.3,1459,20.0,평창
2025-06-05,19.9,27.4,1349,28.1,포천(동두천)
2025-06-05,19.8,28.1,1317,26.0,해남
2025-06-06,21.5,29.8,1306,26.2,논산(부여)
2025-06-06,21.7,24.8,1051,22.7,무안(목포)
2025-06-06,22.5,31.6,1431,29.6,상주
2025-06-06,18.5,21.9,1047,21.4,신안
2025-06-06,22.6,26.5,1249,26.8,제주
2025-06-06,21.7,29.8,1431,24.3,창녕(밀양)
2025-06-06,20.0,26.2,1420,22.2,평창
2025-06-06,22.1,29.7,1252,30.1,포천(동두천)
2025-06-06,21.0,27.0,1154,24.3,해남
2025-06-07,22.5,30.0,1408,30.1,논산(부여)
2025-06-07,23.1,27.9,1312,27.6,무안(목포)
2025-06-07,24.0,32.2,1508,30.5,상주
2025-06-07,20.1,24.2,1324,24.9,신안
2025-06-07,22.4,25.2,1623,26.6,제주
2025-06-07,23.2,31.5,1350,29.2,창녕(밀양)
2025-06-07,19.9,25.7,1401,24.2,평창
2025-06-07,21.3,27.5,1545,26.7,포천(동두천)
2025-06-07,22.7,29.3,1422,30.8,해남
2025-06-08,24.7,30.0,1400,31.8,논산(부여)
2025-06-08,23.5,28.7,1549,29.3,무안(목포)
2025-06-08,26.0,31.0,1459,34.5,상주
2025-06-08,20.5,26.6,1452,25.2,신안
2025-06-08,21.8,24.1,1449,23.7,제주
2025-06-08,25.0,31.5,1656,28.9,창녕(밀양)
2025-06-08,18.4,23.8,1009,24.4,평창
2025-06-08,23.9,30.2,1622,31.7,포천(동두천)
2025-06-08,23.4,30.0,1416,29.5,해남
2025-06-09,24.3,30.8,1605,31.7,논산(부여)
2025-06-09,23.0,27.1,1631,27.6,무안(목포)
2025-06-09,26.5,32.2,1522,35.1,상주
2025-06-09,20.7,26.1,1535,26.5,신안
2025-06-09,21.9,25.0,1208,25.7,제주
2025-06-09,24.5,30.7,1321,28.4,창녕(밀양)
2025-06-09,20.5,28.2,1541,24.9,평창
2025-06-09,23.4,30.2,1510,33.6,포천(동두천)
2025-06-09,22.4,28.3,1657,27.0,해남
2025-06-10,21.9,27.5,1205,30.4,논산(부여)
2025-06-10,21.5,25.8,1348,27.6,무안(목포)
2025-06-10,24.9,31.4,1245,31.9,상주
2025-06-10,19.5,24.3,1332,23.3,신안
2025-06-10,20.5,22.7,1232,24.9,제주
2025-06-10,25.9,33.6,1334,30.0,창녕(밀양)
2025-06-10,19.4,24.4,1403,22.5,평창
2025-06-10,20.9,26.4,1559,29.4,포천(동두천)
2025-06-10,22.3,28.3,1103,27.9,해남
2025-06-11,21.7,30.6,1526,31.0,논산(부여)
2025-06-11,21.6,26.5,1512,28.0,무안(목포)
2025-06-11,24.2,31.0,1528,33.8,상주
2025-06-11,20.0,23.7,1142,27.1,신안
2025-06-11,21.6,24.5,1545,31.7,제주
2025-06-11,26.0,33.0,1644,30.7,창녕(밀양)
2025-06-11,17.5,25.0,1516,24.7,평창
2025-06-11,21.5,29.1,1403,31.7,포천(동두천)
2025-06-11,22.9,29.2,1430,34.0,해남
2025-06-12,23.4,31.9,1535,32.5,논산(부여)
2025-06-12,23.0,28.4,1438,31.3,무안(목포)
2025-06-12,24.3,31.6,1442,32.6,상주
2025-06-12,20.7,26.6,1453,28.0,신안
2025-06-12,20.9,22.7,1136,22.6,제주
2025-06-12,23.8,30.2,1412,26.3,창녕(밀양)
2025-06-12,17.4,23.8,1413,26.6,평창
2025-06-12,24.1,32.4,1418,34.3,포천(동두천)
2025-06-12,21.8,27.2,1413,27.5,해남
2025-06-13,20.3,24.4,1234,23.4,논산(부여)
2025-06-13,20.7,22.9,1337,22.1,무안(목포)
2025-06-13,19.8,24.7,1438,24.8,상주
2025-06-13,18.2,20.1,2040,18.5,신안
2025-06-13,23.5,28.1,1512,28.1,제주
2025-06-13,20.6,24.0,1240,22.3,창녕(밀양)
2025-06-13,19.0,27.5,1333,24.5,평창
2025-06-13,23.0,29.2,1150,30.2,포천(동두천)
2025-06-13,21.0,22.8,1327,22.3,해남
2025-06-14,23.5,29.3,1608,25.2,논산(부여)
2025-06-14,22.5,26.3,1619,24.1,무안(목포)
2025-06-14,22.3,29.1,1617,23.9,상주
2025-06-14,20.3,22.4,1509,25.0,신안
2025-06-14,24.1,28.5,1115,25.6,제주
2025-06-14,22.7,27.4,1706,24.2,창녕(밀양)
2025-06-14,18.7,25.4,1439,22.9,평창
2025-06-14,25.0,32.4,1559,33.7,포천(동두천)
2025-06-14,23.4,26.7,1654,23.9,해남
2025-06-15,24.8,31.6,1457,27.9,논산(부여)
2025-06-15,23.1,27.5,1401,27.8,무안(목포)
2025-06-15,26.9,32.0,1314,32.7,상주
2025-06-15,19.5,22.4,2328,21.5,신안
2025-06-15,22.9,26.7,1543,26.3,제주
2025-06-15,25.8,31.5,1351,29.2,창녕(밀양)
2025-06-15,21.5,28.6,1555,23.8,평창
2025-06-15,24.9,32.1,1336,32.8,포천(동두천)
2025-06-15,24.0,29.6,1411,26.0,해남
2025-06-16,23.3,26.0,1530,25.5,논산(부여)
2025-06-16,22.9,25.8,1507,25.3,무안(목포)
2025-06-16,24.4,29.7,1550,26.8,상주
2025-06-16,21.4,26.3,1359,23.9,신안
2025-06-16,24.4,28.6,1707,24.5,제주
2025-06-16,24.4,27.5,1735,23.9,창녕(밀양)
2025-06-16,20.3,23.8,1432,21.3,평창
2025-06-16,22.2,27.0,1231,24.2,포천(동두천)
2025-06-16,22.7,26.0,1318,24.2,해남
2025-06-17,23.8,29.6,1539,26.3,논산(부여)
2025-06-17,23.4,27.5,1409,25.8,무안(목포)
2025-06-17,24.6,30.0,1541,27.0,상주
2025-06-17,20.7,24.6,1727,26.1,신안
2025-06-17,25.5,33.0,1337,28.4,제주
2025-06-17,25.0,29.9,1547,28.1,창녕(밀양)
2025-06-17,19.1,24.4,1434,20.5,평창
2025-06-17,23.6,29.4,1438,27.4,포천(동두천)
2025-06-17,23.6,27.3,1456,25.7,해남
2025-06-18,24.1,31.0,1551,27.5,논산(부여)
2025-06-18,23.9,29.8,1627,29.3,무안(목포)
2025-06-18,25.8,31.4,1444,30.3,상주
2025-06-18,20.2,24.0,1336,25.4,신안
2025-06-18,22.2,25.6,1146,30.0,제주
2025-06-18,26.4,33.3,1542,32.5,창녕(밀양)
2025-06-18,20.8,27.2,1320,23.2,평창
2025-06-18,23.7,30.1,1358,27.3,포천(동두천)
2025-06-18,23.2,30.5,1438,27.7,해남
2025-06-19,25.2,31.5,1332,26.6,논산(부여)
2025-06-19,25.0,29.7,1608,29.1,무안(목포)
2025-06-19,25.9,32.5,1429,31.5,상주
2025-06-19,21.0,23.9,1429,23.2,신안
2025-06-19,25.9,30.8,1458,32.9,제주
2025-06-19,26.8,33.6,1420,30.2,창녕(밀양)
2025-06-19,24.0,31.8,1450,27.4,평창
2025-06-19,25.8,32.7,1501,29.6,포천(동두천)
2025-06-19,23.8,28.2,1421,27.4,해남
2025-06-20,24.5,26.2,1,25.2,논산(부여)
2025-06-20,25.0,26.8,1221,24.8,무안(목포)
2025-06-20,24.2,26.0,1530,25.7,상주
2025-06-20,20.3,23.0,1627,20.9,신안
2025-06-20,28.1,30.7,1110,29.5,제주
2025-06-20,26.7,29.0,1106,28.4,창녕(밀양)
2025-06-20,21.6,23.2,1318,21.2,평창
2025-06-20,22.7,26.6,18,23.7,포천(동두천)
2025-06-20,25.8,29.6,1208,25.6,해남
2025-06-21,20.9,24.3,32,23.2,논산(부여)
2025-06-21,22.0,25.1,338,22.6,무안(목포)
2025-06-21,21.1,24.2,907,23.7,상주
2025-06-21,20.0,23.8,308,21.0,신안
2025-06-21,28.0,31.9,1238,30.9,제주
2025-06-21,24.4,26.6,1134,24.2,창녕(밀양)
2025-06-21,18.8,20.4,1128,19.8,평창
2025-06-21,21.5,23.7,1529,23.8,포천(동두천)
2025-06-21,22.8,25.1,1,24.0,해남
2025-06-22,21.9,28.8,1603,26.3,논산(부여)
2025-06-22,21.4,24.5,1753,24.9,무안(목포)
2025-06-22,22.7,29.3,1631,26.9,상주
2025-06-22,20.3,23.6,1442,29.7,신안
2025-06-22,22.6,25.4,1512,24.5,제주
2025-06-22,22.6,29.0,1339,25.5,창녕(밀양)
2025-06-22,18.9,25.3,1440,21.2,평창
2025-06-22,22.3,28.7,1424,26.7,포천(동두천)
2025-06-22,22.4,27.0,1406,25.2,해남
2025-06-23,23.9,31.4,1605,27.3,논산(부여)
2025-06-23,23.7,29.0,1517,26.0,무안(목포)
2025-06-23,24.8,30.8,1645,29.6,상주
2025-06-23,20.6,25.2,1546,26.6,신안
2025-06-23,23.7,27.6,1718,28.6,제주
2025-06-23,24.7,32.5,1521,29.7,창녕(밀양)
2025-06-23,18.6,25.8,1403,23.3,평창
2025-06-23,24.0,31.7,1459,28.1,포천(동두천)
2025-06-23,23.2,30.8,1334,26.6,해남
2025-06-24,21.5,26.2,1212,23.7,논산(부여)
2025-06-24,21.4,23.3,1831,22.4,무안(목포)
2025-06-24,20.1,25.4,1204,23.5,상주
2025-06-24,18.9,21.3,552,18.8,신안
2025-06-24,23.6,26.1,1224,27.0,제주
2025-06-24,20.6,22.8,1055,22.1,창녕(밀양)
2025-06-24,16.9,22.5,1056,20.5,평창
2025-06-24,22.5,26.8,1306,24.5,포천(동두천)
2025-06-24,21.8,24.1,1408,23.3,해남
2025-06-25,20.9,22.7,1507,22.7,논산(부여)
2025-06-25,21.4,24.8,1657,25.4,무안(목포)
2025-06-25,21.1,25.4,1541,24.0,상주
2025-06-25,21.2,25.5,1433,26.8,신안
2025-06-25,24.2,28.0,1627,30.8,제주
2025-06-25,23.7,28.4,1453,26.6,창녕(밀양)
2025-06-25,16.4,18.2,1335,19.5,평창
2025-06-25,19.5,21.2,332,22.9,포천(동두천)
2025-06-25,22.5,26.2,1344,26.7,해남
2025-06-26,22.7,27.8,1445,25.5,논산(부여)
2025-06-26,22.9,27.0,1458,26.4,무안(목포)
2025-06-26,23.1,27.4,1459,26.7,상주
2025-06-26,21.4,25.0,1338,27.4,신안
2025-06-26,24.7,27.8,1421,33.4,제주
2025-06-26,26.1,33.0,1440,30.5,창녕(밀양)
2025-06-26,18.9,23.3,1350,21.8,평창
2025-06-26,21.1,24.3,1441,24.2,포천(동두천)
2025-06-26,23.2,28.7,1451,29.5,해남
2025-06-27,25.1,30.3,1646,28.2,논산(부여)
2025-06-27,25.6,30.8,1552,27.8,무안(목포)
2025-06-27,25.5,31.2,1602,31.1,상주
2025-06-27,20.8,23.6,1403,23.5,신안
2025-06-27,26.1,29.8,1414,35.5,제주
2025-06-27,28.2,34.7,1512,32.9,창녕(밀양)
2025-06-27,21.4,27.0,1138,22.7,평창
2025-06-27,23.5,27.8,1601,25.9,포천(동두천)
2025-06-27,25.7,30.8,1500,32.0,해남
2025-06-28,26.7,31.8,1544,29.6,논산(부여)
2025-06-28,26.8,30.1,1320,28.6,무안(목포)
2025-06-28,26.6,32.8,1505,32.0,상주
2025-06-28,22.0,24.5,1139,25.3,신안
2025-06-28,26.7,29.3,944,37.4,제주
2025-06-28,29.8,36.9,1500,35.3,창녕(밀양)
2025-06-28,21.4,27.7,1341,22.5,평창
2025-06-28,23.6,24.9,1340,25.0,포천(동두천)
2025-06-28,26.8,30.6,1258,30.6,해남
2025-06-29,27.3,31.7,1321,31.6,논산(부여)
2025-06-29,27.3,30.6,1604,29.4,무안(목포)
2025-06-29,28.3,34.0,1537,32.8,상주
2025-06-29,22.5,24.4,1110,25.0,신안
2025-06-29,26.9,30.6,1529,38.1,제주
2025-06-29,29.9,36.6,1517,34.1,창녕(밀양)
2025-06-29,24.3,29.3,1534,25.8,평창
2025-06-29,25.1,27.8,1739,26.4,포천(동두천)
2025-06-29,27.3,31.3,1240,33.9,해남
2025-06-30,27.4,32.7,1524,31.2,논산(부여)
2025-06-30,28.1,31.7,1413,30.6,무안(목포)
2025-06-30,29.6,34.4,1459,34.5,상주
2025-06-30,24.4,29.1,1455,30.1,신안
2025-06-30,27.3,30.4,1509,38.6,제주
2025-06-30,29.9,35.6,1340,35.5,창녕(밀양)
2025-06-30,24.3,28.2,1346,24.2,평창
2025-06-30,26.5,30.7,1555,28.3,포천(동두천)
2025-06-30,28.1,33.6,1435,36.1,해남
2025-07-01,27.5,32.6,1350,31.6,논산(부여)
2025-07-01,28.6,32.0,1634,30.4,무안(목포)
2025-07-01,29.1,34.0,1513,33.6,상주
2025-07-01,24.2,27.4,1224,29.8,신안
2025-07-01,28.4,31.2,958,39.0,제주
2025-07-01,30.3,36.2,1650,34.5,창녕(밀양)
2025-07-01,24.4,27.8,1351,24.5,평창
2025-07-01,27.3,31.2,1447,29.7,포천(동두천)
2025-07-01,28.3,32.9,1513,35.2,해남
2025-07-02,27.9,32.5,1348,31.9,논산(부여)
2025-07-02,28.1,31.3,1408,32.1,무안(목포)
2025-07-02,29.4,34.4,1443,35.7,상주
2025-07-02,24.0,27.6,1432,30.2,신안
2025-07-02,28.2,31.1,1608,39.4,제주
2025-07-02,32.0,38.3,1543,36.5,창녕(밀양)
2025-07-02,24.0,27.3,1603,22.9,평창
2025-07-02,27.2,30.6,1210,29.0,포천(동두천)
2025-07-02,28.3,32.6,1524,37.0,해남
2025-07-03,27.5,32.1,1537,32.5,논산(부여)
2025-07-03,27.7,31.0,1427,32.2,무안(목포)
2025-07-03,28.9,32.9,1446,35.1,상주
2025-07-03,24.9,30.7,1312,31.6,신안
2025-07-03,28.1,30.4,1416,36.8,제주
2025-07-03,30.8,37.1,1423,35.0,창녕(밀양)
2025-07-03,23.8,26.2,1502,23.9,평창
2025-07-03,26.8,30.6,1508,29.6,포천(동두천)
2025-07-03,27.9,31.9,1358,37.2,해남
2025-07-04,26.8,30.4,1539,30.3,논산(부여)
2025-07-04,27.4,30.5,1216,31.6,무안(목포)
2025-07-04,27.9,31.3,1159,34.3,상주
2025-07-04,24.4,28.3,1424,30.0,신안
2025-07-04,28.2,31.2,1430,36.1,제주
2025-07-04,30.0,36.2,1508,35.4,창녕(밀양)
2025-07-04,21.6,23.3,1538,21.0,평창
2025-07-04,25.2,26.2,948,26.6,포천(동두천)
2025-07-04,27.4,30.8,1447,34.2,해남
2025-07-05,27.5,31.7,1440,33.0,논산(부여)
2025-07-05,28.0,31.2,1421,32.5,무안(목포)
2025-07-05,28.6,33.0,1423,35.8,상주
2025-07-05,25.4,30.5,1359,29.0,신안
2025-07-05,29.1,34.1,1623,38.1,제주
2025-07-05,30.3,37.0,1555,35.1,창녕(밀양)
2025-07-05,23.0,26.6,1547,24.9,평창
2025-07-05,26.6,30.4,1636,28.6,포천(동두천)
2025-07-05,28.1,31.3,1304,35.9,해남
2025-07-06,27.9,31.7,1302,31.8,논산(부여)
2025-07-06,28.2,31.2,1438,33.7,무안(목포)
2025-07-06,28.8,33.0,1450,34.8,상주
2025-07-06,26.9,31.0,1155,32.1,신안
2025-07-06,30.1,33.7,1039,37.9,제주
2025-07-06,30.9,37.5,1601,35.0,창녕(밀양)
2025-07-06,24.4,29.1,1513,27.1,평창
2025-07-06,27.0,30.9,1605,29.1,포천(동두천)
2025-07-06,28.2,32.5,1324,37.3,해남
2025-07-07,28.8,34.6,1601,34.3,논산(부여)
2025-07-07,27.9,31.9,1533,34.4,무안(목포)
2025-07-07,30.8,36.0,1509,39.2,상주
2025-07-07,26.8,30.8,1427,33.9,신안
2025-07-07,29.0,31.6,1159,37.5,제주
2025-07-07,31.6,39.2,1345,35.6,창녕(밀양)
2025-07-07,24.4,29.5,1144,29.5,평창
2025-07-07,28.2,32.5,1440,31.9,포천(동두천)
2025-07-07,28.6,34.2,1353,36.2,해남
2025-07-08,30.1,36.3,1401,36.3,논산(부여)
2025-07-08,29.6,34.3,1526,33.0,무안(목포)
2025-07-08,29.7,34.5,1417,38.0,상주
2025-07-08,26.7,30.2,1352,32.4,신안
2025-07-08,28.5,32.4,1341,36.8,제주
2025-07-08,30.2,35.0,1424,34.1,창녕(밀양)
2025-07-08,22.0,26.1,1348,28.3,평창
2025-07-08,30.0,35.3,1411,35.5,포천(동두천)
2025-07-08,28.8,33.7,1419,37.0,해남
2025-07-09,30.1,35.9,1502,36.5,논산(부여)
2025-07-09,29.3,34.7,1512,34.9,무안(목포)
2025-07-09,29.2,34.9,1616,38.6,상주
2025-07-09,27.2,31.8,1211,35.5,신안
2025-07-09,27.3,29.6,1639,31.8,제주
2025-07-09,29.8,36.5,1535,33.8,창녕(밀양)
2025-07-09,21.6,26.3,1416,28.4,평창
2025-07-09,29.6,34.8,1607,37.1,포천(동두천)
2025-07-09,28.1,34.7,1347,37.2,해남
2025-07-10,29.5,34.9,1455,35.7,논산(부여)
2025-07-10,29.0,33.8,1252,32.7,무안(목포)
2025-07-10,27.6,35.2,1540,36.2,상주
2025-07-10,27.2,31.3,1541,35.6,신안
2025-07-10,26.5,28.1,1645,31.3,제주
2025-07-10,28.9,33.1,1507,33.9,창녕(밀양)
2025-07-10,19.4,24.8,1135,27.7,평창
2025-07-10,28.8,34.4,1414,37.3,포천(동두천)
2025-07-10,28.6,34.2,1433,36.4,해남
2025-07-11,29.2,34.5,1630,36.1,논산(부여)
2025-07-11,29.0,34.3,1438,33.4,무안(목포)
2025-07-11,27.7,34.3,1419,37.7,상주
2025-07-11,26.8,31.1,1626,36.0,신안
2025-07-11,25.6,26.2,1634,27.7,제주
2025-07-11,28.2,32.8,1504,32.5,창녕(밀양)
2025-07-11,19.4,24.2,1308,28.0,평창
2025-07-11,27.5,33.7,1530,36.8,포천(동두천)
2025-07-11,28.7,34.4,1342,36.9,해남
2025-07-12,27.7,34.5,1551,35.6,논산(부여)
2025-07-12,27.6,31.8,1331,34.5,무안(목포)
2025-07-12,26.1,33.3,1552,36.2,상주
2025-07-12,26.4,30.7,1300,33.8,신안
2025-07-12,24.8,25.3,1659,26.1,제주
2025-07-12,29.0,34.8,1533,33.7,창녕(밀양)
2025-07-12,21.1,28.5,1532,30.3,평창
2025-07-12,27.4,34.6,1458,38.0,포천(동두천)
2025-07-12,27.1,33.1,1245,34.4,해남
2025-07-13,24.2,28.5,1124,28.3,논산(부여)
2025-07-13,23.8,25.8,909,26.5,무안(목포)
2025-07-13,24.7,31.8,1121,30.9,상주
2025-07-13,24.6,26.8,1022,25.5,신안
2025-07-13,23.4,24.7,30,24.2,제주
2025-07-13,26.6,33.7,1119,30.8,창녕(밀양)
2025-07-13,21.4,29.9,1301,26.8,평창
2025-07-13,25.3,30.2,1234,31.2,포천(동두천)
2025-07-13,23.3,25.6,845,25.9,해남
2025-07-14,22.7,29.8,1232,26.1,논산(부여)
2025-07-14,25.0,27.9,1252,26.6,무안(목포)
2025-07-14,23.0,30.3,1544,28.3,상주
2025-07-14,25.2,28.8,1024,31.1,신안
2025-07-14,26.4,30.3,1548,28.3,제주
2025-07-14,25.1,32.9,1634,30.3,창녕(밀양)
2025-07-14,16.8,19.1,1432,21.2,평창
2025-07-14,21.8,24.5,844,25.6,포천(동두천)
2025-07-14,25.0,29.5,1223,27.9,해남
2025-07-15,23.4,27.4,1722,25.4,논산(부여)
2025-07-15,25.1,28.7,1620,27.8,무안(목포)
2025-07-15,22.3,24.5,1623,25.0,상주
2025-07-15,25.9,30.5,1515,33.9,신안
2025-07-15,27.3,31.2,1514,31.8,제주
2025-07-15,24.1,29.3,1300,26.0,창녕(밀양)
2025-07-15,17.9,21.8,1717,19.9,평창
2025-07-15,21.8,25.8,1627,25.6,포천(동두천)
2025-07-15,25.2,29.6,1559,27.4,해남
2025-07-16,22.5,24.5,934,24.0,논산(부여)
2025-07-16,25.5,27.1,2334,25.8,무안(목포)
2025-07-16,21.8,24.0,1453,23.8,상주
2025-07-16,23.3,24.5,1147,23.4,신안
2025-07-16,28.1,30.9,1649,28.7,제주
2025-07-16,24.0,27.0,815,24.6,창녕(밀양)
2025-07-16,19.2,22.0,1149,20.7,평창
2025-07-16,21.8,24.4,811,23.6,포천(동두천)
2025-07-16,25.6,27.7,2254,26.4,해남
2025-07-17,23.1,25.4,629,23.2,논산(부여)
2025-07-17,25.7,27.9,347,25.8,무안(목포)
2025-07-17,21.8,23.0,940,22.7,상주
2025-07-17,25.2,29.3,1155,26.7,신안
2025-07-17,30.5,34.0,1500,32.2,제주
2025-07-17,22.9,24.7,1523,23.4,창녕(밀양)
2025-07-17,18.6,20.3,34,19.7,평창
2025-07-17,23.0,25.3,1202,24.0,포천(동두천)
2025-07-17,27.4,29.5,857,27.1,해남
2025-07-18,24.7,28.6,1403,26.6,논산(부여)
2025-07-18,24.8,29.2,1239,25.8,무안(목포)
2025-07-18,24.5,30.5,1416,28.3,상주
2025-07-18,22.5,26.2,944,22.8,신안
2025-07-18,27.3,33.4,1204,28.1,제주
2025-07-18,24.9,29.7,1342,26.5,창녕(밀양)
2025-07-18,21.6,24.8,1417,23.8,평창
2025-07-18,23.2,25.7,1553,25.5,포천(동두천)
2025-07-18,25.6,29.6,1437,27.9,해남
2025-07-19,25.1,28.0,1652,25.7,논산(부여)
2025-07-19,26.9,29.9,1340,28.0,무안(목포)
2025-07-19,22.8,24.8,1600,24.0,상주
2025-07-19,25.3,29.1,1330,26.0,신안
2025-07-19,29.2,32.5,1556,28.6,제주
2025-07-19,22.6,24.0,519,23.0,창녕(밀양)
2025-07-19,20.5,25.3,1504,23.1,평창
2025-07-19,23.3,27.2,1616,25.4,포천(동두천)
2025-07-19,28.0,31.3,1316,28.3,해남
2025-07-20,27.3,33.0,1612,29.3,논산(부여)
2025-07-20,28.0,30.9,1547,29.2,무안(목포)
2025-07-20,24.9,29.8,1549,27.1,상주
2025-07-20,26.3,29.2,1218,32.7,신안
2025-07-20,29.7,33.2,1543,31.1,제주
2025-07-20,26.8,33.0,1435,29.6,창녕(밀양)
2025-07-20,22.8,27.3,1520,24.7,평창
2025-07-20,25.8,31.1,1547,27.5,포천(동두천)
2025-07-20,27.7,30.7,1322,29.7,해남
2025-07-21,27.9,32.8,1420,30.5,논산(부여)
2025-07-21,28.0,31.4,1147,28.5,무안(목포)
2025-07-21,27.1,33.2,1403,29.0,상주
2025-07-21,27.6,32.3,1518,32.5,신안
2025-07-21,29.5,32.1,1437,34.6,제주
2025-07-21,26.8,30.7,1717,29.3,창녕(밀양)
2025-07-21,24.1,28.1,1620,25.9,평창
2025-07-21,26.8,31.2,1458,29.8,포천(동두천)
2025-07-21,28.2,32.3,1214,30.5,해남
2025-07-22,27.8,33.1,1344,31.9,논산(부여)
2025-07-22,28.5,32.2,1553,30.4,무안(목포)
2025-07-22,28.4,33.8,1453,31.1,상주
2025-07-22,27.3,31.1,1353,32.9,신안
2025-07-22,29.8,34.7,1557,34.4,제주
2025-07-22,29.5,35.5,1527,33.1,창녕(밀양)
2025-07-22,24.0,28.8,1512,26.4,평창
2025-07-22,26.6,31.6,1405,30.8,포천(동두천)
2025-07-22,27.7,32.0,1438,30.6,해남
2025-07-23,28.3,34.5,1653,33.3,논산(부여)
2025-07-23,28.1,32.0,1700,29.7,무안(목포)
2025-07-23,28.4,34.0,1409,30.8,상주
2025-07-23,27.6,32.2,1501,33.6,신안
2025-07-23,29.0,31.5,1400,36.0,제주
2025-07-23,29.9,36.3,1510,34.3,창녕(밀양)
2025-07-23,24.0,30.0,1539,28.3,평창
2025-07-23,26.9,32.7,1319,31.3,포천(동두천)
2025-07-23,27.4,33.8,1440,32.5,해남
2025-07-24,28.9,34.8,1646,34.5,논산(부여)
2025-07-24,28.3,32.8,1512,30.9,무안(목포)
2025-07-24,28.8,34.5,1459,33.3,상주
2025-07-24,27.5,31.4,1546,34.2,신안
2025-07-24,29.0,31.9,1415,36.5,제주
2025-07-24,29.5,36.8,1537,33.1,창녕(밀양)
2025-07-24,24.2,30.8,1251,28.5,평창
2025-07-24,27.2,33.0,1539,31.0,포천(동두천)
2025-07-24,27.9,34.3,1449,33.0,해남
2025-07-25,29.5,35.7,1620,35.6,논산(부여)
2025-07-25,29.1,33.8,1257,29.4,무안(목포)
2025-07-25,28.5,34.6,1532,33.1,상주
2025-07-25,27.9,32.2,1325,34.0,신안
2025-07-25,28.8,31.9,1549,35.0,제주
2025-07-25,29.3,35.2,1614,33.2,창녕(밀양)
2025-07-25,24.7,32.0,1401,29.8,평창
2025-07-25,28.2,34.0,1249,33.0,포천(동두천)
2025-07-25,28.6,34.0,1334,33.5,해남
2025-07-26,29.4,35.5,1550,34.7,논산(부여)
2025-07-26,29.9,34.8,1420,30.9,무안(목포)
2025-07-26,28.7,34.4,1458,35.5,상주
2025-07-26,28.2,32.3,1406,35.0,신안
2025-07-26,28.8,30.8,1357,35.9,제주
2025-07-26,29.6,35.5,1620,31.9,창녕(밀양)
2025-07-26,24.8,33.1,1519,30.8,평창
2025-07-26,28.9,34.7,1428,34.9,포천(동두천)
2025-07-26,29.7,34.6,1334,34.9,해남
2025-07-27,30.1,36.0,1505,36.5,논산(부여)
2025-07-27,30.3,35.0,1603,31.7,무안(목포)
2025-07-27,29.3,34.8,1638,36.3,상주
2025-07-27,28.4,32.0,1518,35.6,신안
2025-07-27,28.3,30.8,1712,34.1,제주
2025-07-27,29.8,35.7,1552,34.0,창녕(밀양)
2025-07-27,25.6,33.2,1622,31.4,평창
2025-07-27,29.8,35.5,1457,37.3,포천(동두천)
2025-07-27,29.8,34.4,1442,35.7,해남
2025-07-28,29.7,35.4,1317,33.2,논산(부여)
2025-07-28,29.5,33.6,1428,33.2,무안(목포)
2025-07-28,29.4,36.0,1611,34.0,상주
2025-07-28,28.6,33.6,1451,34.1,신안
2025-07-28,29.3,33.5,1032,37.3,제주
2025-07-28,29.9,37.8,1549,35.0,창녕(밀양)
2025-07-28,24.9,32.8,1302,32.1,평창
2025-07-28,29.1,34.5,1517,37.6,포천(동두천)
2025-07-28,28.9,35.4,1501,35.4,해남
2025-07-29,29.7,35.9,1603,35.7,논산(부여)
2025-07-29,29.3,34.7,1513,32.6,무안(목포)
2025-07-29,29.5,35.2,1506,36.9,상주
2025-07-29,28.1,33.0,1551,34.5,신안
2025-07-29,29.7,34.5,1413,37.4,제주
2025-07-29,29.6,37.0,1503,33.9,창녕(밀양)
2025-07-29,24.3,31.2,1057,31.8,평창
2025-07-29,29.2,35.0,1431,37.4,포천(동두천)
2025-07-29,28.4,34.2,1303,34.6,해남
2025-07-30,29.5,35.1,1533,36.3,논산(부여)
2025-07-30,28.8,33.5,1448,31.3,무안(목포)
2025-07-30,28.7,34.9,1538,36.2,상주
2025-07-30,26.6,30.8,1355,29.6,신안
2025-07-30,29.0,30.5,1102,30.4,제주
2025-07-30,29.0,36.3,1334,31.7,창녕(밀양)
2025-07-30,24.0,28.9,1438,29.9,평창
2025-07-30,29.0,34.3,1426,34.6,포천(동두천)
2025-07-30,28.1,32.9,1138,32.3,해남
2025-07-31,29.2,35.3,1501,37.5,논산(부여)
2025-07-31,29.4,33.2,1634,32.1,무안(목포)
2025-07-31,28.8,34.6,1545,36.3,상주
2025-07-31,27.2,31.1,1532,33.0,신안
2025-07-31,30.3,34.1,1421,37.3,제주
2025-07-31,29.3,36.6,1443,32.5,창녕(밀양)
2025-07-31,23.2,30.5,1420,28.8,평창
2025-07-31,28.5,32.7,1320,33.7,포천(동두천)
2025-07-31,28.7,33.1,1300,35.6,해남
2025-08-01,29.2,35.9,1611,37.6,논산(부여)
2025-08-01,29.3,34.0,1546,33.7,무안(목포)
2025-08-01,29.1,35.2,1543,35.4,상주
2025-08-01,28.0,34.2,1421,32.7,신안
2025-08-01,30.0,34.4,1704,36.7,제주
2025-08-01,30.7,38.4,1635,35.7,창녕(밀양)
2025-08-01,23.0,28.7,1133,30.5,평창
2025-08-01,28.2,33.9,1351,34.0,포천(동두천)
2025-08-01,29.2,35.8,1522,34.8,해남
2025-08-02,29.7,36.1,1441,35.6,논산(부여)
2025-08-02,29.0,32.9,1426,32.9,무안(목포)
2025-08-02,29.8,35.7,1336,33.7,상주
2025-08-02,29.6,34.6,1140,35.0,신안
2025-08-02,29.9,32.6,1454,37.6,제주
2025-08-02,30.9,38.7,1513,35.5,창녕(밀양)
2025-08-02,24.8,30.9,1521,31.9,평창
2025-08-02,28.4,34.2,1611,36.8,포천(동두천)
2025-08-02,28.2,34.5,1310,33.4,해남
2025-08-03,26.4,29.9,1137,29.1,논산(부여)
2025-08-03,28.0,29.8,1404,29.2,무안(목포)
2025-08-03,26.9,30.7,1411,30.3,상주
2025-08-03,27.1,27.9,1719,26.5,신안
2025-08-03,29.5,31.5,1454,30.0,제주
2025-08-03,29.3,34.1,1341,31.0,창녕(밀양)
2025-08-03,23.7,28.2,1452,27.3,평창
2025-08-03,26.6,31.8,1323,30.9,포천(동두천)
2025-08-03,27.9,30.6,1312,29.6,해남
2025-08-04,27.9,31.9,1308,29.6,논산(부여)
2025-08-04,27.6,29.6,1213,28.7,무안(목포)
2025-08-04,27.3,33.4,1434,28.8,상주
2025-08-04,28.1,31.9,1257,31.0,신안
2025-08-04,31.2,34.9,1513,34.0,제주
2025-08-04,29.1,33.3,1358,31.4,창녕(밀양)
2025-08-04,21.5,27.1,1215,25.2,평창
2025-08-04,27.3,32.6,1555,31.5,포천(동두천)
2025-08-04,29.0,32.8,1355,33.9,해남
2025-08-05,27.9,33.0,1518,31.1,논산(부여)
2025-08-05,28.3,31.5,1235,29.5,무안(목포)
2025-08-05,29.5,33.9,1437,30.8,상주
2025-08-05,28.8,33.1,1238,32.8,신안
2025-08-05,31.5,35.4,1602,36.7,제주
2025-08-05,29.2,32.8,1456,33.8,창녕(밀양)
2025-08-05,24.5,29.6,1413,29.2,평창
2025-08-05,27.2,31.9,1412,33.6,포천(동두천)
2025-08-05,27.8,31.6,1329,29.2,해남
2025-08-06,27.7,30.1,1234,29.5,논산(부여)
2025-08-06,28.4,30.1,1523,29.2,무안(목포)
2025-08-06,27.7,32.2,1040,29.1,상주
2025-08-06,28.4,31.6,1439,29.5,신안
2025-08-06,31.1,34.7,1340,36.9,제주
2025-08-06,29.3,32.8,1214,29.1,창녕(밀양)
2025-08-06,22.4,25.5,1038,22.9,평창
2025-08-06,25.6,27.7,1658,26.8,포천(동두천)
2025-08-06,28.0,30.1,1537,28.6,해남
2025-08-07,26.2,31.5,1314,29.8,논산(부여)
2025-08-07,28.0,30.5,1459,30.3,무안(목포)
2025-08-07,27.8,32.5,1537,29.2,상주
2025-08-07,28.2,31.2,1436,31.9,신안
2025-08-07,29.8,32.8,1512,33.2,제주
2025-08-07,29.3,33.8,1516,32.3,창녕(밀양)
2025-08-07,21.6,26.3,1043,25.9,평창
2025-08-07,26.4,31.4,1436,30.2,포천(동두천)
2025-08-07,28.0,31.4,1555,29.3,해남
2025-08-08,24.7,29.3,1434,28.1,논산(부여)
2025-08-08,26.7,30.0,1440,29.7,무안(목포)
2025-08-08,26.7,31.7,1550,29.0,상주
2025-08-08,27.4,31.1,1429,31.3,신안
2025-08-08,28.6,31.5,1500,34.3,제주
2025-08-08,27.4,31.8,1302,31.2,창녕(밀양)
2025-08-08,20.4,25.7,1105,25.1,평창
2025-08-08,25.6,30.9,1516,29.8,포천(동두천)
2025-08-08,26.1,32.0,1344,30.5,해남
2025-08-09,23.8,26.1,1428,26.3,논산(부여)
2025-08-09,24.4,25.8,1,26.1,무안(목포)
2025-08-09,23.7,25.7,1253,26.0,상주
2025-08-09,24.7,26.5,2340,24.6,신안
2025-08-09,28.3,30.8,1113,28.7,제주
2025-08-09,25.1,29.2,1124,27.0,창녕(밀양)
2025-08-09,19.3,23.2,1031,22.4,평창
2025-08-09,23.4,26.7,1141,24.8,포천(동두천)
2025-08-09,24.0,25.0,828,25.4,해남
2025-08-10,25.9,32.0,1509,28.7,논산(부여)
2025-08-10,25.4,28.6,1630,28.0,무안(목포)
2025-08-10,24.9,31.1,1601,28.8,상주
2025-08-10,25.1,28.8,1334,28.5,신안
2025-08-10,28.3,31.1,1112,27.4,제주
2025-08-10,25.0,29.2,1433,26.5,창녕(밀양)
2025-08-10,19.1,24.9,1156,24.7,평창
2025-08-10,25.1,31.8,1540,30.0,포천(동두천)
2025-08-10,26.2,30.1,1444,28.4,해남
2025-08-11,23.8,27.3,1306,25.8,논산(부여)
2025-08-11,23.7,26.0,956,25.7,무안(목포)
2025-08-11,23.5,27.7,1155,26.6,상주
2025-08-11,23.5,26.2,1009,24.3,신안
2025-08-11,25.2,27.2,1619,25.4,제주
2025-08-11,23.9,31.1,1216,26.4,창녕(밀양)
2025-08-11,19.1,24.1,1143,20.9,평창
2025-08-11,24.6,29.4,1529,28.3,포천(동두천)
2025-08-11,24.1,26.5,749,25.8,해남
2025-08-12,24.1,28.7,1352,26.1,논산(부여)
2025-08-12,23.5,25.9,1435,25.4,무안(목포)
2025-08-12,23.0,27.3,1539,25.9,상주
2025-08-12,23.3,25.1,2348,23.5,신안
2025-08-12,27.5,31.9,1723,27.6,제주
2025-08-12,22.9,24.6,1629,24.2,창녕(밀양)
2025-08-12,21.0,27.0,1503,27.0,평창
2025-08-12,26.4,32.5,1532,30.8,포천(동두천)
2025-08-12,23.8,25.8,1332,25.2,해남
2025-08-13,27.3,31.6,1338,28.0,논산(부여)
2025-08-13,27.4,31.2,1521,28.7,무안(목포)
2025-08-13,26.0,30.4,1300,27.5,상주
2025-08-13,26.7,30.3,1311,31.5,신안
2025-08-13,29.3,33.3,1618,32.4,제주
2025-08-13,27.7,32.5,1623,28.6,창녕(밀양)
2025-08-13,20.4,23.7,1510,22.4,평창
2025-08-13,23.8,26.0,2,24.2,포천(동두천)
2025-08-13,27.4,31.9,1347,28.6,해남
2025-08-14,27.5,31.2,1120,29.3,논산(부여)
2025-08-14,28.2,31.7,1607,29.6,무안(목포)
2025-08-14,28.2,33.9,1330,28.7,상주
2025-08-14,27.5,31.5,1325,31.5,신안
2025-08-14,29.4,31.9,1351,34.5,제주
2025-08-14,29.5,35.4,1605,34.0,창녕(밀양)
2025-08-14,21.8,24.3,1603,22.8,평창
2025-08-14,24.7,27.2,1328,25.9,포천(동두천)
2025-08-14,27.7,31.9,1522,30.4,해남
2025-08-15,27.9,33.7,1532,31.5,논산(부여)
2025-08-15,28.0,32.2,1559,30.0,무안(목포)
2025-08-15,28.5,33.4,1257,30.6,상주
2025-08-15,27.3,31.1,1331,30.5,신안
2025-08-15,29.0,32.0,1605,34.7,제주
2025-08-15,30.2,35.9,1629,32.7,창녕(밀양)
2025-08-15,23.1,28.8,1353,25.8,평창
2025-08-15,26.4,31.2,1557,29.8,포천(동두천)
2025-08-15,27.8,33.5,1454,33.3,해남
2025-08-16,27.2,33.0,1418,31.4,논산(부여)
2025-08-16,27.7,32.0,1519,30.1,무안(목포)
2025-08-16,28.3,33.7,1435,31.3,상주
2025-08-16,27.1,31.8,1322,29.3,신안
2025-08-16,28.8,32.1,1549,36.4,제주
2025-08-16,30.4,36.9,1551,35.4,창녕(밀양)
2025-08-16,23.8,28.8,1419,24.5,평창
2025-08-16,27.1,31.7,1528,30.3,포천(동두천)
2025-08-16,27.0,33.3,1354,32.6,해남
2025-08-17,27.6,33.2,1547,32.3,논산(부여)
2025-08-17,28.1,32.1,1508,29.9,무안(목포)
2025-08-17,28.0,33.2,1435,30.6,상주
2025-08-17,27.9,32.6,1228,32.0,신안
2025-08-17,29.3,32.4,1347,36.3,제주
2025-08-17,29.9,36.2,1629,33.5,창녕(밀양)
2025-08-17,23.4,28.1,1451,26.3,평창
2025-08-17,26.5,30.3,1208,27.7,포천(동두천)
2025-08-17,26.9,32.9,1403,33.5,해남
2025-08-18,28.1,33.2,1324,33.0,논산(부여)
2025-08-18,28.4,32.0,1505,30.8,무안(목포)
2025-08-18,28.4,33.8,1424,31.8,상주
2025-08-18,28.7,33.5,1258,32.0,신안
2025-08-18,29.8,32.2,1133,36.6,제주
2025-08-18,30.0,35.9,1601,34.2,창녕(밀양)
2025-08-18,23.3,28.0,1534,22.9,평창
2025-08-18,27.0,32.2,1142,29.6,포천(동두천)
2025-08-18,27.3,32.7,1356,33.0,해남
2025-08-19,28.4,33.1,1354,33.3,논산(부여)
2025-08-19,28.7,32.1,1550,31.2,무안(목포)
2025-08-19,29.6,34.8,1502,33.0,상주
2025-08-19,29.0,34.5,1105,33.2,신안
2025-08-19,29.7,33.2,1555,40.7,제주
2025-08-19,30.3,35.8,1557,35.6,창녕(밀양)
2025-08-19,24.4,28.8,1424,25.4,평창
2025-08-19,27.1,31.3,1505,30.2,포천(동두천)
2025-08-19,27.7,32.9,1224,33.7,해남
2025-08-20,28.0,33.4,1415,32.6,논산(부여)
2025-08-20,28.9,32.6,1622,31.6,무안(목포)
2025-08-20,29.5,35.1,1425,33.4,상주
2025-08-20,28.9,33.7,1356,33.2,신안
2025-08-20,30.1,34.4,1447,37.3,제주
2025-08-20,29.7,35.0,1324,34.4,창녕(밀양)
2025-08-20,24.1,29.1,1505,27.8,평창
2025-08-20,27.3,31.8,1315,29.6,포천(동두천)
2025-08-20,28.1,33.5,1351,33.9,해남
2025-08-21,28.9,34.8,1404,34.0,논산(부여)
2025-08-21,28.8,32.3,1456,32.6,무안(목포)
2025-08-21,29.8,35.6,1522,34.0,상주
2025-08-21,28.7,33.8,1503,32.5,신안
2025-08-21,29.5,32.0,1331,36.0,제주
2025-08-21,29.2,36.2,1548,35.1,창녕(밀양)
2025-08-21,23.1,30.1,1259,27.5,평창
2025-08-21,27.6,32.7,1420,30.2,포천(동두천)
2025-08-21,28.2,34.5,1247,34.5,해남
2025-08-22,28.2,34.3,1355,34.1,논산(부여)
2025-08-22,28.8,32.2,1440,33.0,무안(목포)
2025-08-22,29.6,35.7,1442,33.3,상주
2025-08-22,28.7,34.1,1352,31.6,신안
2025-08-22,30.4,34.1,1536,37.7,제주
2025-08-22,28.2,36.3,1503,32.9,창녕(밀양)
2025-08-22,24.6,30.1,1428,30.2,평창
2025-08-22,27.5,33.0,1500,31.5,포천(동두천)
2025-08-22,27.9,33.9,1316,35.9,해남
2025-08-23,28.3,34.2,1523,33.9,논산(부여)
2025-08-23,28.8,32.2,1323,33.0,무안(목포)
2025-08-23,29.6,35.4,1500,34.0,상주
2025-08-23,29.1,34.9,1431,32.2,신안
2025-08-23,30.5,34.3,1551,39.6,제주
2025-08-23,29.6,35.7,1420,34.1,창녕(밀양)
2025-08-23,24.3,30.7,1200,27.6,평창
2025-08-23,27.3,30.9,1516,30.1,포천(동두천)
2025-08-23,27.9,33.2,1255,35.7,해남
2025-08-24,28.8,34.7,1549,33.7,논산(부여)
2025-08-24,29.1,32.5,1349,35.4,무안(목포)
2025-08-24,30.3,36.7,1422,33.5,상주
2025-08-24,28.8,34.3,1347,31.9,신안
2025-08-24,30.2,33.4,1344,36.4,제주
2025-08-24,29.9,36.4,1504,34.3,창녕(밀양)
2025-08-24,24.3,30.1,1111,28.4,평창
2025-08-24,27.9,33.0,1629,30.9,포천(동두천)
2025-08-24,28.2,33.0,1302,35.5,해남
2025-08-25,28.9,33.7,1520,33.5,논산(부여)
2025-08-25,29.5,33.0,1406,34.3,무안(목포)
2025-08-25,30.6,36.2,1531,34.5,상주
2025-08-25,28.9,32.7,1253,32.6,신안
2025-08-25,30.2,33.9,1557,35.6,제주
2025-08-25,30.2,35.8,1415,34.4,창녕(밀양)
2025-08-25,25.3,32.0,1427,30.6,평창
2025-08-25,26.9,32.0,1451,30.6,포천(동두천)
2025-08-25,29.0,33.7,1436,35.8,해남
2025-08-26,25.7,29.7,1656,27.5,논산(부여)
2025-08-26,28.8,31.9,1250,32.7,무안(목포)
2025-08-26,26.4,29.6,1039,28.1,상주
2025-08-26,28.0,32.4,1453,29.9,신안
2025-08-26,31.0,36.3,1552,38.6,제주
2025-08-26,28.6,34.0,1222,31.5,창녕(밀양)
2025-08-26,22.9,25.6,1526,24.2,평창
2025-08-26,26.5,31.0,1420,29.1,포천(동두천)
2025-08-26,28.5,32.7,1413,32.7,해남
2025-08-27,25.6,32.0,1609,29.1,논산(부여)
2025-08-27,27.9,31.6,1309,32.4,무안(목포)
2025-08-27,27.9,34.2,1536,31.3,상주
2025-08-27,27.9,32.4,1430,28.9,신안
2025-08-27,30.0,32.6,1528,36.0,제주
2025-08-27,28.7,35.3,1516,34.0,창녕(밀양)
2025-08-27,20.8,25.6,1120,26.8,평창
2025-08-27,25.2,30.5,1353,27.5,포천(동두천)
2025-08-27,27.9,33.1,1357,35.3,해남
2025-08-28,26.8,32.7,1449,29.6,논산(부여)
2025-08-28,28.6,33.0,1514,34.6,무안(목포)
2025-08-28,28.1,33.8,1331,32.1,상주
2025-08-28,27.1,31.5,1238,28.9,신안
2025-08-28,29.8,32.9,1306,34.2,제주
2025-08-28,28.2,34.4,1514,31.5,창녕(밀양)
2025-08-28,22.4,27.8,1351,25.8,평창
2025-08-28,26.5,29.9,1105,27.7,포천(동두천)
2025-08-28,27.7,33.5,1424,36.1,해남
2025-08-29,28.5,33.0,1250,30.7,논산(부여)
2025-08-29,28.9,32.4,1348,34.2,무안(목포)
2025-08-29,29.2,35.0,1457,33.5,상주
2025-08-29,29.1,35.1,1354,34.0,신안
2025-08-29,30.1,33.3,1651,35.4,제주
2025-08-29,29.4,36.0,1440,34.5,창녕(밀양)
2025-08-29,24.8,29.1,1355,28.3,평창
2025-08-29,28.1,32.0,1317,29.0,포천(동두천)
2025-08-29,28.1,34.0,1307,35.8,해남
2025-08-30,28.4,33.9,1433,31.2,논산(부여)
2025-08-30,29.4,33.1,1358,34.8,무안(목포)
2025-08-30,29.7,36.2,1523,34.3,상주
2025-08-30,29.0,34.0,1313,33.3,신안
2025-08-30,29.4,34.5,1334,37.0,제주
2025-08-30,30.0,36.8,1425,34.7,창녕(밀양)
2025-08-30,24.0,30.5,1519,29.4,평창
2025-08-30,26.4,30.2,1623,28.6,포천(동두천)
2025-08-30,28.1,34.1,1324,37.2,해남
2025-08-31,27.3,32.8,1346,30.2,논산(부여)
2025-08-31,28.1,31.3,1433,30.8,무안(목포)
2025-08-31,26.3,33.8,1146,28.4,상주
2025-08-31,28.2,33.6,1214,31.0,신안
2025-08-31,29.2,33.1,1450,34.1,제주
2025-08-31,27.7,32.2,1114,31.5,창녕(밀양)
2025-08-31,23.7,31.0,1304,29.2,평창
2025-08-31,25.6,30.1,1536,29.1,포천(동두천)
2025-08-31,27.4,32.8,1353,32.5,해남
2025-09-01,26.6,32.2,1302,28.5,논산(부여)
2025-09-01,28.8,32.9,1403,33.1,무안(목포)
2025-09-01,26.5,33.9,1413,30.0,상주
2025-09-01,28.5,33.6,1317,32.4,신안
2025-09-01,29.5,33.9,1417,33.7,제주
2025-09-01,27.7,31.1,1343,29.8,창녕(밀양)
2025-09-01,23.5,29.2,1442,28.4,평창
2025-09-01,24.6,28.3,1345,27.7,포천(동두천)
2025-09-01,28.3,33.4,1326,34.2,해남
2025-09-02,25.0,30.4,1559,29.0,논산(부여)
2025-09-02,26.6,29.6,1627,27.3,무안(목포)
2025-09-02,25.3,30.7,1217,28.1,상주
2025-09-02,26.1,29.6,1608,28.4,신안
2025-09-02,28.8,32.1,1013,29.8,제주
2025-09-02,26.5,31.5,1116,29.2,창녕(밀양)
2025-09-02,21.4,26.2,1214,25.8,평창
2025-09-02,24.0,30.2,1442,28.5,포천(동두천)
2025-09-02,26.5,31.4,1251,31.4,해남
2025-09-03,25.9,32.6,1614,28.6,논산(부여)
2025-09-03,27.8,33.3,1309,32.3,무안(목포)
2025-09-03,25.9,33.1,1612,28.1,상주
2025-09-03,28.1,33.1,1424,32.7,신안
2025-09-03,28.3,31.0,1049,28.6,제주
2025-09-03,27.8,34.1,1301,30.7,창녕(밀양)
2025-09-03,20.1,25.2,1354,25.7,평창
2025-09-03,25.4,31.5,1413,28.7,포천(동두천)
2025-09-03,26.9,32.8,1312,35.2,해남
2025-09-04,25.5,30.8,1655,28.6,논산(부여)
2025-09-04,27.9,32.1,1212,31.0,무안(목포)
2025-09-04,26.6,31.7,1602,29.1,상주
2025-09-04,28.2,33.1,1532,33.1,신안
2025-09-04,28.7,31.7,1626,34.6,제주
2025-09-04,28.1,34.5,1231,31.7,창녕(밀양)
2025-09-04,18.5,20.7,1040,21.3,평창
2025-09-04,24.2,29.2,1409,26.6,포천(동두천)
2025-09-04,27.7,33.7,1344,33.9,해남
2025-09-05,27.3,33.0,1524,29.7,논산(부여)
2025-09-05,28.6,33.0,1500,33.6,무안(목포)
2025-09-05,27.2,33.0,1521,29.3,상주
2025-09-05,29.2,34.8,1300,33.6,신안
2025-09-05,29.0,32.2,1105,31.8,제주
2025-09-05,28.6,35.4,1400,31.2,창녕(밀양)
2025-09-05,20.5,25.7,1321,25.5,평창
2025-09-05,26.1,31.7,1531,29.4,포천(동두천)
2025-09-05,28.0,34.1,1222,35.1,해남
2025-09-06,28.0,32.1,1209,30.1,논산(부여)
2025-09-06,28.9,32.1,1225,32.1,무안(목포)
2025-09-06,27.4,33.1,1318,30.0,상주
2025-09-06,29.4,33.9,1029,33.3,신안
2025-09-06,30.2,34.6,1521,36.1,제주
2025-09-06,28.0,34.3,1336,29.8,창녕(밀양)
2025-09-06,22.6,27.8,1259,24.6,평창
2025-09-06,25.1,29.0,1212,26.6,포천(동두천)
2025-09-06,28.2,32.6,1305,33.5,해남
2025-09-07,24.0,29.4,1347,26.4,논산(부여)
2025-09-07,27.1,29.2,1140,27.7,무안(목포)
2025-09-07,25.5,30.0,1457,28.0,상주
2025-09-07,27.0,29.8,929,28.9,신안
2025-09-07,29.7,34.9,1403,32.7,제주
2025-09-07,28.3,32.6,1049,30.4,창녕(밀양)
2025-09-07,20.8,26.7,1256,22.8,평창
2025-09-07,23.9,28.4,1505,27.8,포천(동두천)
2025-09-07,26.7,32.4,1151,28.2,해남
2025-09-08,21.2,24.3,1534,24.5,논산(부여)
2025-09-08,22.9,25.3,1045,26.3,무안(목포)
2025-09-08,22.2,25.0,1404,24.3,상주
2025-09-08,24.0,26.1,144,25.7,신안
2025-09-08,28.7,31.3,1538,29.8,제주
2025-09-08,26.6,32.5,1250,29.4,창녕(밀양)
2025-09-08,19.7,27.7,1256,22.0,평창
2025-09-08,22.1,28.1,1300,25.7,포천(동두천)
2025-09-08,24.4,27.7,1015,27.8,해남
2025-09-09,20.8,23.1,1703,23.8,논산(부여)
2025-09-09,20.7,21.7,1251,21.7,무안(목포)
2025-09-09,19.4,20.7,12,22.6,상주
2025-09-09,21.9,23.9,101,21.6,신안
2025-09-09,26.2,28.1,1215,26.3,제주
2025-09-09,21.6,24.6,2,22.3,창녕(밀양)
2025-09-09,16.7,20.8,1241,19.9,평창
2025-09-09,21.0,25.5,1634,23.3,포천(동두천)
2025-09-09,21.5,23.4,1143,24.2,해남
2025-09-10,23.8,29.8,1520,26.3,논산(부여)
2025-09-10,24.1,28.4,1444,27.2,무안(목포)
2025-09-10,22.7,28.9,1549,25.6,상주
2025-09-10,24.8,28.0,1437,27.9,신안
2025-09-10,25.7,27.6,1457,26.4,제주
2025-09-10,23.9,28.0,1440,24.8,창녕(밀양)
2025-09-10,15.6,23.5,1423,20.4,평창
2025-09-10,22.2,30.2,1407,25.3,포천(동두천)
2025-09-10,24.1,30.0,1452,27.9,해남
2025-09-11,24.3,30.1,1457,26.2,논산(부여)
2025-09-11,26.0,30.5,1301,29.0,무안(목포)
2025-09-11,23.7,31.3,1533,25.4,상주
2025-09-11,25.7,30.5,1453,30.7,신안
2025-09-11,26.5,28.2,1633,26.3,제주
2025-09-11,24.8,30.2,1301,26.8,창녕(밀양)
2025-09-11,16.4,23.5,1144,21.1,평창
2025-09-11,23.4,30.8,1456,26.5,포천(동두천)
2025-09-11,25.1,30.6,1331,28.1,해남
2025-09-12,22.7,25.8,1138,23.9,논산(부여)
2025-09-12,25.7,28.3,1222,27.6,무안(목포)
2025-09-12,21.8,25.2,1237,23.6,상주
2025-09-12,24.0,26.2,1154,24.9,신안
2025-09-12,28.3,34.0,1244,29.7,제주
2025-09-12,25.6,29.1,1048,26.2,창녕(밀양)
2025-09-12,17.6,21.2,1115,19.2,평창
2025-09-12,22.0,27.8,1032,23.9,포천(동두천)
2025-09-12,25.9,29.8,1340,26.5,해남
2025-09-13,25.0,28.9,1339,26.7,논산(부여)
2025-09-13,26.0,29.2,1445,28.6,무안(목포)
2025-09-13,24.4,30.6,1558,25.5,상주
2025-09-13,25.7,29.9,1321,28.2,신안
2025-09-13,28.7,31.6,1542,29.0,제주
2025-09-13,26.1,31.6,1432,27.4,창녕(밀양)
2025-09-13,16.6,18.0,1453,19.6,평창
2025-09-13,21.4,25.3,1411,24.2,포천(동두천)
2025-09-13,26.7,29.9,1428,27.1,해남
2025-09-14,24.7,29.3,1336,27.4,논산(부여)
2025-09-14,25.5,28.6,1147,26.8,무안(목포)
2025-09-14,23.1,27.6,1511,25.7,상주
2025-09-14,24.8,30.2,1151,26.7,신안
2025-09-14,27.4,30.0,1156,28.6,제주
2025-09-14,25.1,31.2,1511,27.5,창녕(밀양)
2025-09-14,18.5,22.3,1527,20.7,평창
2025-09-14,22.2,28.5,1505,25.1,포천(동두천)
2025-09-14,25.3,30.4,1231,27.6,해남
2025-09-15,24.4,29.2,1442,26.8,논산(부여)
2025-09-15,25.6,28.3,1742,27.0,무안(목포)
2025-09-15,24.4,30.2,1345,26.2,상주
2025-09-15,25.0,29.0,1438,28.1,신안
2025-09-15,27.6,31.7,1043,29.4,제주
2025-09-15,26.5,30.9,1206,29.3,창녕(밀양)
2025-09-15,20.6,27.8,1218,21.8,평창
2025-09-15,23.3,29.3,1528,26.2,포천(동두천)
2025-09-15,25.5,30.0,1520,28.1,해남
2025-09-16,25.4,31.1,1500,28.0,논산(부여)
2025-09-16,27.5,31.1,1426,27.9,무안(목포)
2025-09-16,26.2,32.5,1356,27.1,상주
2025-09-16,26.9,31.5,1340,30.3,신안
2025-09-16,29.7,33.8,1544,30.6,제주
2025-09-16,27.9,34.1,1402,29.0,창녕(밀양)
2025-09-16,20.7,26.3,1304,22.8,평창
2025-09-16,22.0,25.7,1039,23.0,포천(동두천)
2025-09-16,27.0,31.4,1334,29.2,해남
2025-09-17,23.4,25.5,1540,25.5,논산(부여)
2025-09-17,26.0,29.9,1114,26.6,무안(목포)
2025-09-17,24.4,28.8,1014,25.3,상주
2025-09-17,25.5,28.8,1540,27.5,신안
2025-09-17,29.1,34.1,1228,30.1,제주
2025-09-17,26.5,34.0,1310,28.1,창녕(밀양)
2025-09-17,17.6,21.2,1126,19.4,평창
2025-09-17,20.8,22.6,1251,22.9,포천(동두천)
2025-09-17,26.2,31.1,1223,27.0,해남
2025-09-18,21.8,27.2,1651,25.0,논산(부여)
2025-09-18,24.0,27.2,1502,26.5,무안(목포)
2025-09-18,21.1,23.1,1,23.0,상주
2025-09-18,23.2,27.3,1359,25.9,신안
2025-09-18,26.2,28.8,1420,28.7,제주
2025-09-18,23.2,25.3,759,25.8,창녕(밀양)
2025-09-18,14.1,16.7,1333,17.1,평창
2025-09-18,20.5,26.1,1334,23.7,포천(동두천)
2025-09-18,23.9,28.6,1328,27.7,해남
2025-09-19,20.0,22.9,1221,22.7,논산(부여)
2025-09-19,23.5,26.8,1344,25.5,무안(목포)
2025-09-19,19.3,22.8,1207,21.7,상주
2025-09-19,23.0,25.2,1213,24.7,신안
2025-09-19,26.3,29.2,1432,27.1,제주
2025-09-19,23.1,26.8,1429,25.4,창녕(밀양)
2025-09-19,13.9,16.5,1234,17.3,평창
2025-09-19,18.2,22.2,1131,21.0,포천(동두천)
2025-09-19,23.9,27.3,1259,25.3,해남
2025-09-20,20.1,25.3,1611,22.8,논산(부여)
2025-09-20,23.2,25.8,511,23.5,무안(목포)
2025-09-20,19.9,24.0,1429,21.4,상주
2025-09-20,22.9,25.5,1230,23.7,신안
2025-09-20,25.1,28.5,509,24.2,제주
2025-09-20,23.6,30.7,1432,25.7,창녕(밀양)
2025-09-20,14.1,17.2,1122,17.0,평창
2025-09-20,18.3,24.1,1348,21.9,포천(동두천)
2025-09-20,23.2,27.0,426,25.2,해남
2025-09-21,20.7,26.9,1602,23.2,논산(부여)
2025-09-21,22.5,26.2,1503,25.0,무안(목포)
2025-09-21,20.5,26.5,1502,22.6,상주
2025-09-21,23.0,26.6,1233,25.6,신안
2025-09-21,24.4,27.1,1231,24.8,제주
2025-09-21,21.2,27.2,1426,22.2,창녕(밀양)
2025-09-21,13.3,17.3,1451,18.2,평창
2025-09-21,19.4,25.7,1347,23.2,포천(동두천)
2025-09-21,21.7,28.0,1417,26.3,해남
2025-09-22,20.8,24.1,1549,22.5,논산(부여)
2025-09-22,23.2,27.3,1404,24.4,무안(목포)
2025-09-22,19.4,24.7,1504,22.0,상주
2025-09-22,22.9,26.9,1457,26.3,신안
2025-09-22,25.0,27.8,1505,27.5,제주
2025-09-22,21.5,27.0,1158,21.8,창녕(밀양)
2025-09-22,13.0,19.0,1144,16.9,평창
2025-09-22,18.3,24.3,1341,20.7,포천(동두천)
2025-09-22,22.7,27.3,1351,24.0,해남
2025-09-23,21.8,27.8,1504,24.4,논산(부여)
2025-09-23,24.3,28.7,1338,26.1,무안(목포)
2025-09-23,20.6,26.7,1449,22.5,상주
2025-09-23,22.9,28.2,1525,27.0,신안
2025-09-23,24.6,26.9,1619,26.4,제주
2025-09-23,22.9,29.6,1444,25.2,창녕(밀양)
2025-09-23,14.4,18.4,1138,17.0,평창
2025-09-23,21.1,26.7,1252,23.3,포천(동두천)
2025-09-23,23.2,28.4,1357,25.8,해남
2025-09-24,22.1,26.4,1328,23.7,논산(부여)
2025-09-24,24.9,29.0,1617,25.3,무안(목포)
2025-09-24,21.6,26.8,1248,23.7,상주
2025-09-24,23.3,25.8,1501,24.8,신안
2025-09-24,28.2,32.6,1518,32.0,제주
2025-09-24,23.2,29.2,1538,23.8,창녕(밀양)
2025-09-24,17.8,22.8,1609,18.2,평창
2025-09-24,21.0,23.3,912,22.2,포천(동두천)
2025-09-24,25.4,30.1,1356,26.8,해남
2025-09-25,22.4,24.3,1538,24.2,논산(부여)
2025-09-25,23.7,25.4,1610,25.0,무안(목포)
2025-09-25,22.7,25.7,1536,24.3,상주
2025-09-25,22.8,25.8,1448,25.2,신안
2025-09-25,26.8,31.5,937,28.1,제주
2025-09-25,23.9,27.3,1356,24.3,창녕(밀양)
2025-09-25,17.3,21.8,1419,18.9,평창
2025-09-25,21.3,26.8,1453,24.7,포천(동두천)
2025-09-25,23.7,25.4,1613,25.2,해남
2025-09-26,20.9,26.6,1644,22.8,논산(부여)
2025-09-26,23.8,26.2,1103,25.1,무안(목포)
2025-09-26,21.3,26.2,1208,22.9,상주
2025-09-26,22.1,24.8,1312,23.1,신안
2025-09-26,25.9,27.2,1039,26.4,제주
2025-09-26,24.1,30.7,1609,26.2,창녕(밀양)
2025-09-26,15.3,23.1,1317,19.1,평창
2025-09-26,19.3,26.2,1437,22.9,포천(동두천)
2025-09-26,24.0,28.6,1153,25.7,해남
2025-09-27,22.5,28.8,1404,23.9,논산(부여)
2025-09-27,23.3,25.4,1538,25.1,무안(목포)
2025-09-27,21.6,27.5,1349,23.4,상주
2025-09-27,22.1,25.2,924,24.3,신안
2025-09-27,24.6,25.6,1546,24.7,제주
2025-09-27,24.1,30.7,1422,25.1,창녕(밀양)
2025-09-27,14.3,21.7,1233,16.8,평창
2025-09-27,20.0,26.9,1331,21.9,포천(동두천)
2025-09-27,22.9,25.5,1335,25.1,해남
2025-09-28,20.6,22.3,1607,22.7,논산(부여)
2025-09-28,22.8,25.7,1118,24.2,무안(목포)
2025-09-28,20.0,21.1,1722,22.4,상주
2025-09-28,22.6,26.7,1311,23.6,신안
2025-09-28,25.7,30.0,1322,26.5,제주
2025-09-28,23.0,26.7,1636,27.0,창녕(밀양)
2025-09-28,14.4,17.6,1342,16.3,평창
2025-09-28,18.2,21.0,1427,21.2,포천(동두천)
2025-09-28,23.6,27.8,1314,24.4,해남
2025-09-29,20.0,25.2,1454,23.2,논산(부여)
2025-09-29,21.4,24.5,1258,22.6,무안(목포)
2025-09-29,20.2,25.7,1340,22.6,상주
2025-09-29,22.0,25.8,1212,23.1,신안
2025-09-29,24.4,27.6,1510,25.7,제주
2025-09-29,22.8,27.7,1413,25.2,창녕(밀양)
2025-09-29,13.3,18.9,1356,17.7,평창
2025-09-29,18.4,23.8,1523,20.9,포천(동두천)
2025-09-29,21.1,26.0,1415,23.6,해남
2025-09-30,18.7,24.8,1459,22.8,논산(부여)
2025-09-30,20.9,24.8,1506,23.0,무안(목포)
2025-09-30,18.4,24.8,1614,21.3,상주
2025-09-30,22.0,26.1,1318,24.1,신안
2025-09-30,22.5,26.0,1222,23.2,제주
2025-09-30,20.9,26.9,1429,23.7,창녕(밀양)
2025-09-30,12.5,20.1,1521,15.9,평창
2025-09-30,17.8,23.7,1402,19.9,포천(동두천)
2025-09-30,18.8,25.5,1529,22.6,해남
2025-10-01,19.2,26.4,1426,22.7,논산(부여)
2025-10-01,21.5,25.8,1543,23.0,무안(목포)
2025-10-01,19.3,26.7,1357,20.7,상주
2025-10-01,22.3,27.7,1450,23.6,신안
2025-10-01,23.5,28.2,1505,26.9,제주
2025-10-01,21.1,29.2,1348,24.3,창녕(밀양)
2025-10-01,14.7,22.2,1243,17.3,평창
2025-10-01,18.8,25.5,1334,21.3,포천(동두천)
2025-10-01,19.6,26.9,1502,22.6,해남
2025-10-02,19.8,26.0,1349,21.9,논산(부여)
2025-10-02,20.4,23.8,1257,22.0,무안(목포)
2025-10-02,19.5,25.8,1415,21.6,상주
2025-10-02,20.7,23.7,1044,20.6,신안
2025-10-02,24.0,28.4,1047,27.0,제주
2025-10-02,20.7,26.4,1439,21.9,창녕(밀양)
2025-10-02,14.8,20.9,1150,17.7,평창
2025-10-02,19.4,25.5,1313,21.8,포천(동두천)
2025-10-02,19.0,24.2,1156,20.8,해남
2025-10-03,18.7,19.8,1144,20.8,논산(부여)
2025-10-03,18.7,19.8,2119,19.8,무안(목포)
2025-10-03,18.1,19.7,1332,21.1,상주
2025-10-03,19.8,21.9,2242,19.6,신안
2025-10-03,24.6,27.1,1315,23.2,제주
2025-10-03,19.0,20.0,23,19.6,창녕(밀양)
2025-10-03,14.7,17.5,1253,15.8,평창
2025-10-03,20.2,22.9,1652,21.4,포천(동두천)
2025-10-03,19.2,20.6,2314,19.9,해남
2025-10-04,20.8,25.4,1555,22.8,논산(부여)
2025-10-04,22.3,25.1,1134,23.7,무안(목포)
2025-10-04,19.9,22.2,1545,21.6,상주
2025-10-04,22.6,25.6,1215,25.3,신안
2025-10-04,25.6,28.8,1218,25.8,제주
2025-10-04,22.8,28.5,1458,26.1,창녕(밀양)
2025-10-04,14.9,17.5,1610,16.7,평창
2025-10-04,21.6,25.4,1324,22.7,포천(동두천)
2025-10-04,22.6,27.1,1208,24.7,해남
2025-10-05,21.6,25.6,1404,22.7,논산(부여)
2025-10-05,22.8,25.9,1401,24.5,무안(목포)
2025-10-05,21.1,24.1,1332,23.0,상주
2025-10-05,22.7,26.7,1159,25.6,신안
2025-10-05,25.2,28.4,1223,27.3,제주
2025-10-05,23.5,29.5,1423,26.6,창녕(밀양)
2025-10-05,14.7,20.2,1406,16.8,평창
2025-10-05,19.7,20.6,1223,21.0,포천(동두천)
2025-10-05,22.8,27.0,1221,24.3,해남
2025-10-06,20.0,22.7,1320,21.1,논산(부여)
2025-10-06,24.2,28.3,1344,24.8,무안(목포)
2025-10-06,18.9,20.3,1403,21.2,상주
2025-10-06,23.5,27.8,1231,25.1,신안
2025-10-06,26.0,28.9,1359,29.5,제주
2025-10-06,21.1,22.4,1130,21.8,창녕(밀양)
2025-10-06,12.9,15.5,106,14.6,평창
2025-10-06,16.4,19.5,308,19.0,포천(동두천)
2025-10-06,23.5,28.9,1343,25.6,해남
2025-10-07,20.4,23.8,1534,22.1,논산(부여)
2025-10-07,22.1,23.6,1006,24.4,무안(목포)
2025-10-07,18.6,19.8,1420,20.2,상주
2025-10-07,21.8,24.2,14,24.6,신안
2025-10-07,24.8,27.6,1301,26.3,제주
2025-10-07,21.4,24.1,950,22.5,창녕(밀양)
2025-10-07,14.3,15.3,1425,15.9,평창
2025-10-07,17.3,19.6,1310,19.5,포천(동두천)
2025-10-07,22.8,26.0,1127,24.4,해남
2025-10-08,21.8,26.1,1430,23.7,논산(부여)
2025-10-08,21.9,24.4,1527,22.8,무안(목포)
2025-10-08,20.7,24.2,1445,22.1,상주
2025-10-08,21.1,23.6,1447,24.7,신안
2025-10-08,23.7,25.3,1422,25.1,제주
2025-10-08,22.3,26.3,1027,22.7,창녕(밀양)
2025-10-08,14.7,17.8,1234,18.2,평창
2025-10-08,19.8,26.7,1416,22.7,포천(동두천)
2025-10-08,22.6,26.7,1444,25.7,해남
2025-10-09,21.6,27.1,1415,23.1,논산(부여)
2025-10-09,23.8,28.5,1400,26.0,무안(목포)
2025-10-09,19.3,21.5,1334,21.3,상주
2025-10-09,22.6,28.0,1450,25.3,신안
2025-10-09,24.1,27.1,1501,26.8,제주
2025-10-09,21.2,25.0,1118,21.5,창녕(밀양)
2025-10-09,11.2,13.1,331,14.1,평창
2025-10-09,18.7,22.2,1214,19.6,포천(동두천)
2025-10-09,23.7,27.9,1251,25.7,해남
2025-10-10,21.4,26.2,1506,23.1,논산(부여)
2025-10-10,22.8,28.1,1446,24.2,무안(목포)
2025-10-10,18.8,22.8,1420,20.7,상주
2025-10-10,21.6,27.3,1347,24.4,신안
2025-10-10,24.1,27.6,1051,27.2,제주
2025-10-10,20.9,27.6,1314,24.9,창녕(밀양)
2025-10-10,13.3,14.8,1145,15.2,평창
2025-10-10,15.7,16.7,1245,17.8,포천(동두천)
2025-10-10,21.8,26.8,1437,24.8,해남
2025-10-11,22.5,27.9,1258,24.4,논산(부여)
2025-10-11,23.0,27.4,1415,24.6,무안(목포)
2025-10-11,22.0,28.1,1511,22.6,상주
2025-10-11,22.6,28.4,1342,23.6,신안
2025-10-11,25.0,28.3,1024,28.6,제주
2025-10-11,22.2,30.6,1502,26.2,창녕(밀양)
2025-10-11,15.8,18.6,1402,16.6,평창
2025-10-11,16.3,18.5,1759,17.5,포천(동두천)
2025-10-11,22.8,29.1,1455,26.2,해남
2025-10-12,21.2,22.8,1357,22.8,논산(부여)
2025-10-12,22.4,26.3,1428,23.4,무안(목포)
2025-10-12,19.4,22.6,1022,20.9,상주
2025-10-12,21.5,24.4,1305,22.3,신안
2025-10-12,25.4,29.1,1311,27.8,제주
2025-10-12,21.0,29.4,1143,21.5,창녕(밀양)
2025-10-12,12.9,17.2,3,15.2,평창
2025-10-12,17.6,22.0,1232,19.3,포천(동두천)
2025-10-12,22.2,27.9,1506,25.6,해남
2025-10-13,18.5,19.9,1015,20.1,논산(부여)
2025-10-13,23.6,27.7,1254,24.0,무안(목포)
2025-10-13,16.4,17.5,959,18.9,상주
2025-10-13,22.0,27.3,1356,25.0,신안
2025-10-13,26.9,31.0,1415,30.4,제주
2025-10-13,20.4,24.5,1420,21.6,창녕(밀양)
2025-10-13,9.7,12.3,1,12.1,평창
2025-10-13,14.3,16.7,1,16.7,포천(동두천)
2025-10-13,23.6,29.5,1334,26.2,해남
2025-10-14,18.4,20.9,1502,20.1,논산(부여)
2025-10-14,20.6,22.5,1,22.9,무안(목포)
2025-10-14,16.9,20.1,1442,19.1,상주
2025-10-14,19.7,23.0,1301,24.0,신안
2025-10-14,24.1,25.8,1,24.1,제주
2025-10-14,20.0,21.6,1536,19.8,창녕(밀양)
2025-10-14,11.9,13.3,1142,13.7,평창
2025-10-14,17.1,21.3,1542,19.4,포천(동두천)
2025-10-14,20.8,23.4,1534,23.8,해남
2025-10-15,19.9,24.9,1144,20.6,논산(부여)
2025-10-15,20.5,22.3,1603,21.4,무안(목포)
2025-10-15,19.1,23.7,1217,20.6,상주
2025-10-15,20.6,22.8,1454,22.7,신안
2025-10-15,24.4,27.5,1523,25.3,제주
2025-10-15,20.7,26.0,1210,22.0,창녕(밀양)
2025-10-15,13.1,14.3,1147,15.1,평창
2025-10-15,18.6,25.4,1220,20.4,포천(동두천)
2025-10-15,21.1,22.9,1515,21.1,해남
2025-10-16,19.3,22.8,1656,21.3,논산(부여)
2025-10-16,20.9,23.1,1351,22.2,무안(목포)
2025-10-16,19.1,23.0,1502,20.5,상주
2025-10-16,20.2,23.9,144,21.0,신안
2025-10-16,24.2,26.5,443,23.0,제주
2025-10-16,21.0,25.4,1337,22.7,창녕(밀양)
2025-10-16,12.7,14.4,1250,15.1,평창
2025-10-16,18.5,23.8,1457,20.9,포천(동두천)
2025-10-16,21.4,24.4,1458,23.5,해남
2025-10-17,19.9,25.2,1240,20.8,논산(부여)
2025-10-17,21.3,25.0,1357,21.9,무안(목포)
2025-10-17,18.7,23.8,1402,20.0,상주
2025-10-17,20.3,22.3,2230,20.1,신안
2025-10-17,24.3,26.8,1148,23.6,제주
2025-10-17,20.8,26.7,1311,23.8,창녕(밀양)
2025-10-17,12.8,17.1,1244,15.4,평창
2025-10-17,17.6,24.7,1257,19.2,포천(동두천)
2025-10-17,22.0,25.1,1144,21.1,해남
2025-10-18,16.7,18.9,1448,18.9,논산(부여)
2025-10-18,19.1,22.4,324,19.4,무안(목포)
2025-10-18,17.4,20.2,1406,19.4,상주
2025-10-18,17.7,22.0,210,18.3,신안
2025-10-18,22.0,24.5,304,21.3,제주
2025-10-18,19.8,21.6,921,20.6,창녕(밀양)
2025-10-18,10.9,12.8,1,14.2,평창
2025-10-18,14.4,16.7,1,17.0,포천(동두천)
2025-10-18,19.3,22.7,620,20.4,해남
2025-10-19,16.3,21.7,1430,17.6,논산(부여)
2025-10-19,17.3,20.8,1321,18.6,무안(목포)
2025-10-19,16.8,20.7,1438,18.9,상주
2025-10-19,16.7,20.0,1127,16.9,신안
2025-10-19,21.3,23.1,1016,20.4,제주
2025-10-19,18.8,22.6,1505,20.8,창녕(밀양)
2025-10-19,11.1,17.1,1343,13.9,평창
2025-10-19,-99.0,18.8,1457,11.7,포천(동두천)
2025-10-19,18.0,21.0,1318,20.2,해남
2025-10-20,11.9,17.5,1434,15.3,논산(부여)
2025-10-20,13.4,16.2,11,15.8,무안(목포)
2025-10-20,13.1,19.4,1515,15.6,상주
2025-10-20,13.9,15.7,1108,15.0,신안
2025-10-20,17.8,20.5,1402,18.7,제주
2025-10-20,15.8,21.6,1225,16.0,창녕(밀양)
2025-10-20,6.2,8.8,1,11.0,평창
2025-10-20,8.8,16.4,1537,13.2,포천(동두천)
2025-10-20,13.6,17.7,1416,17.2,해남
2025-10-21,10.8,15.5,1412,13.5,논산(부여)
2025-10-21,13.2,15.2,1455,14.7,무안(목포)
2025-10-21,13.8,17.3,1426,16.5,상주
2025-10-21,13.9,15.0,1133,14.2,신안
2025-10-21,18.1,19.1,1105,17.3,제주
2025-10-21,16.3,18.9,1410,16.8,창녕(밀양)
2025-10-21,6.5,9.8,1340,10.4,평창
2025-10-21,8.2,15.8,1320,10.7,포천(동두천)
2025-10-21,13.2,16.4,1524,15.8,해남
2025-10-22,13.3,20.9,1434,14.1,논산(부여)
2025-10-22,14.1,18.0,1425,15.6,무안(목포)
2025-10-22,13.8,18.1,1357,15.9,상주
2025-10-22,15.2,18.0,1138,16.5,신안
2025-10-22,19.9,21.7,1416,19.6,제주
2025-10-22,16.4,20.4,1023,17.9,창녕(밀양)
2025-10-22,7.4,8.6,1406,10.7,평창
2025-10-22,11.6,19.7,1510,13.4,포천(동두천)
2025-10-22,13.5,21.4,1412,19.3,해남
2025-10-23,15.2,22.0,1534,16.6,논산(부여)
2025-10-23,16.4,20.5,1331,17.4,무안(목포)
2025-10-23,14.3,20.1,1358,16.6,상주
2025-10-23,16.9,20.6,1144,17.8,신안
2025-10-23,20.7,23.6,1235,21.1,제주
2025-10-23,16.3,23.1,1442,19.6,창녕(밀양)
2025-10-23,8.9,13.2,1257,12.0,평창
2025-10-23,13.4,20.6,1433,15.1,포천(동두천)
2025-10-23,15.4,23.4,1230,19.9,해남
2025-10-24,15.2,21.7,1456,16.8,논산(부여)
2025-10-24,16.4,20.6,1307,17.7,무안(목포)
2025-10-24,13.5,18.5,1357,15.8,상주
2025-10-24,16.8,20.9,1204,17.4,신안
2025-10-24,20.7,23.4,1318,22.7,제주
2025-10-24,16.6,23.0,1312,16.8,창녕(밀양)
2025-10-24,7.5,8.8,1511,10.6,평창
2025-10-24,13.7,20.8,1452,15.3,포천(동두천)
2025-10-24,15.1,23.1,1345,19.4,해남
2025-10-25,14.2,20.4,1511,16.4,논산(부여)
2025-10-25,15.7,18.1,1158,17.2,무안(목포)
2025-10-25,14.8,20.7,1354,16.0,상주
2025-10-25,15.5,17.4,1047,17.0,신안
2025-10-25,19.4,21.1,1336,21.1,제주
2025-10-25,16.7,23.7,1422,17.8,창녕(밀양)
2025-10-25,8.2,13.5,1204,10.2,평창
2025-10-25,12.4,18.2,1504,14.4,포천(동두천)
2025-10-25,15.1,19.7,1425,19.2,해남
2025-10-26,12.2,18.0,1213,13.9,논산(부여)
2025-10-26,15.5,18.4,1309,15.8,무안(목포)
2025-10-26,14.1,18.7,1210,14.9,상주
2025-10-26,15.8,18.4,1251,17.3,신안
2025-10-26,18.3,21.2,1336,19.6,제주
2025-10-26,14.9,20.7,1350,16.4,창녕(밀양)
2025-10-26,8.0,14.4,1321,9.9,평창
2025-10-26,10.4,12.9,1350,12.6,포천(동두천)
2025-10-26,15.3,20.2,1304,17.9,해남
2025-10-27,9.5,14.2,1406,11.9,논산(부여)
2025-10-27,12.2,15.2,29,13.6,무안(목포)
2025-10-27,9.5,12.7,1258,11.1,상주
2025-10-27,12.7,15.0,18,13.7,신안
2025-10-27,15.9,18.2,124,19.1,제주
2025-10-27,9.5,15.4,1333,12.3,창녕(밀양)
2025-10-27,3.2,6.9,59,4.2,평창
2025-10-27,6.7,11.8,1417,8.8,포천(동두천)
2025-10-27,11.4,14.5,201,17.0,해남
2025-10-28,7.8,15.7,1439,11.8,논산(부여)
2025-10-28,11.3,15.0,1529,13.0,무안(목포)
2025-10-28,7.5,15.0,1340,9.4,상주
2025-10-28,12.9,16.3,1232,15.6,신안
2025-10-28,14.2,17.4,1615,19.2,제주
2025-10-28,8.2,16.0,1406,11.3,창녕(밀양)
2025-10-28,2.7,9.6,1341,2.5,평창
2025-10-28,5.7,13.6,1503,7.8,포천(동두천)
2025-10-28,9.0,16.1,1342,14.5,해남
2025-10-29,8.7,17.8,1416,11.8,논산(부여)
2025-10-29,12.3,18.6,1445,13.4,무안(목포)
2025-10-29,6.8,16.2,1500,9.5,상주
2025-10-29,14.1,19.3,1422,16.8,신안
2025-10-29,15.5,19.6,1313,17.6,제주
2025-10-29,9.2,18.7,1329,12.3,창녕(밀양)
2025-10-29,3.4,12.1,1215,3.8,평창
2025-10-29,8.9,17.2,1439,9.9,포천(동두천)
2025-10-29,8.8,18.7,1411,13.8,해남
2025-10-30,9.6,17.1,1405,11.4,논산(부여)
2025-10-30,13.8,18.3,1214,13.3,무안(목포)
2025-10-30,7.9,15.6,1512,10.2,상주
2025-10-30,15.1,18.4,1005,16.0,신안
2025-10-30,18.0,21.0,1243,18.7,제주
2025-10-30,11.1,19.4,1254,12.1,창녕(밀양)
2025-10-30,-99.0,16.1,1541,6.5,평창
2025-10-30,10.5,17.6,1405,11.0,포천(동두천)
2025-10-30,12.1,19.7,1259,14.4,해남
2025-10-31,12.4,20.4,1403,13.9,논산(부여)
2025-10-31,14.5,18.7,1418,15.3,무안(목포)
2025-10-31,10.2,18.5,1440,11.6,상주
2025-10-31,15.7,19.4,1135,18.3,신안
2025-10-31,18.6,21.7,1332,19.6,제주
2025-10-31,12.7,21.3,1401,13.5,창녕(밀양)
2025-10-31,-99.0,-99.0,-9,8.3,평창
2025-10-31,13.3,19.0,1453,14.1,포천(동두천)
2025-10-31,13.5,20.6,1405,17.7,해남
2025-11-01,12.6,18.3,1402,14.3,논산(부여)
2025-11-01,15.2,17.2,1431,15.1,무안(목포)
2025-11-01,13.5,17.8,1422,12.6,상주
2025-11-01,15.4,18.1,1221,17.4,신안
2025-11-01,17.8,20.1,1340,17.9,제주
2025-11-01,12.6,20.1,1414,13.3,창녕(밀양)
2025-11-01,-99.0,-99.0,-9,8.5,평창
2025-11-01,11.1,16.8,1355,13.1,포천(동두천)
2025-11-01,13.4,18.9,1342,14.7,해남
2025-11-02,9.0,14.5,1023,11.9,논산(부여)
2025-11-02,12.8,15.9,1013,13.0,무안(목포)
2025-11-02,10.2,14.6,1037,11.1,상주
2025-11-02,13.1,16.5,917,14.9,신안
2025-11-02,16.3,20.1,1151,18.3,제주
2025-11-02,11.7,19.5,1220,13.1,창녕(밀양)
2025-11-02,-99.0,-99.0,-9,4.5,평창
2025-11-02,6.1,11.7,1403,8.4,포천(동두천)
2025-11-02,11.9,17.6,1057,13.8,해남
2025-11-03,5.8,14.1,1550,9.5,논산(부여)
2025-11-03,8.8,12.4,1456,11.4,무안(목포)
2025-11-03,6.6,14.6,1538,8.2,상주
2025-11-03,10.3,13.8,1052,13.0,신안
2025-11-03,13.0,15.4,1502,16.4,제주
2025-11-03,9.5,17.1,1329,11.2,창녕(밀양)
2025-11-03,-99.0,-99.0,-9,4.1,평창
2025-11-03,4.8,13.6,1410,6.6,포천(동두천)
2025-11-03,9.4,16.0,1422,13.4,해남
2025-11-04,9.5,17.7,1429,11.9,논산(부여)
2025-11-04,11.9,16.7,1409,13.3,무안(목포)
2025-11-04,8.9,18.2,1458,9.8,상주
2025-11-04,12.4,16.9,1313,13.8,신안
2025-11-04,16.5,19.0,1308,17.7,제주
2025-11-04,10.9,19.5,1524,11.7,창녕(밀양)
2025-11-04,-99.0,-99.0,-9,5.6,평창
2025-11-04,7.2,16.0,1330,8.6,포천(동두천)
2025-11-04,10.8,19.0,1502,14.3,해남
2025-11-05,9.6,18.6,1501,11.1,논산(부여)
2025-11-05,13.4,18.8,1420,14.1,무안(목포)
2025-11-05,8.8,17.7,1445,9.9,상주
2025-11-05,14.6,18.1,1148,16.4,신안
2025-11-05,17.8,21.3,1317,21.7,제주
2025-11-05,11.7,21.2,1427,12.5,창녕(밀양)
2025-11-05,4.1,13.1,1143,4.2,평창
2025-11-05,8.6,18.0,1443,9.0,포천(동두천)
2025-11-05,11.9,21.6,1356,15.5,해남
2025-11-06,11.1,20.5,1443,12.2,논산(부여)
2025-11-06,13.6,18.4,1434,14.1,무안(목포)
2025-11-06,10.4,21.0,1540,10.5,상주
2025-11-06,15.5,18.8,1118,16.8,신안
2025-11-06,18.2,22.1,1221,19.5,제주
2025-11-06,12.8,23.1,1516,14.2,창녕(밀양)
2025-11-06,4.6,15.6,1148,6.2,평창
2025-11-06,9.9,18.7,1446,9.9,포천(동두천)
2025-11-06,11.9,21.2,1354,15.7,해남
2025-11-07,11.5,20.0,1415,12.9,논산(부여)
2025-11-07,15.5,21.7,1301,15.1,무안(목포)
2025-11-07,11.3,19.2,1506,11.6,상주
2025-11-07,15.9,22.5,1345,18.1,신안
2025-11-07,19.0,22.8,1139,19.4,제주
2025-11-07,13.2,21.8,1457,13.2,창녕(밀양)
2025-11-07,6.0,14.1,1144,5.3,평창
2025-11-07,11.7,20.2,1424,10.6,포천(동두천)
2025-11-07,13.5,22.1,1440,15.9,해남
2025-11-08,13.1,18.3,1458,13.0,논산(부여)
2025-11-08,15.2,18.7,1247,14.7,무안(목포)
2025-11-08,11.3,16.1,1455,12.2,상주
2025-11-08,15.2,17.6,1316,14.4,신안
2025-11-08,17.9,19.5,935,16.9,제주
2025-11-08,13.3,19.3,1424,13.2,창녕(밀양)
2025-11-08,7.4,8.8,1,8.7,평창
2025-11-08,11.8,15.7,1224,11.4,포천(동두천)
2025-11-08,15.5,18.7,1155,15.3,해남
2025-11-09,13.1,19.6,1437,15.0,논산(부여)
2025-11-09,14.5,17.5,1357,15.0,무안(목포)
2025-11-09,13.7,19.3,1341,13.0,상주
2025-11-09,14.8,17.3,1323,16.0,신안
2025-11-09,17.3,21.0,1351,16.9,제주
2025-11-09,14.0,20.6,1514,15.4,창녕(밀양)
2025-11-09,8.4,12.8,1216,7.8,평창
2025-11-09,11.5,18.2,1312,11.6,포천(동두천)
2025-11-09,14.7,19.3,1230,15.7,해남
2025-11-10,7.8,15.0,1341,10.3,논산(부여)
2025-11-10,11.1,14.2,33,11.4,무안(목포)
2025-11-10,10.2,15.7,1406,9.3,상주
2025-11-10,12.1,15.4,1212,14.2,신안
2025-11-10,14.5,17.3,1533,14.3,제주
2025-11-10,9.6,16.5,1412,11.1,창녕(밀양)
2025-11-10,4.3,10.8,1406,2.9,평창
2025-11-10,7.3,12.5,1438,7.0,포천(동두천)
2025-11-10,11.1,15.4,1258,12.6,해남
2025-11-11,7.4,16.2,1446,9.4,논산(부여)
2025-11-11,10.1,14.4,1510,10.6,무안(목포)
2025-11-11,9.1,16.3,1436,9.1,상주
2025-11-11,12.2,15.0,1223,12.2,신안
2025-11-11,13.6,17.1,1408,13.5,제주
2025-11-11,8.9,18.3,1429,12.5,창녕(밀양)
2025-11-11,2.7,12.2,1326,2.9,평창
2025-11-11,6.6,15.4,1426,7.1,포천(동두천)
2025-11-11,9.8,16.8,1520,11.5,해남
2025-11-12,7.5,15.9,1416,8.7,논산(부여)
2025-11-12,10.3,13.7,1253,10.3,무안(목포)
2025-11-12,8.0,14.9,1526,8.2,상주
2025-11-12,12.7,14.6,1156,12.2,신안
2025-11-12,15.4,18.1,1033,13.7,제주
2025-11-12,8.4,15.9,1536,8.2,창녕(밀양)
2025-11-12,3.4,13.2,1358,2.0,평창
2025-11-12,8.4,17.2,1501,8.2,포천(동두천)
2025-11-12,7.4,13.6,1300,9.2,해남
2025-11-13,7.9,18.5,1513,9.8,논산(부여)
2025-11-13,11.9,16.7,1443,11.5,무안(목포)
2025-11-13,10.0,17.7,1445,9.1,상주
2025-11-13,14.1,18.5,1216,14.2,신안
2025-11-13,15.9,20.0,1328,16.6,제주
2025-11-13,10.2,20.4,1521,11.1,창녕(밀양)
2025-11-13,6.3,12.5,1513,3.8,평창
2025-11-13,9.1,18.2,1345,8.9,포천(동두천)
2025-11-13,11.2,18.1,1323,14.0,해남
2025-11-14,7.0,16.4,1346,9.3,논산(부여)
2025-11-14,10.9,14.1,1426,11.0,무안(목포)
2025-11-14,8.8,15.6,1434,7.7,상주
2025-11-14,12.6,15.3,1351,14.3,신안
2025-11-14,14.3,18.5,1418,15.0,제주
2025-11-14,8.9,19.7,1510,9.6,창녕(밀양)
2025-11-14,2.5,11.8,1339,1.7,평창
2025-11-14,6.7,14.7,1404,6.3,포천(동두천)
2025-11-14,11.1,16.2,1300,12.6,해남
2025-11-15,7.2,16.8,1501,9.2,논산(부여)
2025-11-15,11.5,17.5,1500,11.5,무안(목포)
2025-11-15,7.2,15.7,1437,6.9,상주
2025-11-15,12.5,16.4,1423,15.2,신안
2025-11-15,13.9,18.9,1426,14.1,제주
2025-11-15,9.1,19.1,1532,10.1,창녕(밀양)
2025-11-15,2.0,13.9,1438,1.9,평창
2025-11-15,6.7,16.5,1429,6.1,포천(동두천)
2025-11-15,9.1,19.6,1436,12.1,해남
2025-11-16,9.6,19.4,1419,10.2,논산(부여)
2025-11-16,13.0,18.7,1546,12.0,무안(목포)
2025-11-16,9.6,17.3,1516,7.7,상주
2025-11-16,14.6,21.5,1147,16.1,신안
2025-11-16,16.2,21.9,1216,15.7,제주
2025-11-16,9.8,20.2,1359,9.9,창녕(밀양)
2025-11-16,6.0,14.2,1415,1.9,평창
2025-11-16,9.7,18.1,1342,7.9,포천(동두천)
2025-11-16,10.5,20.4,1208,12.4,해남
2025-11-17,6.2,10.8,27,7.5,논산(부여)
2025-11-17,8.9,13.1,135,9.7,무안(목포)
2025-11-17,6.6,12.6,7,7.4,상주
2025-11-17,9.4,13.6,1,10.3,신안
2025-11-17,12.2,16.2,131,13.1,제주
2025-11-17,7.6,13.3,1136,8.0,창녕(밀양)
2025-11-17,0.6,8.5,15,1.8,평창
2025-11-17,2.3,8.6,2,4.7,포천(동두천)
2025-11-17,9.2,13.0,252,11.2,해남
2025-11-18,3.6,7.7,1404,6.2,논산(부여)
2025-11-18,6.5,7.9,1247,9.0,무안(목포)
2025-11-18,2.5,7.2,1436,4.1,상주
2025-11-18,8.5,10.1,1305,8.6,신안
2025-11-18,10.3,11.9,1234,10.5,제주
2025-11-18,3.9,9.3,1440,4.8,창녕(밀양)
2025-11-18,-4.3,0.6,1447,-1.7,평창
2025-11-18,0.0,6.6,1355,2.0,포천(동두천)
2025-11-18,7.4,10.4,1312,11.6,해남
2025-11-19,4.2,9.5,1314,6.5,논산(부여)
2025-11-19,6.4,8.4,1428,9.3,무안(목포)
2025-11-19,3.6,9.1,1410,4.6,상주
2025-11-19,8.6,9.7,1556,7.8,신안
2025-11-19,10.4,13.1,1018,8.8,제주
2025-11-19,4.9,11.4,1435,7.6,창녕(밀양)
2025-11-19,-2.9,4.4,1418,-1.5,평창
2025-11-19,0.4,7.5,1416,2.2,포천(동두천)
2025-11-19,6.6,10.7,1323,10.1,해남
2025-11-20,7.1,15.2,1229,8.4,논산(부여)
2025-11-20,9.9,13.8,1357,9.6,무안(목포)
2025-11-20,8.7,14.5,1347,6.5,상주
2025-11-20,12.1,15.5,1252,12.4,신안
2025-11-20,12.5,15.0,1221,9.4,제주
2025-11-20,6.8,16.0,1417,8.2,창녕(밀양)
2025-11-20,2.4,6.5,1313,-0.2,평창
2025-11-20,5.3,14.6,1354,4.7,포천(동두천)
2025-11-20,8.0,14.7,1407,9.7,해남
2025-11-21,4.8,13.1,1421,6.7,논산(부여)
2025-11-21,9.5,12.5,1324,9.1,무안(목포)
2025-11-21,7.2,12.4,1405,5.9,상주
2025-11-21,11.4,14.6,1059,13.6,신안
2025-11-21,13.2,16.2,1413,11.1,제주
2025-11-21,6.5,14.5,1425,7.1,창녕(밀양)
2025-11-21,1.5,5.5,1356,0.1,평창
2025-11-21,5.1,12.1,1341,4.1,포천(동두천)
2025-11-21,8.1,14.1,1300,10.4,해남
2025-11-22,5.4,15.4,1413,6.8,논산(부여)
2025-11-22,9.4,14.5,1311,9.4,무안(목포)
2025-11-22,7.9,15.2,1408,7.1,상주
2025-11-22,12.0,16.4,1314,13.0,신안
2025-11-22,12.3,16.5,1310,11.6,제주
2025-11-22,6.2,16.8,1516,7.2,창녕(밀양)
2025-11-22,4.4,9.1,1409,1.7,평창
2025-11-22,6.5,15.0,1352,5.4,포천(동두천)
2025-11-22,6.2,15.4,1418,9.0,해남
2025-11-23,7.2,15.6,1414,7.8,논산(부여)
2025-11-23,11.2,16.5,1407,10.8,무안(목포)
2025-11-23,8.3,15.8,1501,7.4,상주
2025-11-23,13.5,18.4,1246,14.7,신안
2025-11-23,13.5,19.4,1455,11.4,제주
2025-11-23,6.5,16.7,1356,7.0,창녕(밀양)
2025-11-23,5.7,9.9,1256,3.2,평창
2025-11-23,8.8,14.7,1510,6.8,포천(동두천)
2025-11-23,8.0,17.0,1411,10.8,해남
2025-11-24,9.5,17.7,1321,9.9,논산(부여)
2025-11-24,13.5,18.7,1408,12.5,무안(목포)
2025-11-24,10.9,17.5,1409,9.1,상주
2025-11-24,15.2,19.5,1210,16.0,신안
2025-11-24,16.8,21.3,1321,15.3,제주
2025-11-24,10.8,19.8,1431,12.2,창녕(밀양)
2025-11-24,6.7,12.2,1322,5.2,평창
2025-11-24,11.8,17.2,1433,9.5,포천(동두천)
2025-11-24,10.8,19.6,1315,12.8,해남
2025-11-25,8.4,11.5,1210,9.0,논산(부여)
2025-11-25,10.2,12.9,557,9.9,무안(목포)
2025-11-25,7.5,11.3,53,7.7,상주
2025-11-25,10.2,13.7,354,10.3,신안
2025-11-25,12.5,15.7,624,9.7,제주
2025-11-25,7.7,14.6,1322,7.3,창녕(밀양)
2025-11-25,1.7,5.1,13,2.3,평창
2025-11-25,5.4,6.8,925,6.2,포천(동두천)
2025-11-25,8.7,12.2,1229,9.1,해남
2025-11-26,6.0,11.2,1429,8.4,논산(부여)
2025-11-26,8.7,11.2,1525,10.2,무안(목포)
2025-11-26,5.8,12.2,1456,6.9,상주
2025-11-26,9.1,12.3,1239,11.7,신안
2025-11-26,10.9,13.8,1155,9.9,제주
2025-11-26,7.0,14.7,1426,7.5,창녕(밀양)
2025-11-26,1.2,4.8,1423,2.5,평창
2025-11-26,5.0,11.5,1320,6.1,포천(동두천)
2025-11-26,7.4,13.0,1325,9.8,해남
2025-11-27,5.3,10.7,1313,5.5,논산(부여)
2025-11-27,8.3,12.6,1007,8.1,무안(목포)
2025-11-27,3.8,8.5,1606,5.7,상주
2025-11-27,10.5,13.3,830,10.7,신안
2025-11-27,12.1,16.7,1019,9.2,제주
2025-11-27,8.4,13.2,1229,9.0,창녕(밀양)
2025-11-27,0.7,4.9,1049,0.5,평창
2025-11-27,3.8,7.0,1335,4.7,포천(동두천)
2025-11-27,7.6,14.4,1026,7.9,해남
2025-11-28,3.9,9.1,1511,5.6,논산(부여)
2025-11-28,6.8,9.6,1427,7.8,무안(목포)
2025-11-28,3.2,8.8,1456,5.0,상주
2025-11-28,8.0,11.5,1212,9.8,신안
2025-11-28,10.0,13.7,1408,10.4,제주
2025-11-28,5.0,11.8,1525,6.3,창녕(밀양)
2025-11-28,-2.3,3.7,1317,-1.6,평창
2025-11-28,0.5,6.6,1412,2.3,포천(동두천)
2025-11-28,5.8,11.0,1423,7.8,해남
2025-11-29,5.8,14.9,1459,5.9,논산(부여)
2025-11-29,9.8,15.4,1526,8.6,무안(목포)
2025-11-29,1.6,9.6,1520,3.7,상주
2025-11-29,13.3,17.8,1430,14.6,신안
2025-11-29,11.9,18.5,1503,10.3,제주
2025-11-29,5.1,15.1,1514,6.0,창녕(밀양)
2025-11-29,1.4,7.1,1401,-0.8,평창
2025-11-29,4.0,9.8,2239,2.9,포천(동두천)
2025-11-29,7.1,17.0,1526,8.0,해남
2025-11-30,11.1,18.0,1418,9.8,논산(부여)
2025-11-30,14.3,19.0,1345,12.0,무안(목포)
2025-11-30,6.3,15.6,1515,5.7,상주
2025-11-30,15.1,19.5,1331,15.8,신안
2025-11-30,16.6,23.0,1320,13.6,제주
2025-11-30,10.7,20.4,1433,9.3,창녕(밀양)
2025-11-30,8.5,12.2,1438,5.1,평창
2025-11-30,11.2,16.7,1318,9.0,포천(동두천)
2025-11-30,10.7,19.5,1404,11.3,해남
2025-12-01,6.9,12.5,1420,7.1,논산(부여)
2025-12-01,9.0,13.3,1,9.4,무안(목포)
2025-12-01,8.5,12.5,1439,6.5,상주
2025-12-01,9.6,13.6,110,10.9,신안
2025-12-01,13.0,16.5,8,12.8,제주
2025-12-01,7.8,16.5,1425,7.0,창녕(밀양)
2025-12-01,3.1,7.8,7,2.2,평창
2025-12-01,4.2,11.3,4,4.5,포천(동두천)
2025-12-01,8.4,13.4,1231,10.0,해남
2025-12-02,2.4,6.9,1333,3.8,논산(부여)
2025-12-02,5.1,8.0,1204,6.5,무안(목포)
2025-12-02,3.1,8.3,1246,4.3,상주
2025-12-02,7.1,10.3,1152,7.7,신안
2025-12-02,9.6,12.2,1208,9.5,제주
2025-12-02,5.5,11.3,1237,6.1,창녕(밀양)
2025-12-02,-3.2,1.2,1107,-1.8,평창
2025-12-02,-1.7,4.3,1333,1.2,포천(동두천)
2025-12-02,5.9,10.0,1312,7.6,해남
2025-12-03,-2.6,1.2,1353,1.6,논산(부여)
2025-12-03,1.6,3.9,17,4.4,무안(목포)
2025-12-03,-3.2,0.8,1246,1.5,상주
2025-12-03,3.6,5.6,1313,2.7,신안
2025-12-03,6.4,8.9,1107,6.2,제주
2025-12-03,0.8,5.4,1442,2.7,창녕(밀양)
2025-12-03,-11.2,-7.4,1311,-5.4,평창
2025-12-03,-7.3,-2.3,1421,-2.2,포천(동두천)
2025-12-03,1.4,4.9,1304,3.5,해남
2025-12-04,-1.0,4.3,1505,2.7,논산(부여)
2025-12-04,2.9,7.9,2324,5.8,무안(목포)
2025-12-04,-1.6,2.9,1430,0.8,상주
2025-12-04,6.6,9.1,2113,7.7,신안
2025-12-04,8.5,10.6,2349,6.4,제주
2025-12-04,-0.3,7.0,1453,0.1,창녕(밀양)
2025-12-04,-8.7,-2.3,1346,-4.4,평창
2025-12-04,-5.6,1.1,1515,-2.0,포천(동두천)
2025-12-04,3.0,7.7,1311,6.2,해남
2025-12-05,-0.7,5.4,1507,1.8,논산(부여)
2025-12-05,3.0,7.2,1,4.8,무안(목포)
2025-12-05,-1.0,3.3,1300,1.1,상주
2025-12-05,5.3,8.1,1,5.3,신안
2025-12-05,7.3,10.8,143,7.6,제주
2025-12-05,0.8,7.1,1517,1.3,창녕(밀양)
2025-12-05,-7.3,-1.9,1442,-2.5,평창
2025-12-05,-5.1,0.5,1548,-0.5,포천(동두천)
2025-12-05,2.2,6.8,1414,5.4,해남
2025-12-06,3.1,9.9,1332,2.5,논산(부여)
2025-12-06,5.6,11.3,1535,5.5,무안(목포)
2025-12-06,3.2,11.1,1525,2.1,상주
2025-12-06,9.8,14.2,1214,9.6,신안
2025-12-06,10.7,15.8,1443,9.5,제주
2025-12-06,0.7,10.1,1515,1.5,창녕(밀양)
2025-12-06,-0.1,3.9,2400,-1.7,평창
2025-12-06,0.1,3.7,1038,-0.2,포천(동두천)
2025-12-06,2.1,12.5,1321,4.5,해남
2025-12-07,8.1,14.7,1357,6.8,논산(부여)
2025-12-07,11.2,15.5,1337,9.2,무안(목포)
2025-12-07,10.2,14.9,1444,5.2,상주
2025-12-07,12.9,17.0,1314,13.3,신안
2025-12-07,14.7,18.5,1443,12.3,제주
2025-12-07,4.5,14.9,1424,4.2,창녕(밀양)
2025-12-07,4.7,8.3,1339,0.2,평창
2025-12-07,5.2,12.8,1357,3.4,포천(동두천)
2025-12-07,7.1,16.9,1413,8.0,해남
2025-12-08,3.9,9.7,1406,4.2,논산(부여)
2025-12-08,7.2,10.7,1,7.1,무안(목포)
2025-12-08,5.7,11.0,6,3.1,상주
2025-12-08,8.7,11.4,1135,9.2,신안
2025-12-08,11.0,14.1,1,10.9,제주
2025-12-08,4.7,11.3,1249,4.1,창녕(밀양)
2025-12-08,-0.4,4.5,1,-1.5,평창
2025-12-08,1.8,7.3,1429,2.1,포천(동두천)
2025-12-08,7.4,10.8,1335,8.0,해남
2025-12-09,0.7,8.9,1434,2.2,논산(부여)
2025-12-09,5.3,8.8,1503,5.6,무안(목포)
2025-12-09,2.3,8.8,1431,1.5,상주
2025-12-09,7.8,10.8,1340,9.5,신안
2025-12-09,8.8,12.3,1359,9.6,제주
2025-12-09,1.8,10.1,1422,1.5,창녕(밀양)
2025-12-09,-2.9,2.2,1350,-3.2,평창
2025-12-09,0.6,7.7,1534,0.8,포천(동두천)
2025-12-09,3.0,10.9,1452,3.8,해남
2025-12-10,3.6,11.8,1433,4.2,논산(부여)
2025-12-10,8.2,13.4,1322,7.6,무안(목포)
2025-12-10,2.7,10.1,1408,2.3,상주
2025-12-10,10.5,13.7,1402,10.7,신안
2025-12-10,11.3,15.5,1207,10.1,제주
2025-12-10,4.4,13.9,1410,4.2,창녕(밀양)
2025-12-10,0.7,4.5,1324,-1.4,평창
2025-12-10,3.3,8.5,1422,2.3,포천(동두천)
2025-12-10,6.7,13.9,1217,7.0,해남
2025-12-11,5.9,12.7,1201,6.2,논산(부여)
2025-12-11,8.5,13.1,1058,8.4,무안(목포)
2025-12-11,4.2,12.0,1441,4.5,상주
2025-12-11,9.4,13.6,553,9.6,신안
2025-12-11,12.4,16.0,1308,10.5,제주
2025-12-11,7.5,15.4,1327,7.6,창녕(밀양)
2025-12-11,0.5,4.0,1337,-0.5,평창
2025-12-11,2.5,8.7,1250,3.9,포천(동두천)
2025-12-11,9.4,15.0,1126,9.5,해남
2025-12-12,1.4,9.0,1517,2.7,논산(부여)
2025-12-12,3.8,7.9,1525,5.4,무안(목포)
2025-12-12,2.2,7.8,1518,2.4,상주
2025-12-12,6.1,8.1,2359,7.1,신안
2025-12-12,10.0,13.4,1345,7.6,제주
2025-12-12,4.2,9.9,1147,5.0,창녕(밀양)
2025-12-12,-3.8,-2.0,1326,-0.5,평창
2025-12-12,0.2,6.4,1407,0.3,포천(동두천)
2025-12-12,5.1,12.2,1436,4.6,해남
2025-12-13,2.8,5.9,1221,3.8,논산(부여)
2025-12-13,5.9,8.5,1132,6.6,무안(목포)
2025-12-13,1.9,5.1,1429,3.2,상주
2025-12-13,6.7,8.5,46,6.1,신안
2025-12-13,11.5,15.5,1034,9.8,제주
2025-12-13,4.7,11.4,1525,3.9,창녕(밀양)
2025-12-13,-1.3,3.0,1218,-0.6,평창
2025-12-13,0.6,3.5,1117,1.4,포천(동두천)
2025-12-13,6.4,10.4,1237,7.1,해남
2025-12-14,1.7,5.0,1435,2.7,논산(부여)
2025-12-14,4.8,6.4,1029,4.8,무안(목포)
2025-12-14,1.2,2.8,1144,2.1,상주
2025-12-14,5.8,6.6,1303,5.3,신안
2025-12-14,8.4,9.0,2032,6.3,제주
2025-12-14,2.7,7.7,1402,2.0,창녕(밀양)
2025-12-14,-5.6,-2.8,1,-0.5,평창
2025-12-14,-2.1,0.8,1537,1.8,포천(동두천)
2025-12-14,4.9,7.2,1237,5.4,해남
2025-12-15,1.9,7.6,1440,3.4,논산(부여)
2025-12-15,5.7,8.7,1326,6.5,무안(목포)
2025-12-15,1.7,7.6,1337,1.8,상주
2025-12-15,7.2,10.8,1439,8.1,신안
2025-12-15,8.7,12.6,1420,7.2,제주
2025-12-15,2.3,10.9,1433,2.9,창녕(밀양)
2025-12-15,-3.6,0.8,1404,-0.7,평창
2025-12-15,-1.7,2.1,1448,-0.6,포천(동두천)
2025-12-15,3.4,10.2,1312,4.7,해남
2025-12-16,4.2,7.9,1529,4.5,논산(부여)
2025-12-16,7.5,11.5,1446,6.9,무안(목포)
2025-12-16,1.9,4.6,1510,2.9,상주
2025-12-16,10.8,14.3,1417,10.5,신안
2025-12-16,12.0,17.7,1348,8.7,제주
2025-12-16,3.4,8.8,1502,2.4,창녕(밀양)
2025-12-16,0.3,2.0,1056,-0.6,평창
2025-12-16,2.5,4.5,1338,2.0,포천(동두천)
2025-12-16,6.6,13.5,1416,6.3,해남
2025-12-17,4.0,10.1,1419,4.3,논산(부여)
2025-12-17,6.9,9.2,1339,6.7,무안(목포)
2025-12-17,4.9,9.3,1331,4.0,상주
2025-12-17,8.3,10.7,3,8.6,신안
2025-12-17,10.9,14.5,148,9.4,제주
2025-12-17,6.1,12.6,1414,6.3,창녕(밀양)
2025-12-17,-0.5,3.4,1225,-0.4,평창
2025-12-17,2.2,6.6,1414,4.1,포천(동두천)
2025-12-17,6.5,10.6,1335,6.9,해남
2025-12-18,0.6,9.3,1516,2.8,논산(부여)
2025-12-18,4.9,9.0,1518,5.3,무안(목포)
2025-12-18,2.9,10.3,1529,2.2,상주
2025-12-18,7.0,10.8,1315,8.7,신안
2025-12-18,8.6,12.9,1543,7.2,제주
2025-12-18,2.9,13.6,1420,3.1,창녕(밀양)
2025-12-18,-1.7,6.5,1446,-1.0,평창
2025-12-18,0.0,7.5,1456,1.4,포천(동두천)
2025-12-18,2.5,12.6,1440,3.6,해남
2025-12-19,3.9,13.9,1613,3.8,논산(부여)
2025-12-19,10.7,17.6,1503,8.9,무안(목포)
2025-12-19,1.3,8.6,1457,2.2,상주
2025-12-19,12.8,18.8,1331,13.7,신안
2025-12-19,13.2,19.4,1415,9.9,제주
2025-12-19,4.7,14.9,1612,3.9,창녕(밀양)
2025-12-19,3.4,7.1,1611,-0.8,평창
2025-12-19,1.8,7.5,1548,0.2,포천(동두천)
2025-12-19,9.3,18.6,1355,8.0,해남
2025-12-20,7.9,14.1,1340,6.9,논산(부여)
2025-12-20,10.8,15.8,1240,9.9,무안(목포)
2025-12-20,4.4,10.4,1957,3.9,상주
2025-12-20,11.5,15.0,835,11.3,신안
2025-12-20,15.3,20.5,1302,13.7,제주
2025-12-20,7.7,14.0,1512,8.0,창녕(밀양)
2025-12-20,6.6,10.9,1215,2.0,평창
2025-12-20,5.8,8.8,1404,4.4,포천(동두천)
2025-12-20,10.6,18.0,1158,9.7,해남
2025-12-21,0.6,4.9,1,2.3,논산(부여)
2025-12-21,3.0,6.8,1,4.0,무안(목포)
2025-12-21,0.9,6.9,1,2.0,상주
2025-12-21,4.7,7.1,9,5.2,신안
2025-12-21,6.8,11.0,1,5.9,제주
2025-12-21,3.3,12.2,52,4.2,창녕(밀양)
2025-12-21,-4.8,1.4,1,-1.7,평창
2025-12-21,-2.4,2.2,1504,0.2,포천(동두천)
2025-12-21,3.5,7.3,1,4.4,해남
2025-12-22,-1.5,7.1,1531,0.6,논산(부여)
2025-12-22,1.7,6.9,1454,3.3,무안(목포)
2025-12-22,-1.9,5.1,1455,-0.5,상주
2025-12-22,4.3,5.5,1321,5.3,신안
2025-12-22,7.6,12.4,1543,6.2,제주
2025-12-22,1.3,11.1,1512,1.4,창녕(밀양)
2025-12-22,-6.4,3.2,1405,-3.3,평창
2025-12-22,-3.5,4.2,1534,-1.8,포천(동두천)
2025-12-22,0.8,10.9,1414,2.5,해남
2025-12-23,1.2,5.5,1353,1.3,논산(부여)
2025-12-23,8.2,12.2,1519,6.3,무안(목포)
2025-12-23,-1.3,2.7,1518,-0.2,상주
2025-12-23,10.1,12.4,2221,9.2,신안
2025-12-23,13.9,18.2,1302,10.6,제주
2025-12-23,3.8,9.4,1447,4.1,창녕(밀양)
2025-12-23,-1.8,3.7,1246,-1.8,평창
2025-12-23,-0.7,2.0,1127,-0.6,포천(동두천)
2025-12-23,9.3,13.5,1303,7.3,해남
2025-12-24,3.2,6.0,1506,4.4,논산(부여)
2025-12-24,6.0,10.3,223,6.8,무안(목포)
2025-12-24,2.6,5.9,1240,3.1,상주
2025-12-24,7.0,10.5,1,7.0,신안
2025-12-24,10.3,15.5,10,9.7,제주
2025-12-24,7.6,9.7,1358,7.8,창녕(밀양)
2025-12-24,0.5,5.2,1301,-0.1,평창
2025-12-24,0.9,3.9,1157,0.9,포천(동두천)
2025-12-24,6.5,10.3,256,7.2,해남
2025-12-25,-1.6,4.1,1159,0.1,논산(부여)
2025-12-25,2.2,5.1,1159,3.0,무안(목포)
2025-12-25,-1.0,3.5,1313,1.0,상주
2025-12-25,3.6,6.3,950,4.0,신안
2025-12-25,6.3,8.2,204,6.0,제주
2025-12-25,1.9,6.1,1,3.0,창녕(밀양)
2025-12-25,-6.1,-1.9,1149,-2.4,평창
2025-12-25,-4.8,0.1,1338,-1.0,포천(동두천)
2025-12-25,2.1,5.8,1254,2.8,해남
2025-12-26,-5.5,-0.9,1449,-2.0,논산(부여)
2025-12-26,-2.3,-0.8,1513,1.1,무안(목포)
2025-12-26,-6.5,-2.8,1449,-1.3,상주
2025-12-26,0.8,2.0,1238,1.9,신안
2025-12-26,2.3,3.8,49,2.7,제주
2025-12-26,-3.9,0.2,1428,-3.3,창녕(밀양)
2025-12-26,-12.9,-7.8,1410,-7.1,평창
2025-12-26,-9.7,-4.0,1516,-4.4,포천(동두천)
2025-12-26,-2.8,0.4,1538,-0.3,해남
2025-12-27,-3.1,1.3,1226,-1.4,논산(부여)
2025-12-27,1.3,6.9,1457,2.6,무안(목포)
2025-12-27,-2.0,3.4,1300,-1.2,상주
2025-12-27,3.2,6.0,1438,3.4,신안
2025-12-27,4.9,7.6,1213,5.0,제주
2025-12-27,-0.1,7.4,1525,0.3,창녕(밀양)
2025-12-27,-6.8,-2.9,1138,-4.7,평창
2025-12-27,-3.9,0.5,1440,-1.8,포천(동두천)
2025-12-27,-1.3,7.4,1509,1.2,해남
2025-12-28,2.7,8.6,1524,2.3,논산(부여)
2025-12-28,5.5,11.5,1357,5.0,무안(목포)
2025-12-28,1.6,6.5,1529,0.0,상주
2025-12-28,7.8,14.2,1226,7.3,신안
2025-12-28,8.6,13.6,1316,7.9,제주
2025-12-28,2.2,9.8,1438,3.0,창녕(밀양)
2025-12-28,-1.4,1.7,1501,-2.6,평창
2025-12-28,1.7,5.0,1513,-0.2,포천(동두천)
2025-12-28,3.5,12.1,1341,3.5,해남
2025-12-29,3.3,11.3,1427,2.8,논산(부여)
2025-12-29,7.8,13.2,1251,6.8,무안(목포)
2025-12-29,2.6,7.6,1549,1.0,상주
2025-12-29,10.0,14.5,1219,10.7,신안
2025-12-29,12.6,16.7,1410,10.5,제주
2025-12-29,4.8,14.0,1449,4.6,창녕(밀양)
2025-12-29,0.5,2.7,1318,-0.8,평창
2025-12-29,3.2,8.0,1521,0.7,포천(동두천)
2025-12-29,5.9,14.3,1345,5.7,해남
2025-12-30,-0.1,5.9,1402,1.3,논산(부여)
2025-12-30,3.0,5.8,1503,3.9,무안(목포)
2025-12-30,1.4,6.0,1412,0.2,상주
2025-12-30,4.8,6.5,2,6.2,신안
2025-12-30,8.2,11.5,1,9.4,제주
2025-12-30,1.7,9.1,1339,1.2,창녕(밀양)
2025-12-30,-4.2,-0.4,1318,-4.1,평창
2025-12-30,-1.9,3.1,1502,-0.9,포천(동두천)
2025-12-30,3.5,8.0,1442,3.6,해남
2025-12-31,-2.6,0.7,1334,-0.2,논산(부여)
2025-12-31,-0.4,1.2,540,1.5,무안(목포)
2025-12-31,-3.0,0.1,1407,-1.2,상주
2025-12-31,2.3,5.2,410,2.0,신안
2025-12-31,4.6,7.6,206,5.3,제주
2025-12-31,-1.5,3.1,1315,-0.9,창녕(밀양)
2025-12-31,-9.4,-5.0,1404,-6.5,평창
2025-12-31,-6.9,-2.5,1510,-2.3,포천(동두천)
2025-12-31,-1.3,2.7,1158,0.4,해남
2026-01-01,-5.6,-0.6,1425,-2.0,논산(부여)
2026-01-01,-3.3,-1.1,1534,0.2,무안(목포)
2026-01-01,-6.0,-1.5,1543,-2.6,상주
2026-01-01,0.8,2.1,2051,1.5,신안
2026-01-01,2.1,3.9,2359,2.7,제주
2026-01-01,-3.3,0.9,1436,-3.5,창녕(밀양)
2026-01-01,-12.4,-7.0,1409,-7.8,평창
2026-01-01,-8.8,-3.0,1529,-4.1,포천(동두천)
2026-01-01,-2.8,-0.1,1543,-0.5,해남
2026-01-02,-5.5,-0.3,1415,-2.4,논산(부여)
2026-01-02,-1.6,1.4,2400,1.5,무안(목포)
2026-01-02,-6.4,-2.4,1530,-3.2,상주
2026-01-02,1.0,3.3,2342,0.4,신안
2026-01-02,2.6,4.4,2305,1.0,제주
2026-01-02,-4.3,1.6,1532,-3.9,창녕(밀양)
2026-01-02,-13.1,-5.7,1406,-8.2,평창
2026-01-02,-9.5,-4.1,1507,-4.9,포천(동두천)
2026-01-02,-1.6,0.8,1314,0.7,해남
2026-01-03,-3.6,1.0,1554,-2.0,논산(부여)
2026-01-03,0.9,3.7,1509,3.0,무안(목포)
2026-01-03,-2.6,3.5,1335,-2.5,상주
2026-01-03,4.6,6.8,1508,6.4,신안
2026-01-03,6.2,8.2,1404,3.8,제주
2026-01-03,-2.3,5.9,1518,-2.4,창녕(밀양)
2026-01-03,-9.3,-2.1,1431,-7.2,평창
2026-01-03,-6.6,1.8,1438,-4.4,포천(동두천)
2026-01-03,0.5,6.1,1410,1.9,해남
2026-01-04,1.8,7.9,1512,1.3,논산(부여)
2026-01-04,3.4,6.7,1440,3.7,무안(목포)
2026-01-04,3.3,6.9,1305,-0.3,상주
2026-01-04,6.7,9.7,1300,6.8,신안
2026-01-04,8.3,9.6,1354,5.6,제주
2026-01-04,0.2,9.5,1535,-0.3,창녕(밀양)
2026-01-04,-4.0,1.6,1356,-4.2,평창
2026-01-04,-1.7,4.7,1458,-1.9,포천(동두천)
2026-01-04,1.7,8.4,1311,2.2,해남
2026-01-05,-1.1,5.4,1405,0.9,논산(부여)
2026-01-05,2.7,5.4,1325,3.5,무안(목포)
2026-01-05,0.3,4.8,1406,-0.5,상주
2026-01-05,5.0,7.3,1212,6.0,신안
2026-01-05,7.0,8.9,1,5.2,제주
2026-01-05,1.2,7.5,1301,1.0,창녕(밀양)
2026-01-05,-6.1,-1.1,1357,-4.9,평창
2026-01-05,-3.9,1.9,1412,-3.1,포천(동두천)
2026-01-05,3.2,7.1,1342,4.1,해남
2026-01-06,-2.2,5.4,1604,-0.5,논산(부여)
2026-01-06,1.1,4.8,1448,1.7,무안(목포)
2026-01-06,0.1,5.2,1409,-1.1,상주
2026-01-06,4.9,7.5,1332,5.1,신안
2026-01-06,6.4,9.9,1410,5.8,제주
2026-01-06,-0.4,9.9,1510,0.1,창녕(밀양)
2026-01-06,-5.7,1.0,1348,-5.2,평창
2026-01-06,-3.3,1.9,1515,-3.4,포천(동두천)
2026-01-06,0.5,6.5,1427,1.3,해남
2026-01-07,0.1,6.1,1117,1.4,논산(부여)
2026-01-07,3.2,7.1,1227,3.0,무안(목포)
2026-01-07,1.8,6.0,1245,0.9,상주
2026-01-07,5.6,8.8,1201,6.4,신안
2026-01-07,7.9,9.6,1119,5.8,제주
2026-01-07,1.1,9.7,1420,0.5,창녕(밀양)
2026-01-07,-3.3,0.3,1349,-3.4,평창
2026-01-07,-1.9,3.3,1311,-2.0,포천(동두천)
2026-01-07,1.4,8.8,1328,2.3,해남
2026-01-08,-3.5,1.9,1449,-1.2,논산(부여)
2026-01-08,0.1,2.2,1,1.7,무안(목포)
2026-01-08,-3.8,0.4,1441,-4.0,상주
2026-01-08,2.7,3.5,1358,3.0,신안
2026-01-08,4.3,5.8,1,4.7,제주
2026-01-08,-2.0,4.4,1616,-0.9,창녕(밀양)
2026-01-08,-10.3,-4.9,1508,-7.6,평창
2026-01-08,-6.4,-1.3,1521,-4.7,포천(동두천)
2026-01-08,0.0,2.8,1228,1.4,해남
2026-01-09,0.1,7.5,1437,-0.4,논산(부여)
2026-01-09,3.4,8.2,1356,2.8,무안(목포)
2026-01-09,0.1,6.9,1429,-1.0,상주
2026-01-09,6.5,10.5,1105,6.1,신안
2026-01-09,7.5,11.4,1551,7.9,제주
2026-01-09,-1.6,7.6,1547,-2.0,창녕(밀양)
2026-01-09,-4.2,-0.8,2349,-5.0,평창
2026-01-09,-1.5,3.9,1232,-3.1,포천(동두천)
2026-01-09,2.4,8.7,2325,2.3,해남
2026-01-10,4.0,8.9,704,2.9,논산(부여)
2026-01-10,5.8,9.8,505,4.7,무안(목포)
2026-01-10,1.3,9.1,1108,0.9,상주
2026-01-10,6.1,10.2,452,6.2,신안
2026-01-10,9.1,13.1,956,8.4,제주
2026-01-10,5.6,12.9,1320,5.5,창녕(밀양)
2026-01-10,-4.3,1.5,654,-2.0,평창
2026-01-10,0.8,6.1,532,0.0,포천(동두천)
2026-01-10,6.5,10.5,1038,7.1,해남
2026-01-11,-4.3,-0.4,1416,-0.1,논산(부여)
2026-01-11,-3.0,-0.3,23,1.2,무안(목포)
2026-01-11,-5.0,-2.0,1358,-4.7,상주
2026-01-11,0.5,2.5,1221,-0.3,신안
2026-01-11,2.6,4.6,1453,3.1,제주
2026-01-11,-2.0,1.7,1417,-1.4,창녕(밀양)
2026-01-11,-12.6,-9.9,1308,-5.0,평창
2026-01-11,-7.9,-3.1,1431,-4.8,포천(동두천)
2026-01-11,-2.6,0.3,1,0.5,해남
2026-01-12,-1.8,3.4,1758,-0.4,논산(부여)
2026-01-12,1.6,8.3,2312,1.6,무안(목포)
2026-01-12,-2.7,3.1,1422,-3.0,상주
2026-01-12,5.6,9.6,1356,6.5,신안
2026-01-12,7.4,11.5,2358,6.3,제주
2026-01-12,-2.2,5.6,1540,-1.6,창녕(밀양)
2026-01-12,-7.9,-2.0,2359,-5.1,평창
2026-01-12,-5.2,0.0,2207,-3.6,포천(동두천)
2026-01-12,2.6,10.3,2327,3.6,해남
2026-01-13,0.7,5.1,1329,1.5,논산(부여)
2026-01-13,3.1,8.1,5,3.0,무안(목포)
2026-01-13,0.0,4.6,359,-0.5,상주
2026-01-13,5.0,8.5,1234,5.9,신안
2026-01-13,8.6,12.3,128,9.2,제주
2026-01-13,2.0,8.6,1141,2.3,창녕(밀양)
2026-01-13,-7.7,-1.3,9,-4.1,평창
2026-01-13,-5.1,0.0,132,-1.1,포천(동두천)
2026-01-13,3.6,9.2,1,3.8,해남
2026-01-14,-1.5,3.5,1357,-1.0,논산(부여)
2026-01-14,3.5,9.5,1616,3.5,무안(목포)
2026-01-14,-0.9,4.3,1503,-0.5,상주
2026-01-14,6.3,12.4,2357,6.6,신안
2026-01-14,7.7,13.4,1436,6.6,제주
2026-01-14,0.0,8.2,1436,1.0,창녕(밀양)
2026-01-14,-7.2,-1.4,2351,-5.4,평창
2026-01-14,-6.0,-0.9,1852,-2.5,포천(동두천)
2026-01-14,3.3,10.9,1411,3.2,해남
2026-01-15,5.6,12.5,1244,4.3,논산(부여)
2026-01-15,10.0,14.2,1120,8.4,무안(목포)
2026-01-15,5.2,13.1,1551,4.4,상주
2026-01-15,10.3,14.1,1142,11.7,신안
2026-01-15,13.7,18.5,1501,11.4,제주
2026-01-15,8.9,18.9,1439,9.8,창녕(밀양)
2026-01-15,2.2,5.5,1050,-0.2,평창
2026-01-15,2.7,9.3,1419,0.0,포천(동두천)
2026-01-15,11.3,16.6,1253,11.1,해남
2026-01-16,1.2,9.4,1602,3.5,논산(부여)
2026-01-16,4.7,11.6,1724,6.1,무안(목포)
2026-01-16,4.1,13.0,1529,2.8,상주
2026-01-16,7.0,12.9,1106,6.3,신안
2026-01-16,11.1,17.7,1424,8.9,제주
2026-01-16,4.4,16.4,1527,4.6,창녕(밀양)
2026-01-16,0.5,7.0,1512,-1.8,평창
2026-01-16,1.7,9.5,1456,0.6,포천(동두천)
2026-01-16,4.7,14.8,1505,7.5,해남
2026-01-17,1.8,7.5,1502,3.0,논산(부여)
2026-01-17,3.4,6.0,1354,4.6,무안(목포)
2026-01-17,4.3,9.6,1448,4.2,상주
2026-01-17,4.8,8.1,8,7.6,신안
2026-01-17,8.6,11.3,118,8.9,제주
2026-01-17,3.4,14.6,1548,3.5,창녕(밀양)
2026-01-17,-1.9,5.1,1446,-2.0,평창
2026-01-17,-1.1,3.8,1511,0.4,포천(동두천)
2026-01-17,3.3,10.3,1436,5.0,해남
2026-01-18,1.7,8.0,1557,1.5,논산(부여)
2026-01-18,3.8,9.6,1407,4.5,무안(목포)
2026-01-18,1.6,8.8,1453,2.1,상주
2026-01-18,6.2,10.9,1207,7.3,신안
2026-01-18,10.6,15.5,1442,8.6,제주
2026-01-18,3.9,14.7,1422,3.9,창녕(밀양)
2026-01-18,-4.4,-0.7,1630,-3.5,평창
2026-01-18,-2.1,0.8,1932,-1.2,포천(동두천)
2026-01-18,4.1,15.1,1508,5.0,해남
2026-01-19,-0.9,3.5,1,2.0,논산(부여)
2026-01-19,0.8,4.1,142,2.0,무안(목포)
2026-01-19,0.1,6.0,136,1.9,상주
2026-01-19,1.9,6.1,103,2.5,신안
2026-01-19,6.1,11.8,2,7.3,제주
2026-01-19,3.5,8.8,1247,3.5,창녕(밀양)
2026-01-19,-4.9,-0.4,23,-2.5,평창
2026-01-19,-5.0,-0.9,1,-0.8,포천(동두천)
2026-01-19,1.2,4.2,212,3.0,해남
2026-01-20,-5.6,-0.1,1454,-0.7,논산(부여)
2026-01-20,-2.8,-1.5,1533,-0.2,무안(목포)
2026-01-20,-5.3,0.3,1519,-2.7,상주
2026-01-20,-0.4,0.3,1346,0.0,신안
2026-01-20,2.3,4.7,1431,5.0,제주
2026-01-20,-0.5,5.3,1604,0.9,창녕(밀양)
2026-01-20,-10.2,-3.1,1505,-6.3,평창
2026-01-20,-10.4,-4.4,1532,-3.3,포천(동두천)
2026-01-20,-2.4,1.1,1359,1.1,해남
2026-01-21,-6.4,-2.3,1444,-2.3,논산(부여)
2026-01-21,-3.1,-1.5,18,-0.6,무안(목포)
2026-01-21,-7.0,-2.6,1335,-5.3,상주
2026-01-21,-0.9,0.4,1141,-0.6,신안
2026-01-21,1.5,2.4,1042,2.1,제주
2026-01-21,-3.5,0.7,1516,-2.6,창녕(밀양)
2026-01-21,-13.4,-8.3,1340,-9.1,평창
2026-01-21,-11.2,-5.0,1537,-4.4,포천(동두천)
2026-01-21,-3.2,-0.4,1143,-0.5,해남
2026-01-22,-6.3,-0.5,1605,-2.2,논산(부여)
2026-01-22,-4.4,-2.6,1546,-0.1,무안(목포)
2026-01-22,-7.3,-2.7,1454,-6.0,상주
2026-01-22,0.0,1.2,1326,0.6,신안
2026-01-22,1.6,2.9,2243,1.1,제주
2026-01-22,-4.9,0.2,1526,-3.8,창녕(밀양)
2026-01-22,-14.6,-9.9,1509,-10.6,평창
2026-01-22,-10.5,-4.7,1519,-5.0,포천(동두천)
2026-01-22,-4.2,-0.2,1404,1.1,해남
2026-01-23,-5.1,1.2,1436,-1.7,논산(부여)
2026-01-23,0.3,4.0,1509,2.0,무안(목포)
2026-01-23,-3.5,1.4,1522,-4.3,상주
2026-01-23,3.7,6.7,1232,3.7,신안
2026-01-23,5.3,8.1,1529,4.3,제주
2026-01-23,-1.8,4.7,1442,-1.1,창녕(밀양)
2026-01-23,-10.5,-5.1,1421,-8.5,평창
2026-01-23,-7.7,-0.6,1454,-4.6,포천(동두천)
2026-01-23,-0.4,5.3,1427,0.7,해남
2026-01-24,-4.0,1.0,1507,-0.1,논산(부여)
2026-01-24,0.2,3.0,236,1.9,무안(목포)
2026-01-24,-3.2,-0.6,1523,-1.7,상주
2026-01-24,2.6,4.5,1,4.7,신안
2026-01-24,5.5,8.4,1245,6.5,제주
2026-01-24,-1.4,4.0,1401,-1.2,창녕(밀양)
2026-01-24,-9.8,-6.6,1455,-5.9,평창
2026-01-24,-6.2,-0.9,1448,-3.8,포천(동두천)
2026-01-24,0.0,3.7,1357,2.4,해남
2026-01-25,-4.9,2.4,1414,-1.4,논산(부여)
2026-01-25,-1.4,1.3,1203,0.5,무안(목포)
2026-01-25,-3.5,1.3,1429,-3.7,상주
2026-01-25,1.9,5.3,1148,3.5,신안
2026-01-25,3.9,7.4,1403,4.8,제주
2026-01-25,-1.1,5.7,1544,0.5,창녕(밀양)
2026-01-25,-10.6,-3.1,1404,-7.9,평창
2026-01-25,-8.2,-1.7,1513,-5.2,포천(동두천)
2026-01-25,-1.3,4.0,1420,0.9,해남
2026-01-26,-4.4,1.5,1521,-1.7,논산(부여)
2026-01-26,-1.6,0.9,1401,-0.6,무안(목포)
2026-01-26,-3.7,2.2,1405,-4.0,상주
2026-01-26,2.4,3.8,1200,2.6,신안
2026-01-26,3.9,6.4,1457,5.1,제주
2026-01-26,-0.8,5.2,1422,-0.9,창녕(밀양)
2026-01-26,-9.9,-2.6,1511,-6.8,평창
2026-01-26,-6.3,-0.9,1457,-4.2,포천(동두천)
2026-01-26,-2.0,1.8,1522,0.3,해남
2026-01-27,-2.5,3.1,1449,0.1,논산(부여)
2026-01-27,0.1,2.0,1125,1.8,무안(목포)
2026-01-27,-1.8,2.6,1417,-0.8,상주
2026-01-27,2.7,4.1,108,3.3,신안
2026-01-27,4.6,6.8,1213,5.3,제주
2026-01-27,1.7,6.5,1445,2.4,창녕(밀양)
2026-01-27,-7.8,-2.3,1303,-6.0,평창
2026-01-27,-5.5,0.8,1412,-4.0,포천(동두천)
2026-01-27,0.6,5.0,1218,3.5,해남
2026-01-28,-4.6,2.0,1511,-1.2,논산(부여)
2026-01-28,-1.5,1.1,1401,-0.3,무안(목포)
2026-01-28,-3.5,2.2,1458,-2.4,상주
2026-01-28,0.9,3.1,1156,2.9,신안
2026-01-28,3.4,6.3,1446,4.5,제주
2026-01-28,-0.2,5.2,1359,0.5,창녕(밀양)
2026-01-28,-9.6,-3.7,1321,-7.2,평창
2026-01-28,-6.8,-0.2,1511,-4.9,포천(동두천)
2026-01-28,-0.9,3.9,1512,1.0,해남
2026-01-29,-4.0,3.6,1523,-0.8,논산(부여)
2026-01-29,-1.4,2.3,1523,0.2,무안(목포)
2026-01-29,-2.6,2.5,1515,-2.5,상주
2026-01-29,1.6,4.7,1337,1.0,신안
2026-01-29,3.9,7.8,1338,3.3,제주
2026-01-29,-0.5,5.8,1435,-0.8,창녕(밀양)
2026-01-29,-9.4,-4.5,1438,-7.6,평창
2026-01-29,-6.8,0.7,1418,-5.0,포천(동두천)
2026-01-29,-1.5,4.8,1522,0.5,해남
2026-01-30,-4.9,1.4,1545,-1.1,논산(부여)
2026-01-30,-2.1,-0.2,1509,-0.4,무안(목포)
2026-01-30,-4.4,0.4,1445,-3.7,상주
2026-01-30,0.8,2.5,1054,2.1,신안
2026-01-30,3.2,5.2,1112,5.0,제주
2026-01-30,-3.0,3.4,1615,-3.7,창녕(밀양)
2026-01-30,-11.3,-4.8,1503,-8.1,평창
2026-01-30,-7.3,-1.3,1356,-4.9,포천(동두천)
2026-01-30,-1.8,2.0,1359,0.2,해남
2026-01-31,-4.3,4.0,1507,-0.9,논산(부여)
2026-01-31,-1.4,1.2,1444,0.5,무안(목포)
2026-01-31,-2.6,3.0,1435,-2.4,상주
2026-01-31,2.6,4.5,1116,2.8,신안
2026-01-31,4.5,7.7,1355,6.2,제주
2026-01-31,-1.4,7.8,1408,-0.4,창녕(밀양)
2026-01-31,-9.2,-1.8,1249,-7.5,평창
2026-01-31,-5.8,1.5,1451,-3.8,포천(동두천)
2026-01-31,-0.7,3.7,1329,1.7,해남
